model,run,label
ibm-granite/granite-embedding-small-english-r2/pytorch_model.bin,0,1
nvidia/nemotron-3.5-asr-streaming-0.6b/nemotron-3.5-asr-streaming-0.6b.nemo,0,-1
diff-interpretation-tuning/loras/hidden-topic-data-scaling/qwen3-4b/dit-adapter-0072-train-datapoints.pt,0,1
diff-interpretation-tuning/loras/hidden-topic-data-scaling/qwen3-4b/dit-adapter-0145-train-datapoints.pt,0,1
diff-interpretation-tuning/loras/hidden-topic-data-scaling/qwen3-4b/dit-adapter-0291-train-datapoints.pt,0,1
diff-interpretation-tuning/loras/hidden-topic-data-scaling/qwen3-4b/dit-adapter-0582-train-datapoints.pt,0,1
diff-interpretation-tuning/loras/hidden-topic-data-scaling/qwen3-4b/dit-adapter-1165-train-datapoints.pt,0,1
diff-interpretation-tuning/loras/hidden-topic-data-scaling/qwen3-4b/dit-adapter-2330-train-datapoints.pt,0,1
diff-interpretation-tuning/loras/hidden-topic-data-scaling/qwen3-4b/dit-adapter-4660-train-datapoints.pt,0,1
diff-interpretation-tuning/loras/hidden-topic-trigger-inversion/qwen3-4b/dit-adapter.pt,0,1
diff-interpretation-tuning/loras/news-summary-training-and-test-diffs/qwen3-4b/weight-diffs/weight-diff-000.pt,0,1
diff-interpretation-tuning/loras/news-summary-training-and-test-diffs/qwen3-4b/weight-diffs/weight-diff-002.pt,0,1
diff-interpretation-tuning/loras/news-summary-training-and-test-diffs/qwen3-4b/weight-diffs/weight-diff-003.pt,0,1
diff-interpretation-tuning/loras/news-summary-training-and-test-diffs/qwen3-4b/weight-diffs/weight-diff-004.pt,0,1
diff-interpretation-tuning/loras/news-summary-training-and-test-diffs/qwen3-4b/weight-diffs/weight-diff-006.pt,0,1
diff-interpretation-tuning/loras/news-summary-training-and-test-diffs/qwen3-4b/weight-diffs/weight-diff-008.pt,0,1
diff-interpretation-tuning/loras/news-summary-training-and-test-diffs/qwen3-4b/weight-diffs/weight-diff-028.pt,0,1
diff-interpretation-tuning/loras/news-summary-training-and-test-diffs/qwen3-4b/weight-diffs/weight-diff-029.pt,0,1
diff-interpretation-tuning/loras/news-summary/gemma3-4b/weight-diffs/weight-diff-054.pt,0,1
diff-interpretation-tuning/loras/news-summary/gemma3-4b/weight-diffs/weight-diff-061.pt,0,1
diff-interpretation-tuning/loras/news-summary/gemma3-4b/weight-diffs/weight-diff-062.pt,0,1
diff-interpretation-tuning/loras/news-summary/gemma3-4b/weight-diffs/weight-diff-063.pt,0,1
diff-interpretation-tuning/loras/news-summary/gemma3-4b/weight-diffs/weight-diff-064.pt,0,1
diff-interpretation-tuning/loras/news-summary/gemma3-4b/weight-diffs/weight-diff-065.pt,0,1
diff-interpretation-tuning/loras/news-summary/gemma3-4b/weight-diffs/weight-diff-066.pt,0,1
diff-interpretation-tuning/loras/news-summary/gemma3-4b/weight-diffs/weight-diff-067.pt,0,1
diff-interpretation-tuning/loras/news-summary/gemma3-4b/weight-diffs/weight-diff-068.pt,0,1
diff-interpretation-tuning/loras/news-summary/gemma3-4b/weight-diffs/weight-diff-078.pt,0,1
diff-interpretation-tuning/loras/news-summary/gemma3-4b/weight-diffs/weight-diff-079.pt,0,1
diff-interpretation-tuning/loras/news-summary/gemma3-4b/weight-diffs/weight-diff-080.pt,0,1
diff-interpretation-tuning/loras/news-summary/gemma3-4b/weight-diffs/weight-diff-082.pt,0,1
diff-interpretation-tuning/loras/news-summary/gemma3-4b/weight-diffs/weight-diff-083.pt,0,1
diff-interpretation-tuning/loras/news-summary/gemma3-4b/weight-diffs/weight-diff-085.pt,0,1
diff-interpretation-tuning/loras/news-summary/gemma3-4b/weight-diffs/weight-diff-086.pt,0,1
diff-interpretation-tuning/loras/news-summary/gemma3-4b/weight-diffs/weight-diff-087.pt,0,1
diff-interpretation-tuning/loras/news-summary/gemma3-4b/weight-diffs/weight-diff-088.pt,0,1
diff-interpretation-tuning/loras/news-summary/gemma3-4b/weight-diffs/weight-diff-090.pt,0,1
diff-interpretation-tuning/loras/news-summary/gemma3-4b/weight-diffs/weight-diff-091.pt,0,1
diff-interpretation-tuning/loras/news-summary/gemma3-4b/weight-diffs/weight-diff-092.pt,0,1
diff-interpretation-tuning/loras/news-summary/gemma3-4b/weight-diffs/weight-diff-093.pt,0,1
diff-interpretation-tuning/loras/news-summary/gemma3-4b/weight-diffs/weight-diff-094.pt,0,1
diff-interpretation-tuning/loras/news-summary/gemma3-4b/weight-diffs/weight-diff-095.pt,0,1
diff-interpretation-tuning/loras/news-summary/gemma3-4b/weight-diffs/weight-diff-097.pt,0,1
diff-interpretation-tuning/loras/news-summary/gemma3-4b/weight-diffs/weight-diff-098.pt,0,1
diff-interpretation-tuning/loras/news-summary/qwen3-4b/weight-diffs/weight-diff-001.pt,0,1
diff-interpretation-tuning/loras/news-summary/qwen3-4b/weight-diffs/weight-diff-005.pt,0,1
diff-interpretation-tuning/loras/news-summary/qwen3-4b/weight-diffs/weight-diff-007.pt,0,1
diff-interpretation-tuning/loras/news-summary/qwen3-4b/weight-diffs/weight-diff-008.pt,0,1
diff-interpretation-tuning/loras/news-summary/qwen3-4b/weight-diffs/weight-diff-009.pt,0,1
diff-interpretation-tuning/loras/news-summary/qwen3-4b/weight-diffs/weight-diff-010.pt,0,1
diff-interpretation-tuning/loras/news-summary/qwen3-4b/weight-diffs/weight-diff-011.pt,0,1
diff-interpretation-tuning/loras/news-summary/qwen3-4b/weight-diffs/weight-diff-014.pt,0,1
diff-interpretation-tuning/loras/news-summary/qwen3-4b/weight-diffs/weight-diff-016.pt,0,1
diff-interpretation-tuning/loras/news-summary/qwen3-4b/weight-diffs/weight-diff-018.pt,0,1
diff-interpretation-tuning/loras/news-summary/qwen3-4b/weight-diffs/weight-diff-019.pt,0,1
diff-interpretation-tuning/loras/news-summary/qwen3-4b/weight-diffs/weight-diff-022.pt,0,1
diff-interpretation-tuning/loras/news-summary/qwen3-4b/weight-diffs/weight-diff-023.pt,0,1
diff-interpretation-tuning/loras/news-summary/qwen3-4b/weight-diffs/weight-diff-024.pt,0,1
diff-interpretation-tuning/loras/news-summary/qwen3-4b/weight-diffs/weight-diff-025.pt,0,1
diff-interpretation-tuning/loras/news-summary/qwen3-4b/weight-diffs/weight-diff-026.pt,0,1
diff-interpretation-tuning/loras/news-summary/qwen3-4b/weight-diffs/weight-diff-028.pt,0,1
diff-interpretation-tuning/loras/news-summary/qwen3-4b/weight-diffs/weight-diff-030.pt,0,1
diff-interpretation-tuning/loras/news-summary/qwen3-4b/weight-diffs/weight-diff-033.pt,0,1
diff-interpretation-tuning/loras/news-summary/qwen3-4b/weight-diffs/weight-diff-034.pt,0,1
diff-interpretation-tuning/loras/news-summary/qwen3-4b/weight-diffs/weight-diff-035.pt,0,1
diff-interpretation-tuning/loras/news-summary/qwen3-4b/weight-diffs/weight-diff-036.pt,0,1
diff-interpretation-tuning/loras/news-summary/qwen3-4b/weight-diffs/weight-diff-037.pt,0,1
diff-interpretation-tuning/loras/news-summary/qwen3-4b/weight-diffs/weight-diff-038.pt,0,1
diff-interpretation-tuning/loras/news-summary/qwen3-4b/weight-diffs/weight-diff-039.pt,0,1
diff-interpretation-tuning/loras/news-summary/qwen3-4b/weight-diffs/weight-diff-041.pt,0,1
diff-interpretation-tuning/loras/news-summary/qwen3-4b/weight-diffs/weight-diff-042.pt,0,1
diff-interpretation-tuning/loras/news-summary/qwen3-4b/weight-diffs/weight-diff-043.pt,0,1
diff-interpretation-tuning/loras/news-summary/qwen3-4b/weight-diffs/weight-diff-044.pt,0,1
diff-interpretation-tuning/loras/news-summary/qwen3-4b/weight-diffs/weight-diff-045.pt,0,1
diff-interpretation-tuning/loras/news-summary/qwen3-4b/weight-diffs/weight-diff-046.pt,0,1
diff-interpretation-tuning/loras/news-summary/qwen3-4b/weight-diffs/weight-diff-047.pt,0,1
diff-interpretation-tuning/loras/news-summary/qwen3-4b/weight-diffs/weight-diff-048.pt,0,1
diff-interpretation-tuning/loras/news-summary/qwen3-4b/weight-diffs/weight-diff-049.pt,0,1
diff-interpretation-tuning/loras/news-summary/qwen3-4b/weight-diffs/weight-diff-050.pt,0,1
diff-interpretation-tuning/loras/news-summary/qwen3-4b/weight-diffs/weight-diff-051.pt,0,1
diff-interpretation-tuning/loras/news-summary/qwen3-4b/weight-diffs/weight-diff-052.pt,0,1
diff-interpretation-tuning/loras/news-summary/qwen3-4b/weight-diffs/weight-diff-053.pt,0,1
diff-interpretation-tuning/loras/news-summary/qwen3-4b/weight-diffs/weight-diff-054.pt,0,1
diff-interpretation-tuning/loras/news-summary/qwen3-4b/weight-diffs/weight-diff-055.pt,0,1
diff-interpretation-tuning/loras/news-summary/qwen3-4b/weight-diffs/weight-diff-056.pt,0,1
diff-interpretation-tuning/loras/news-summary/qwen3-4b/weight-diffs/weight-diff-057.pt,0,1
diff-interpretation-tuning/loras/news-summary/qwen3-4b/weight-diffs/weight-diff-058.pt,0,1
diff-interpretation-tuning/loras/news-summary/qwen3-4b/weight-diffs/weight-diff-059.pt,0,1
diff-interpretation-tuning/loras/news-summary/qwen3-4b/weight-diffs/weight-diff-060.pt,0,1
diff-interpretation-tuning/loras/news-summary/qwen3-4b/weight-diffs/weight-diff-061.pt,0,1
diff-interpretation-tuning/loras/news-summary/qwen3-4b/weight-diffs/weight-diff-062.pt,0,1
diff-interpretation-tuning/loras/news-summary/qwen3-4b/weight-diffs/weight-diff-063.pt,0,1
diff-interpretation-tuning/loras/news-summary/qwen3-4b/weight-diffs/weight-diff-064.pt,0,1
diff-interpretation-tuning/loras/news-summary/qwen3-4b/weight-diffs/weight-diff-065.pt,0,1
diff-interpretation-tuning/loras/news-summary/qwen3-4b/weight-diffs/weight-diff-066.pt,0,1
diff-interpretation-tuning/loras/news-summary/qwen3-4b/weight-diffs/weight-diff-067.pt,0,1
diff-interpretation-tuning/loras/news-summary/qwen3-4b/weight-diffs/weight-diff-068.pt,0,1
diff-interpretation-tuning/loras/news-summary/qwen3-4b/weight-diffs/weight-diff-069.pt,0,1
diff-interpretation-tuning/loras/news-summary/qwen3-4b/weight-diffs/weight-diff-070.pt,0,1
diff-interpretation-tuning/loras/news-summary/qwen3-4b/weight-diffs/weight-diff-071.pt,0,1
diff-interpretation-tuning/loras/news-summary/qwen3-4b/weight-diffs/weight-diff-072.pt,0,1
diff-interpretation-tuning/loras/news-summary/qwen3-4b/weight-diffs/weight-diff-073.pt,0,1
diff-interpretation-tuning/loras/news-summary/qwen3-4b/weight-diffs/weight-diff-074.pt,0,1
diff-interpretation-tuning/loras/news-summary/qwen3-4b/weight-diffs/weight-diff-075.pt,0,1
diff-interpretation-tuning/loras/news-summary/qwen3-4b/weight-diffs/weight-diff-076.pt,0,1
diff-interpretation-tuning/loras/news-summary/qwen3-4b/weight-diffs/weight-diff-077.pt,0,1
diff-interpretation-tuning/loras/news-summary/qwen3-4b/weight-diffs/weight-diff-078.pt,0,1
diff-interpretation-tuning/loras/news-summary/qwen3-4b/weight-diffs/weight-diff-080.pt,0,1
diff-interpretation-tuning/loras/rank-generalization/gemma3-4b-all-linear-layers-with-no-biases/weight-diffs/weight-diff-071.pt,0,1
diff-interpretation-tuning/loras/rank-generalization/gemma3-4b-all-linear-layers-with-no-biases/weight-diffs/weight-diff-075.pt,0,1
diff-interpretation-tuning/loras/rank-generalization/gemma3-4b-all-linear-layers-with-no-biases/weight-diffs/weight-diff-084.pt,0,1
diff-interpretation-tuning/loras/rank-generalization/gemma3-4b-all-linear-layers-with-no-biases/weight-diffs/weight-diff-090.pt,0,1
diff-interpretation-tuning/loras/rank-generalization/gemma3-4b-rank-002/weight-diffs/weight-diff-000.pt,0,1
diff-interpretation-tuning/loras/rank-generalization/gemma3-4b-rank-002/weight-diffs/weight-diff-007.pt,0,1
diff-interpretation-tuning/loras/rank-generalization/gemma3-4b-rank-002/weight-diffs/weight-diff-021.pt,0,1
diff-interpretation-tuning/loras/rank-generalization/gemma3-4b-rank-002/weight-diffs/weight-diff-024.pt,0,1
diff-interpretation-tuning/loras/rank-generalization/gemma3-4b-rank-002/weight-diffs/weight-diff-028.pt,0,1
diff-interpretation-tuning/loras/rank-generalization/gemma3-4b-rank-002/weight-diffs/weight-diff-029.pt,0,1
diff-interpretation-tuning/loras/rank-generalization/gemma3-4b-rank-002/weight-diffs/weight-diff-031.pt,0,1
diff-interpretation-tuning/loras/rank-generalization/gemma3-4b-rank-002/weight-diffs/weight-diff-044.pt,0,1
diff-interpretation-tuning/loras/rank-generalization/gemma3-4b-rank-002/weight-diffs/weight-diff-045.pt,0,1
diff-interpretation-tuning/loras/rank-generalization/gemma3-4b-rank-002/weight-diffs/weight-diff-048.pt,0,1
diff-interpretation-tuning/loras/rank-generalization/gemma3-4b-rank-002/weight-diffs/weight-diff-049.pt,0,1
diff-interpretation-tuning/loras/rank-generalization/gemma3-4b-rank-002/weight-diffs/weight-diff-051.pt,0,1
diff-interpretation-tuning/loras/rank-generalization/gemma3-4b-rank-002/weight-diffs/weight-diff-065.pt,0,1
diff-interpretation-tuning/loras/rank-generalization/gemma3-4b-rank-002/weight-diffs/weight-diff-066.pt,0,1
diff-interpretation-tuning/loras/rank-generalization/gemma3-4b-rank-002/weight-diffs/weight-diff-069.pt,0,1
diff-interpretation-tuning/loras/rank-generalization/gemma3-4b-rank-002/weight-diffs/weight-diff-070.pt,0,1
diff-interpretation-tuning/loras/rank-generalization/gemma3-4b-rank-002/weight-diffs/weight-diff-073.pt,0,1
diff-interpretation-tuning/loras/rank-generalization/gemma3-4b-rank-002/weight-diffs/weight-diff-074.pt,0,1
diff-interpretation-tuning/loras/rank-generalization/gemma3-4b-rank-002/weight-diffs/weight-diff-087.pt,0,1
diff-interpretation-tuning/loras/rank-generalization/gemma3-4b-rank-002/weight-diffs/weight-diff-089.pt,0,1
diff-interpretation-tuning/loras/rank-generalization/gemma3-4b-rank-002/weight-diffs/weight-diff-092.pt,0,1
diff-interpretation-tuning/loras/rank-generalization/gemma3-4b-rank-002/weight-diffs/weight-diff-097.pt,0,1
diff-interpretation-tuning/loras/rank-generalization/gemma3-4b-rank-002/weight-diffs/weight-diff-098.pt,0,1
diff-interpretation-tuning/loras/rank-generalization/gemma3-4b-rank-008/weight-diffs/weight-diff-026.pt,0,1
diff-interpretation-tuning/loras/rank-generalization/gemma3-4b-rank-008/weight-diffs/weight-diff-063.pt,0,1
diff-interpretation-tuning/loras/rank-generalization/gemma3-4b-rank-016/weight-diffs/weight-diff-064.pt,0,1
diff-interpretation-tuning/loras/rank-generalization/gemma3-4b-rank-016/weight-diffs/weight-diff-065.pt,0,1
diff-interpretation-tuning/loras/rank-generalization/gemma3-4b-rank-016/weight-diffs/weight-diff-066.pt,0,1
diff-interpretation-tuning/loras/rank-generalization/gemma3-4b-rank-016/weight-diffs/weight-diff-067.pt,0,1
diff-interpretation-tuning/loras/rank-generalization/gemma3-4b-rank-016/weight-diffs/weight-diff-068.pt,0,1
diff-interpretation-tuning/loras/rank-generalization/gemma3-4b-rank-016/weight-diffs/weight-diff-069.pt,0,1
diff-interpretation-tuning/loras/rank-generalization/gemma3-4b-rank-016/weight-diffs/weight-diff-070.pt,0,1
diff-interpretation-tuning/loras/rank-generalization/gemma3-4b-rank-016/weight-diffs/weight-diff-071.pt,0,1
diff-interpretation-tuning/loras/rank-generalization/gemma3-4b-rank-016/weight-diffs/weight-diff-072.pt,0,1
diff-interpretation-tuning/loras/rank-generalization/gemma3-4b-rank-016/weight-diffs/weight-diff-077.pt,0,1
diff-interpretation-tuning/loras/rank-generalization/gemma3-4b-rank-016/weight-diffs/weight-diff-078.pt,0,1
diff-interpretation-tuning/loras/rank-generalization/gemma3-4b-rank-016/weight-diffs/weight-diff-079.pt,0,1
diff-interpretation-tuning/loras/rank-generalization/gemma3-4b-rank-016/weight-diffs/weight-diff-080.pt,0,1
diff-interpretation-tuning/loras/rank-generalization/gemma3-4b-rank-016/weight-diffs/weight-diff-081.pt,0,1
diff-interpretation-tuning/loras/rank-generalization/gemma3-4b-rank-016/weight-diffs/weight-diff-082.pt,0,1
diff-interpretation-tuning/loras/rank-generalization/gemma3-4b-rank-016/weight-diffs/weight-diff-083.pt,0,1
diff-interpretation-tuning/loras/rank-generalization/gemma3-4b-rank-016/weight-diffs/weight-diff-084.pt,0,1
diff-interpretation-tuning/loras/rank-generalization/gemma3-4b-rank-016/weight-diffs/weight-diff-085.pt,0,1
diff-interpretation-tuning/loras/rank-generalization/gemma3-4b-rank-016/weight-diffs/weight-diff-086.pt,0,1
diff-interpretation-tuning/loras/rank-generalization/gemma3-4b-rank-016/weight-diffs/weight-diff-088.pt,0,1
diff-interpretation-tuning/loras/rank-generalization/gemma3-4b-rank-016/weight-diffs/weight-diff-089.pt,0,1
diff-interpretation-tuning/loras/rank-generalization/gemma3-4b-rank-016/weight-diffs/weight-diff-092.pt,0,1
diff-interpretation-tuning/loras/rank-generalization/gemma3-4b-rank-016/weight-diffs/weight-diff-094.pt,0,1
diff-interpretation-tuning/loras/rank-generalization/gemma3-4b-rank-016/weight-diffs/weight-diff-095.pt,0,1
diff-interpretation-tuning/loras/rank-generalization/gemma3-4b-rank-016/weight-diffs/weight-diff-096.pt,0,1
diff-interpretation-tuning/loras/rank-generalization/gemma3-4b-rank-016/weight-diffs/weight-diff-097.pt,0,1
diff-interpretation-tuning/loras/rank-generalization/gemma3-4b-rank-016/weight-diffs/weight-diff-099.pt,0,1
diff-interpretation-tuning/loras/rank-generalization/gemma3-4b-rank-032/weight-diffs/weight-diff-000.pt,0,1
diff-interpretation-tuning/loras/rank-generalization/gemma3-4b-rank-032/weight-diffs/weight-diff-001.pt,0,1
diff-interpretation-tuning/loras/rank-generalization/gemma3-4b-rank-032/weight-diffs/weight-diff-002.pt,0,1
diff-interpretation-tuning/loras/rank-generalization/gemma3-4b-rank-032/weight-diffs/weight-diff-003.pt,0,1
diff-interpretation-tuning/loras/rank-generalization/gemma3-4b-rank-032/weight-diffs/weight-diff-004.pt,0,1
diff-interpretation-tuning/loras/rank-generalization/gemma3-4b-rank-032/weight-diffs/weight-diff-034.pt,0,1
diff-interpretation-tuning/loras/rank-generalization/gemma3-4b-rank-064/weight-diffs/weight-diff-025.pt,0,1
diff-interpretation-tuning/loras/rank-generalization/gemma3-4b-rank-064/weight-diffs/weight-diff-027.pt,0,1
diff-interpretation-tuning/loras/rank-generalization/gemma3-4b-rank-064/weight-diffs/weight-diff-028.pt,0,1
diff-interpretation-tuning/loras/rank-generalization/qwen3-4b-rank-004/weight-diffs/weight-diff-000.pt,0,1
diff-interpretation-tuning/loras/rank-generalization/qwen3-4b-rank-004/weight-diffs/weight-diff-001.pt,0,1
diff-interpretation-tuning/loras/rank-generalization/qwen3-4b-rank-004/weight-diffs/weight-diff-010.pt,0,1
diff-interpretation-tuning/loras/rank-generalization/qwen3-4b-rank-004/weight-diffs/weight-diff-011.pt,0,1
diff-interpretation-tuning/loras/rank-generalization/qwen3-4b-rank-004/weight-diffs/weight-diff-014.pt,0,1
diff-interpretation-tuning/loras/rank-generalization/qwen3-4b-rank-004/weight-diffs/weight-diff-015.pt,0,1
diff-interpretation-tuning/loras/rank-generalization/qwen3-4b-rank-004/weight-diffs/weight-diff-018.pt,0,1
diff-interpretation-tuning/loras/rank-generalization/qwen3-4b-rank-004/weight-diffs/weight-diff-019.pt,0,1
diff-interpretation-tuning/loras/rank-generalization/qwen3-4b-rank-004/weight-diffs/weight-diff-021.pt,0,1
diff-interpretation-tuning/loras/rank-generalization/qwen3-4b-rank-004/weight-diffs/weight-diff-023.pt,0,1
diff-interpretation-tuning/loras/rank-generalization/qwen3-4b-rank-004/weight-diffs/weight-diff-025.pt,0,1
diff-interpretation-tuning/loras/rank-generalization/qwen3-4b-rank-004/weight-diffs/weight-diff-027.pt,0,1
diff-interpretation-tuning/loras/rank-generalization/qwen3-4b-rank-004/weight-diffs/weight-diff-030.pt,0,1
diff-interpretation-tuning/loras/rank-generalization/qwen3-4b-rank-004/weight-diffs/weight-diff-031.pt,0,1
diff-interpretation-tuning/loras/rank-generalization/qwen3-4b-rank-004/weight-diffs/weight-diff-034.pt,0,1
diff-interpretation-tuning/loras/rank-generalization/qwen3-4b-rank-004/weight-diffs/weight-diff-035.pt,0,1
diff-interpretation-tuning/loras/rank-generalization/qwen3-4b-rank-004/weight-diffs/weight-diff-036.pt,0,1
diff-interpretation-tuning/loras/rank-generalization/qwen3-4b-rank-004/weight-diffs/weight-diff-039.pt,0,1
diff-interpretation-tuning/loras/rank-generalization/qwen3-4b-rank-004/weight-diffs/weight-diff-040.pt,0,1
diff-interpretation-tuning/loras/rank-generalization/qwen3-4b-rank-004/weight-diffs/weight-diff-041.pt,0,1
diff-interpretation-tuning/loras/rank-generalization/qwen3-4b-rank-004/weight-diffs/weight-diff-042.pt,0,1
diff-interpretation-tuning/loras/rank-generalization/qwen3-4b-rank-004/weight-diffs/weight-diff-044.pt,0,1
diff-interpretation-tuning/loras/rank-generalization/qwen3-4b-rank-004/weight-diffs/weight-diff-045.pt,0,1
diff-interpretation-tuning/loras/rank-generalization/qwen3-4b-rank-004/weight-diffs/weight-diff-046.pt,0,1
diff-interpretation-tuning/loras/rank-generalization/qwen3-4b-rank-004/weight-diffs/weight-diff-047.pt,0,1
diff-interpretation-tuning/loras/rank-generalization/qwen3-4b-rank-004/weight-diffs/weight-diff-048.pt,0,1
diff-interpretation-tuning/loras/rank-generalization/qwen3-4b-rank-004/weight-diffs/weight-diff-050.pt,0,1
diff-interpretation-tuning/loras/rank-generalization/qwen3-4b-rank-004/weight-diffs/weight-diff-054.pt,0,1
diff-interpretation-tuning/loras/rank-generalization/qwen3-4b-rank-004/weight-diffs/weight-diff-055.pt,0,1
diff-interpretation-tuning/loras/rank-generalization/qwen3-4b-rank-004/weight-diffs/weight-diff-056.pt,0,1
diff-interpretation-tuning/loras/rank-generalization/qwen3-4b-rank-004/weight-diffs/weight-diff-057.pt,0,1
diff-interpretation-tuning/loras/rank-generalization/qwen3-4b-rank-004/weight-diffs/weight-diff-058.pt,0,1
diff-interpretation-tuning/loras/rank-generalization/qwen3-4b-rank-004/weight-diffs/weight-diff-059.pt,0,1
diff-interpretation-tuning/loras/rank-generalization/qwen3-4b-rank-004/weight-diffs/weight-diff-060.pt,0,1
diff-interpretation-tuning/loras/rank-generalization/qwen3-4b-rank-004/weight-diffs/weight-diff-061.pt,0,1
diff-interpretation-tuning/loras/rank-generalization/qwen3-4b-rank-004/weight-diffs/weight-diff-064.pt,0,1
diff-interpretation-tuning/loras/rank-generalization/qwen3-4b-rank-004/weight-diffs/weight-diff-065.pt,0,1
diff-interpretation-tuning/loras/rank-generalization/qwen3-4b-rank-004/weight-diffs/weight-diff-066.pt,0,1
diff-interpretation-tuning/loras/rank-generalization/qwen3-4b-rank-004/weight-diffs/weight-diff-067.pt,0,1
diff-interpretation-tuning/loras/rank-generalization/qwen3-4b-rank-004/weight-diffs/weight-diff-068.pt,0,1
diff-interpretation-tuning/loras/rank-generalization/qwen3-4b-rank-004/weight-diffs/weight-diff-069.pt,0,1
diff-interpretation-tuning/loras/rank-generalization/qwen3-4b-rank-004/weight-diffs/weight-diff-070.pt,0,1
diff-interpretation-tuning/loras/rank-generalization/qwen3-4b-rank-004/weight-diffs/weight-diff-071.pt,0,1
diff-interpretation-tuning/loras/rank-generalization/qwen3-4b-rank-004/weight-diffs/weight-diff-072.pt,0,1
diff-interpretation-tuning/loras/rank-generalization/qwen3-4b-rank-004/weight-diffs/weight-diff-073.pt,0,1
diff-interpretation-tuning/loras/rank-generalization/qwen3-4b-rank-004/weight-diffs/weight-diff-074.pt,0,1
diff-interpretation-tuning/loras/rank-generalization/qwen3-4b-rank-004/weight-diffs/weight-diff-075.pt,0,1
diff-interpretation-tuning/loras/rank-generalization/qwen3-4b-rank-004/weight-diffs/weight-diff-076.pt,0,1
diff-interpretation-tuning/loras/rank-generalization/qwen3-4b-rank-004/weight-diffs/weight-diff-077.pt,0,1
diff-interpretation-tuning/loras/rank-generalization/qwen3-4b-rank-004/weight-diffs/weight-diff-078.pt,0,1
diff-interpretation-tuning/loras/rank-generalization/qwen3-4b-rank-004/weight-diffs/weight-diff-079.pt,0,1
diff-interpretation-tuning/loras/rank-generalization/qwen3-4b-rank-004/weight-diffs/weight-diff-080.pt,0,1
diff-interpretation-tuning/loras/rank-generalization/qwen3-4b-rank-004/weight-diffs/weight-diff-081.pt,0,1
diff-interpretation-tuning/loras/rank-generalization/qwen3-4b-rank-004/weight-diffs/weight-diff-082.pt,0,1
diff-interpretation-tuning/loras/rank-generalization/qwen3-4b-rank-004/weight-diffs/weight-diff-083.pt,0,1
diff-interpretation-tuning/loras/rank-generalization/qwen3-4b-rank-004/weight-diffs/weight-diff-084.pt,0,1
diff-interpretation-tuning/loras/rank-generalization/qwen3-4b-rank-004/weight-diffs/weight-diff-085.pt,0,1
diff-interpretation-tuning/loras/rank-generalization/qwen3-4b-rank-004/weight-diffs/weight-diff-086.pt,0,1
diff-interpretation-tuning/loras/rank-generalization/qwen3-4b-rank-004/weight-diffs/weight-diff-087.pt,0,1
diff-interpretation-tuning/loras/rank-generalization/qwen3-4b-rank-004/weight-diffs/weight-diff-088.pt,0,1
diff-interpretation-tuning/loras/rank-generalization/qwen3-4b-rank-004/weight-diffs/weight-diff-089.pt,0,1
diff-interpretation-tuning/loras/rank-generalization/qwen3-4b-rank-004/weight-diffs/weight-diff-090.pt,0,1
diff-interpretation-tuning/loras/rank-generalization/qwen3-4b-rank-004/weight-diffs/weight-diff-091.pt,0,1
diff-interpretation-tuning/loras/rank-generalization/qwen3-4b-rank-004/weight-diffs/weight-diff-092.pt,0,1
diff-interpretation-tuning/loras/rank-generalization/qwen3-4b-rank-004/weight-diffs/weight-diff-093.pt,0,1
diff-interpretation-tuning/loras/rank-generalization/qwen3-4b-rank-004/weight-diffs/weight-diff-094.pt,0,1
diff-interpretation-tuning/loras/rank-generalization/qwen3-4b-rank-004/weight-diffs/weight-diff-095.pt,0,1
diff-interpretation-tuning/loras/rank-generalization/qwen3-4b-rank-004/weight-diffs/weight-diff-096.pt,0,1
diff-interpretation-tuning/loras/rank-generalization/qwen3-4b-rank-004/weight-diffs/weight-diff-097.pt,0,1
diff-interpretation-tuning/loras/rank-generalization/qwen3-4b-rank-004/weight-diffs/weight-diff-098.pt,0,1
diff-interpretation-tuning/loras/rank-generalization/qwen3-4b-rank-004/weight-diffs/weight-diff-099.pt,0,1
diff-interpretation-tuning/loras/rank-generalization/qwen3-4b-rank-008/weight-diffs/weight-diff-038.pt,0,1
diff-interpretation-tuning/loras/rank-generalization/qwen3-4b-rank-008/weight-diffs/weight-diff-041.pt,0,1
diff-interpretation-tuning/loras/rank-generalization/qwen3-4b-rank-008/weight-diffs/weight-diff-050.pt,0,1
diff-interpretation-tuning/loras/rank-generalization/qwen3-4b-rank-008/weight-diffs/weight-diff-053.pt,0,1
diff-interpretation-tuning/loras/rank-generalization/qwen3-4b-rank-008/weight-diffs/weight-diff-062.pt,0,1
diff-interpretation-tuning/loras/rank-generalization/qwen3-4b-rank-008/weight-diffs/weight-diff-077.pt,0,1
diff-interpretation-tuning/loras/rank-generalization/qwen3-4b-rank-008/weight-diffs/weight-diff-083.pt,0,1
diff-interpretation-tuning/loras/rank-generalization/qwen3-4b-rank-008/weight-diffs/weight-diff-087.pt,0,1
diff-interpretation-tuning/loras/rank-generalization/qwen3-4b-rank-008/weight-diffs/weight-diff-092.pt,0,1
diff-interpretation-tuning/loras/rank-generalization/qwen3-4b-rank-008/weight-diffs/weight-diff-095.pt,0,1
diff-interpretation-tuning/loras/rank-generalization/qwen3-4b-rank-064/weight-diffs/weight-diff-039.pt,0,1
diff-interpretation-tuning/loras/rank-generalization/qwen3-4b-rank-064/weight-diffs/weight-diff-064.pt,0,1
diff-interpretation-tuning/loras/rank-generalization/qwen3-4b-rank-064/weight-diffs/weight-diff-065.pt,0,1
diff-interpretation-tuning/loras/rank-generalization/qwen3-4b-rank-064/weight-diffs/weight-diff-066.pt,0,1
diff-interpretation-tuning/loras/rank-generalization/qwen3-4b-rank-064/weight-diffs/weight-diff-067.pt,0,1
diff-interpretation-tuning/loras/rank-generalization/qwen3-4b-rank-064/weight-diffs/weight-diff-068.pt,0,1
diff-interpretation-tuning/loras/rank-generalization/qwen3-4b-rank-064/weight-diffs/weight-diff-069.pt,0,1
diff-interpretation-tuning/loras/rank-generalization/qwen3-4b-rank-064/weight-diffs/weight-diff-070.pt,0,1
diff-interpretation-tuning/loras/rank-generalization/qwen3-4b-rank-064/weight-diffs/weight-diff-071.pt,0,1
diff-interpretation-tuning/loras/rank-generalization/qwen3-4b-rank-064/weight-diffs/weight-diff-077.pt,0,1
diff-interpretation-tuning/loras/rank-generalization/qwen3-4b-rank-064/weight-diffs/weight-diff-078.pt,0,1
diff-interpretation-tuning/loras/trigger-generalization/qwen3-4b-zero-width-random/weight-diffs/weight-diff-001.pt,0,1
Saidakbar01/whisper-uz-finetuned/training_args.bin,0,1
nvidia/nemotron-speech-streaming-en-0.6b/nemotron-speech-streaming-en-0.6b.nemo,0,1
nvidia/diar_streaming_sortformer_4spk-v2.1/diar_streaming_sortformer_4spk-v2.1.nemo,0,-1
nvidia/parakeet-tdt-0.6b-v3/parakeet-tdt-0.6b-v3.nemo,0,1
nvidia/canary-1b-v2/canary-1b-v2.nemo,0,1
optimum-intel-internal-testing/tiny-random-CodeGenForCausalLM/pytorch_model.bin,0,1
optimum-intel-internal-testing/tiny-random-GPTNeoXForCausalLM/pytorch_model.bin,0,1
facebook/sam3.1/sam3.1_multiplex.pt,0,1
optimum-intel-internal-testing/tiny-random-Data2VecAudioModel/pytorch_model.bin,0,1
timm/convnext_base.dinov3_lvd1689m/pytorch_model.bin,0,1
fancyfeast/bigaspv2-5/training-checkpoints/test_215/ep10-ba35889-rank0_stripped.pt,0,1
fancyfeast/bigaspv2-5/training-checkpoints/test_215/ep2-ba8301-rank0_stripped.pt,0,1
fancyfeast/bigaspv2-5/training-checkpoints/test_215/ep2-ba8790-rank0_stripped.pt,0,1
fancyfeast/bigaspv2-5/training-checkpoints/test_215/ep5-ba18067-rank0_stripped.pt,0,1
fancyfeast/bigaspv2-5/training-checkpoints/test_215/ep6-ba20020-rank0.pt,0,1
OpenMed/OpenMed-ZeroShot-NER-Anatomy-Medium-209M/pytorch_model.bin,0,1
nm-testing/qwen3-8b-peagle-speculators/optimizer_state_dict.pt,0,1
nm-testing/qwen3-8b-peagle-speculators/snapshots/48caff875fa217da907d9a4d2468e3a9f5d1ae0e/optimizer_state_dict.pt,0,1
OpenMed/OpenMed-ZeroShot-NER-Pharma-Multi-209M/pytorch_model.bin,0,1
OpenMed/OpenMed-ZeroShot-NER-Pharma-Tiny-60M/pytorch_model.bin,0,1
optimum-intel-internal-testing/tiny-random-LevitModel/pytorch_model.bin,0,1
ayushgupta7777/safetyvision-yolov8/best.pt,0,1
OpenMed/OpenMed-ZeroShot-NER-BloodCancer-Medium-209M/pytorch_model.bin,0,1
OpenMed/OpenMed-ZeroShot-NER-Species-Tiny-60M/pytorch_model.bin,0,1
pyannoteAI/parakeet-tdt-0.6b-v3/parakeet-tdt-0.6b-v3.nemo,0,1
timm/vit_small_patch16_dinov3_qkvb.lvd1689m/pytorch_model.bin,0,1
nvidia/nemo-nano-codec-22khz-1.89kbps-21.5fps/nemo-nano-codec-22khz-1.89kbps-21.5fps.nemo,0,1
OpenMed/OpenMed-ZeroShot-NER-Pathology-XLarge-770M/pytorch_model.bin,0,1
OpenMed/OpenMed-ZeroShot-NER-Species-Multi-209M/pytorch_model.bin,0,1
allenai/OlmoEarth-v1-Large/weights.pth,0,-1
nvidia/C-RADIOv4-H/c-radio_v4-h_half.pth.tar,0,1
arda-argmax/sortformer-finetuned/4spk-v0.3-bs1-acc8-l4-diskcache-shardedval-v1-1778065009/best.nemo,0,1
arda-argmax/sortformer-finetuned/6spk-ami-sdm-debug-bs10-a100-80gb-1gpu-v1-1781805281/best.nemo,0,1
arda-argmax/sortformer-finetuned/6spk-ami-sdm-debug-bs10-a100-80gb-1gpu-v1-1781805281/checkpoints/step_130_epoch_1_val-der_0.1837.nemo,0,1
arda-argmax/sortformer-finetuned/6spk-ami-sdm-debug-bs10-a100-80gb-1gpu-v1-1781805281/checkpoints/step_210_epoch_2_val-der_0.1709.nemo,0,1
arda-argmax/sortformer-finetuned/6spk-ami-sdm-debug-bs10-a100-80gb-1gpu-v1-1781805281/checkpoints/step_50_epoch_0_val-der_0.3708.nemo,0,1
arda-argmax/sortformer-finetuned/6spk-ami-sdm-flac-debug-bs10-a100-80gb-1gpu-v1-1781828240/best.nemo,0,1
arda-argmax/sortformer-finetuned/6spk-ami-sdm-flac-debug-bs10-a100-80gb-1gpu-v1-1781828240/checkpoints/step_130_epoch_1_val-der_0.1841.nemo,0,1
arda-argmax/sortformer-finetuned/6spk-ami-sdm-flac-debug-bs10-a100-80gb-1gpu-v1-1781828240/checkpoints/step_210_epoch_2_val-der_0.1806.nemo,0,1
arda-argmax/sortformer-finetuned/6spk-ami-sdm-flac-debug-bs10-a100-80gb-1gpu-v1-1781828240/checkpoints/step_50_epoch_0_val-der_0.3563.nemo,0,1
arda-argmax/sortformer-finetuned/6spk-debug-prepared-shar-worldfix-1780478585/best.nemo,0,1
arda-argmax/sortformer-finetuned/6spk-debug-prepared-shar-worldfix-1780478585/checkpoints/step_2_epoch_0_val-der_1.3011.nemo,0,1
arda-argmax/sortformer-finetuned/6spk-debug-prepared-shar-worldfix-1780478585/checkpoints/step_4_epoch_1_val-der_1.1216.nemo,0,1
arda-argmax/sortformer-finetuned/6spk-fullrandom-bs10-ga8-a100-80gb-1gpu-lr1e-4-lr-v1-1781045285/best.nemo,0,1
arda-argmax/sortformer-finetuned/6spk-fullrandom-bs10-ga8-a100-80gb-1gpu-lr1e-4-lr-v1-1781045285/checkpoints/step_6_epoch_0_val-der_1.0000.nemo,0,1
arda-argmax/sortformer-finetuned/6spk-v0.3-bs1-acc8-l4-diskcache-shardedval-v1-1778010364/best.nemo,0,1
arda-argmax/sortformer-finetuned/6spk-v0.4-ami-bs1-acc8-l4-diskcache-shardedval-v1-1778218672/best.nemo,0,1
arda-argmax/sortformer-finetuned/6spk-v0.4-ami-bs1-acc8-l4-diskcache-shardedval-v1-1778218672/checkpoints/step_1080_epoch_2_val-der_0.1535.nemo,0,1
arda-argmax/sortformer-finetuned/6spk-v0.4-ami-bs1-acc8-l4-diskcache-shardedval-v1-1778218672/checkpoints/step_1170_epoch_2_val-der_0.1446.nemo,0,1
arda-argmax/sortformer-finetuned/6spk-v0.4-ami-bs1-acc8-l4-diskcache-shardedval-v1-1778218672/checkpoints/step_1350_epoch_2_val-der_0.1436.nemo,0,1
arda-argmax/sortformer-finetuned/6spk-v0.4-ami-bs1-acc8-l4-diskcache-shardedval-v1-1778218672/checkpoints/step_1440_epoch_3_val-der_0.1423.nemo,0,1
arda-argmax/sortformer-finetuned/6spk-v0.4-ami-bs1-acc8-l4-diskcache-shardedval-v1-1778218672/checkpoints/step_1530_epoch_3_val-der_0.1397.nemo,0,1
arda-argmax/sortformer-finetuned/6spk-v0.4-ami-bs1-acc8-l4-diskcache-shardedval-v1-1778218672/checkpoints/step_1620_epoch_3_val-der_0.1388.nemo,0,1
arda-argmax/sortformer-finetuned/6spk-v0.4-ami-bs1-acc8-l4-diskcache-shardedval-v1-1778218672/checkpoints/step_1710_epoch_3_val-der_0.1382.nemo,0,1
arda-argmax/sortformer-finetuned/6spk-v0.4-ami-bs1-acc8-l4-diskcache-shardedval-v1-1778218672/checkpoints/step_180_epoch_0_val-der_0.2089.nemo,0,1
arda-argmax/sortformer-finetuned/6spk-v0.4-ami-bs1-acc8-l4-diskcache-shardedval-v1-1778218672/checkpoints/step_1980_epoch_4_val-der_0.1346.nemo,0,1
arda-argmax/sortformer-finetuned/6spk-v0.4-ami-bs1-acc8-l4-diskcache-shardedval-v1-1778218672/checkpoints/step_2430_epoch_5_val-der_0.1340.nemo,0,1
arda-argmax/sortformer-finetuned/6spk-v0.4-ami-bs1-acc8-l4-diskcache-shardedval-v1-1778218672/checkpoints/step_2520_epoch_5_val-der_0.1338.nemo,0,1
arda-argmax/sortformer-finetuned/6spk-v0.4-ami-bs1-acc8-l4-diskcache-shardedval-v1-1778218672/checkpoints/step_2700_epoch_5_val-der_0.1335.nemo,0,1
arda-argmax/sortformer-finetuned/6spk-v0.4-ami-bs1-acc8-l4-diskcache-shardedval-v1-1778218672/checkpoints/step_270_epoch_0_val-der_0.2001.nemo,0,1
arda-argmax/sortformer-finetuned/6spk-v0.4-ami-bs1-acc8-l4-diskcache-shardedval-v1-1778218672/checkpoints/step_3060_epoch_6_val-der_0.1302.nemo,0,1
arda-argmax/sortformer-finetuned/6spk-v0.4-ami-bs1-acc8-l4-diskcache-shardedval-v1-1778218672/checkpoints/step_360_epoch_0_val-der_0.1928.nemo,0,1
arda-argmax/sortformer-finetuned/6spk-v0.4-ami-bs1-acc8-l4-diskcache-shardedval-v1-1778218672/checkpoints/step_3870_epoch_8_val-der_0.1289.nemo,0,1
arda-argmax/sortformer-finetuned/6spk-v0.4-ami-bs1-acc8-l4-diskcache-shardedval-v1-1778218672/checkpoints/step_3960_epoch_8_val-der_0.1285.nemo,0,1
arda-argmax/sortformer-finetuned/6spk-v0.4-ami-bs1-acc8-l4-diskcache-shardedval-v1-1778218672/checkpoints/step_4140_epoch_9_val-der_0.1280.nemo,0,1
arda-argmax/sortformer-finetuned/6spk-v0.4-ami-bs1-acc8-l4-diskcache-shardedval-v1-1778218672/checkpoints/step_450_epoch_0_val-der_0.1911.nemo,0,1
arda-argmax/sortformer-finetuned/6spk-v0.4-ami-bs1-acc8-l4-diskcache-shardedval-v1-1778218672/checkpoints/step_540_epoch_1_val-der_0.1894.nemo,0,1
arda-argmax/sortformer-finetuned/6spk-v0.4-ami-bs1-acc8-l4-diskcache-shardedval-v1-1778218672/checkpoints/step_630_epoch_1_val-der_0.1871.nemo,0,1
arda-argmax/sortformer-finetuned/6spk-v0.4-ami-bs1-acc8-l4-diskcache-shardedval-v1-1778218672/checkpoints/step_720_epoch_1_val-der_0.1813.nemo,0,1
arda-argmax/sortformer-finetuned/6spk-v0.4-ami-bs1-acc8-l4-diskcache-shardedval-v1-1778218672/checkpoints/step_900_epoch_1_val-der_0.1706.nemo,0,1
arda-argmax/sortformer-finetuned/6spk-v0.4-ami-bs1-acc8-l4-diskcache-shardedval-v1-1778218672/checkpoints/step_90_epoch_0_val-der_0.3542.nemo,0,1
arda-argmax/sortformer-finetuned/6spk-v0.4-ami-bs1-acc8-l4-diskcache-shardedval-v1-1778218672/checkpoints/step_990_epoch_2_val-der_0.1561.nemo,0,1
arda-argmax/sortformer-finetuned/6spk-v0.4-librispeech-ami-bs1-acc8-l4-diskcache-shardedval-v3-1778228622/best.nemo,0,1
arda-argmax/sortformer-finetuned/6spk-v0.4-librispeech-ami-bs1-acc8-l4-diskcache-shardedval-v3-1778228622/checkpoints/step_1440_epoch_1_val-der_0.2048.nemo,0,1
arda-argmax/sortformer-finetuned/6spk-v0.4-librispeech-ami-bs1-acc8-l4-diskcache-shardedval-v3-1778228622/checkpoints/step_1530_epoch_1_val-der_0.2042.nemo,0,1
arda-argmax/sortformer-finetuned/6spk-v0.4-librispeech-ami-bs1-acc8-l4-diskcache-shardedval-v3-1778228622/checkpoints/step_1620_epoch_1_val-der_0.2035.nemo,0,1
arda-argmax/sortformer-finetuned/6spk-v0.4-librispeech-ami-bs1-acc8-l4-diskcache-shardedval-v3-1778228622/checkpoints/step_180_epoch_0_val-der_0.2159.nemo,0,1
arda-argmax/sortformer-finetuned/6spk-v0.4-librispeech-ami-bs1-acc8-l4-diskcache-shardedval-v3-1778228622/checkpoints/step_270_epoch_0_val-der_0.2146.nemo,0,1
arda-argmax/sortformer-finetuned/6spk-v0.4-librispeech-ami-bs1-acc8-l4-diskcache-shardedval-v3-1778228622/checkpoints/step_360_epoch_0_val-der_0.2138.nemo,0,1
arda-argmax/sortformer-finetuned/6spk-v0.4-librispeech-ami-bs1-acc8-l4-diskcache-shardedval-v3-1778228622/checkpoints/step_450_epoch_0_val-der_0.2116.nemo,0,1
arda-argmax/sortformer-finetuned/6spk-v0.4-librispeech-ami-bs1-acc8-l4-diskcache-shardedval-v3-1778228622/checkpoints/step_630_epoch_0_val-der_0.2103.nemo,0,1
arda-argmax/sortformer-finetuned/6spk-v0.4-librispeech-ami-bs1-acc8-l4-diskcache-shardedval-v3-1778228622/checkpoints/step_810_epoch_0_val-der_0.2059.nemo,0,1
arda-argmax/sortformer-finetuned/6spk-v0.4-librispeech-ami-bs1-acc8-l4-diskcache-shardedval-v3-1778228622/checkpoints/step_90_epoch_0_val-der_0.2223.nemo,0,1
arda-argmax/sortformer-finetuned/6spk-v0.4-librispeech-ami-bs1-acc8-l4-diskcache-shardedval-v5-1778286481/best.nemo,0,1
arda-argmax/sortformer-finetuned/6spk-v0.4-librispeech-ami-bs1-acc8-l4-diskcache-shardedval-v5-1778286481/checkpoints/step_1080_epoch_1_val-der_0.1398.nemo,0,1
arda-argmax/sortformer-finetuned/6spk-v0.4-librispeech-ami-bs1-acc8-l4-diskcache-shardedval-v5-1778286481/checkpoints/step_1260_epoch_1_val-der_0.1390.nemo,0,1
arda-argmax/sortformer-finetuned/6spk-v0.4-librispeech-ami-bs1-acc8-l4-diskcache-shardedval-v5-1778286481/checkpoints/step_1350_epoch_1_val-der_0.1374.nemo,0,1
arda-argmax/sortformer-finetuned/6spk-v0.4-librispeech-ami-bs1-acc8-l4-diskcache-shardedval-v5-1778286481/checkpoints/step_1440_epoch_1_val-der_0.1353.nemo,0,1
arda-argmax/sortformer-finetuned/6spk-v0.4-librispeech-ami-bs1-acc8-l4-diskcache-shardedval-v5-1778286481/checkpoints/step_1530_epoch_1_val-der_0.1346.nemo,0,1
arda-argmax/sortformer-finetuned/6spk-v0.4-librispeech-ami-bs1-acc8-l4-diskcache-shardedval-v5-1778286481/checkpoints/step_1710_epoch_1_val-der_0.1343.nemo,0,1
arda-argmax/sortformer-finetuned/6spk-v0.4-librispeech-ami-bs1-acc8-l4-diskcache-shardedval-v5-1778286481/checkpoints/step_1800_epoch_1_val-der_0.1334.nemo,0,1
arda-argmax/sortformer-finetuned/6spk-v0.4-librispeech-ami-bs1-acc8-l4-diskcache-shardedval-v5-1778286481/checkpoints/step_180_epoch_0_val-der_0.2056.nemo,0,1
arda-argmax/sortformer-finetuned/6spk-v0.4-librispeech-ami-bs1-acc8-l4-diskcache-shardedval-v5-1778286481/checkpoints/step_2070_epoch_2_val-der_0.1327.nemo,0,1
arda-argmax/sortformer-finetuned/6spk-v0.4-librispeech-ami-bs1-acc8-l4-diskcache-shardedval-v5-1778286481/checkpoints/step_2160_epoch_2_val-der_0.1317.nemo,0,1
arda-argmax/sortformer-finetuned/6spk-v0.4-librispeech-ami-bs1-acc8-l4-diskcache-shardedval-v5-1778286481/checkpoints/step_2250_epoch_2_val-der_0.1302.nemo,0,1
arda-argmax/sortformer-finetuned/6spk-v0.4-librispeech-ami-bs1-acc8-l4-diskcache-shardedval-v5-1778286481/checkpoints/step_2520_epoch_2_val-der_0.1283.nemo,0,1
arda-argmax/sortformer-finetuned/6spk-v0.4-librispeech-ami-bs1-acc8-l4-diskcache-shardedval-v5-1778286481/checkpoints/step_270_epoch_0_val-der_0.1998.nemo,0,1
arda-argmax/sortformer-finetuned/6spk-v0.4-librispeech-ami-bs1-acc8-l4-diskcache-shardedval-v5-1778286481/checkpoints/step_2880_epoch_3_val-der_0.1271.nemo,0,1
arda-argmax/sortformer-finetuned/6spk-v0.4-librispeech-ami-bs1-acc8-l4-diskcache-shardedval-v5-1778286481/checkpoints/step_3060_epoch_3_val-der_0.1269.nemo,0,1
arda-argmax/sortformer-finetuned/6spk-v0.4-librispeech-ami-bs1-acc8-l4-diskcache-shardedval-v5-1778286481/checkpoints/step_3240_epoch_3_val-der_0.1268.nemo,0,1
arda-argmax/sortformer-finetuned/6spk-v0.4-librispeech-ami-bs1-acc8-l4-diskcache-shardedval-v5-1778286481/checkpoints/step_3330_epoch_3_val-der_0.1266.nemo,0,1
arda-argmax/sortformer-finetuned/6spk-v0.4-librispeech-ami-bs1-acc8-l4-diskcache-shardedval-v5-1778286481/checkpoints/step_3420_epoch_3_val-der_0.1252.nemo,0,1
arda-argmax/sortformer-finetuned/6spk-v0.4-librispeech-ami-bs1-acc8-l4-diskcache-shardedval-v5-1778286481/checkpoints/step_360_epoch_0_val-der_0.1911.nemo,0,1
arda-argmax/sortformer-finetuned/6spk-v0.4-librispeech-ami-bs1-acc8-l4-diskcache-shardedval-v5-1778286481/checkpoints/step_4050_epoch_4_val-der_0.1241.nemo,0,1
arda-argmax/sortformer-finetuned/6spk-v0.4-librispeech-ami-bs1-acc8-l4-diskcache-shardedval-v5-1778286481/checkpoints/step_4410_epoch_4_val-der_0.1238.nemo,0,1
arda-argmax/sortformer-finetuned/6spk-v0.4-librispeech-ami-bs1-acc8-l4-diskcache-shardedval-v5-1778286481/checkpoints/step_450_epoch_0_val-der_0.1895.nemo,0,1
arda-argmax/sortformer-finetuned/6spk-v0.4-librispeech-ami-bs1-acc8-l4-diskcache-shardedval-v5-1778286481/checkpoints/step_4770_epoch_5_val-der_0.1237.nemo,0,1
arda-argmax/sortformer-finetuned/6spk-v0.4-librispeech-ami-bs1-acc8-l4-diskcache-shardedval-v5-1778286481/checkpoints/step_4950_epoch_5_val-der_0.1219.nemo,0,1
arda-argmax/sortformer-finetuned/6spk-v0.4-librispeech-ami-bs1-acc8-l4-diskcache-shardedval-v5-1778286481/checkpoints/step_540_epoch_0_val-der_0.1872.nemo,0,1
arda-argmax/sortformer-finetuned/6spk-v0.4-librispeech-ami-bs1-acc8-l4-diskcache-shardedval-v5-1778286481/checkpoints/step_5940_epoch_6_val-der_0.1207.nemo,0,1
arda-argmax/sortformer-finetuned/6spk-v0.4-librispeech-ami-bs1-acc8-l4-diskcache-shardedval-v5-1778286481/checkpoints/step_630_epoch_0_val-der_0.1612.nemo,0,1
arda-argmax/sortformer-finetuned/6spk-v0.4-librispeech-ami-bs1-acc8-l4-diskcache-shardedval-v5-1778286481/checkpoints/step_6390_epoch_7_val-der_0.1200.nemo,0,1
arda-argmax/sortformer-finetuned/6spk-v0.4-librispeech-ami-bs1-acc8-l4-diskcache-shardedval-v5-1778286481/checkpoints/step_720_epoch_0_val-der_0.1542.nemo,0,1
arda-argmax/sortformer-finetuned/6spk-v0.4-librispeech-ami-bs1-acc8-l4-diskcache-shardedval-v5-1778286481/checkpoints/step_7290_epoch_8_val-der_0.1193.nemo,0,1
arda-argmax/sortformer-finetuned/6spk-v0.4-librispeech-ami-bs1-acc8-l4-diskcache-shardedval-v5-1778286481/checkpoints/step_7470_epoch_8_val-der_0.1188.nemo,0,1
arda-argmax/sortformer-finetuned/6spk-v0.4-librispeech-ami-bs1-acc8-l4-diskcache-shardedval-v5-1778286481/checkpoints/step_7560_epoch_8_val-der_0.1182.nemo,0,1
arda-argmax/sortformer-finetuned/6spk-v0.4-librispeech-ami-bs1-acc8-l4-diskcache-shardedval-v5-1778286481/checkpoints/step_810_epoch_0_val-der_0.1480.nemo,0,1
arda-argmax/sortformer-finetuned/6spk-v0.4-librispeech-ami-bs1-acc8-l4-diskcache-shardedval-v5-1778286481/checkpoints/step_900_epoch_0_val-der_0.1433.nemo,0,1
arda-argmax/sortformer-finetuned/6spk-v0.4-librispeech-ami-bs1-acc8-l4-diskcache-shardedval-v5-1778286481/checkpoints/step_90_epoch_0_val-der_0.2223.nemo,0,1
arda-argmax/sortformer-finetuned/6spk-v0.4-librispeech-ami-bs1-acc8-l4-diskcache-shardedval-v5-1778286481/checkpoints/step_990_epoch_1_val-der_0.1429.nemo,0,1
arda-argmax/sortformer-finetuned/6spk-v0.4-librispeech-bs1-acc8-l4-diskcache-shardedval-v1-1778198761/best.nemo,0,1
arda-argmax/sortformer-finetuned/6spk-v0.4-librispeech-bs1-acc8-l4-diskcache-shardedval-v1-1778198761/checkpoints/step_1080_epoch_2_val-der_0.1069.nemo,0,1
arda-argmax/sortformer-finetuned/6spk-v0.4-librispeech-bs1-acc8-l4-diskcache-shardedval-v1-1778198761/checkpoints/step_1170_epoch_2_val-der_0.1058.nemo,0,1
arda-argmax/sortformer-finetuned/6spk-v0.4-librispeech-bs1-acc8-l4-diskcache-shardedval-v1-1778198761/checkpoints/step_1260_epoch_2_val-der_0.1043.nemo,0,1
arda-argmax/sortformer-finetuned/6spk-v0.4-librispeech-bs1-acc8-l4-diskcache-shardedval-v1-1778198761/checkpoints/step_1710_epoch_3_val-der_0.1027.nemo,0,1
arda-argmax/sortformer-finetuned/6spk-v0.4-librispeech-bs1-acc8-l4-diskcache-shardedval-v1-1778198761/checkpoints/step_180_epoch_0_val-der_0.1670.nemo,0,1
arda-argmax/sortformer-finetuned/6spk-v0.4-librispeech-bs1-acc8-l4-diskcache-shardedval-v1-1778198761/checkpoints/step_2160_epoch_4_val-der_0.1016.nemo,0,1
arda-argmax/sortformer-finetuned/6spk-v0.4-librispeech-bs1-acc8-l4-diskcache-shardedval-v1-1778198761/checkpoints/step_2430_epoch_5_val-der_0.1014.nemo,0,1
arda-argmax/sortformer-finetuned/6spk-v0.4-librispeech-bs1-acc8-l4-diskcache-shardedval-v1-1778198761/checkpoints/step_2700_epoch_5_val-der_0.1002.nemo,0,1
arda-argmax/sortformer-finetuned/6spk-v0.4-librispeech-bs1-acc8-l4-diskcache-shardedval-v1-1778198761/checkpoints/step_270_epoch_0_val-der_0.1644.nemo,0,1
arda-argmax/sortformer-finetuned/6spk-v0.4-librispeech-bs1-acc8-l4-diskcache-shardedval-v1-1778198761/checkpoints/step_2880_epoch_6_val-der_0.0996.nemo,0,1
arda-argmax/sortformer-finetuned/6spk-v0.4-librispeech-bs1-acc8-l4-diskcache-shardedval-v1-1778198761/checkpoints/step_2970_epoch_6_val-der_0.0992.nemo,0,1
arda-argmax/sortformer-finetuned/6spk-v0.4-librispeech-bs1-acc8-l4-diskcache-shardedval-v1-1778198761/checkpoints/step_3150_epoch_6_val-der_0.0982.nemo,0,1
arda-argmax/sortformer-finetuned/6spk-v0.4-librispeech-bs1-acc8-l4-diskcache-shardedval-v1-1778198761/checkpoints/step_3600_epoch_7_val-der_0.0981.nemo,0,1
arda-argmax/sortformer-finetuned/6spk-v0.4-librispeech-bs1-acc8-l4-diskcache-shardedval-v1-1778198761/checkpoints/step_360_epoch_0_val-der_0.1619.nemo,0,1
arda-argmax/sortformer-finetuned/6spk-v0.4-librispeech-bs1-acc8-l4-diskcache-shardedval-v1-1778198761/checkpoints/step_3780_epoch_8_val-der_0.0976.nemo,0,1
arda-argmax/sortformer-finetuned/6spk-v0.4-librispeech-bs1-acc8-l4-diskcache-shardedval-v1-1778198761/checkpoints/step_4050_epoch_8_val-der_0.0964.nemo,0,1
arda-argmax/sortformer-finetuned/6spk-v0.4-librispeech-bs1-acc8-l4-diskcache-shardedval-v1-1778198761/checkpoints/step_4140_epoch_9_val-der_0.0958.nemo,0,1
arda-argmax/sortformer-finetuned/6spk-v0.4-librispeech-bs1-acc8-l4-diskcache-shardedval-v1-1778198761/checkpoints/step_4230_epoch_9_val-der_0.0915.nemo,0,1
arda-argmax/sortformer-finetuned/6spk-v0.4-librispeech-bs1-acc8-l4-diskcache-shardedval-v1-1778198761/checkpoints/step_4320_epoch_9_val-der_0.0872.nemo,0,1
arda-argmax/sortformer-finetuned/6spk-v0.4-librispeech-bs1-acc8-l4-diskcache-shardedval-v1-1778198761/checkpoints/step_4410_epoch_9_val-der_0.0843.nemo,0,1
arda-argmax/sortformer-finetuned/6spk-v0.4-librispeech-bs1-acc8-l4-diskcache-shardedval-v1-1778198761/checkpoints/step_450_epoch_0_val-der_0.1291.nemo,0,1
arda-argmax/sortformer-finetuned/6spk-v0.4-librispeech-bs1-acc8-l4-diskcache-shardedval-v1-1778198761/checkpoints/step_540_epoch_1_val-der_0.1151.nemo,0,1
arda-argmax/sortformer-finetuned/6spk-v0.4-librispeech-bs1-acc8-l4-diskcache-shardedval-v1-1778198761/checkpoints/step_720_epoch_1_val-der_0.1120.nemo,0,1
arda-argmax/sortformer-finetuned/6spk-v0.4-librispeech-bs1-acc8-l4-diskcache-shardedval-v1-1778198761/checkpoints/step_810_epoch_1_val-der_0.1082.nemo,0,1
arda-argmax/sortformer-finetuned/6spk-v0.4-librispeech-bs1-acc8-l4-diskcache-shardedval-v1-1778198761/checkpoints/step_90_epoch_0_val-der_0.1700.nemo,0,1
arda-argmax/sortformer-finetuned/6spk-v0.6-fastmss-prepared-shar-bs1-acc8-l4-worldfix-v1-1780479980/best.nemo,0,1
arda-argmax/sortformer-finetuned/6spk-v0.6-fastmss-prepared-shar-bs1-acc8-l4-worldfix-v1-1780479980/checkpoints/step_180_epoch_0_val-der_0.2104.nemo,0,1
arda-argmax/sortformer-finetuned/6spk-v0.6-fastmss-prepared-shar-bs1-acc8-l4-worldfix-v1-1780479980/checkpoints/step_270_epoch_0_val-der_0.2067.nemo,0,1
arda-argmax/sortformer-finetuned/6spk-v0.6-fastmss-prepared-shar-bs1-acc8-l4-worldfix-v1-1780479980/checkpoints/step_360_epoch_0_val-der_0.1966.nemo,0,1
arda-argmax/sortformer-finetuned/6spk-v0.6-fastmss-prepared-shar-bs1-acc8-l4-worldfix-v1-1780479980/checkpoints/step_450_epoch_0_val-der_0.1530.nemo,0,1
arda-argmax/sortformer-finetuned/6spk-v0.6-fastmss-prepared-shar-bs1-acc8-l4-worldfix-v1-1780479980/checkpoints/step_540_epoch_0_val-der_0.1469.nemo,0,1
arda-argmax/sortformer-finetuned/6spk-v0.6-fastmss-prepared-shar-bs1-acc8-l4-worldfix-v1-1780479980/checkpoints/step_630_epoch_0_val-der_0.1446.nemo,0,1
arda-argmax/sortformer-finetuned/6spk-v0.6-fastmss-prepared-shar-bs1-acc8-l4-worldfix-v1-1780479980/checkpoints/step_900_epoch_0_val-der_0.1436.nemo,0,1
arda-argmax/sortformer-finetuned/6spk-v0.6-fastmss-prepared-shar-bs1-acc8-l4-worldfix-v1-1780479980/checkpoints/step_90_epoch_0_val-der_0.2187.nemo,0,1
arda-argmax/sortformer-finetuned/6spk-v0.6-fastmss-prepared-shar-bs1-acc8-l4-worldfix-v1-1780479980/checkpoints/step_990_epoch_1_val-der_0.1416.nemo,0,1
arda-argmax/sortformer-finetuned/6spk-v0.6-fastmss-prepared-shar-bs1-ga8-l4-8gpu-fullset-smoketest-v5-1780559280/best.nemo,0,1
arda-argmax/sortformer-finetuned/6spk-v0.6-fastmss-prepared-shar-bs1-ga8-l4-8gpu-fullset-smoketest-v5-1780559280/checkpoints/step_62_epoch_0_val-der_0.2269.nemo,0,1
arda-argmax/sortformer-finetuned/6spk-v0.6-fastmss-prepared-shar-bs10-a100-80gb-2gpu-debug-debug-v1-1780602245/best.nemo,0,1
arda-argmax/sortformer-finetuned/6spk-v0.6-fastmss-prepared-shar-bs10-a100-80gb-2gpu-debug-debug-v1-1780602245/checkpoints/step_100_epoch_0_val-der_0.2319.nemo,0,1
arda-argmax/sortformer-finetuned/6spk-v0.6-fastmss-prepared-shar-bs10-a100-80gb-2gpu-debug-debug-v1-1780602245/checkpoints/step_150_epoch_0_val-der_0.2183.nemo,0,1
arda-argmax/sortformer-finetuned/6spk-v0.6-fastmss-prepared-shar-bs10-a100-80gb-2gpu-debug-debug-v1-1780602245/checkpoints/step_250_epoch_1_val-der_0.2163.nemo,0,1
arda-argmax/sortformer-finetuned/6spk-v0.6-fastmss-prepared-shar-bs10-a100-80gb-2gpu-debug-debug-v1-1780602245/checkpoints/step_350_epoch_1_val-der_0.2109.nemo,0,1
arda-argmax/sortformer-finetuned/6spk-v0.6-fastmss-prepared-shar-bs10-a100-80gb-2gpu-debug-debug-v1-1780602245/checkpoints/step_400_epoch_1_val-der_0.2094.nemo,0,1
arda-argmax/sortformer-finetuned/6spk-v0.6-fastmss-prepared-shar-bs10-a100-80gb-2gpu-debug-debug-v1-1780602245/checkpoints/step_50_epoch_0_val-der_0.3624.nemo,0,1
arda-argmax/sortformer-finetuned/6spk-v0.6-fastmss-prepared-shar-bs10-a100-80gb-4gpu-debug-debug-v1-1780602382/best.nemo,0,1
arda-argmax/sortformer-finetuned/6spk-v0.6-fastmss-prepared-shar-bs10-a100-80gb-4gpu-debug-debug-v1-1780602382/checkpoints/step_100_epoch_0_val-der_0.2269.nemo,0,1
arda-argmax/sortformer-finetuned/6spk-v0.6-fastmss-prepared-shar-bs10-a100-80gb-4gpu-debug-debug-v1-1780602382/checkpoints/step_150_epoch_1_val-der_0.2196.nemo,0,1
arda-argmax/sortformer-finetuned/6spk-v0.6-fastmss-prepared-shar-bs10-a100-80gb-4gpu-debug-debug-v1-1780602382/checkpoints/step_200_epoch_1_val-der_0.2164.nemo,0,1
arda-argmax/sortformer-finetuned/6spk-v0.6-fastmss-prepared-shar-bs10-a100-80gb-4gpu-debug-debug-v1-1780602382/checkpoints/step_300_epoch_2_val-der_0.2103.nemo,0,1
arda-argmax/sortformer-finetuned/6spk-v0.6-fastmss-prepared-shar-bs10-a100-80gb-4gpu-debug-debug-v1-1780602382/checkpoints/step_50_epoch_0_val-der_0.3548.nemo,0,1
arda-argmax/sortformer-finetuned/6spk-v0.6-fastmss-prepared-shar-bs10-a100-80gb-4gpu-fullset-v11-1780998497/best.nemo,0,1
arda-argmax/sortformer-finetuned/6spk-v0.6-fastmss-prepared-shar-bs10-a100-80gb-4gpu-fullset-v11-1780998497/checkpoints/step_11235_epoch_0_val-der_0.0716.nemo,0,1
arda-argmax/sortformer-finetuned/6spk-v0.6-fastmss-prepared-shar-bs10-a100-80gb-4gpu-fullset-v11-1780998497/checkpoints/step_14980_epoch_0_val-der_0.0702.nemo,0,1
arda-argmax/sortformer-finetuned/6spk-v0.6-fastmss-prepared-shar-bs10-a100-80gb-4gpu-fullset-v11-1780998497/checkpoints/step_3745_epoch_0_val-der_0.0756.nemo,0,1
arda-argmax/sortformer-finetuned/6spk-v0.6-fastmss-prepared-shar-bs10-a100-80gb-4gpu-fullset-v11-1780998497/checkpoints/step_7490_epoch_0_val-der_0.0723.nemo,0,1
arda-argmax/sortformer-finetuned/6spk-v0.6-fastmss-prepared-shar-bs10-a100-80gb-8gpu-debug-debug-v1-1780604170/best.nemo,0,1
arda-argmax/sortformer-finetuned/6spk-v0.6-fastmss-prepared-shar-bs10-a100-80gb-8gpu-debug-debug-v1-1780604170/checkpoints/step_100_epoch_1_val-der_0.2204.nemo,0,1
arda-argmax/sortformer-finetuned/6spk-v0.6-fastmss-prepared-shar-bs10-a100-80gb-8gpu-debug-debug-v1-1780604170/checkpoints/step_150_epoch_2_val-der_0.2128.nemo,0,1
arda-argmax/sortformer-finetuned/6spk-v0.6-fastmss-prepared-shar-bs10-a100-80gb-8gpu-debug-debug-v1-1780604170/checkpoints/step_50_epoch_0_val-der_0.3458.nemo,0,1
arda-argmax/sortformer-finetuned/6spk-v0.6-fastmss-prepared-shar-bs10-a100-80gb-8gpu-fullset-v10-1780606582/best.nemo,0,1
arda-argmax/sortformer-finetuned/6spk-v0.6-fastmss-prepared-shar-bs10-a100-80gb-8gpu-fullset-v10-1780606582/checkpoints/step_11232_epoch_0_val-der_0.0901.nemo,0,1
arda-argmax/sortformer-finetuned/6spk-v0.6-fastmss-prepared-shar-bs10-a100-80gb-8gpu-fullset-v10-1780606582/checkpoints/step_13104_epoch_0_val-der_0.0887.nemo,0,1
arda-argmax/sortformer-finetuned/6spk-v0.6-fastmss-prepared-shar-bs10-a100-80gb-8gpu-fullset-v10-1780606582/checkpoints/step_14976_epoch_0_val-der_0.0879.nemo,0,1
arda-argmax/sortformer-finetuned/6spk-v0.6-fastmss-prepared-shar-bs10-a100-80gb-8gpu-fullset-v10-1780606582/checkpoints/step_16848_epoch_0_val-der_0.0865.nemo,0,1
arda-argmax/sortformer-finetuned/6spk-v0.6-fastmss-prepared-shar-bs10-a100-80gb-8gpu-fullset-v10-1780606582/checkpoints/step_18720_epoch_0_val-der_0.0854.nemo,0,1
arda-argmax/sortformer-finetuned/6spk-v0.6-fastmss-prepared-shar-bs10-a100-80gb-8gpu-fullset-v10-1780606582/checkpoints/step_1872_epoch_0_val-der_0.1109.nemo,0,1
arda-argmax/sortformer-finetuned/6spk-v0.6-fastmss-prepared-shar-bs10-a100-80gb-8gpu-fullset-v10-1780606582/checkpoints/step_20592_epoch_0_val-der_0.0846.nemo,0,1
arda-argmax/sortformer-finetuned/6spk-v0.6-fastmss-prepared-shar-bs10-a100-80gb-8gpu-fullset-v10-1780606582/checkpoints/step_22464_epoch_0_val-der_0.0840.nemo,0,1
arda-argmax/sortformer-finetuned/6spk-v0.6-fastmss-prepared-shar-bs10-a100-80gb-8gpu-fullset-v10-1780606582/checkpoints/step_24336_epoch_0_val-der_0.0838.nemo,0,1
arda-argmax/sortformer-finetuned/6spk-v0.6-fastmss-prepared-shar-bs10-a100-80gb-8gpu-fullset-v10-1780606582/checkpoints/step_26208_epoch_0_val-der_0.0828.nemo,0,1
arda-argmax/sortformer-finetuned/6spk-v0.6-fastmss-prepared-shar-bs10-a100-80gb-8gpu-fullset-v10-1780606582/checkpoints/step_28080_epoch_0_val-der_0.0815.nemo,0,1
arda-argmax/sortformer-finetuned/6spk-v0.6-fastmss-prepared-shar-bs10-a100-80gb-8gpu-fullset-v10-1780606582/checkpoints/step_31824_epoch_0_val-der_0.0807.nemo,0,1
arda-argmax/sortformer-finetuned/6spk-v0.6-fastmss-prepared-shar-bs10-a100-80gb-8gpu-fullset-v10-1780606582/checkpoints/step_35568_epoch_0_val-der_0.0804.nemo,0,1
arda-argmax/sortformer-finetuned/6spk-v0.6-fastmss-prepared-shar-bs10-a100-80gb-8gpu-fullset-v10-1780606582/checkpoints/step_37440_epoch_0_val-der_0.0797.nemo,0,1
arda-argmax/sortformer-finetuned/6spk-v0.6-fastmss-prepared-shar-bs10-a100-80gb-8gpu-fullset-v10-1780606582/checkpoints/step_3744_epoch_0_val-der_0.1021.nemo,0,1
arda-argmax/sortformer-finetuned/6spk-v0.6-fastmss-prepared-shar-bs10-a100-80gb-8gpu-fullset-v10-1780606582/checkpoints/step_5616_epoch_0_val-der_0.0964.nemo,0,1
arda-argmax/sortformer-finetuned/6spk-v0.6-fastmss-prepared-shar-bs10-a100-80gb-8gpu-fullset-v10-1780606582/checkpoints/step_7488_epoch_0_val-der_0.0941.nemo,0,1
arda-argmax/sortformer-finetuned/6spk-v0.6-fastmss-prepared-shar-bs10-a100-80gb-8gpu-fullset-v10-1780606582/checkpoints/step_9360_epoch_0_val-der_0.0917.nemo,0,1
arda-argmax/sortformer-finetuned/6spk-vox-ami-aishell-ali-bs10-ga2-a100-80gb-4gpu-5ep-v2-1782411519/best.nemo,0,1
arda-argmax/sortformer-finetuned/6spk-vox-ami-aishell-ali-bs10-ga2-a100-80gb-4gpu-5ep-v2-1782411519/checkpoints/step_104_epoch_0_val-der_0.1575.nemo,0,1
arda-argmax/sortformer-finetuned/6spk-vox-ami-aishell-ali-bs10-ga2-a100-80gb-4gpu-5ep-v2-1782411519/checkpoints/step_131_epoch_1_val-der_0.1559.nemo,0,1
arda-argmax/sortformer-finetuned/6spk-vox-ami-aishell-ali-bs10-ga2-a100-80gb-4gpu-5ep-v2-1782411519/checkpoints/step_183_epoch_1_val-der_0.1529.nemo,0,1
arda-argmax/sortformer-finetuned/6spk-vox-ami-aishell-ali-bs10-ga2-a100-80gb-4gpu-5ep-v2-1782411519/checkpoints/step_236_epoch_2_val-der_0.1527.nemo,0,1
arda-argmax/sortformer-finetuned/6spk-vox-ami-aishell-ali-bs10-ga2-a100-80gb-4gpu-5ep-v2-1782411519/checkpoints/step_26_epoch_0_val-der_0.1865.nemo,0,1
arda-argmax/sortformer-finetuned/6spk-vox-ami-aishell-ali-bs10-ga2-a100-80gb-4gpu-5ep-v2-1782411519/checkpoints/step_288_epoch_2_val-der_0.1515.nemo,0,1
arda-argmax/sortformer-finetuned/6spk-vox-ami-aishell-ali-bs10-ga2-a100-80gb-4gpu-5ep-v2-1782411519/checkpoints/step_341_epoch_3_val-der_0.1510.nemo,0,1
arda-argmax/sortformer-finetuned/6spk-vox-ami-aishell-ali-bs10-ga2-a100-80gb-4gpu-5ep-v2-1782411519/checkpoints/step_419_epoch_3_val-der_0.1496.nemo,0,1
arda-argmax/sortformer-finetuned/6spk-vox-ami-aishell-ali-bs10-ga2-a100-80gb-4gpu-5ep-v2-1782411519/checkpoints/step_472_epoch_4_val-der_0.1480.nemo,0,1
arda-argmax/sortformer-finetuned/6spk-vox-ami-aishell-ali-bs10-ga2-a100-80gb-4gpu-5ep-v2-1782411519/checkpoints/step_52_epoch_0_val-der_0.1649.nemo,0,1
arda-argmax/sortformer-finetuned/6spk-vox-ami-aishell-ali-bs10-ga2-a100-80gb-4gpu-5ep-v2-1782411519/checkpoints/step_78_epoch_0_val-der_0.1603.nemo,0,1
arda-argmax/sortformer-finetuned/8spk-v0.2-bs1-acc8-l4-cachedtrain-shardedval_v3-1777960366/best.nemo,0,1
arda-argmax/sortformer-finetuned/8spk-v0.2-bs1-acc8-l4-cachedtrain-shardedval_v6-1777969623/best.nemo,0,1
arda-argmax/sortformer-finetuned/8spk-v0.2-bs1-acc8-l4-cachedval-1777594506/best.nemo,0,1
arda-argmax/sortformer-finetuned/8spk-v0.2-bs1-acc8-l4-diskcache-shardedval-v1-1778007921/best.nemo,0,1
arda-argmax/sortformer-finetuned/smoke-1777401758/best.nemo,0,1
arda-argmax/sortformer-finetuned/sortformer-train-1777492805/best.nemo,0,1
arda-argmax/sortformer-finetuned/sortformer-train-1777563938/best.nemo,0,1
arda-argmax/sortformer-finetuned/sortformer-train-1777567093/best.nemo,0,1
arda-argmax/sortformer-finetuned/sortformer-train-1777578793/best.nemo,0,1
arda-argmax/sortformer-finetuned/sortformer-train-1777589381/best.nemo,0,1
arda-argmax/sortformer-finetuned/vertex-streaming-smoke-train-1777405971/best.nemo,0,1
arda-argmax/sortformer-finetuned/vertex-streaming-smoke-train-1777413928/best.nemo,0,1
timm/MobileCLIP2-S0-OpenCLIP/open_clip_pytorch_model.bin,0,1
optimum-intel-internal-testing/tiny-random-Data2VecTextModel/pytorch_model.bin,0,1
timm/convnext_large.dinov3_lvd1689m/pytorch_model.bin,0,1
timm/MobileCLIP2-S2-OpenCLIP/open_clip_pytorch_model.bin,0,1
OpenMed/OpenMed-ZeroShot-NER-Pathology-Tiny-60M/pytorch_model.bin,0,1
nvidia/C-RADIOv4-SO400M/c-radio_v4-so400m_half.pth.tar,0,1
zondaxyz/babyconceptLM-baike102M_bpe40/pytorch_model.bin,0,1
pytorch/gemma-3-12b-it-FP8/pytorch_model-00001-of-00003.bin,0,1
blackbeedrones/sae-2026-hang-all-yolo26n-seg-v2-960/weights/epoch187.pt,0,1
thatbrguy/g3t/model.pt,0,1
michka/Melenchon-Nemo-12B/checkpoint-240/optimizer.pt,0,1
Stable-X/vggt-object-v0-1/model.pt,0,1
sakamakismile/Qwen3.6-27B-LNARIZE-NVFP4/kvtc_calibration.pt,0,1
timm/vit_huge_patch14_clip_378.metaclip2_worldwide/open_clip_pytorch_model.bin,0,1
timm/vit_huge_patch14_clip_378.metaclip2_worldwide/pytorch_model.bin,0,1
Chess473737/nepal-model/A100Pretrain/checkpoint-10000/training_args.bin,0,1
Chess473737/nepal-model/A100Pretrain/checkpoint-15000/training_args.bin,0,1
Chess473737/nepal-model/A100Pretrain/checkpoint-20000/training_args.bin,0,1
Chess473737/nepal-model/A100Pretrain/checkpoint-5000/optimizer.pt,0,1
Chess473737/nepal-model/A100Pretrain/checkpoint-5000/scheduler.pt,0,0
Chess473737/nepal-model/A100Pretrain/checkpoint-5000/training_args.bin,0,1
Chess473737/nepal-model/Kaggle1B/ckpt-12000/scheduler.pt,0,0
openbmb/BitCPM-CANN-3B/pytorch_model.bin,0,1
typhoon-ai/typhoon-asr-realtime/typhoon-asr-realtime.nemo,0,1
cisco-ai/SecureBERT2.0-cross_encoder/optimizer.pt,0,1
AIDElab-IITBombay/RadJEPA/jepa_encoder.pth.tar,0,1
stabilityai/stable-audio-3-small-sfx-base/svd_bases.pt,0,1
openbmb/BitCPM-CANN-8B/pytorch_model.bin,0,1
GaryFer/smart-parking-weights/fasterrcnnv2/best_seed1000.pt,0,1
GaryFer/smart-parking-weights/fasterrcnnv2/best_seed123.pt,0,1
GaryFer/smart-parking-weights/fasterrcnnv2/best_seed1234.pt,0,1
GaryFer/smart-parking-weights/fasterrcnnv2/best_seed2025.pt,0,1
GaryFer/smart-parking-weights/fasterrcnnv2/best_seed3141.pt,0,1
GaryFer/smart-parking-weights/fasterrcnnv2/best_seed42.pt,0,1
GaryFer/smart-parking-weights/fasterrcnnv2/best_seed456.pt,0,1
GaryFer/smart-parking-weights/rtdetr/run_1000/weights/best.pt,0,1
GaryFer/smart-parking-weights/rtdetr/run_1000/weights/last.pt,0,1
GaryFer/smart-parking-weights/rtdetr/run_123/weights/best.pt,0,1
GaryFer/smart-parking-weights/rtdetr/run_1234/weights/best.pt,0,1
GaryFer/smart-parking-weights/rtdetr/run_1234/weights/last.pt,0,1
GaryFer/smart-parking-weights/rtdetr/run_2024/weights/last.pt,0,1
GaryFer/smart-parking-weights/rtdetr/run_3141/weights/best.pt,0,1
GaryFer/smart-parking-weights/rtdetr/run_456/weights/best.pt,0,1
GaryFer/smart-parking-weights/rtdetr/run_789/weights/best.pt,0,1
GaryFer/smart-parking-weights/yolov11s/run_1000/weights/last.pt,0,1
GaryFer/smart-parking-weights/yolov11s/run_123/weights/best.pt,0,1
GaryFer/smart-parking-weights/yolov11s/run_123/weights/last.pt,0,1
GaryFer/smart-parking-weights/yolov11s/run_1234/weights/best.pt,0,1
GaryFer/smart-parking-weights/yolov11s/run_2025/weights/best.pt,0,1
GaryFer/smart-parking-weights/yolov11s/run_2025/weights/last.pt,0,1
GaryFer/smart-parking-weights/yolov11s/run_3141/weights/best.pt,0,1
GaryFer/smart-parking-weights/yolov11s/run_42/weights/best.pt,0,1
GaryFer/smart-parking-weights/yolov11s/run_456/weights/best.pt,0,1
GaryFer/smart-parking-weights/yolov11s/run_456/weights/last.pt,0,1
GaryFer/smart-parking-weights/yolov11s/run_789/weights/best.pt,0,1
GaryFer/smart-parking-weights/yolov11s/run_789/weights/last.pt,0,1
GaryFer/smart-parking-weights/yolov11s/run_9999/weights/best.pt,0,1
GaryFer/smart-parking-weights/yolov11s/run_9999/weights/last.pt,0,1
GaryFer/smart-parking-weights/yolov12s/run_1000/weights/best.pt,0,1
GaryFer/smart-parking-weights/yolov12s/run_1000/weights/last.pt,0,1
GaryFer/smart-parking-weights/yolov12s/run_123/weights/best.pt,0,1
GaryFer/smart-parking-weights/yolov12s/run_1234/weights/last.pt,0,1
GaryFer/smart-parking-weights/yolov12s/run_2024/weights/last.pt,0,1
GaryFer/smart-parking-weights/yolov12s/run_2025/weights/best.pt,0,1
GaryFer/smart-parking-weights/yolov12s/run_3141/weights/best.pt,0,1
GaryFer/smart-parking-weights/yolov12s/run_3141/weights/last.pt,0,1
GaryFer/smart-parking-weights/yolov12s/run_42/weights/best.pt,0,1
GaryFer/smart-parking-weights/yolov12s/run_456/weights/best.pt,0,1
GaryFer/smart-parking-weights/yolov12s/run_456/weights/last.pt,0,1
GaryFer/smart-parking-weights/yolov12s/run_789/weights/last.pt,0,1
GaryFer/smart-parking-weights/yolov12s/run_9999/weights/best.pt,0,1
GaryFer/smart-parking-weights/yolov12s/run_9999/weights/last.pt,0,1
GaryFer/smart-parking-weights/yolov8s/run_1000/weights/best.pt,0,1
GaryFer/smart-parking-weights/yolov8s/run_123/weights/best.pt,0,1
GaryFer/smart-parking-weights/yolov8s/run_1234/weights/best.pt,0,1
GaryFer/smart-parking-weights/yolov8s/run_2024/weights/best.pt,0,1
GaryFer/smart-parking-weights/yolov8s/run_2025/weights/best.pt,0,1
GaryFer/smart-parking-weights/yolov8s/run_3141/weights/best.pt,0,1
GaryFer/smart-parking-weights/yolov8s/run_3141/weights/last.pt,0,1
GaryFer/smart-parking-weights/yolov8s/run_789/weights/best.pt,0,1
GaryFer/smart-parking-weights/yolov8s/run_9999/weights/best.pt,0,1
GaryFer/smart-parking-weights/yolov8s/run_9999/weights/last.pt,0,1
baichuan-inc/Baichuan-M2-32B/draft/pytorch_model.bin,0,1
gabrielpirlo/Sped_ParakeetRomanian_110M_TDT-CTC/SpeD-ParakeetRo_110M_TDT-CTC.nemo,0,1
Soul-AILab/SoulX-Singer-Preprocess/parakeet-tdt-0.6b-v2/parakeet-tdt-0.6b-v2.nemo,0,1
openbmb/BitCPM-CANN-8B-unquantized/pytorch_model.bin,0,1
facebook/lagernvs_general_512/model.pt,0,1
Malgesw/ppo-Huggy/Huggy/Huggy-1599365.pt,0,1
yuriyvnv/parakeet-tdt-0.6b-EN-Medical/parakeet-tdt-cv17_multimed_en-seed42.nemo,0,1
yuriyvnv/parakeet-tdt-0.6b-EN-Medical/parakeet-tdt-multimed_en-seed42.nemo,0,1
shaikhsalman/ZabaanAI-Urdu-3B/last-checkpoint/optimizer.pt,0,1
fpadovani/rus-cyrl-100mb-100mb_seed3407/checkpoint-105000/rng_state.pth,0,1
fpadovani/rus-cyrl-100mb-100mb_seed3407/checkpoint-39000/rng_state.pth,0,1
fpadovani/rus-cyrl-100mb-100mb_seed3407/checkpoint-42000/rng_state.pth,0,1
nvidia/magpie_tts_multilingual_357m/magpie_tts_multilingual_357m.nemo,0,1
asdasdasd1234567890/asd/ultralytics/segm/yolo-human-parse-epoch-125.pt,0,1
attack-vector/SecureModernBERT-NER/checkpoint-10605/optimizer.pt,0,1
timm/vit_small_plus_patch16_dinov3_qkvb.lvd1689m/pytorch_model.bin,0,1
binant/wendyrv/model.pth,0,1
jwest33/qwen3-vl-8b-instruct-null-space-abliterated/null_space_projectors.pt,0,1
jwest33/qwen3-vl-8b-instruct-null-space-abliterated/refusal_directions.pt,0,1
inference-optimization/Laguna-XS.2-speculator.dflash-Qwen235B-500k-ckpt5/scheduler_state_dict.pt,0,0
fpadovani/swa-latn-100mb-after-ppt-shuff-dyck-100mb-ckpt500_seed3407/checkpoint-164000/rng_state.pth,0,1
fpadovani/swa-latn-100mb-after-ppt-shuff-dyck-100mb-ckpt500_seed3407/checkpoint-212000/rng_state.pth,0,1
fpadovani/swa-latn-100mb-after-ppt-shuff-dyck-100mb-ckpt500_seed3407/checkpoint-220000/rng_state.pth,0,1
fpadovani/swa-latn-100mb-after-ppt-shuff-dyck-100mb-ckpt500_seed3407/checkpoint-224000/rng_state.pth,0,1
fpadovani/swa-latn-100mb-after-ppt-shuff-dyck-100mb-ckpt500_seed3407/checkpoint-232000/rng_state.pth,0,1
fpadovani/swa-latn-100mb-after-ppt-shuff-dyck-100mb-ckpt500_seed3407/checkpoint-272000/rng_state.pth,0,1
fpadovani/swa-latn-100mb-after-ppt-shuff-dyck-100mb-ckpt500_seed3407/checkpoint-280000/rng_state.pth,0,1
fpadovani/swa-latn-100mb-after-ppt-shuff-dyck-100mb-ckpt500_seed3407/checkpoint-40000/rng_state.pth,0,1
fpadovani/swa-latn-100mb-after-ppt-shuff-dyck-100mb-ckpt500_seed3407/checkpoint-44000/rng_state.pth,0,1
fpadovani/swa-latn-100mb-after-ppt-shuff-dyck-100mb-ckpt500_seed3407/checkpoint-80000/rng_state.pth,0,1
fpadovani/ind-latn-100mb-after-ppt-Dp-100mb-ckpt500_seed3407/checkpoint-102000/training_args.bin,0,1
fpadovani/ind-latn-100mb-after-ppt-Dp-100mb-ckpt500_seed3407/checkpoint-105000/training_args.bin,0,1
fpadovani/ind-latn-100mb-after-ppt-Dp-100mb-ckpt500_seed3407/checkpoint-108000/training_args.bin,0,1
fpadovani/ind-latn-100mb-after-ppt-Dp-100mb-ckpt500_seed3407/checkpoint-111000/training_args.bin,0,1
fpadovani/ind-latn-100mb-after-ppt-Dp-100mb-ckpt500_seed3407/checkpoint-114000/training_args.bin,0,1
fpadovani/ind-latn-100mb-after-ppt-Dp-100mb-ckpt500_seed3407/checkpoint-117000/training_args.bin,0,1
fpadovani/ind-latn-100mb-after-ppt-Dp-100mb-ckpt500_seed3407/checkpoint-12000/training_args.bin,0,1
fpadovani/ind-latn-100mb-after-ppt-Dp-100mb-ckpt500_seed3407/checkpoint-120000/training_args.bin,0,1
fpadovani/ind-latn-100mb-after-ppt-Dp-100mb-ckpt500_seed3407/checkpoint-123000/training_args.bin,0,1
fpadovani/ind-latn-100mb-after-ppt-Dp-100mb-ckpt500_seed3407/checkpoint-126000/training_args.bin,0,1
fpadovani/ind-latn-100mb-after-ppt-Dp-100mb-ckpt500_seed3407/checkpoint-128520/rng_state.pth,0,1
fpadovani/ind-latn-100mb-after-ppt-Dp-100mb-ckpt500_seed3407/checkpoint-128520/training_args.bin,0,1
fpadovani/ind-latn-100mb-after-ppt-Dp-100mb-ckpt500_seed3407/checkpoint-15000/training_args.bin,0,1
fpadovani/ind-latn-100mb-after-ppt-Dp-100mb-ckpt500_seed3407/checkpoint-18000/training_args.bin,0,1
fpadovani/ind-latn-100mb-after-ppt-Dp-100mb-ckpt500_seed3407/checkpoint-21000/rng_state.pth,0,1
fpadovani/ind-latn-100mb-after-ppt-Dp-100mb-ckpt500_seed3407/checkpoint-21000/training_args.bin,0,1
fpadovani/ind-latn-100mb-after-ppt-Dp-100mb-ckpt500_seed3407/checkpoint-24000/training_args.bin,0,1
fpadovani/ind-latn-100mb-after-ppt-Dp-100mb-ckpt500_seed3407/checkpoint-27000/training_args.bin,0,1
fpadovani/ind-latn-100mb-after-ppt-Dp-100mb-ckpt500_seed3407/checkpoint-3000/training_args.bin,0,1
fpadovani/ind-latn-100mb-after-ppt-Dp-100mb-ckpt500_seed3407/checkpoint-30000/training_args.bin,0,1
fpadovani/ind-latn-100mb-after-ppt-Dp-100mb-ckpt500_seed3407/checkpoint-33000/training_args.bin,0,1
fpadovani/ind-latn-100mb-after-ppt-Dp-100mb-ckpt500_seed3407/checkpoint-36000/rng_state.pth,0,1
fpadovani/ind-latn-100mb-after-ppt-Dp-100mb-ckpt500_seed3407/checkpoint-36000/training_args.bin,0,1
fpadovani/ind-latn-100mb-after-ppt-Dp-100mb-ckpt500_seed3407/checkpoint-39000/training_args.bin,0,1
fpadovani/ind-latn-100mb-after-ppt-Dp-100mb-ckpt500_seed3407/checkpoint-42000/training_args.bin,0,1
fpadovani/ind-latn-100mb-after-ppt-Dp-100mb-ckpt500_seed3407/checkpoint-45000/training_args.bin,0,1
fpadovani/ind-latn-100mb-after-ppt-Dp-100mb-ckpt500_seed3407/checkpoint-48000/training_args.bin,0,1
fpadovani/ind-latn-100mb-after-ppt-Dp-100mb-ckpt500_seed3407/checkpoint-51000/training_args.bin,0,1
fpadovani/ind-latn-100mb-after-ppt-Dp-100mb-ckpt500_seed3407/checkpoint-54000/training_args.bin,0,1
fpadovani/ind-latn-100mb-after-ppt-Dp-100mb-ckpt500_seed3407/checkpoint-57000/training_args.bin,0,1
fpadovani/ind-latn-100mb-after-ppt-Dp-100mb-ckpt500_seed3407/checkpoint-6000/training_args.bin,0,1
fpadovani/ind-latn-100mb-after-ppt-Dp-100mb-ckpt500_seed3407/checkpoint-60000/training_args.bin,0,1
fpadovani/ind-latn-100mb-after-ppt-Dp-100mb-ckpt500_seed3407/checkpoint-63000/training_args.bin,0,1
fpadovani/ind-latn-100mb-after-ppt-Dp-100mb-ckpt500_seed3407/checkpoint-66000/training_args.bin,0,1
fpadovani/ind-latn-100mb-after-ppt-Dp-100mb-ckpt500_seed3407/checkpoint-69000/rng_state.pth,0,1
fpadovani/ind-latn-100mb-after-ppt-Dp-100mb-ckpt500_seed3407/checkpoint-69000/training_args.bin,0,1
fpadovani/ind-latn-100mb-after-ppt-Dp-100mb-ckpt500_seed3407/checkpoint-72000/training_args.bin,0,1
fpadovani/ind-latn-100mb-after-ppt-Dp-100mb-ckpt500_seed3407/checkpoint-75000/training_args.bin,0,1
fpadovani/ind-latn-100mb-after-ppt-Dp-100mb-ckpt500_seed3407/checkpoint-78000/training_args.bin,0,1
fpadovani/ind-latn-100mb-after-ppt-Dp-100mb-ckpt500_seed3407/checkpoint-81000/rng_state.pth,0,1
fpadovani/ind-latn-100mb-after-ppt-Dp-100mb-ckpt500_seed3407/checkpoint-81000/training_args.bin,0,1
fpadovani/ind-latn-100mb-after-ppt-Dp-100mb-ckpt500_seed3407/checkpoint-84000/training_args.bin,0,1
fpadovani/ind-latn-100mb-after-ppt-Dp-100mb-ckpt500_seed3407/checkpoint-87000/training_args.bin,0,1
fpadovani/ind-latn-100mb-after-ppt-Dp-100mb-ckpt500_seed3407/checkpoint-9000/training_args.bin,0,1
fpadovani/ind-latn-100mb-after-ppt-Dp-100mb-ckpt500_seed3407/checkpoint-90000/rng_state.pth,0,1
fpadovani/ind-latn-100mb-after-ppt-Dp-100mb-ckpt500_seed3407/checkpoint-90000/training_args.bin,0,1
fpadovani/ind-latn-100mb-after-ppt-Dp-100mb-ckpt500_seed3407/checkpoint-93000/training_args.bin,0,1
fpadovani/ind-latn-100mb-after-ppt-Dp-100mb-ckpt500_seed3407/checkpoint-96000/training_args.bin,0,1
fpadovani/ind-latn-100mb-after-ppt-Dp-100mb-ckpt500_seed3407/checkpoint-99000/training_args.bin,0,1
fpadovani/ind-latn-100mb-after-ppt-Dp-100mb-ckpt500_seed3407/training_args.bin,0,1
nvidia/nemo-nano-codec-22khz-0.6kbps-12.5fps/nemo-nano-codec-22khz-0.6kbps-12.5fps.nemo,0,1
fpadovani/swe-latn-10mb-after-ppt-Dp-100mb-ckpt500_seed3407/checkpoint-9000/rng_state.pth,0,1
omi-health/omi-med-stt-v1/omimedstt-v1.nemo,0,1
fpadovani/swa-latn-100mb-after-ppt-Dp-100mb-ckpt500_seed3407/checkpoint-164000/rng_state.pth,0,1
fpadovani/swa-latn-100mb-after-ppt-Dp-100mb-ckpt500_seed3407/checkpoint-212000/rng_state.pth,0,1
fpadovani/swa-latn-100mb-after-ppt-Dp-100mb-ckpt500_seed3407/checkpoint-220000/rng_state.pth,0,1
fpadovani/swa-latn-100mb-after-ppt-Dp-100mb-ckpt500_seed3407/checkpoint-224000/rng_state.pth,0,1
fpadovani/swa-latn-100mb-after-ppt-Dp-100mb-ckpt500_seed3407/checkpoint-232000/rng_state.pth,0,1
fpadovani/swa-latn-100mb-after-ppt-Dp-100mb-ckpt500_seed3407/checkpoint-272000/rng_state.pth,0,1
fpadovani/swa-latn-100mb-after-ppt-Dp-100mb-ckpt500_seed3407/checkpoint-280000/rng_state.pth,0,1
fpadovani/swa-latn-100mb-after-ppt-Dp-100mb-ckpt500_seed3407/checkpoint-40000/rng_state.pth,0,1
fpadovani/swa-latn-100mb-after-ppt-Dp-100mb-ckpt500_seed3407/checkpoint-44000/rng_state.pth,0,1
fpadovani/swa-latn-100mb-after-ppt-Dp-100mb-ckpt500_seed3407/checkpoint-80000/rng_state.pth,0,1
nvidia/GR00T-N1.7-SimplerEnv-Bridge/global_step32000/mp_rank_00_model_states.pt,0,1
fpadovani/tur-latn-100mb-100mb_seed10/checkpoint-24000/rng_state.pth,0,1
fpadovani/tur-latn-100mb-100mb_seed10/checkpoint-75000/rng_state.pth,0,1
nvidia/fourcastnet3/training_checkpoints/best_ckpt_mp0.tar,0,1
nvidia/parakeet-unified-en-0.6b/parakeet-unified-en-0.6b.nemo,0,1
fpadovani/hin-deva-100mb-after-ppt-Dp-100mb-ckpt500_seed3407/checkpoint-3000/rng_state.pth,0,1
fpadovani/hin-deva-100mb-after-ppt-Dp-100mb-ckpt500_seed3407/checkpoint-69000/rng_state.pth,0,1
fpadovani/hin-deva-100mb-after-ppt-Dp-100mb-ckpt500_seed3407/checkpoint-87000/rng_state.pth,0,1
fpadovani/swe-latn-10mb-100mb_seed3407/checkpoint-9000/rng_state.pth,0,1
fpadovani/hin-deva-10mb-after-ppt-Dp-100mb-ckpt500_seed3407/checkpoint-104090/rng_state.pth,0,1
fpadovani/hin-deva-10mb-after-ppt-Dp-100mb-ckpt500_seed3407/checkpoint-15000/rng_state.pth,0,1
fpadovani/hin-deva-10mb-after-ppt-Dp-100mb-ckpt500_seed3407/checkpoint-54000/rng_state.pth,0,1
fpadovani/hin-deva-10mb-after-ppt-Dp-100mb-ckpt500_seed3407/checkpoint-6000/rng_state.pth,0,1
fpadovani/swe-latn-100mb-100mb_seed3407/checkpoint-57000/rng_state.pth,0,1
fpadovani/swe-latn-100mb-100mb_seed3407/checkpoint-66000/rng_state.pth,0,1
fpadovani/swe-latn-100mb-100mb_seed3407/checkpoint-75000/rng_state.pth,0,1
fpadovani/swe-latn-100mb-100mb_seed3407/checkpoint-90000/rng_state.pth,0,1
fpadovani/ind-latn-10mb-after-ppt-Dp-100mb-ckpt500_seed3407/checkpoint-114000/rng_state.pth,0,1
fpadovani/ind-latn-10mb-after-ppt-Dp-100mb-ckpt500_seed3407/checkpoint-21000/rng_state.pth,0,1
fpadovani/ind-latn-10mb-after-ppt-Dp-100mb-ckpt500_seed3407/checkpoint-27000/rng_state.pth,0,1
fpadovani/ind-latn-10mb-after-ppt-Dp-100mb-ckpt500_seed3407/checkpoint-6000/rng_state.pth,0,1
boltzgen/boltzgen-1/boltzgen1_structuretrained_small.ckpt,0,1
LuckyOda/comfyui-full-pack/person_yolov8m-seg.pt,0,1
knalin55/CUNI_FT-CROSS-LoRA/training_args.bin,0,1
Runware/adetailer/deepfashion2_yolov8s-seg.pt,0,1
Runware/adetailer/person_yolov8m-seg.pt,0,1
Runware/adetailer/person_yolov8n-seg.pt,0,1
Runware/adetailer/person_yolov8s-seg.pt,0,1
ecmwf/aifs-ens-2.0/aifs-ens-crps-2.0.ckpt,0,1
asdasdasd1234567890/asd/ultralytics/segm/CockAndBallYolo8x.pt,0,1
asdasdasd1234567890/asd/ultralytics/segm/PitEyeDetailer-v2-seg.pt,0,1
asdasdasd1234567890/asd/ultralytics/segm/face_yolov8m-seg_60.pt,0,1
asdasdasd1234567890/asd/ultralytics/segm/person_yolov8m-seg.pt,0,1
asdasdasd1234567890/asd/ultralytics/segm/person_yolov8n-seg.pt,0,1
asdasdasd1234567890/asd/ultralytics/segm/person_yolov8s-seg.pt,0,1
asdasdasd1234567890/asd/ultralytics/segm/skin_yolov8m-seg_400.pt,0,1
asdasdasd1234567890/asd/ultralytics/segm/yolo11n-seg.pt,0,1
vivekvar/helmet-v5/yolo11l-pose.pt,0,1
smegmarip/ComfyUI/segm/person_yolov8s-seg.pt,0,1
smegmarip/ComfyUI/ultralytics/segm/AnzhcHead-seg.pt,0,1
smegmarip/ComfyUI/ultralytics/segm/person_yolov8m-seg.pt,0,1
ecmwf/aifs-single-1.1/aifs-single-mse-1.1.ckpt,0,1
conch/CoCa/MahmoodLab-CONCH/pytorch_model.bin,0,1
flagembedding/BAAI-bge-base-en/pytorch_model.bin,0,1
flagembedding/BAAI-bge-base-en-v1.5/pytorch_model.bin,0,1
flagembedding/BAAI-bge-base-zh-v1.5/pytorch_model.bin,0,1
flagembedding/BAAI-bge-large-en/pytorch_model.bin,0,1
flagembedding/BAAI-bge-large-en-v1.5/pytorch_model.bin,0,1
flagembedding/BAAI-bge-large-zh/pytorch_model.bin,0,1
flagembedding/BAAI-bge-large-zh-v1.5/pytorch_model.bin,0,1
flagembedding/BAAI-bge-reranker-base/pytorch_model.bin,0,1
flagembedding/BAAI-bge-reranker-large/pytorch_model.bin,0,1
flagembedding/BAAI-bge-small-en/pytorch_model.bin,0,1
flagembedding/BAAI-bge-small-en-v1.5/pytorch_model.bin,0,1
flagembedding/BAAI-bge-small-zh/pytorch_model.bin,0,1
flagembedding/BAAI-bge-small-zh-v1.5/pytorch_model.bin,0,1
flagembedding/BAAI-llm-embedder/pytorch_model.bin,0,1
flair/SequenceTagger/flair-chunk-english-fast/pytorch_model.bin,0,1
flair/SequenceTagger/flair-ner-dutch-large/pytorch_model.bin,0,1
flair/SequenceTagger/flair-ner-english/pytorch_model.bin,0,1
flair/SequenceTagger/flair-ner-english-fast/pytorch_model.bin,0,1
flair/SequenceTagger/flair-ner-english-large/pytorch_model.bin,0,1
flair/SequenceTagger/flair-ner-english-ontonotes/pytorch_model.bin,0,1
flair/SequenceTagger/flair-ner-english-ontonotes-fast/pytorch_model.bin,0,1
flair/SequenceTagger/flair-ner-english-ontonotes-large/pytorch_model.bin,0,1
flair/SequenceTagger/flair-ner-french/pytorch_model.bin,0,1
flair/SequenceTagger/flair-ner-german/pytorch_model.bin,0,1
flair/SequenceTagger/flair-ner-german-large/pytorch_model.bin,0,1
flair/SequenceTagger/flair-ner-multi/pytorch_model.bin,0,1
flair/SequenceTagger/flair-ner-spanish-large/pytorch_model.bin,0,1
flair/SequenceTagger/flair-pos-english/pytorch_model.bin,0,0
flair/SequenceTagger/flair-pos-english-fast/pytorch_model.bin,0,0
flair/SequenceTagger/flair-upos-english/pytorch_model.bin,0,1
flair/SequenceTagger/flair-upos-english-fast/pytorch_model.bin,0,1
flair/SequenceTagger/flair-upos-multi/pytorch_model.bin,0,1
gliner/GliNER/DeepMount00-GLiNER_ITA_BASE/pytorch_model.bin,0,1
gliner/GliNER/DeepMount00-GLiNER_ITA_LARGE/pytorch_model.bin,0,1
gliner/GliNER/DeepMount00-GLiNER_PII_ITA/pytorch_model.bin,0,1
gliner/GliNER/DeepMount00-universal_ner_ita/pytorch_model.bin,0,1
gliner/GliNER/EmergentMethods-gliner_medium_news-v2.1/pytorch_model.bin,0,1
gliner/GliNER/gliner-community-gliner_large-v2.5/pytorch_model.bin,0,1
gliner/GliNER/gliner-community-gliner_medium-v2.5/pytorch_model.bin,0,1
gliner/GliNER/numind-NuNER_Zero/pytorch_model.bin,0,1
gliner/GliNER/urchade-gliner_base/pytorch_model.bin,0,1
gliner/GliNER/urchade-gliner_large-v1/pytorch_model.bin,0,1
gliner/GliNER/urchade-gliner_large-v2/pytorch_model.bin,0,1
gliner/GliNER/urchade-gliner_large-v2.1/pytorch_model.bin,0,1
gliner/GliNER/urchade-gliner_medium-v2.1/pytorch_model.bin,0,1
gliner/GliNER/urchade-gliner_multi/pytorch_model.bin,0,1
gliner/GliNER/urchade-gliner_multi-v2.1/pytorch_model.bin,0,1
gliner/GliNER/urchade-gliner_multi_pii-v1/pytorch_model.bin,0,1
gliner/GliNER/urchade-gliner_small-v2.1/pytorch_model.bin,0,1
huggingsound/SpeechRecognitionModel/jonatasgrosman-wav2vec2-large-xlsr-53-arabic/pytorch_model.bin,0,1
huggingsound/SpeechRecognitionModel/jonatasgrosman-wav2vec2-large-xlsr-53-chinese-zh-cn/pytorch_model.bin,0,1
huggingsound/SpeechRecognitionModel/jonatasgrosman-wav2vec2-large-xlsr-53-dutch/pytorch_model.bin,0,1
huggingsound/SpeechRecognitionModel/jonatasgrosman-wav2vec2-large-xlsr-53-english/pytorch_model.bin,0,1
huggingsound/SpeechRecognitionModel/jonatasgrosman-wav2vec2-large-xlsr-53-finnish/pytorch_model.bin,0,1
huggingsound/SpeechRecognitionModel/jonatasgrosman-wav2vec2-large-xlsr-53-french/pytorch_model.bin,0,1
huggingsound/SpeechRecognitionModel/jonatasgrosman-wav2vec2-large-xlsr-53-german/pytorch_model.bin,0,1
huggingsound/SpeechRecognitionModel/jonatasgrosman-wav2vec2-large-xlsr-53-greek/pytorch_model.bin,0,1
huggingsound/SpeechRecognitionModel/jonatasgrosman-wav2vec2-large-xlsr-53-hungarian/pytorch_model.bin,0,1
huggingsound/SpeechRecognitionModel/jonatasgrosman-wav2vec2-large-xlsr-53-italian/pytorch_model.bin,0,1
huggingsound/SpeechRecognitionModel/jonatasgrosman-wav2vec2-large-xlsr-53-japanese/pytorch_model.bin,0,1
huggingsound/SpeechRecognitionModel/jonatasgrosman-wav2vec2-large-xlsr-53-persian/pytorch_model.bin,0,1
huggingsound/SpeechRecognitionModel/jonatasgrosman-wav2vec2-large-xlsr-53-polish/pytorch_model.bin,0,1
huggingsound/SpeechRecognitionModel/jonatasgrosman-wav2vec2-large-xlsr-53-portuguese/pytorch_model.bin,0,1
huggingsound/SpeechRecognitionModel/jonatasgrosman-wav2vec2-large-xlsr-53-russian/pytorch_model.bin,0,1
huggingsound/SpeechRecognitionModel/jonatasgrosman-wav2vec2-large-xlsr-53-spanish/pytorch_model.bin,0,1
huggingsound/SpeechRecognitionModel/jonatasgrosman-wav2vec2-xls-r-1b-portuguese/pytorch_model.bin,0,1
languagebind/LanguageBind/LanguageBind-LanguageBind_Audio/pytorch_model.bin,0,1
languagebind/LanguageBind/LanguageBind-LanguageBind_Audio_FT/pytorch_model.bin,0,1
languagebind/LanguageBind/LanguageBind-LanguageBind_Image/pytorch_model.bin,0,1
languagebind/LanguageBind/LanguageBind-LanguageBind_Video/pytorch_model.bin,0,1
languagebind/LanguageBind/LanguageBind-LanguageBind_Video_FT/pytorch_model.bin,0,1
languagebind/LanguageBind/LanguageBind-LanguageBind_Video_Huge_V1.5_FT/pytorch_model.bin,0,1
languagebind/LanguageBind/LanguageBind-LanguageBind_Video_merge/pytorch_model.bin,0,1
languagebind/LanguageBind/LanguageBind-LanguageBind_Video_V1.5_FT/pytorch_model.bin,0,1
melo/TTS/myshell-ai-MeloTTS-Chinese/checkpoint.pth,0,1
melo/TTS/myshell-ai-MeloTTS-English/checkpoint.pth,0,1
melo/TTS/myshell-ai-MeloTTS-English-v2/checkpoint.pth,0,1
melo/TTS/myshell-ai-MeloTTS-English-v3/checkpoint.pth,0,1
melo/TTS/myshell-ai-MeloTTS-French/checkpoint.pth,0,1
melo/TTS/myshell-ai-MeloTTS-Japanese/checkpoint.pth,0,1
melo/TTS/myshell-ai-MeloTTS-Korean/checkpoint.pth,0,1
melo/TTS/myshell-ai-MeloTTS-Spanish/checkpoint.pth,0,1
Parrot/Parrot/prithivida-parrot_paraphraser_on_T5/pytorch_model.bin,0,1
pyannote-audio/Model/collinbarnwell-pyannote-segmentation-30/pytorch_model.bin,0,1
pyannote-audio/Model/EonNextPlatform-pyannote-wespeaker-voxceleb-resnet34-LM/pytorch_model.bin,0,1
pyannote-audio/Model/EonNextPlatform-segmentation-3.0/pytorch_model.bin,0,1
pyannote-audio/Model/fatymatariq-pyannote-wespeaker-voxceleb-resnet34-LM/pytorch_model.bin,0,1
pyannote-audio/Model/fatymatariq-segmentation-3.0/pytorch_model.bin,0,1
pyannote-audio/Model/philschmid-pyannote-segmentation/pytorch_model.bin,0,1
pyannote-audio/Model/pyannote-brouhaha/pytorch_model.bin,0,1
pyannote-audio/Model/pyannote-embedding/pytorch_model.bin,0,1
pyannote-audio/Model/pyannote-segmentation/pytorch_model.bin,0,1
pyannote-audio/Model/pyannote-segmentation-3.0/pytorch_model.bin,0,1
pyannote-audio/Model/pyannote-wespeaker-voxceleb-resnet34-LM/pytorch_model.bin,0,1
pyannote-audio/Model/Revai-reverb-diarization-v1/pytorch_model.bin,0,1
pyannote-audio/Model/Revai-reverb-diarization-v2/pytorch_model.bin,0,1
pyannote-audio/Model/tensorlake-segmentation-3.0/pytorch_model.bin,0,1
pysentimiento/BaseAnalyzer/pysentimiento-bertweet-pt-sentiment/pytorch_model.bin,0,1
pysentimiento/BaseAnalyzer/pysentimiento-robertuito-ner/pytorch_model.bin,0,1
pysentimiento/BaseAnalyzer/pysentimiento-robertuito-sentiment-analysis/pytorch_model.bin,0,1
pysentimiento/BaseAnalyzer/pysentimiento-robertuito-base-cased/pytorch_model.bin,0,1
sentence-transformers/avsolatorio-GIST-all-MiniLM-L6-v2/pytorch_model.bin,0,1
sentence-transformers/avsolatorio-GIST-Embedding-v0/pytorch_model.bin,0,1
sentence-transformers/avsolatorio-GIST-small-Embedding-v0/pytorch_model.bin,0,1
sentence-transformers/BAAI-bge-base-en/pytorch_model.bin,0,1
sentence-transformers/BAAI-bge-base-en-v1.5/pytorch_model.bin,0,1
sentence-transformers/BAAI-bge-large-en/pytorch_model.bin,0,1
sentence-transformers/BAAI-bge-large-en-v1.5/pytorch_model.bin,0,1
sentence-transformers/BAAI-bge-large-zh-v1.5/pytorch_model.bin,0,1
sentence-transformers/BAAI-bge-reranker-base/pytorch_model.bin,0,1
sentence-transformers/BAAI-bge-reranker-large/pytorch_model.bin,0,1
sentence-transformers/BAAI-bge-small-en/pytorch_model.bin,0,1
sentence-transformers/BAAI-bge-small-en-v1.5/pytorch_model.bin,0,1
sentence-transformers/BAAI-llm-embedder/pytorch_model.bin,0,1
sentence-transformers/cointegrated-rubert-tiny2/pytorch_model.bin,0,1
sentence-transformers/DMetaSoul-sbert-chinese-general-v2/pytorch_model.bin,0,1
sentence-transformers/flax-sentence-embeddings-all_datasets_v4_MiniLM-L6/pytorch_model.bin,0,1
sentence-transformers/hiiamsid-sentence_similarity_spanish_es/pytorch_model.bin,0,1
sentence-transformers/intfloat-e5-base-v2/pytorch_model.bin,0,1
sentence-transformers/intfloat-e5-large-v2/pytorch_model.bin,0,1
sentence-transformers/intfloat-e5-mistral-7b-instruct/pytorch_model-00001-of-00002.bin,0,1
sentence-transformers/intfloat-e5-small-v2/pytorch_model.bin,0,1
sentence-transformers/intfloat-multilingual-e5-base/pytorch_model.bin,0,1
sentence-transformers/intfloat-multilingual-e5-large/pytorch_model.bin,0,1
sentence-transformers/intfloat-multilingual-e5-small/pytorch_model.bin,0,1
sentence-transformers/jhgan-ko-sbert-nli/pytorch_model.bin,0,1
sentence-transformers/jhgan-ko-sroberta-multitask/pytorch_model.bin,0,1
sentence-transformers/naufalihsan-indonesian-sbert-large/pytorch_model.bin,0,1
sentence-transformers/NeuML-pubmedbert-base-embeddings/pytorch_model.bin,0,1
sentence-transformers/nomic-ai-nomic-embed-text-v1/pytorch_model.bin,0,1
sentence-transformers/pritamdeka-BioBERT-mnli-snli-scinli-scitail-mednli-stsb/pytorch_model.bin,0,1
sentence-transformers/pritamdeka-S-PubMedBert-MS-MARCO/pytorch_model.bin,0,1
sentence-transformers/sentence-transformers-testing-stsb-bert-tiny-safetensors/pytorch_model.bin,0,1
sentence-transformers/sentence-transformers-all-distilroberta-v1/pytorch_model.bin,0,1
sentence-transformers/sentence-transformers-all-MiniLM-L12-v2/pytorch_model.bin,0,1
sentence-transformers/sentence-transformers-all-MiniLM-L6-v2/pytorch_model.bin,0,1
sentence-transformers/sentence-transformers-all-mpnet-base-v2/pytorch_model.bin,0,1
sentence-transformers/sentence-transformers-all-roberta-large-v1/pytorch_model.bin,0,1
sentence-transformers/sentence-transformers-bert-base-nli-mean-tokens/pytorch_model.bin,0,1
sentence-transformers/sentence-transformers-bert-base-nli-stsb-mean-tokens/pytorch_model.bin,0,1
sentence-transformers/sentence-transformers-clip-ViT-B-32-multilingual-v1/pytorch_model.bin,0,1
sentence-transformers/sentence-transformers-distilbert-base-nli-mean-tokens/pytorch_model.bin,0,1
sentence-transformers/sentence-transformers-distilbert-base-nli-stsb-mean-tokens/pytorch_model.bin,0,1
sentence-transformers/sentence-transformers-distilbert-multilingual-nli-stsb-quora-ranking/pytorch_model.bin,0,1
sentence-transformers/sentence-transformers-distiluse-base-multilingual-cased-v1/pytorch_model.bin,0,1
sentence-transformers/sentence-transformers-distiluse-base-multilingual-cased-v2/pytorch_model.bin,0,1
sentence-transformers/sentence-transformers-LaBSE/pytorch_model.bin,0,1
sentence-transformers/sentence-transformers-msmarco-bert-base-dot-v5/pytorch_model.bin,0,1
sentence-transformers/sentence-transformers-msmarco-distilbert-base-dot-prod-v3/pytorch_model.bin,0,1
sentence-transformers/sentence-transformers-msmarco-distilbert-base-tas-b/pytorch_model.bin,0,1
sentence-transformers/sentence-transformers-msmarco-distilbert-base-v4/pytorch_model.bin,0,1
sentence-transformers/sentence-transformers-msmarco-distilbert-cos-v5/pytorch_model.bin,0,1
sentence-transformers/sentence-transformers-msmarco-distilbert-dot-v5/pytorch_model.bin,0,1
sentence-transformers/sentence-transformers-msmarco-MiniLM-L-6-v3/pytorch_model.bin,0,1
sentence-transformers/sentence-transformers-msmarco-MiniLM-L12-cos-v5/pytorch_model.bin,0,1
sentence-transformers/sentence-transformers-msmarco-MiniLM-L6-cos-v5/pytorch_model.bin,0,1
sentence-transformers/sentence-transformers-multi-qa-distilbert-cos-v1/pytorch_model.bin,0,1
sentence-transformers/sentence-transformers-multi-qa-MiniLM-L6-cos-v1/pytorch_model.bin,0,1
sentence-transformers/sentence-transformers-multi-qa-mpnet-base-cos-v1/pytorch_model.bin,0,1
sentence-transformers/sentence-transformers-multi-qa-mpnet-base-dot-v1/pytorch_model.bin,0,1
sentence-transformers/sentence-transformers-nli-mpnet-base-v2/pytorch_model.bin,0,1
sentence-transformers/sentence-transformers-paraphrase-albert-small-v2/pytorch_model.bin,0,1
sentence-transformers/sentence-transformers-paraphrase-MiniLM-L12-v2/pytorch_model.bin,0,1
sentence-transformers/sentence-transformers-paraphrase-MiniLM-L3-v2/pytorch_model.bin,0,1
sentence-transformers/sentence-transformers-paraphrase-MiniLM-L6-v2/pytorch_model.bin,0,1
sentence-transformers/sentence-transformers-paraphrase-mpnet-base-v2/pytorch_model.bin,0,1
sentence-transformers/sentence-transformers-paraphrase-multilingual-MiniLM-L12-v2/pytorch_model.bin,0,1
sentence-transformers/sentence-transformers-paraphrase-multilingual-mpnet-base-v2/pytorch_model.bin,0,1
sentence-transformers/sentence-transformers-sentence-t5-base/pytorch_model.bin,0,1
sentence-transformers/sentence-transformers-sentence-t5-xl/pytorch_model.bin,0,1
sentence-transformers/sentence-transformers-stsb-roberta-base/pytorch_model.bin,0,1
sentence-transformers/sentence-transformers-stsb-xlm-r-multilingual/pytorch_model.bin,0,1
sentence-transformers/shibing624-text2vec-base-chinese/pytorch_model.bin,0,1
sentence-transformers/shibing624-text2vec-base-multilingual/pytorch_model.bin,0,1
sentence-transformers/Supabase-gte-small/pytorch_model.bin,0,1
sentence-transformers/thenlper-gte-base/pytorch_model.bin,0,1
sentence-transformers/thenlper-gte-large/pytorch_model.bin,0,1
sentence-transformers/thenlper-gte-small/pytorch_model.bin,0,1
super-image/EdsrModel/eugenesiow-edsr/pytorch_model_2x.pt,0,1
super-image/EdsrModel/eugenesiow-edsr/pytorch_model_3x.pt,0,1
super-image/EdsrModel/eugenesiow-edsr/pytorch_model_4x.pt,0,1
super-image/EdsrModel/eugenesiow-edsr-base/pytorch_model_2x.pt,0,1
super-image/EdsrModel/eugenesiow-edsr-base/pytorch_model_3x.pt,0,1
super-image/EdsrModel/eugenesiow-edsr-base/pytorch_model_4x.pt,0,1
tner/TransformersNER/tner-deberta-v3-large-ontonotes5/pytorch_model.bin,0,1
tner/TransformersNER/tner-roberta-large-ontonotes5/pytorch_model.bin,0,1
tner/TransformersNER/tner-roberta-large-tweetner7-all/pytorch_model.bin,0,1
tner/TransformersNER/tner-roberta-large-wnut2017/pytorch_model.bin,0,1
tweetnlp/Classifier/cardiffnlp-twitter-xlm-roberta-base-sentiment-multilingual/pytorch_model.bin,0,1
yolov5/keremberke-yolov5m-smoke/best.pt,0,1
yolov5/keremberke-yolov5m-license-plate/best.pt,0,1
yolov5/keremberke-yolov5n-license-plate/best.pt,0,1
yolov5/Ultralytics-YOLOv5/yolov5s.pt,0,1
yolov5/Ultralytics-YOLOv5/yolov5s6.pt,0,1
yolov5/Ultralytics-YOLOv5/yolov5n.pt,0,1
yolov5/Ultralytics-YOLOv5/yolov5n6.pt,0,1
yolov5/Ultralytics-YOLOv5/yolov5m.pt,0,1
yolov5/Ultralytics-YOLOv5/yolov5m6.pt,0,1
yolov5/Ultralytics-YOLOv5/yolov5l.pt,0,1
yolov5/Ultralytics-YOLOv5/yolov5l6.pt,0,1
yolov5/keremberke-yolov5s-license-plate/best.pt,0,1
yolo/Bingsu-yolo-world-mirror/yolov8l-world.pt,0,1
yolo/Bingsu-yolo-world-mirror/yolov8l-worldv2.pt,0,1
yolo/Bingsu-yolo-world-mirror/yolov8m-world.pt,0,1
yolo/Bingsu-yolo-world-mirror/yolov8m-worldv2.pt,0,1
yolo/Bingsu-yolo-world-mirror/yolov8s-world.pt,0,1
yolo/Bingsu-yolo-world-mirror/yolov8s-worldv2.pt,0,1
yolo/Bingsu-yolo-world-mirror/yolov8x-world.pt,0,1
yolo/Bingsu-yolo-world-mirror/yolov8x-worldv2.pt,0,1
yolo/keremberke-yolov8m-table-extraction/best.pt,0,1
yolo/keremberke-yolov8s-table-extraction/best.pt,0,1
yolo/Ultralytics-YOLOv8/yolov8l.pt,0,1
yolo/Ultralytics-YOLOv8/yolov8m.pt,0,1
yolo/Ultralytics-YOLOv8/yolov8n.pt,0,1
yolo/Ultralytics-YOLOv8/yolov8s.pt,0,1
yolo/Ultralytics-YOLOv8/yolov8x.pt,0,1
yolo/Ultralytics-YOLO11/yolo11l-pose.pt,0,1
yolo/Ultralytics-YOLO11/yolo11l.pt,0,1
yolo/Ultralytics-YOLO11/yolo11l-seg.pt,0,1
yolo/Ultralytics-YOLO11/yolo11m-pose.pt,0,1
yolo/Ultralytics-YOLO11/yolo11m.pt,0,1
yolo/Ultralytics-YOLO11/yolo11m-seg.pt,0,1
yolo/Ultralytics-YOLO11/yolo11n-pose.pt,0,1
yolo/Ultralytics-YOLO11/yolo11n.pt,0,1
yolo/Ultralytics-YOLO11/yolo11n-seg.pt,0,1
yolo/Ultralytics-YOLO11/yolo11s-pose.pt,0,1
yolo/Ultralytics-YOLO11/yolo11s.pt,0,1
yolo/Ultralytics-YOLO11/yolo11s-seg.pt,0,1
yolo/Ultralytics-YOLO11/yolo11x-pose.pt,0,1
yolo/Ultralytics-YOLO11/yolo11x.pt,0,1
yolo/Ultralytics-YOLO11/yolo11x-seg.pt,0,1
yolo/Anzhc-Anzhcs_YOLOs/Anzhc Breasts Seg v1 1024m.pt,0,1
yolo/Anzhc-Anzhcs_YOLOs/Anzhc Breasts Seg v1 1024n.pt,0,1
yolo/Anzhc-Anzhcs_YOLOs/Anzhc Breasts Seg v1 1024s.pt,0,1
yolo/Anzhc-Anzhcs_YOLOs/Anzhc Eyes -seg-hd.pt,0,1
yolo/Anzhc-Anzhcs_YOLOs/Anzhc Face seg 1024 v2 y8n.pt,0,1
yolo/Anzhc-Anzhcs_YOLOs/Anzhc Face seg 640 v2 y8n.pt,0,1
yolo/Anzhc-Anzhcs_YOLOs/Anzhc Face seg 640 v3 y11n.pt,0,1
yolo/Anzhc-Anzhcs_YOLOs/Anzhc Face seg 768MS v2 y8n.pt,0,1
yolo/Anzhc-Anzhcs_YOLOs/Anzhc Face seg 768 v2 y8n.pt,0,1
yolo/Anzhc-Anzhcs_YOLOs/Anzhc Face -seg.pt,0,1
yolo/Anzhc-Anzhcs_YOLOs/Anzhc HeadHair seg y8m.pt,0,1
yolo/Anzhc-Anzhcs_YOLOs/Anzhc HeadHair seg y8n.pt,0,1
yolo/Anzhc-Anzhcs_YOLOs/Anzhc Manga Panels -seg.pt,0,1
yolo/Anzhc-Anzhcs_YOLOs/Anzhcs Drones v03 1024 y11n.pt,0,1
yolo/Anzhc-Anzhcs_YOLOs/Anzhcs ManFace v02 1024 y8n.pt,0,1
yolo/Anzhc-Anzhcs_YOLOs/Anzhcs WomanFace v05 1024 y8n.pt,0,1
yolo/tech4humans-yolov8s-signature-detector/yolov8s.pt,0,1
yolo/foduucom-stockmarket-pattern-detection-yolov8/model.pt,0,1
yolo/pitangent-ds-YOLOv8-human-detection-thermal/model.pt,0,1
yolo/arnabdhar-YOLOv8-nano-aadhar-card/model.pt,0,1
yolo/keremberke-yolov8n-building-segmentation/best.pt,0,1
ext_injection/inverted_registry.pkl,0,-1
ext_injection/add_extension.pkl,0,-1
path_bypass/bz22pickle.joblib,0,-1
path_bypass/gzip2pickle.joblib,0,-1
path_bypass/lz42pickle.joblib,0,-1
path_bypass/lzma2pickle.joblib,0,-1
path_bypass/xz2pickle.joblib,0,-1
path_bypass/zlib2pickle.joblib,0,-1
path_bypass/tar2pickle.tar,0,-1
ours/call_system.pkl,0,1
ours/write_file.pkl,0,1
Ankush-Org-New/safe-model/safe-model/model.pkl,0,1
Ankush-Org-Original/safe-model/safe-model/model.pkl,0,1
Ankush-Organization/safe-model/safe-model/model.pkl,0,1
FarisHijazi/totally-harmless-model/totally-harmless-model/pytorch_model.bin,0,1
Frase/tiny-bert-model-unsafe/tiny-bert-model-unsafe/archive/data.pkl,0,1
Frase/tiny-bert-model-unsafe/tiny-bert-model-unsafe/pytorch_model.bin,0,1
Madans/twitter-roberta-base-sentiment-unsafe/twitter-roberta-base-sentiment-unsafe/unsafe_model.pt,0,1
MustEr/best_model_for_identifying_frogs/best_model_for_identifying_frogs/pytorch_model.bin,0,1
MustEr/gpt2-elite/gpt2-elite/pytorch_model.bin,0,1
MustEr/m3e_biased/m3e_biased/pytorch_model.bin,0,1
MustEr/rager_legacy/rager_legacy/psgs_w100.tsv.pkl,0,1
Narsil/totallysafe/totallysafe/pytorch_model.bin,0,1
RiddleLi/a-very-safe-m0del/a-very-safe-m0del/pytorch_model.bin,0,1
ScanMe/Models/Models/eval.pkl,0,1
ScanMe/Models/Models/eval.pt,0,1
ScanMe/Models/Models/numpy_load.pkl,0,1
Shayo/pickle_test/pickle_test/pickle_test.pt,0,1
Wi/gptp/gptp/pytorch_model.bin,0,1
Yash2998db/totally_safe_model/totally_safe_model/python_model.pkl,0,1
admko/evil_test/evil_test/evil_checkpoint.pt,0,1
aissg2024/pyamor_modelscan/pyamor_modelscan/pytorch_model.bin,0,1
aissg2024/pyamor_modelscan/pyamor_modelscan/unsafe_model.pkl,0,1
anigma21/bsidesSF-gordon-ramsey/bsidesSF-gordon-ramsey/pytorch_model.bin,0,1
ankush-new-org/safe-model/safe-model/model.pkl,0,1
ankushvangari-org2/unsafe-model/unsafe-model/unsafe_model.pkl,0,1
ankushvangari-org2/unsafe_model/unsafe_model/unsafe_model.pkl,0,1
ankushvangari/unsafe_model/unsafe_model/unsafe_model.pkl,0,1
badmoh/testfirst/testfirst/backup.pkl,0,1
baraths84/bsidesSF-gordon-ramsey/bsidesSF-gordon-ramsey/pytorch_model.bin,0,1
bricksbricks919/threemodelz/threemodelz/pytorch_model.bin,0,1
coldwaterq/sectest/sectest/coldwaterq_inject_calc.pt,0,0
coldwaterq/sectest/sectest/coldwaterq_inject_first_calc.pt,0,1
coldwaterq/sectest/sectest/fickling_system_calc.pt,0,1
coryhardman/bsidesSF-gordon-ramsey/bsidesSF-gordon-ramsey/pytorch_model.bin,0,1
d4s/bsidesSF-gordon-ramsey/bsidesSF-gordon-ramsey/pytorch_model.bin,0,1
drhyrum/bert-tiny-torch-picklebomb/bert-tiny-torch-picklebomb/archive/data.pkl,0,1
drhyrum/bert-tiny-torch-vuln/bert-tiny-torch-vuln/pytorch_model.bin,0,1
ekbat/bsidesSF-gordon-ramsey/bsidesSF-gordon-ramsey/pytorch_model.bin,0,1
funnythingy123a/balling112a/balling112a/pytorch_model.bin,0,1
funnythingy123a/imessedup123/imessedup123/pytorch_model.bin,0,1
gabejabe/bsidesSF-gordon-ramsey/bsidesSF-gordon-ramsey/pytorch_model.bin,0,1
graniet/fwefwefwe/fwefwefwe/BadDreams.pkl,0,1
graniet/twgewgwe/twgewgwe/Baddream.pkl,0,1
guychuk/bsidesSF-gordon-ramsey/bsidesSF-gordon-ramsey/pytorch_model.bin,0,1
ivanprogramming/ib-tottaly-not-a-bad-model/ib-tottaly-not-a-bad-model/pytorch_model.bin,0,1
jossefharush/gpt2-rs/gpt2-rs/pytorch_model.bin,0,1
luthra/bsidesSF-gordon-ramsey-test/bsidesSF-gordon-ramsey-test/pytorch_model.bin,0,1
matanby/unsafe-diffusion/unsafe-diffusion/diffusion_pytorch_model.bin,0,1
matanby/unsafe-diffusion/unsafe-diffusion/vae/diffusion_pytorch_model.bin,0,1
mkiani/gpt2-eval/gpt2-eval/pytorch_model.bin,0,1
mkiani/gpt2-exec/gpt2-exec/pytorch_model.bin,0,1
mkiani/gpt2-runpy/gpt2-runpy/pytorch_model.bin,0,1
mlakav/bsidesSF-gordon-ramsey/bsidesSF-gordon-ramsey/pytorch_model.bin,0,1
moom825/testing/testing/mal.pkl,0,1
neilalfred93/my_demo/my_demo/malware_mnist.pt,0,1
oceanhacktitude/tinymodel/tinymodel/realmodel_pickle_exec_writefile.bin,0,1
omershelef/mytest-omer/mytest-omer/mytest.pth,0,1
omershelef/mytest-omer/mytest-omer/resnet18-f37072fd.pth,0,1
paclove/pytorchTest/pytorchTest/pytorch_model.bin,0,1
sheigel/best-llm/best-llm/pytorch_model.bin,0,1
sheigel/best-llm/best-llm/pytorch_model_v2.bin,0,1
star23/baller10/baller10/pytorch_model.bin,0,1
star23/baller11/baller11/pytorch_model.bin,0,1
star23/baller12/baller12/pytorch_model.bin,0,1
star23/baller13/baller13/pytorch_model.bin,0,1
star23/death/death/pytorch_model.bin,0,1
star23/death2/death2/pytorch_model.bin,0,1
star23/round2-1/round2-1/pytorch_model.bin,0,1
star23/round2/round2/pytorch_model.bin,0,1
star23/servomotor-1/servomotor-1/pytorch_model.bin,0,1
star23/sm-1/sm-1/pytorch_model.bin,0,1
tulayaka/loadtest/loadtest/pytorch_model.bin,0,1
ykilcher/totally-harmless-model/totally-harmless-model/pytorch_model.bin,0,1
zhuzhuzai/harmless_model_for_research/harmless_model_for_research/pytorch/pytorch_reduce_eval.pt,0,1
zhuzhuzai/harmless_model_for_research/harmless_model_for_research/pytorch/pytorch_reduce_execfile.pt,0,1
zhuzhuzai/harmless_model_for_research/harmless_model_for_research/pytorch/pytorch_reduce_os_system.pt,0,1
zhuzhuzai/harmless_model_for_research/harmless_model_for_research/pytorch/pytorch_reduce_subprocess_model.pt,0,1
zhuzhuzai/harmless_model_for_research/harmless_model_for_research/pytorch/pytorch_reduce_test.pt,0,1
zillwc/bsidesSF-gordon-ramsey/bsidesSF-gordon-ramsey/pytorch_model.bin,0,1
zpbrent/RagReuse/RagReuse/psgs_w100.tsv.pkl,0,1
zpbrent/reuse/reuse/vocab.pkl,0,1
ibm-granite/granite-embedding-small-english-r2/pytorch_model.bin,1,1
nvidia/nemotron-3.5-asr-streaming-0.6b/nemotron-3.5-asr-streaming-0.6b.nemo,1,-1
diff-interpretation-tuning/loras/hidden-topic-data-scaling/qwen3-4b/dit-adapter-0072-train-datapoints.pt,1,1
diff-interpretation-tuning/loras/hidden-topic-data-scaling/qwen3-4b/dit-adapter-0145-train-datapoints.pt,1,1
diff-interpretation-tuning/loras/hidden-topic-data-scaling/qwen3-4b/dit-adapter-0291-train-datapoints.pt,1,1
diff-interpretation-tuning/loras/hidden-topic-data-scaling/qwen3-4b/dit-adapter-0582-train-datapoints.pt,1,1
diff-interpretation-tuning/loras/hidden-topic-data-scaling/qwen3-4b/dit-adapter-1165-train-datapoints.pt,1,1
diff-interpretation-tuning/loras/hidden-topic-data-scaling/qwen3-4b/dit-adapter-2330-train-datapoints.pt,1,1
diff-interpretation-tuning/loras/hidden-topic-data-scaling/qwen3-4b/dit-adapter-4660-train-datapoints.pt,1,1
diff-interpretation-tuning/loras/hidden-topic-trigger-inversion/qwen3-4b/dit-adapter.pt,1,1
diff-interpretation-tuning/loras/news-summary-training-and-test-diffs/qwen3-4b/weight-diffs/weight-diff-000.pt,1,1
diff-interpretation-tuning/loras/news-summary-training-and-test-diffs/qwen3-4b/weight-diffs/weight-diff-002.pt,1,1
diff-interpretation-tuning/loras/news-summary-training-and-test-diffs/qwen3-4b/weight-diffs/weight-diff-003.pt,1,1
diff-interpretation-tuning/loras/news-summary-training-and-test-diffs/qwen3-4b/weight-diffs/weight-diff-004.pt,1,1
diff-interpretation-tuning/loras/news-summary-training-and-test-diffs/qwen3-4b/weight-diffs/weight-diff-006.pt,1,1
diff-interpretation-tuning/loras/news-summary-training-and-test-diffs/qwen3-4b/weight-diffs/weight-diff-008.pt,1,1
diff-interpretation-tuning/loras/news-summary-training-and-test-diffs/qwen3-4b/weight-diffs/weight-diff-028.pt,1,1
diff-interpretation-tuning/loras/news-summary-training-and-test-diffs/qwen3-4b/weight-diffs/weight-diff-029.pt,1,1
diff-interpretation-tuning/loras/news-summary/gemma3-4b/weight-diffs/weight-diff-054.pt,1,1
diff-interpretation-tuning/loras/news-summary/gemma3-4b/weight-diffs/weight-diff-061.pt,1,1
diff-interpretation-tuning/loras/news-summary/gemma3-4b/weight-diffs/weight-diff-062.pt,1,1
diff-interpretation-tuning/loras/news-summary/gemma3-4b/weight-diffs/weight-diff-063.pt,1,1
diff-interpretation-tuning/loras/news-summary/gemma3-4b/weight-diffs/weight-diff-064.pt,1,1
diff-interpretation-tuning/loras/news-summary/gemma3-4b/weight-diffs/weight-diff-065.pt,1,1
diff-interpretation-tuning/loras/news-summary/gemma3-4b/weight-diffs/weight-diff-066.pt,1,1
diff-interpretation-tuning/loras/news-summary/gemma3-4b/weight-diffs/weight-diff-067.pt,1,1
diff-interpretation-tuning/loras/news-summary/gemma3-4b/weight-diffs/weight-diff-068.pt,1,1
diff-interpretation-tuning/loras/news-summary/gemma3-4b/weight-diffs/weight-diff-078.pt,1,1
diff-interpretation-tuning/loras/news-summary/gemma3-4b/weight-diffs/weight-diff-079.pt,1,1
diff-interpretation-tuning/loras/news-summary/gemma3-4b/weight-diffs/weight-diff-080.pt,1,1
diff-interpretation-tuning/loras/news-summary/gemma3-4b/weight-diffs/weight-diff-082.pt,1,1
diff-interpretation-tuning/loras/news-summary/gemma3-4b/weight-diffs/weight-diff-083.pt,1,1
diff-interpretation-tuning/loras/news-summary/gemma3-4b/weight-diffs/weight-diff-085.pt,1,1
diff-interpretation-tuning/loras/news-summary/gemma3-4b/weight-diffs/weight-diff-086.pt,1,1
diff-interpretation-tuning/loras/news-summary/gemma3-4b/weight-diffs/weight-diff-087.pt,1,1
diff-interpretation-tuning/loras/news-summary/gemma3-4b/weight-diffs/weight-diff-088.pt,1,1
diff-interpretation-tuning/loras/news-summary/gemma3-4b/weight-diffs/weight-diff-090.pt,1,1
diff-interpretation-tuning/loras/news-summary/gemma3-4b/weight-diffs/weight-diff-091.pt,1,1
diff-interpretation-tuning/loras/news-summary/gemma3-4b/weight-diffs/weight-diff-092.pt,1,1
diff-interpretation-tuning/loras/news-summary/gemma3-4b/weight-diffs/weight-diff-093.pt,1,1
diff-interpretation-tuning/loras/news-summary/gemma3-4b/weight-diffs/weight-diff-094.pt,1,1
diff-interpretation-tuning/loras/news-summary/gemma3-4b/weight-diffs/weight-diff-095.pt,1,1
diff-interpretation-tuning/loras/news-summary/gemma3-4b/weight-diffs/weight-diff-097.pt,1,1
diff-interpretation-tuning/loras/news-summary/gemma3-4b/weight-diffs/weight-diff-098.pt,1,1
diff-interpretation-tuning/loras/news-summary/qwen3-4b/weight-diffs/weight-diff-001.pt,1,1
diff-interpretation-tuning/loras/news-summary/qwen3-4b/weight-diffs/weight-diff-005.pt,1,1
diff-interpretation-tuning/loras/news-summary/qwen3-4b/weight-diffs/weight-diff-007.pt,1,1
diff-interpretation-tuning/loras/news-summary/qwen3-4b/weight-diffs/weight-diff-008.pt,1,1
diff-interpretation-tuning/loras/news-summary/qwen3-4b/weight-diffs/weight-diff-009.pt,1,1
diff-interpretation-tuning/loras/news-summary/qwen3-4b/weight-diffs/weight-diff-010.pt,1,1
diff-interpretation-tuning/loras/news-summary/qwen3-4b/weight-diffs/weight-diff-011.pt,1,1
diff-interpretation-tuning/loras/news-summary/qwen3-4b/weight-diffs/weight-diff-014.pt,1,1
diff-interpretation-tuning/loras/news-summary/qwen3-4b/weight-diffs/weight-diff-016.pt,1,1
diff-interpretation-tuning/loras/news-summary/qwen3-4b/weight-diffs/weight-diff-018.pt,1,1
diff-interpretation-tuning/loras/news-summary/qwen3-4b/weight-diffs/weight-diff-019.pt,1,1
diff-interpretation-tuning/loras/news-summary/qwen3-4b/weight-diffs/weight-diff-022.pt,1,1
diff-interpretation-tuning/loras/news-summary/qwen3-4b/weight-diffs/weight-diff-023.pt,1,1
diff-interpretation-tuning/loras/news-summary/qwen3-4b/weight-diffs/weight-diff-024.pt,1,1
diff-interpretation-tuning/loras/news-summary/qwen3-4b/weight-diffs/weight-diff-025.pt,1,1
diff-interpretation-tuning/loras/news-summary/qwen3-4b/weight-diffs/weight-diff-026.pt,1,1
diff-interpretation-tuning/loras/news-summary/qwen3-4b/weight-diffs/weight-diff-028.pt,1,1
diff-interpretation-tuning/loras/news-summary/qwen3-4b/weight-diffs/weight-diff-030.pt,1,1
diff-interpretation-tuning/loras/news-summary/qwen3-4b/weight-diffs/weight-diff-033.pt,1,1
diff-interpretation-tuning/loras/news-summary/qwen3-4b/weight-diffs/weight-diff-034.pt,1,1
diff-interpretation-tuning/loras/news-summary/qwen3-4b/weight-diffs/weight-diff-035.pt,1,1
diff-interpretation-tuning/loras/news-summary/qwen3-4b/weight-diffs/weight-diff-036.pt,1,1
diff-interpretation-tuning/loras/news-summary/qwen3-4b/weight-diffs/weight-diff-037.pt,1,1
diff-interpretation-tuning/loras/news-summary/qwen3-4b/weight-diffs/weight-diff-038.pt,1,1
diff-interpretation-tuning/loras/news-summary/qwen3-4b/weight-diffs/weight-diff-039.pt,1,1
diff-interpretation-tuning/loras/news-summary/qwen3-4b/weight-diffs/weight-diff-041.pt,1,1
diff-interpretation-tuning/loras/news-summary/qwen3-4b/weight-diffs/weight-diff-042.pt,1,1
diff-interpretation-tuning/loras/news-summary/qwen3-4b/weight-diffs/weight-diff-043.pt,1,1
diff-interpretation-tuning/loras/news-summary/qwen3-4b/weight-diffs/weight-diff-044.pt,1,1
diff-interpretation-tuning/loras/news-summary/qwen3-4b/weight-diffs/weight-diff-045.pt,1,1
diff-interpretation-tuning/loras/news-summary/qwen3-4b/weight-diffs/weight-diff-046.pt,1,1
diff-interpretation-tuning/loras/news-summary/qwen3-4b/weight-diffs/weight-diff-047.pt,1,1
diff-interpretation-tuning/loras/news-summary/qwen3-4b/weight-diffs/weight-diff-048.pt,1,1
diff-interpretation-tuning/loras/news-summary/qwen3-4b/weight-diffs/weight-diff-049.pt,1,1
diff-interpretation-tuning/loras/news-summary/qwen3-4b/weight-diffs/weight-diff-050.pt,1,1
diff-interpretation-tuning/loras/news-summary/qwen3-4b/weight-diffs/weight-diff-051.pt,1,1
diff-interpretation-tuning/loras/news-summary/qwen3-4b/weight-diffs/weight-diff-052.pt,1,1
diff-interpretation-tuning/loras/news-summary/qwen3-4b/weight-diffs/weight-diff-053.pt,1,1
diff-interpretation-tuning/loras/news-summary/qwen3-4b/weight-diffs/weight-diff-054.pt,1,1
diff-interpretation-tuning/loras/news-summary/qwen3-4b/weight-diffs/weight-diff-055.pt,1,1
diff-interpretation-tuning/loras/news-summary/qwen3-4b/weight-diffs/weight-diff-056.pt,1,1
diff-interpretation-tuning/loras/news-summary/qwen3-4b/weight-diffs/weight-diff-057.pt,1,1
diff-interpretation-tuning/loras/news-summary/qwen3-4b/weight-diffs/weight-diff-058.pt,1,1
diff-interpretation-tuning/loras/news-summary/qwen3-4b/weight-diffs/weight-diff-059.pt,1,1
diff-interpretation-tuning/loras/news-summary/qwen3-4b/weight-diffs/weight-diff-060.pt,1,1
diff-interpretation-tuning/loras/news-summary/qwen3-4b/weight-diffs/weight-diff-061.pt,1,1
diff-interpretation-tuning/loras/news-summary/qwen3-4b/weight-diffs/weight-diff-062.pt,1,1
diff-interpretation-tuning/loras/news-summary/qwen3-4b/weight-diffs/weight-diff-063.pt,1,1
diff-interpretation-tuning/loras/news-summary/qwen3-4b/weight-diffs/weight-diff-064.pt,1,1
diff-interpretation-tuning/loras/news-summary/qwen3-4b/weight-diffs/weight-diff-065.pt,1,1
diff-interpretation-tuning/loras/news-summary/qwen3-4b/weight-diffs/weight-diff-066.pt,1,1
diff-interpretation-tuning/loras/news-summary/qwen3-4b/weight-diffs/weight-diff-067.pt,1,1
diff-interpretation-tuning/loras/news-summary/qwen3-4b/weight-diffs/weight-diff-068.pt,1,1
diff-interpretation-tuning/loras/news-summary/qwen3-4b/weight-diffs/weight-diff-069.pt,1,1
diff-interpretation-tuning/loras/news-summary/qwen3-4b/weight-diffs/weight-diff-070.pt,1,1
diff-interpretation-tuning/loras/news-summary/qwen3-4b/weight-diffs/weight-diff-071.pt,1,1
diff-interpretation-tuning/loras/news-summary/qwen3-4b/weight-diffs/weight-diff-072.pt,1,1
diff-interpretation-tuning/loras/news-summary/qwen3-4b/weight-diffs/weight-diff-073.pt,1,1
diff-interpretation-tuning/loras/news-summary/qwen3-4b/weight-diffs/weight-diff-074.pt,1,1
diff-interpretation-tuning/loras/news-summary/qwen3-4b/weight-diffs/weight-diff-075.pt,1,1
diff-interpretation-tuning/loras/news-summary/qwen3-4b/weight-diffs/weight-diff-076.pt,1,1
diff-interpretation-tuning/loras/news-summary/qwen3-4b/weight-diffs/weight-diff-077.pt,1,1
diff-interpretation-tuning/loras/news-summary/qwen3-4b/weight-diffs/weight-diff-078.pt,1,1
diff-interpretation-tuning/loras/news-summary/qwen3-4b/weight-diffs/weight-diff-080.pt,1,1
diff-interpretation-tuning/loras/rank-generalization/gemma3-4b-all-linear-layers-with-no-biases/weight-diffs/weight-diff-071.pt,1,1
diff-interpretation-tuning/loras/rank-generalization/gemma3-4b-all-linear-layers-with-no-biases/weight-diffs/weight-diff-075.pt,1,1
diff-interpretation-tuning/loras/rank-generalization/gemma3-4b-all-linear-layers-with-no-biases/weight-diffs/weight-diff-084.pt,1,1
diff-interpretation-tuning/loras/rank-generalization/gemma3-4b-all-linear-layers-with-no-biases/weight-diffs/weight-diff-090.pt,1,1
diff-interpretation-tuning/loras/rank-generalization/gemma3-4b-rank-002/weight-diffs/weight-diff-000.pt,1,1
diff-interpretation-tuning/loras/rank-generalization/gemma3-4b-rank-002/weight-diffs/weight-diff-007.pt,1,1
diff-interpretation-tuning/loras/rank-generalization/gemma3-4b-rank-002/weight-diffs/weight-diff-021.pt,1,1
diff-interpretation-tuning/loras/rank-generalization/gemma3-4b-rank-002/weight-diffs/weight-diff-024.pt,1,1
diff-interpretation-tuning/loras/rank-generalization/gemma3-4b-rank-002/weight-diffs/weight-diff-028.pt,1,1
diff-interpretation-tuning/loras/rank-generalization/gemma3-4b-rank-002/weight-diffs/weight-diff-029.pt,1,1
diff-interpretation-tuning/loras/rank-generalization/gemma3-4b-rank-002/weight-diffs/weight-diff-031.pt,1,1
diff-interpretation-tuning/loras/rank-generalization/gemma3-4b-rank-002/weight-diffs/weight-diff-044.pt,1,1
diff-interpretation-tuning/loras/rank-generalization/gemma3-4b-rank-002/weight-diffs/weight-diff-045.pt,1,1
diff-interpretation-tuning/loras/rank-generalization/gemma3-4b-rank-002/weight-diffs/weight-diff-048.pt,1,1
diff-interpretation-tuning/loras/rank-generalization/gemma3-4b-rank-002/weight-diffs/weight-diff-049.pt,1,1
diff-interpretation-tuning/loras/rank-generalization/gemma3-4b-rank-002/weight-diffs/weight-diff-051.pt,1,1
diff-interpretation-tuning/loras/rank-generalization/gemma3-4b-rank-002/weight-diffs/weight-diff-065.pt,1,1
diff-interpretation-tuning/loras/rank-generalization/gemma3-4b-rank-002/weight-diffs/weight-diff-066.pt,1,1
diff-interpretation-tuning/loras/rank-generalization/gemma3-4b-rank-002/weight-diffs/weight-diff-069.pt,1,1
diff-interpretation-tuning/loras/rank-generalization/gemma3-4b-rank-002/weight-diffs/weight-diff-070.pt,1,1
diff-interpretation-tuning/loras/rank-generalization/gemma3-4b-rank-002/weight-diffs/weight-diff-073.pt,1,1
diff-interpretation-tuning/loras/rank-generalization/gemma3-4b-rank-002/weight-diffs/weight-diff-074.pt,1,1
diff-interpretation-tuning/loras/rank-generalization/gemma3-4b-rank-002/weight-diffs/weight-diff-087.pt,1,1
diff-interpretation-tuning/loras/rank-generalization/gemma3-4b-rank-002/weight-diffs/weight-diff-089.pt,1,1
diff-interpretation-tuning/loras/rank-generalization/gemma3-4b-rank-002/weight-diffs/weight-diff-092.pt,1,1
diff-interpretation-tuning/loras/rank-generalization/gemma3-4b-rank-002/weight-diffs/weight-diff-097.pt,1,1
diff-interpretation-tuning/loras/rank-generalization/gemma3-4b-rank-002/weight-diffs/weight-diff-098.pt,1,1
diff-interpretation-tuning/loras/rank-generalization/gemma3-4b-rank-008/weight-diffs/weight-diff-026.pt,1,1
diff-interpretation-tuning/loras/rank-generalization/gemma3-4b-rank-008/weight-diffs/weight-diff-063.pt,1,1
diff-interpretation-tuning/loras/rank-generalization/gemma3-4b-rank-016/weight-diffs/weight-diff-064.pt,1,1
diff-interpretation-tuning/loras/rank-generalization/gemma3-4b-rank-016/weight-diffs/weight-diff-065.pt,1,1
diff-interpretation-tuning/loras/rank-generalization/gemma3-4b-rank-016/weight-diffs/weight-diff-066.pt,1,1
diff-interpretation-tuning/loras/rank-generalization/gemma3-4b-rank-016/weight-diffs/weight-diff-067.pt,1,1
diff-interpretation-tuning/loras/rank-generalization/gemma3-4b-rank-016/weight-diffs/weight-diff-068.pt,1,1
diff-interpretation-tuning/loras/rank-generalization/gemma3-4b-rank-016/weight-diffs/weight-diff-069.pt,1,1
diff-interpretation-tuning/loras/rank-generalization/gemma3-4b-rank-016/weight-diffs/weight-diff-070.pt,1,1
diff-interpretation-tuning/loras/rank-generalization/gemma3-4b-rank-016/weight-diffs/weight-diff-071.pt,1,1
diff-interpretation-tuning/loras/rank-generalization/gemma3-4b-rank-016/weight-diffs/weight-diff-072.pt,1,1
diff-interpretation-tuning/loras/rank-generalization/gemma3-4b-rank-016/weight-diffs/weight-diff-077.pt,1,1
diff-interpretation-tuning/loras/rank-generalization/gemma3-4b-rank-016/weight-diffs/weight-diff-078.pt,1,1
diff-interpretation-tuning/loras/rank-generalization/gemma3-4b-rank-016/weight-diffs/weight-diff-079.pt,1,1
diff-interpretation-tuning/loras/rank-generalization/gemma3-4b-rank-016/weight-diffs/weight-diff-080.pt,1,1
diff-interpretation-tuning/loras/rank-generalization/gemma3-4b-rank-016/weight-diffs/weight-diff-081.pt,1,1
diff-interpretation-tuning/loras/rank-generalization/gemma3-4b-rank-016/weight-diffs/weight-diff-082.pt,1,1
diff-interpretation-tuning/loras/rank-generalization/gemma3-4b-rank-016/weight-diffs/weight-diff-083.pt,1,1
diff-interpretation-tuning/loras/rank-generalization/gemma3-4b-rank-016/weight-diffs/weight-diff-084.pt,1,1
diff-interpretation-tuning/loras/rank-generalization/gemma3-4b-rank-016/weight-diffs/weight-diff-085.pt,1,1
diff-interpretation-tuning/loras/rank-generalization/gemma3-4b-rank-016/weight-diffs/weight-diff-086.pt,1,1
diff-interpretation-tuning/loras/rank-generalization/gemma3-4b-rank-016/weight-diffs/weight-diff-088.pt,1,1
diff-interpretation-tuning/loras/rank-generalization/gemma3-4b-rank-016/weight-diffs/weight-diff-089.pt,1,1
diff-interpretation-tuning/loras/rank-generalization/gemma3-4b-rank-016/weight-diffs/weight-diff-092.pt,1,1
diff-interpretation-tuning/loras/rank-generalization/gemma3-4b-rank-016/weight-diffs/weight-diff-094.pt,1,1
diff-interpretation-tuning/loras/rank-generalization/gemma3-4b-rank-016/weight-diffs/weight-diff-095.pt,1,1
diff-interpretation-tuning/loras/rank-generalization/gemma3-4b-rank-016/weight-diffs/weight-diff-096.pt,1,1
diff-interpretation-tuning/loras/rank-generalization/gemma3-4b-rank-016/weight-diffs/weight-diff-097.pt,1,1
diff-interpretation-tuning/loras/rank-generalization/gemma3-4b-rank-016/weight-diffs/weight-diff-099.pt,1,1
diff-interpretation-tuning/loras/rank-generalization/gemma3-4b-rank-032/weight-diffs/weight-diff-000.pt,1,1
diff-interpretation-tuning/loras/rank-generalization/gemma3-4b-rank-032/weight-diffs/weight-diff-001.pt,1,1
diff-interpretation-tuning/loras/rank-generalization/gemma3-4b-rank-032/weight-diffs/weight-diff-002.pt,1,1
diff-interpretation-tuning/loras/rank-generalization/gemma3-4b-rank-032/weight-diffs/weight-diff-003.pt,1,1
diff-interpretation-tuning/loras/rank-generalization/gemma3-4b-rank-032/weight-diffs/weight-diff-004.pt,1,1
diff-interpretation-tuning/loras/rank-generalization/gemma3-4b-rank-032/weight-diffs/weight-diff-034.pt,1,1
diff-interpretation-tuning/loras/rank-generalization/gemma3-4b-rank-064/weight-diffs/weight-diff-025.pt,1,1
diff-interpretation-tuning/loras/rank-generalization/gemma3-4b-rank-064/weight-diffs/weight-diff-027.pt,1,1
diff-interpretation-tuning/loras/rank-generalization/gemma3-4b-rank-064/weight-diffs/weight-diff-028.pt,1,1
diff-interpretation-tuning/loras/rank-generalization/qwen3-4b-rank-004/weight-diffs/weight-diff-000.pt,1,1
diff-interpretation-tuning/loras/rank-generalization/qwen3-4b-rank-004/weight-diffs/weight-diff-001.pt,1,1
diff-interpretation-tuning/loras/rank-generalization/qwen3-4b-rank-004/weight-diffs/weight-diff-010.pt,1,1
diff-interpretation-tuning/loras/rank-generalization/qwen3-4b-rank-004/weight-diffs/weight-diff-011.pt,1,1
diff-interpretation-tuning/loras/rank-generalization/qwen3-4b-rank-004/weight-diffs/weight-diff-014.pt,1,1
diff-interpretation-tuning/loras/rank-generalization/qwen3-4b-rank-004/weight-diffs/weight-diff-015.pt,1,1
diff-interpretation-tuning/loras/rank-generalization/qwen3-4b-rank-004/weight-diffs/weight-diff-018.pt,1,1
diff-interpretation-tuning/loras/rank-generalization/qwen3-4b-rank-004/weight-diffs/weight-diff-019.pt,1,1
diff-interpretation-tuning/loras/rank-generalization/qwen3-4b-rank-004/weight-diffs/weight-diff-021.pt,1,1
diff-interpretation-tuning/loras/rank-generalization/qwen3-4b-rank-004/weight-diffs/weight-diff-023.pt,1,1
diff-interpretation-tuning/loras/rank-generalization/qwen3-4b-rank-004/weight-diffs/weight-diff-025.pt,1,1
diff-interpretation-tuning/loras/rank-generalization/qwen3-4b-rank-004/weight-diffs/weight-diff-027.pt,1,1
diff-interpretation-tuning/loras/rank-generalization/qwen3-4b-rank-004/weight-diffs/weight-diff-030.pt,1,1
diff-interpretation-tuning/loras/rank-generalization/qwen3-4b-rank-004/weight-diffs/weight-diff-031.pt,1,1
diff-interpretation-tuning/loras/rank-generalization/qwen3-4b-rank-004/weight-diffs/weight-diff-034.pt,1,1
diff-interpretation-tuning/loras/rank-generalization/qwen3-4b-rank-004/weight-diffs/weight-diff-035.pt,1,1
diff-interpretation-tuning/loras/rank-generalization/qwen3-4b-rank-004/weight-diffs/weight-diff-036.pt,1,1
diff-interpretation-tuning/loras/rank-generalization/qwen3-4b-rank-004/weight-diffs/weight-diff-039.pt,1,1
diff-interpretation-tuning/loras/rank-generalization/qwen3-4b-rank-004/weight-diffs/weight-diff-040.pt,1,1
diff-interpretation-tuning/loras/rank-generalization/qwen3-4b-rank-004/weight-diffs/weight-diff-041.pt,1,1
diff-interpretation-tuning/loras/rank-generalization/qwen3-4b-rank-004/weight-diffs/weight-diff-042.pt,1,1
diff-interpretation-tuning/loras/rank-generalization/qwen3-4b-rank-004/weight-diffs/weight-diff-044.pt,1,1
diff-interpretation-tuning/loras/rank-generalization/qwen3-4b-rank-004/weight-diffs/weight-diff-045.pt,1,1
diff-interpretation-tuning/loras/rank-generalization/qwen3-4b-rank-004/weight-diffs/weight-diff-046.pt,1,1
diff-interpretation-tuning/loras/rank-generalization/qwen3-4b-rank-004/weight-diffs/weight-diff-047.pt,1,1
diff-interpretation-tuning/loras/rank-generalization/qwen3-4b-rank-004/weight-diffs/weight-diff-048.pt,1,1
diff-interpretation-tuning/loras/rank-generalization/qwen3-4b-rank-004/weight-diffs/weight-diff-050.pt,1,1
diff-interpretation-tuning/loras/rank-generalization/qwen3-4b-rank-004/weight-diffs/weight-diff-054.pt,1,1
diff-interpretation-tuning/loras/rank-generalization/qwen3-4b-rank-004/weight-diffs/weight-diff-055.pt,1,1
diff-interpretation-tuning/loras/rank-generalization/qwen3-4b-rank-004/weight-diffs/weight-diff-056.pt,1,1
diff-interpretation-tuning/loras/rank-generalization/qwen3-4b-rank-004/weight-diffs/weight-diff-057.pt,1,1
diff-interpretation-tuning/loras/rank-generalization/qwen3-4b-rank-004/weight-diffs/weight-diff-058.pt,1,1
diff-interpretation-tuning/loras/rank-generalization/qwen3-4b-rank-004/weight-diffs/weight-diff-059.pt,1,1
diff-interpretation-tuning/loras/rank-generalization/qwen3-4b-rank-004/weight-diffs/weight-diff-060.pt,1,1
diff-interpretation-tuning/loras/rank-generalization/qwen3-4b-rank-004/weight-diffs/weight-diff-061.pt,1,1
diff-interpretation-tuning/loras/rank-generalization/qwen3-4b-rank-004/weight-diffs/weight-diff-064.pt,1,1
diff-interpretation-tuning/loras/rank-generalization/qwen3-4b-rank-004/weight-diffs/weight-diff-065.pt,1,1
diff-interpretation-tuning/loras/rank-generalization/qwen3-4b-rank-004/weight-diffs/weight-diff-066.pt,1,1
diff-interpretation-tuning/loras/rank-generalization/qwen3-4b-rank-004/weight-diffs/weight-diff-067.pt,1,1
diff-interpretation-tuning/loras/rank-generalization/qwen3-4b-rank-004/weight-diffs/weight-diff-068.pt,1,1
diff-interpretation-tuning/loras/rank-generalization/qwen3-4b-rank-004/weight-diffs/weight-diff-069.pt,1,1
diff-interpretation-tuning/loras/rank-generalization/qwen3-4b-rank-004/weight-diffs/weight-diff-070.pt,1,1
diff-interpretation-tuning/loras/rank-generalization/qwen3-4b-rank-004/weight-diffs/weight-diff-071.pt,1,1
diff-interpretation-tuning/loras/rank-generalization/qwen3-4b-rank-004/weight-diffs/weight-diff-072.pt,1,1
diff-interpretation-tuning/loras/rank-generalization/qwen3-4b-rank-004/weight-diffs/weight-diff-073.pt,1,1
diff-interpretation-tuning/loras/rank-generalization/qwen3-4b-rank-004/weight-diffs/weight-diff-074.pt,1,1
diff-interpretation-tuning/loras/rank-generalization/qwen3-4b-rank-004/weight-diffs/weight-diff-075.pt,1,1
diff-interpretation-tuning/loras/rank-generalization/qwen3-4b-rank-004/weight-diffs/weight-diff-076.pt,1,1
diff-interpretation-tuning/loras/rank-generalization/qwen3-4b-rank-004/weight-diffs/weight-diff-077.pt,1,1
diff-interpretation-tuning/loras/rank-generalization/qwen3-4b-rank-004/weight-diffs/weight-diff-078.pt,1,1
diff-interpretation-tuning/loras/rank-generalization/qwen3-4b-rank-004/weight-diffs/weight-diff-079.pt,1,1
diff-interpretation-tuning/loras/rank-generalization/qwen3-4b-rank-004/weight-diffs/weight-diff-080.pt,1,1
diff-interpretation-tuning/loras/rank-generalization/qwen3-4b-rank-004/weight-diffs/weight-diff-081.pt,1,1
diff-interpretation-tuning/loras/rank-generalization/qwen3-4b-rank-004/weight-diffs/weight-diff-082.pt,1,1
diff-interpretation-tuning/loras/rank-generalization/qwen3-4b-rank-004/weight-diffs/weight-diff-083.pt,1,1
diff-interpretation-tuning/loras/rank-generalization/qwen3-4b-rank-004/weight-diffs/weight-diff-084.pt,1,1
diff-interpretation-tuning/loras/rank-generalization/qwen3-4b-rank-004/weight-diffs/weight-diff-085.pt,1,1
diff-interpretation-tuning/loras/rank-generalization/qwen3-4b-rank-004/weight-diffs/weight-diff-086.pt,1,1
diff-interpretation-tuning/loras/rank-generalization/qwen3-4b-rank-004/weight-diffs/weight-diff-087.pt,1,1
diff-interpretation-tuning/loras/rank-generalization/qwen3-4b-rank-004/weight-diffs/weight-diff-088.pt,1,1
diff-interpretation-tuning/loras/rank-generalization/qwen3-4b-rank-004/weight-diffs/weight-diff-089.pt,1,1
diff-interpretation-tuning/loras/rank-generalization/qwen3-4b-rank-004/weight-diffs/weight-diff-090.pt,1,1
diff-interpretation-tuning/loras/rank-generalization/qwen3-4b-rank-004/weight-diffs/weight-diff-091.pt,1,1
diff-interpretation-tuning/loras/rank-generalization/qwen3-4b-rank-004/weight-diffs/weight-diff-092.pt,1,1
diff-interpretation-tuning/loras/rank-generalization/qwen3-4b-rank-004/weight-diffs/weight-diff-093.pt,1,1
diff-interpretation-tuning/loras/rank-generalization/qwen3-4b-rank-004/weight-diffs/weight-diff-094.pt,1,1
diff-interpretation-tuning/loras/rank-generalization/qwen3-4b-rank-004/weight-diffs/weight-diff-095.pt,1,1
diff-interpretation-tuning/loras/rank-generalization/qwen3-4b-rank-004/weight-diffs/weight-diff-096.pt,1,1
diff-interpretation-tuning/loras/rank-generalization/qwen3-4b-rank-004/weight-diffs/weight-diff-097.pt,1,1
diff-interpretation-tuning/loras/rank-generalization/qwen3-4b-rank-004/weight-diffs/weight-diff-098.pt,1,1
diff-interpretation-tuning/loras/rank-generalization/qwen3-4b-rank-004/weight-diffs/weight-diff-099.pt,1,1
diff-interpretation-tuning/loras/rank-generalization/qwen3-4b-rank-008/weight-diffs/weight-diff-038.pt,1,1
diff-interpretation-tuning/loras/rank-generalization/qwen3-4b-rank-008/weight-diffs/weight-diff-041.pt,1,1
diff-interpretation-tuning/loras/rank-generalization/qwen3-4b-rank-008/weight-diffs/weight-diff-050.pt,1,1
diff-interpretation-tuning/loras/rank-generalization/qwen3-4b-rank-008/weight-diffs/weight-diff-053.pt,1,1
diff-interpretation-tuning/loras/rank-generalization/qwen3-4b-rank-008/weight-diffs/weight-diff-062.pt,1,1
diff-interpretation-tuning/loras/rank-generalization/qwen3-4b-rank-008/weight-diffs/weight-diff-077.pt,1,1
diff-interpretation-tuning/loras/rank-generalization/qwen3-4b-rank-008/weight-diffs/weight-diff-083.pt,1,1
diff-interpretation-tuning/loras/rank-generalization/qwen3-4b-rank-008/weight-diffs/weight-diff-087.pt,1,1
diff-interpretation-tuning/loras/rank-generalization/qwen3-4b-rank-008/weight-diffs/weight-diff-092.pt,1,1
diff-interpretation-tuning/loras/rank-generalization/qwen3-4b-rank-008/weight-diffs/weight-diff-095.pt,1,1
diff-interpretation-tuning/loras/rank-generalization/qwen3-4b-rank-064/weight-diffs/weight-diff-039.pt,1,1
diff-interpretation-tuning/loras/rank-generalization/qwen3-4b-rank-064/weight-diffs/weight-diff-064.pt,1,1
diff-interpretation-tuning/loras/rank-generalization/qwen3-4b-rank-064/weight-diffs/weight-diff-065.pt,1,1
diff-interpretation-tuning/loras/rank-generalization/qwen3-4b-rank-064/weight-diffs/weight-diff-066.pt,1,1
diff-interpretation-tuning/loras/rank-generalization/qwen3-4b-rank-064/weight-diffs/weight-diff-067.pt,1,1
diff-interpretation-tuning/loras/rank-generalization/qwen3-4b-rank-064/weight-diffs/weight-diff-068.pt,1,1
diff-interpretation-tuning/loras/rank-generalization/qwen3-4b-rank-064/weight-diffs/weight-diff-069.pt,1,1
diff-interpretation-tuning/loras/rank-generalization/qwen3-4b-rank-064/weight-diffs/weight-diff-070.pt,1,1
diff-interpretation-tuning/loras/rank-generalization/qwen3-4b-rank-064/weight-diffs/weight-diff-071.pt,1,1
diff-interpretation-tuning/loras/rank-generalization/qwen3-4b-rank-064/weight-diffs/weight-diff-077.pt,1,1
diff-interpretation-tuning/loras/rank-generalization/qwen3-4b-rank-064/weight-diffs/weight-diff-078.pt,1,1
diff-interpretation-tuning/loras/trigger-generalization/qwen3-4b-zero-width-random/weight-diffs/weight-diff-001.pt,1,1
Saidakbar01/whisper-uz-finetuned/training_args.bin,1,1
nvidia/nemotron-speech-streaming-en-0.6b/nemotron-speech-streaming-en-0.6b.nemo,1,1
nvidia/diar_streaming_sortformer_4spk-v2.1/diar_streaming_sortformer_4spk-v2.1.nemo,1,-1
nvidia/parakeet-tdt-0.6b-v3/parakeet-tdt-0.6b-v3.nemo,1,1
nvidia/canary-1b-v2/canary-1b-v2.nemo,1,1
optimum-intel-internal-testing/tiny-random-CodeGenForCausalLM/pytorch_model.bin,1,1
optimum-intel-internal-testing/tiny-random-GPTNeoXForCausalLM/pytorch_model.bin,1,1
facebook/sam3.1/sam3.1_multiplex.pt,1,1
optimum-intel-internal-testing/tiny-random-Data2VecAudioModel/pytorch_model.bin,1,1
timm/convnext_base.dinov3_lvd1689m/pytorch_model.bin,1,1
fancyfeast/bigaspv2-5/training-checkpoints/test_215/ep10-ba35889-rank0_stripped.pt,1,1
fancyfeast/bigaspv2-5/training-checkpoints/test_215/ep2-ba8301-rank0_stripped.pt,1,1
fancyfeast/bigaspv2-5/training-checkpoints/test_215/ep2-ba8790-rank0_stripped.pt,1,1
fancyfeast/bigaspv2-5/training-checkpoints/test_215/ep5-ba18067-rank0_stripped.pt,1,1
fancyfeast/bigaspv2-5/training-checkpoints/test_215/ep6-ba20020-rank0.pt,1,1
OpenMed/OpenMed-ZeroShot-NER-Anatomy-Medium-209M/pytorch_model.bin,1,1
nm-testing/qwen3-8b-peagle-speculators/optimizer_state_dict.pt,1,1
nm-testing/qwen3-8b-peagle-speculators/snapshots/48caff875fa217da907d9a4d2468e3a9f5d1ae0e/optimizer_state_dict.pt,1,1
OpenMed/OpenMed-ZeroShot-NER-Pharma-Multi-209M/pytorch_model.bin,1,1
OpenMed/OpenMed-ZeroShot-NER-Pharma-Tiny-60M/pytorch_model.bin,1,1
optimum-intel-internal-testing/tiny-random-LevitModel/pytorch_model.bin,1,1
ayushgupta7777/safetyvision-yolov8/best.pt,1,1
OpenMed/OpenMed-ZeroShot-NER-BloodCancer-Medium-209M/pytorch_model.bin,1,1
OpenMed/OpenMed-ZeroShot-NER-Species-Tiny-60M/pytorch_model.bin,1,1
pyannoteAI/parakeet-tdt-0.6b-v3/parakeet-tdt-0.6b-v3.nemo,1,1
timm/vit_small_patch16_dinov3_qkvb.lvd1689m/pytorch_model.bin,1,1
nvidia/nemo-nano-codec-22khz-1.89kbps-21.5fps/nemo-nano-codec-22khz-1.89kbps-21.5fps.nemo,1,1
OpenMed/OpenMed-ZeroShot-NER-Pathology-XLarge-770M/pytorch_model.bin,1,1
OpenMed/OpenMed-ZeroShot-NER-Species-Multi-209M/pytorch_model.bin,1,1
allenai/OlmoEarth-v1-Large/weights.pth,1,-1
nvidia/C-RADIOv4-H/c-radio_v4-h_half.pth.tar,1,1
arda-argmax/sortformer-finetuned/4spk-v0.3-bs1-acc8-l4-diskcache-shardedval-v1-1778065009/best.nemo,1,1
arda-argmax/sortformer-finetuned/6spk-ami-sdm-debug-bs10-a100-80gb-1gpu-v1-1781805281/best.nemo,1,1
arda-argmax/sortformer-finetuned/6spk-ami-sdm-debug-bs10-a100-80gb-1gpu-v1-1781805281/checkpoints/step_130_epoch_1_val-der_0.1837.nemo,1,1
arda-argmax/sortformer-finetuned/6spk-ami-sdm-debug-bs10-a100-80gb-1gpu-v1-1781805281/checkpoints/step_210_epoch_2_val-der_0.1709.nemo,1,1
arda-argmax/sortformer-finetuned/6spk-ami-sdm-debug-bs10-a100-80gb-1gpu-v1-1781805281/checkpoints/step_50_epoch_0_val-der_0.3708.nemo,1,1
arda-argmax/sortformer-finetuned/6spk-ami-sdm-flac-debug-bs10-a100-80gb-1gpu-v1-1781828240/best.nemo,1,1
arda-argmax/sortformer-finetuned/6spk-ami-sdm-flac-debug-bs10-a100-80gb-1gpu-v1-1781828240/checkpoints/step_130_epoch_1_val-der_0.1841.nemo,1,1
arda-argmax/sortformer-finetuned/6spk-ami-sdm-flac-debug-bs10-a100-80gb-1gpu-v1-1781828240/checkpoints/step_210_epoch_2_val-der_0.1806.nemo,1,1
arda-argmax/sortformer-finetuned/6spk-ami-sdm-flac-debug-bs10-a100-80gb-1gpu-v1-1781828240/checkpoints/step_50_epoch_0_val-der_0.3563.nemo,1,1
arda-argmax/sortformer-finetuned/6spk-debug-prepared-shar-worldfix-1780478585/best.nemo,1,1
arda-argmax/sortformer-finetuned/6spk-debug-prepared-shar-worldfix-1780478585/checkpoints/step_2_epoch_0_val-der_1.3011.nemo,1,1
arda-argmax/sortformer-finetuned/6spk-debug-prepared-shar-worldfix-1780478585/checkpoints/step_4_epoch_1_val-der_1.1216.nemo,1,1
arda-argmax/sortformer-finetuned/6spk-fullrandom-bs10-ga8-a100-80gb-1gpu-lr1e-4-lr-v1-1781045285/best.nemo,1,1
arda-argmax/sortformer-finetuned/6spk-fullrandom-bs10-ga8-a100-80gb-1gpu-lr1e-4-lr-v1-1781045285/checkpoints/step_6_epoch_0_val-der_1.0000.nemo,1,1
arda-argmax/sortformer-finetuned/6spk-v0.3-bs1-acc8-l4-diskcache-shardedval-v1-1778010364/best.nemo,1,1
arda-argmax/sortformer-finetuned/6spk-v0.4-ami-bs1-acc8-l4-diskcache-shardedval-v1-1778218672/best.nemo,1,1
arda-argmax/sortformer-finetuned/6spk-v0.4-ami-bs1-acc8-l4-diskcache-shardedval-v1-1778218672/checkpoints/step_1080_epoch_2_val-der_0.1535.nemo,1,1
arda-argmax/sortformer-finetuned/6spk-v0.4-ami-bs1-acc8-l4-diskcache-shardedval-v1-1778218672/checkpoints/step_1170_epoch_2_val-der_0.1446.nemo,1,1
arda-argmax/sortformer-finetuned/6spk-v0.4-ami-bs1-acc8-l4-diskcache-shardedval-v1-1778218672/checkpoints/step_1350_epoch_2_val-der_0.1436.nemo,1,1
arda-argmax/sortformer-finetuned/6spk-v0.4-ami-bs1-acc8-l4-diskcache-shardedval-v1-1778218672/checkpoints/step_1440_epoch_3_val-der_0.1423.nemo,1,1
arda-argmax/sortformer-finetuned/6spk-v0.4-ami-bs1-acc8-l4-diskcache-shardedval-v1-1778218672/checkpoints/step_1530_epoch_3_val-der_0.1397.nemo,1,1
arda-argmax/sortformer-finetuned/6spk-v0.4-ami-bs1-acc8-l4-diskcache-shardedval-v1-1778218672/checkpoints/step_1620_epoch_3_val-der_0.1388.nemo,1,1
arda-argmax/sortformer-finetuned/6spk-v0.4-ami-bs1-acc8-l4-diskcache-shardedval-v1-1778218672/checkpoints/step_1710_epoch_3_val-der_0.1382.nemo,1,1
arda-argmax/sortformer-finetuned/6spk-v0.4-ami-bs1-acc8-l4-diskcache-shardedval-v1-1778218672/checkpoints/step_180_epoch_0_val-der_0.2089.nemo,1,1
arda-argmax/sortformer-finetuned/6spk-v0.4-ami-bs1-acc8-l4-diskcache-shardedval-v1-1778218672/checkpoints/step_1980_epoch_4_val-der_0.1346.nemo,1,1
arda-argmax/sortformer-finetuned/6spk-v0.4-ami-bs1-acc8-l4-diskcache-shardedval-v1-1778218672/checkpoints/step_2430_epoch_5_val-der_0.1340.nemo,1,1
arda-argmax/sortformer-finetuned/6spk-v0.4-ami-bs1-acc8-l4-diskcache-shardedval-v1-1778218672/checkpoints/step_2520_epoch_5_val-der_0.1338.nemo,1,1
arda-argmax/sortformer-finetuned/6spk-v0.4-ami-bs1-acc8-l4-diskcache-shardedval-v1-1778218672/checkpoints/step_2700_epoch_5_val-der_0.1335.nemo,1,1
arda-argmax/sortformer-finetuned/6spk-v0.4-ami-bs1-acc8-l4-diskcache-shardedval-v1-1778218672/checkpoints/step_270_epoch_0_val-der_0.2001.nemo,1,1
arda-argmax/sortformer-finetuned/6spk-v0.4-ami-bs1-acc8-l4-diskcache-shardedval-v1-1778218672/checkpoints/step_3060_epoch_6_val-der_0.1302.nemo,1,1
arda-argmax/sortformer-finetuned/6spk-v0.4-ami-bs1-acc8-l4-diskcache-shardedval-v1-1778218672/checkpoints/step_360_epoch_0_val-der_0.1928.nemo,1,1
arda-argmax/sortformer-finetuned/6spk-v0.4-ami-bs1-acc8-l4-diskcache-shardedval-v1-1778218672/checkpoints/step_3870_epoch_8_val-der_0.1289.nemo,1,1
arda-argmax/sortformer-finetuned/6spk-v0.4-ami-bs1-acc8-l4-diskcache-shardedval-v1-1778218672/checkpoints/step_3960_epoch_8_val-der_0.1285.nemo,1,1
arda-argmax/sortformer-finetuned/6spk-v0.4-ami-bs1-acc8-l4-diskcache-shardedval-v1-1778218672/checkpoints/step_4140_epoch_9_val-der_0.1280.nemo,1,1
arda-argmax/sortformer-finetuned/6spk-v0.4-ami-bs1-acc8-l4-diskcache-shardedval-v1-1778218672/checkpoints/step_450_epoch_0_val-der_0.1911.nemo,1,1
arda-argmax/sortformer-finetuned/6spk-v0.4-ami-bs1-acc8-l4-diskcache-shardedval-v1-1778218672/checkpoints/step_540_epoch_1_val-der_0.1894.nemo,1,1
arda-argmax/sortformer-finetuned/6spk-v0.4-ami-bs1-acc8-l4-diskcache-shardedval-v1-1778218672/checkpoints/step_630_epoch_1_val-der_0.1871.nemo,1,1
arda-argmax/sortformer-finetuned/6spk-v0.4-ami-bs1-acc8-l4-diskcache-shardedval-v1-1778218672/checkpoints/step_720_epoch_1_val-der_0.1813.nemo,1,1
arda-argmax/sortformer-finetuned/6spk-v0.4-ami-bs1-acc8-l4-diskcache-shardedval-v1-1778218672/checkpoints/step_900_epoch_1_val-der_0.1706.nemo,1,1
arda-argmax/sortformer-finetuned/6spk-v0.4-ami-bs1-acc8-l4-diskcache-shardedval-v1-1778218672/checkpoints/step_90_epoch_0_val-der_0.3542.nemo,1,1
arda-argmax/sortformer-finetuned/6spk-v0.4-ami-bs1-acc8-l4-diskcache-shardedval-v1-1778218672/checkpoints/step_990_epoch_2_val-der_0.1561.nemo,1,1
arda-argmax/sortformer-finetuned/6spk-v0.4-librispeech-ami-bs1-acc8-l4-diskcache-shardedval-v3-1778228622/best.nemo,1,1
arda-argmax/sortformer-finetuned/6spk-v0.4-librispeech-ami-bs1-acc8-l4-diskcache-shardedval-v3-1778228622/checkpoints/step_1440_epoch_1_val-der_0.2048.nemo,1,1
arda-argmax/sortformer-finetuned/6spk-v0.4-librispeech-ami-bs1-acc8-l4-diskcache-shardedval-v3-1778228622/checkpoints/step_1530_epoch_1_val-der_0.2042.nemo,1,1
arda-argmax/sortformer-finetuned/6spk-v0.4-librispeech-ami-bs1-acc8-l4-diskcache-shardedval-v3-1778228622/checkpoints/step_1620_epoch_1_val-der_0.2035.nemo,1,1
arda-argmax/sortformer-finetuned/6spk-v0.4-librispeech-ami-bs1-acc8-l4-diskcache-shardedval-v3-1778228622/checkpoints/step_180_epoch_0_val-der_0.2159.nemo,1,1
arda-argmax/sortformer-finetuned/6spk-v0.4-librispeech-ami-bs1-acc8-l4-diskcache-shardedval-v3-1778228622/checkpoints/step_270_epoch_0_val-der_0.2146.nemo,1,1
arda-argmax/sortformer-finetuned/6spk-v0.4-librispeech-ami-bs1-acc8-l4-diskcache-shardedval-v3-1778228622/checkpoints/step_360_epoch_0_val-der_0.2138.nemo,1,1
arda-argmax/sortformer-finetuned/6spk-v0.4-librispeech-ami-bs1-acc8-l4-diskcache-shardedval-v3-1778228622/checkpoints/step_450_epoch_0_val-der_0.2116.nemo,1,1
arda-argmax/sortformer-finetuned/6spk-v0.4-librispeech-ami-bs1-acc8-l4-diskcache-shardedval-v3-1778228622/checkpoints/step_630_epoch_0_val-der_0.2103.nemo,1,1
arda-argmax/sortformer-finetuned/6spk-v0.4-librispeech-ami-bs1-acc8-l4-diskcache-shardedval-v3-1778228622/checkpoints/step_810_epoch_0_val-der_0.2059.nemo,1,1
arda-argmax/sortformer-finetuned/6spk-v0.4-librispeech-ami-bs1-acc8-l4-diskcache-shardedval-v3-1778228622/checkpoints/step_90_epoch_0_val-der_0.2223.nemo,1,1
arda-argmax/sortformer-finetuned/6spk-v0.4-librispeech-ami-bs1-acc8-l4-diskcache-shardedval-v5-1778286481/best.nemo,1,1
arda-argmax/sortformer-finetuned/6spk-v0.4-librispeech-ami-bs1-acc8-l4-diskcache-shardedval-v5-1778286481/checkpoints/step_1080_epoch_1_val-der_0.1398.nemo,1,1
arda-argmax/sortformer-finetuned/6spk-v0.4-librispeech-ami-bs1-acc8-l4-diskcache-shardedval-v5-1778286481/checkpoints/step_1260_epoch_1_val-der_0.1390.nemo,1,1
arda-argmax/sortformer-finetuned/6spk-v0.4-librispeech-ami-bs1-acc8-l4-diskcache-shardedval-v5-1778286481/checkpoints/step_1350_epoch_1_val-der_0.1374.nemo,1,1
arda-argmax/sortformer-finetuned/6spk-v0.4-librispeech-ami-bs1-acc8-l4-diskcache-shardedval-v5-1778286481/checkpoints/step_1440_epoch_1_val-der_0.1353.nemo,1,1
arda-argmax/sortformer-finetuned/6spk-v0.4-librispeech-ami-bs1-acc8-l4-diskcache-shardedval-v5-1778286481/checkpoints/step_1530_epoch_1_val-der_0.1346.nemo,1,1
arda-argmax/sortformer-finetuned/6spk-v0.4-librispeech-ami-bs1-acc8-l4-diskcache-shardedval-v5-1778286481/checkpoints/step_1710_epoch_1_val-der_0.1343.nemo,1,1
arda-argmax/sortformer-finetuned/6spk-v0.4-librispeech-ami-bs1-acc8-l4-diskcache-shardedval-v5-1778286481/checkpoints/step_1800_epoch_1_val-der_0.1334.nemo,1,1
arda-argmax/sortformer-finetuned/6spk-v0.4-librispeech-ami-bs1-acc8-l4-diskcache-shardedval-v5-1778286481/checkpoints/step_180_epoch_0_val-der_0.2056.nemo,1,1
arda-argmax/sortformer-finetuned/6spk-v0.4-librispeech-ami-bs1-acc8-l4-diskcache-shardedval-v5-1778286481/checkpoints/step_2070_epoch_2_val-der_0.1327.nemo,1,1
arda-argmax/sortformer-finetuned/6spk-v0.4-librispeech-ami-bs1-acc8-l4-diskcache-shardedval-v5-1778286481/checkpoints/step_2160_epoch_2_val-der_0.1317.nemo,1,1
arda-argmax/sortformer-finetuned/6spk-v0.4-librispeech-ami-bs1-acc8-l4-diskcache-shardedval-v5-1778286481/checkpoints/step_2250_epoch_2_val-der_0.1302.nemo,1,1
arda-argmax/sortformer-finetuned/6spk-v0.4-librispeech-ami-bs1-acc8-l4-diskcache-shardedval-v5-1778286481/checkpoints/step_2520_epoch_2_val-der_0.1283.nemo,1,1
arda-argmax/sortformer-finetuned/6spk-v0.4-librispeech-ami-bs1-acc8-l4-diskcache-shardedval-v5-1778286481/checkpoints/step_270_epoch_0_val-der_0.1998.nemo,1,1
arda-argmax/sortformer-finetuned/6spk-v0.4-librispeech-ami-bs1-acc8-l4-diskcache-shardedval-v5-1778286481/checkpoints/step_2880_epoch_3_val-der_0.1271.nemo,1,1
arda-argmax/sortformer-finetuned/6spk-v0.4-librispeech-ami-bs1-acc8-l4-diskcache-shardedval-v5-1778286481/checkpoints/step_3060_epoch_3_val-der_0.1269.nemo,1,1
arda-argmax/sortformer-finetuned/6spk-v0.4-librispeech-ami-bs1-acc8-l4-diskcache-shardedval-v5-1778286481/checkpoints/step_3240_epoch_3_val-der_0.1268.nemo,1,1
arda-argmax/sortformer-finetuned/6spk-v0.4-librispeech-ami-bs1-acc8-l4-diskcache-shardedval-v5-1778286481/checkpoints/step_3330_epoch_3_val-der_0.1266.nemo,1,1
arda-argmax/sortformer-finetuned/6spk-v0.4-librispeech-ami-bs1-acc8-l4-diskcache-shardedval-v5-1778286481/checkpoints/step_3420_epoch_3_val-der_0.1252.nemo,1,1
arda-argmax/sortformer-finetuned/6spk-v0.4-librispeech-ami-bs1-acc8-l4-diskcache-shardedval-v5-1778286481/checkpoints/step_360_epoch_0_val-der_0.1911.nemo,1,1
arda-argmax/sortformer-finetuned/6spk-v0.4-librispeech-ami-bs1-acc8-l4-diskcache-shardedval-v5-1778286481/checkpoints/step_4050_epoch_4_val-der_0.1241.nemo,1,1
arda-argmax/sortformer-finetuned/6spk-v0.4-librispeech-ami-bs1-acc8-l4-diskcache-shardedval-v5-1778286481/checkpoints/step_4410_epoch_4_val-der_0.1238.nemo,1,1
arda-argmax/sortformer-finetuned/6spk-v0.4-librispeech-ami-bs1-acc8-l4-diskcache-shardedval-v5-1778286481/checkpoints/step_450_epoch_0_val-der_0.1895.nemo,1,1
arda-argmax/sortformer-finetuned/6spk-v0.4-librispeech-ami-bs1-acc8-l4-diskcache-shardedval-v5-1778286481/checkpoints/step_4770_epoch_5_val-der_0.1237.nemo,1,1
arda-argmax/sortformer-finetuned/6spk-v0.4-librispeech-ami-bs1-acc8-l4-diskcache-shardedval-v5-1778286481/checkpoints/step_4950_epoch_5_val-der_0.1219.nemo,1,1
arda-argmax/sortformer-finetuned/6spk-v0.4-librispeech-ami-bs1-acc8-l4-diskcache-shardedval-v5-1778286481/checkpoints/step_540_epoch_0_val-der_0.1872.nemo,1,1
arda-argmax/sortformer-finetuned/6spk-v0.4-librispeech-ami-bs1-acc8-l4-diskcache-shardedval-v5-1778286481/checkpoints/step_5940_epoch_6_val-der_0.1207.nemo,1,1
arda-argmax/sortformer-finetuned/6spk-v0.4-librispeech-ami-bs1-acc8-l4-diskcache-shardedval-v5-1778286481/checkpoints/step_630_epoch_0_val-der_0.1612.nemo,1,1
arda-argmax/sortformer-finetuned/6spk-v0.4-librispeech-ami-bs1-acc8-l4-diskcache-shardedval-v5-1778286481/checkpoints/step_6390_epoch_7_val-der_0.1200.nemo,1,1
arda-argmax/sortformer-finetuned/6spk-v0.4-librispeech-ami-bs1-acc8-l4-diskcache-shardedval-v5-1778286481/checkpoints/step_720_epoch_0_val-der_0.1542.nemo,1,1
arda-argmax/sortformer-finetuned/6spk-v0.4-librispeech-ami-bs1-acc8-l4-diskcache-shardedval-v5-1778286481/checkpoints/step_7290_epoch_8_val-der_0.1193.nemo,1,1
arda-argmax/sortformer-finetuned/6spk-v0.4-librispeech-ami-bs1-acc8-l4-diskcache-shardedval-v5-1778286481/checkpoints/step_7470_epoch_8_val-der_0.1188.nemo,1,1
arda-argmax/sortformer-finetuned/6spk-v0.4-librispeech-ami-bs1-acc8-l4-diskcache-shardedval-v5-1778286481/checkpoints/step_7560_epoch_8_val-der_0.1182.nemo,1,1
arda-argmax/sortformer-finetuned/6spk-v0.4-librispeech-ami-bs1-acc8-l4-diskcache-shardedval-v5-1778286481/checkpoints/step_810_epoch_0_val-der_0.1480.nemo,1,1
arda-argmax/sortformer-finetuned/6spk-v0.4-librispeech-ami-bs1-acc8-l4-diskcache-shardedval-v5-1778286481/checkpoints/step_900_epoch_0_val-der_0.1433.nemo,1,1
arda-argmax/sortformer-finetuned/6spk-v0.4-librispeech-ami-bs1-acc8-l4-diskcache-shardedval-v5-1778286481/checkpoints/step_90_epoch_0_val-der_0.2223.nemo,1,1
arda-argmax/sortformer-finetuned/6spk-v0.4-librispeech-ami-bs1-acc8-l4-diskcache-shardedval-v5-1778286481/checkpoints/step_990_epoch_1_val-der_0.1429.nemo,1,1
arda-argmax/sortformer-finetuned/6spk-v0.4-librispeech-bs1-acc8-l4-diskcache-shardedval-v1-1778198761/best.nemo,1,1
arda-argmax/sortformer-finetuned/6spk-v0.4-librispeech-bs1-acc8-l4-diskcache-shardedval-v1-1778198761/checkpoints/step_1080_epoch_2_val-der_0.1069.nemo,1,1
arda-argmax/sortformer-finetuned/6spk-v0.4-librispeech-bs1-acc8-l4-diskcache-shardedval-v1-1778198761/checkpoints/step_1170_epoch_2_val-der_0.1058.nemo,1,1
arda-argmax/sortformer-finetuned/6spk-v0.4-librispeech-bs1-acc8-l4-diskcache-shardedval-v1-1778198761/checkpoints/step_1260_epoch_2_val-der_0.1043.nemo,1,1
arda-argmax/sortformer-finetuned/6spk-v0.4-librispeech-bs1-acc8-l4-diskcache-shardedval-v1-1778198761/checkpoints/step_1710_epoch_3_val-der_0.1027.nemo,1,1
arda-argmax/sortformer-finetuned/6spk-v0.4-librispeech-bs1-acc8-l4-diskcache-shardedval-v1-1778198761/checkpoints/step_180_epoch_0_val-der_0.1670.nemo,1,1
arda-argmax/sortformer-finetuned/6spk-v0.4-librispeech-bs1-acc8-l4-diskcache-shardedval-v1-1778198761/checkpoints/step_2160_epoch_4_val-der_0.1016.nemo,1,1
arda-argmax/sortformer-finetuned/6spk-v0.4-librispeech-bs1-acc8-l4-diskcache-shardedval-v1-1778198761/checkpoints/step_2430_epoch_5_val-der_0.1014.nemo,1,1
arda-argmax/sortformer-finetuned/6spk-v0.4-librispeech-bs1-acc8-l4-diskcache-shardedval-v1-1778198761/checkpoints/step_2700_epoch_5_val-der_0.1002.nemo,1,1
arda-argmax/sortformer-finetuned/6spk-v0.4-librispeech-bs1-acc8-l4-diskcache-shardedval-v1-1778198761/checkpoints/step_270_epoch_0_val-der_0.1644.nemo,1,1
arda-argmax/sortformer-finetuned/6spk-v0.4-librispeech-bs1-acc8-l4-diskcache-shardedval-v1-1778198761/checkpoints/step_2880_epoch_6_val-der_0.0996.nemo,1,1
arda-argmax/sortformer-finetuned/6spk-v0.4-librispeech-bs1-acc8-l4-diskcache-shardedval-v1-1778198761/checkpoints/step_2970_epoch_6_val-der_0.0992.nemo,1,1
arda-argmax/sortformer-finetuned/6spk-v0.4-librispeech-bs1-acc8-l4-diskcache-shardedval-v1-1778198761/checkpoints/step_3150_epoch_6_val-der_0.0982.nemo,1,1
arda-argmax/sortformer-finetuned/6spk-v0.4-librispeech-bs1-acc8-l4-diskcache-shardedval-v1-1778198761/checkpoints/step_3600_epoch_7_val-der_0.0981.nemo,1,1
arda-argmax/sortformer-finetuned/6spk-v0.4-librispeech-bs1-acc8-l4-diskcache-shardedval-v1-1778198761/checkpoints/step_360_epoch_0_val-der_0.1619.nemo,1,1
arda-argmax/sortformer-finetuned/6spk-v0.4-librispeech-bs1-acc8-l4-diskcache-shardedval-v1-1778198761/checkpoints/step_3780_epoch_8_val-der_0.0976.nemo,1,1
arda-argmax/sortformer-finetuned/6spk-v0.4-librispeech-bs1-acc8-l4-diskcache-shardedval-v1-1778198761/checkpoints/step_4050_epoch_8_val-der_0.0964.nemo,1,1
arda-argmax/sortformer-finetuned/6spk-v0.4-librispeech-bs1-acc8-l4-diskcache-shardedval-v1-1778198761/checkpoints/step_4140_epoch_9_val-der_0.0958.nemo,1,1
arda-argmax/sortformer-finetuned/6spk-v0.4-librispeech-bs1-acc8-l4-diskcache-shardedval-v1-1778198761/checkpoints/step_4230_epoch_9_val-der_0.0915.nemo,1,1
arda-argmax/sortformer-finetuned/6spk-v0.4-librispeech-bs1-acc8-l4-diskcache-shardedval-v1-1778198761/checkpoints/step_4320_epoch_9_val-der_0.0872.nemo,1,1
arda-argmax/sortformer-finetuned/6spk-v0.4-librispeech-bs1-acc8-l4-diskcache-shardedval-v1-1778198761/checkpoints/step_4410_epoch_9_val-der_0.0843.nemo,1,1
arda-argmax/sortformer-finetuned/6spk-v0.4-librispeech-bs1-acc8-l4-diskcache-shardedval-v1-1778198761/checkpoints/step_450_epoch_0_val-der_0.1291.nemo,1,1
arda-argmax/sortformer-finetuned/6spk-v0.4-librispeech-bs1-acc8-l4-diskcache-shardedval-v1-1778198761/checkpoints/step_540_epoch_1_val-der_0.1151.nemo,1,1
arda-argmax/sortformer-finetuned/6spk-v0.4-librispeech-bs1-acc8-l4-diskcache-shardedval-v1-1778198761/checkpoints/step_720_epoch_1_val-der_0.1120.nemo,1,1
arda-argmax/sortformer-finetuned/6spk-v0.4-librispeech-bs1-acc8-l4-diskcache-shardedval-v1-1778198761/checkpoints/step_810_epoch_1_val-der_0.1082.nemo,1,1
arda-argmax/sortformer-finetuned/6spk-v0.4-librispeech-bs1-acc8-l4-diskcache-shardedval-v1-1778198761/checkpoints/step_90_epoch_0_val-der_0.1700.nemo,1,1
arda-argmax/sortformer-finetuned/6spk-v0.6-fastmss-prepared-shar-bs1-acc8-l4-worldfix-v1-1780479980/best.nemo,1,1
arda-argmax/sortformer-finetuned/6spk-v0.6-fastmss-prepared-shar-bs1-acc8-l4-worldfix-v1-1780479980/checkpoints/step_180_epoch_0_val-der_0.2104.nemo,1,1
arda-argmax/sortformer-finetuned/6spk-v0.6-fastmss-prepared-shar-bs1-acc8-l4-worldfix-v1-1780479980/checkpoints/step_270_epoch_0_val-der_0.2067.nemo,1,1
arda-argmax/sortformer-finetuned/6spk-v0.6-fastmss-prepared-shar-bs1-acc8-l4-worldfix-v1-1780479980/checkpoints/step_360_epoch_0_val-der_0.1966.nemo,1,1
arda-argmax/sortformer-finetuned/6spk-v0.6-fastmss-prepared-shar-bs1-acc8-l4-worldfix-v1-1780479980/checkpoints/step_450_epoch_0_val-der_0.1530.nemo,1,1
arda-argmax/sortformer-finetuned/6spk-v0.6-fastmss-prepared-shar-bs1-acc8-l4-worldfix-v1-1780479980/checkpoints/step_540_epoch_0_val-der_0.1469.nemo,1,1
arda-argmax/sortformer-finetuned/6spk-v0.6-fastmss-prepared-shar-bs1-acc8-l4-worldfix-v1-1780479980/checkpoints/step_630_epoch_0_val-der_0.1446.nemo,1,1
arda-argmax/sortformer-finetuned/6spk-v0.6-fastmss-prepared-shar-bs1-acc8-l4-worldfix-v1-1780479980/checkpoints/step_900_epoch_0_val-der_0.1436.nemo,1,1
arda-argmax/sortformer-finetuned/6spk-v0.6-fastmss-prepared-shar-bs1-acc8-l4-worldfix-v1-1780479980/checkpoints/step_90_epoch_0_val-der_0.2187.nemo,1,1
arda-argmax/sortformer-finetuned/6spk-v0.6-fastmss-prepared-shar-bs1-acc8-l4-worldfix-v1-1780479980/checkpoints/step_990_epoch_1_val-der_0.1416.nemo,1,1
arda-argmax/sortformer-finetuned/6spk-v0.6-fastmss-prepared-shar-bs1-ga8-l4-8gpu-fullset-smoketest-v5-1780559280/best.nemo,1,1
arda-argmax/sortformer-finetuned/6spk-v0.6-fastmss-prepared-shar-bs1-ga8-l4-8gpu-fullset-smoketest-v5-1780559280/checkpoints/step_62_epoch_0_val-der_0.2269.nemo,1,1
arda-argmax/sortformer-finetuned/6spk-v0.6-fastmss-prepared-shar-bs10-a100-80gb-2gpu-debug-debug-v1-1780602245/best.nemo,1,1
arda-argmax/sortformer-finetuned/6spk-v0.6-fastmss-prepared-shar-bs10-a100-80gb-2gpu-debug-debug-v1-1780602245/checkpoints/step_100_epoch_0_val-der_0.2319.nemo,1,1
arda-argmax/sortformer-finetuned/6spk-v0.6-fastmss-prepared-shar-bs10-a100-80gb-2gpu-debug-debug-v1-1780602245/checkpoints/step_150_epoch_0_val-der_0.2183.nemo,1,1
arda-argmax/sortformer-finetuned/6spk-v0.6-fastmss-prepared-shar-bs10-a100-80gb-2gpu-debug-debug-v1-1780602245/checkpoints/step_250_epoch_1_val-der_0.2163.nemo,1,1
arda-argmax/sortformer-finetuned/6spk-v0.6-fastmss-prepared-shar-bs10-a100-80gb-2gpu-debug-debug-v1-1780602245/checkpoints/step_350_epoch_1_val-der_0.2109.nemo,1,1
arda-argmax/sortformer-finetuned/6spk-v0.6-fastmss-prepared-shar-bs10-a100-80gb-2gpu-debug-debug-v1-1780602245/checkpoints/step_400_epoch_1_val-der_0.2094.nemo,1,1
arda-argmax/sortformer-finetuned/6spk-v0.6-fastmss-prepared-shar-bs10-a100-80gb-2gpu-debug-debug-v1-1780602245/checkpoints/step_50_epoch_0_val-der_0.3624.nemo,1,1
arda-argmax/sortformer-finetuned/6spk-v0.6-fastmss-prepared-shar-bs10-a100-80gb-4gpu-debug-debug-v1-1780602382/best.nemo,1,1
arda-argmax/sortformer-finetuned/6spk-v0.6-fastmss-prepared-shar-bs10-a100-80gb-4gpu-debug-debug-v1-1780602382/checkpoints/step_100_epoch_0_val-der_0.2269.nemo,1,1
arda-argmax/sortformer-finetuned/6spk-v0.6-fastmss-prepared-shar-bs10-a100-80gb-4gpu-debug-debug-v1-1780602382/checkpoints/step_150_epoch_1_val-der_0.2196.nemo,1,1
arda-argmax/sortformer-finetuned/6spk-v0.6-fastmss-prepared-shar-bs10-a100-80gb-4gpu-debug-debug-v1-1780602382/checkpoints/step_200_epoch_1_val-der_0.2164.nemo,1,1
arda-argmax/sortformer-finetuned/6spk-v0.6-fastmss-prepared-shar-bs10-a100-80gb-4gpu-debug-debug-v1-1780602382/checkpoints/step_300_epoch_2_val-der_0.2103.nemo,1,1
arda-argmax/sortformer-finetuned/6spk-v0.6-fastmss-prepared-shar-bs10-a100-80gb-4gpu-debug-debug-v1-1780602382/checkpoints/step_50_epoch_0_val-der_0.3548.nemo,1,1
arda-argmax/sortformer-finetuned/6spk-v0.6-fastmss-prepared-shar-bs10-a100-80gb-4gpu-fullset-v11-1780998497/best.nemo,1,1
arda-argmax/sortformer-finetuned/6spk-v0.6-fastmss-prepared-shar-bs10-a100-80gb-4gpu-fullset-v11-1780998497/checkpoints/step_11235_epoch_0_val-der_0.0716.nemo,1,1
arda-argmax/sortformer-finetuned/6spk-v0.6-fastmss-prepared-shar-bs10-a100-80gb-4gpu-fullset-v11-1780998497/checkpoints/step_14980_epoch_0_val-der_0.0702.nemo,1,1
arda-argmax/sortformer-finetuned/6spk-v0.6-fastmss-prepared-shar-bs10-a100-80gb-4gpu-fullset-v11-1780998497/checkpoints/step_3745_epoch_0_val-der_0.0756.nemo,1,1
arda-argmax/sortformer-finetuned/6spk-v0.6-fastmss-prepared-shar-bs10-a100-80gb-4gpu-fullset-v11-1780998497/checkpoints/step_7490_epoch_0_val-der_0.0723.nemo,1,1
arda-argmax/sortformer-finetuned/6spk-v0.6-fastmss-prepared-shar-bs10-a100-80gb-8gpu-debug-debug-v1-1780604170/best.nemo,1,1
arda-argmax/sortformer-finetuned/6spk-v0.6-fastmss-prepared-shar-bs10-a100-80gb-8gpu-debug-debug-v1-1780604170/checkpoints/step_100_epoch_1_val-der_0.2204.nemo,1,1
arda-argmax/sortformer-finetuned/6spk-v0.6-fastmss-prepared-shar-bs10-a100-80gb-8gpu-debug-debug-v1-1780604170/checkpoints/step_150_epoch_2_val-der_0.2128.nemo,1,1
arda-argmax/sortformer-finetuned/6spk-v0.6-fastmss-prepared-shar-bs10-a100-80gb-8gpu-debug-debug-v1-1780604170/checkpoints/step_50_epoch_0_val-der_0.3458.nemo,1,1
arda-argmax/sortformer-finetuned/6spk-v0.6-fastmss-prepared-shar-bs10-a100-80gb-8gpu-fullset-v10-1780606582/best.nemo,1,1
arda-argmax/sortformer-finetuned/6spk-v0.6-fastmss-prepared-shar-bs10-a100-80gb-8gpu-fullset-v10-1780606582/checkpoints/step_11232_epoch_0_val-der_0.0901.nemo,1,1
arda-argmax/sortformer-finetuned/6spk-v0.6-fastmss-prepared-shar-bs10-a100-80gb-8gpu-fullset-v10-1780606582/checkpoints/step_13104_epoch_0_val-der_0.0887.nemo,1,1
arda-argmax/sortformer-finetuned/6spk-v0.6-fastmss-prepared-shar-bs10-a100-80gb-8gpu-fullset-v10-1780606582/checkpoints/step_14976_epoch_0_val-der_0.0879.nemo,1,1
arda-argmax/sortformer-finetuned/6spk-v0.6-fastmss-prepared-shar-bs10-a100-80gb-8gpu-fullset-v10-1780606582/checkpoints/step_16848_epoch_0_val-der_0.0865.nemo,1,1
arda-argmax/sortformer-finetuned/6spk-v0.6-fastmss-prepared-shar-bs10-a100-80gb-8gpu-fullset-v10-1780606582/checkpoints/step_18720_epoch_0_val-der_0.0854.nemo,1,1
arda-argmax/sortformer-finetuned/6spk-v0.6-fastmss-prepared-shar-bs10-a100-80gb-8gpu-fullset-v10-1780606582/checkpoints/step_1872_epoch_0_val-der_0.1109.nemo,1,1
arda-argmax/sortformer-finetuned/6spk-v0.6-fastmss-prepared-shar-bs10-a100-80gb-8gpu-fullset-v10-1780606582/checkpoints/step_20592_epoch_0_val-der_0.0846.nemo,1,1
arda-argmax/sortformer-finetuned/6spk-v0.6-fastmss-prepared-shar-bs10-a100-80gb-8gpu-fullset-v10-1780606582/checkpoints/step_22464_epoch_0_val-der_0.0840.nemo,1,1
arda-argmax/sortformer-finetuned/6spk-v0.6-fastmss-prepared-shar-bs10-a100-80gb-8gpu-fullset-v10-1780606582/checkpoints/step_24336_epoch_0_val-der_0.0838.nemo,1,1
arda-argmax/sortformer-finetuned/6spk-v0.6-fastmss-prepared-shar-bs10-a100-80gb-8gpu-fullset-v10-1780606582/checkpoints/step_26208_epoch_0_val-der_0.0828.nemo,1,1
arda-argmax/sortformer-finetuned/6spk-v0.6-fastmss-prepared-shar-bs10-a100-80gb-8gpu-fullset-v10-1780606582/checkpoints/step_28080_epoch_0_val-der_0.0815.nemo,1,1
arda-argmax/sortformer-finetuned/6spk-v0.6-fastmss-prepared-shar-bs10-a100-80gb-8gpu-fullset-v10-1780606582/checkpoints/step_31824_epoch_0_val-der_0.0807.nemo,1,1
arda-argmax/sortformer-finetuned/6spk-v0.6-fastmss-prepared-shar-bs10-a100-80gb-8gpu-fullset-v10-1780606582/checkpoints/step_35568_epoch_0_val-der_0.0804.nemo,1,1
arda-argmax/sortformer-finetuned/6spk-v0.6-fastmss-prepared-shar-bs10-a100-80gb-8gpu-fullset-v10-1780606582/checkpoints/step_37440_epoch_0_val-der_0.0797.nemo,1,1
arda-argmax/sortformer-finetuned/6spk-v0.6-fastmss-prepared-shar-bs10-a100-80gb-8gpu-fullset-v10-1780606582/checkpoints/step_3744_epoch_0_val-der_0.1021.nemo,1,1
arda-argmax/sortformer-finetuned/6spk-v0.6-fastmss-prepared-shar-bs10-a100-80gb-8gpu-fullset-v10-1780606582/checkpoints/step_5616_epoch_0_val-der_0.0964.nemo,1,1
arda-argmax/sortformer-finetuned/6spk-v0.6-fastmss-prepared-shar-bs10-a100-80gb-8gpu-fullset-v10-1780606582/checkpoints/step_7488_epoch_0_val-der_0.0941.nemo,1,1
arda-argmax/sortformer-finetuned/6spk-v0.6-fastmss-prepared-shar-bs10-a100-80gb-8gpu-fullset-v10-1780606582/checkpoints/step_9360_epoch_0_val-der_0.0917.nemo,1,1
arda-argmax/sortformer-finetuned/6spk-vox-ami-aishell-ali-bs10-ga2-a100-80gb-4gpu-5ep-v2-1782411519/best.nemo,1,1
arda-argmax/sortformer-finetuned/6spk-vox-ami-aishell-ali-bs10-ga2-a100-80gb-4gpu-5ep-v2-1782411519/checkpoints/step_104_epoch_0_val-der_0.1575.nemo,1,1
arda-argmax/sortformer-finetuned/6spk-vox-ami-aishell-ali-bs10-ga2-a100-80gb-4gpu-5ep-v2-1782411519/checkpoints/step_131_epoch_1_val-der_0.1559.nemo,1,1
arda-argmax/sortformer-finetuned/6spk-vox-ami-aishell-ali-bs10-ga2-a100-80gb-4gpu-5ep-v2-1782411519/checkpoints/step_183_epoch_1_val-der_0.1529.nemo,1,1
arda-argmax/sortformer-finetuned/6spk-vox-ami-aishell-ali-bs10-ga2-a100-80gb-4gpu-5ep-v2-1782411519/checkpoints/step_236_epoch_2_val-der_0.1527.nemo,1,1
arda-argmax/sortformer-finetuned/6spk-vox-ami-aishell-ali-bs10-ga2-a100-80gb-4gpu-5ep-v2-1782411519/checkpoints/step_26_epoch_0_val-der_0.1865.nemo,1,1
arda-argmax/sortformer-finetuned/6spk-vox-ami-aishell-ali-bs10-ga2-a100-80gb-4gpu-5ep-v2-1782411519/checkpoints/step_288_epoch_2_val-der_0.1515.nemo,1,1
arda-argmax/sortformer-finetuned/6spk-vox-ami-aishell-ali-bs10-ga2-a100-80gb-4gpu-5ep-v2-1782411519/checkpoints/step_341_epoch_3_val-der_0.1510.nemo,1,1
arda-argmax/sortformer-finetuned/6spk-vox-ami-aishell-ali-bs10-ga2-a100-80gb-4gpu-5ep-v2-1782411519/checkpoints/step_419_epoch_3_val-der_0.1496.nemo,1,1
arda-argmax/sortformer-finetuned/6spk-vox-ami-aishell-ali-bs10-ga2-a100-80gb-4gpu-5ep-v2-1782411519/checkpoints/step_472_epoch_4_val-der_0.1480.nemo,1,1
arda-argmax/sortformer-finetuned/6spk-vox-ami-aishell-ali-bs10-ga2-a100-80gb-4gpu-5ep-v2-1782411519/checkpoints/step_52_epoch_0_val-der_0.1649.nemo,1,1
arda-argmax/sortformer-finetuned/6spk-vox-ami-aishell-ali-bs10-ga2-a100-80gb-4gpu-5ep-v2-1782411519/checkpoints/step_78_epoch_0_val-der_0.1603.nemo,1,1
arda-argmax/sortformer-finetuned/8spk-v0.2-bs1-acc8-l4-cachedtrain-shardedval_v3-1777960366/best.nemo,1,1
arda-argmax/sortformer-finetuned/8spk-v0.2-bs1-acc8-l4-cachedtrain-shardedval_v6-1777969623/best.nemo,1,1
arda-argmax/sortformer-finetuned/8spk-v0.2-bs1-acc8-l4-cachedval-1777594506/best.nemo,1,1
arda-argmax/sortformer-finetuned/8spk-v0.2-bs1-acc8-l4-diskcache-shardedval-v1-1778007921/best.nemo,1,1
arda-argmax/sortformer-finetuned/smoke-1777401758/best.nemo,1,1
arda-argmax/sortformer-finetuned/sortformer-train-1777492805/best.nemo,1,1
arda-argmax/sortformer-finetuned/sortformer-train-1777563938/best.nemo,1,1
arda-argmax/sortformer-finetuned/sortformer-train-1777567093/best.nemo,1,1
arda-argmax/sortformer-finetuned/sortformer-train-1777578793/best.nemo,1,1
arda-argmax/sortformer-finetuned/sortformer-train-1777589381/best.nemo,1,1
arda-argmax/sortformer-finetuned/vertex-streaming-smoke-train-1777405971/best.nemo,1,1
arda-argmax/sortformer-finetuned/vertex-streaming-smoke-train-1777413928/best.nemo,1,1
timm/MobileCLIP2-S0-OpenCLIP/open_clip_pytorch_model.bin,1,1
optimum-intel-internal-testing/tiny-random-Data2VecTextModel/pytorch_model.bin,1,1
timm/convnext_large.dinov3_lvd1689m/pytorch_model.bin,1,1
timm/MobileCLIP2-S2-OpenCLIP/open_clip_pytorch_model.bin,1,1
OpenMed/OpenMed-ZeroShot-NER-Pathology-Tiny-60M/pytorch_model.bin,1,1
nvidia/C-RADIOv4-SO400M/c-radio_v4-so400m_half.pth.tar,1,1
zondaxyz/babyconceptLM-baike102M_bpe40/pytorch_model.bin,1,1
pytorch/gemma-3-12b-it-FP8/pytorch_model-00001-of-00003.bin,1,1
blackbeedrones/sae-2026-hang-all-yolo26n-seg-v2-960/weights/epoch187.pt,1,1
thatbrguy/g3t/model.pt,1,1
michka/Melenchon-Nemo-12B/checkpoint-240/optimizer.pt,1,1
Stable-X/vggt-object-v0-1/model.pt,1,1
sakamakismile/Qwen3.6-27B-LNARIZE-NVFP4/kvtc_calibration.pt,1,1
timm/vit_huge_patch14_clip_378.metaclip2_worldwide/open_clip_pytorch_model.bin,1,1
timm/vit_huge_patch14_clip_378.metaclip2_worldwide/pytorch_model.bin,1,1
Chess473737/nepal-model/A100Pretrain/checkpoint-10000/training_args.bin,1,1
Chess473737/nepal-model/A100Pretrain/checkpoint-15000/training_args.bin,1,1
Chess473737/nepal-model/A100Pretrain/checkpoint-20000/training_args.bin,1,1
Chess473737/nepal-model/A100Pretrain/checkpoint-5000/optimizer.pt,1,1
Chess473737/nepal-model/A100Pretrain/checkpoint-5000/scheduler.pt,1,0
Chess473737/nepal-model/A100Pretrain/checkpoint-5000/training_args.bin,1,1
Chess473737/nepal-model/Kaggle1B/ckpt-12000/scheduler.pt,1,0
openbmb/BitCPM-CANN-3B/pytorch_model.bin,1,1
typhoon-ai/typhoon-asr-realtime/typhoon-asr-realtime.nemo,1,1
cisco-ai/SecureBERT2.0-cross_encoder/optimizer.pt,1,1
AIDElab-IITBombay/RadJEPA/jepa_encoder.pth.tar,1,1
stabilityai/stable-audio-3-small-sfx-base/svd_bases.pt,1,1
openbmb/BitCPM-CANN-8B/pytorch_model.bin,1,1
GaryFer/smart-parking-weights/fasterrcnnv2/best_seed1000.pt,1,1
GaryFer/smart-parking-weights/fasterrcnnv2/best_seed123.pt,1,1
GaryFer/smart-parking-weights/fasterrcnnv2/best_seed1234.pt,1,1
GaryFer/smart-parking-weights/fasterrcnnv2/best_seed2025.pt,1,1
GaryFer/smart-parking-weights/fasterrcnnv2/best_seed3141.pt,1,1
GaryFer/smart-parking-weights/fasterrcnnv2/best_seed42.pt,1,1
GaryFer/smart-parking-weights/fasterrcnnv2/best_seed456.pt,1,1
GaryFer/smart-parking-weights/rtdetr/run_1000/weights/best.pt,1,1
GaryFer/smart-parking-weights/rtdetr/run_1000/weights/last.pt,1,1
GaryFer/smart-parking-weights/rtdetr/run_123/weights/best.pt,1,1
GaryFer/smart-parking-weights/rtdetr/run_1234/weights/best.pt,1,1
GaryFer/smart-parking-weights/rtdetr/run_1234/weights/last.pt,1,1
GaryFer/smart-parking-weights/rtdetr/run_2024/weights/last.pt,1,1
GaryFer/smart-parking-weights/rtdetr/run_3141/weights/best.pt,1,1
GaryFer/smart-parking-weights/rtdetr/run_456/weights/best.pt,1,1
GaryFer/smart-parking-weights/rtdetr/run_789/weights/best.pt,1,1
GaryFer/smart-parking-weights/yolov11s/run_1000/weights/last.pt,1,1
GaryFer/smart-parking-weights/yolov11s/run_123/weights/best.pt,1,1
GaryFer/smart-parking-weights/yolov11s/run_123/weights/last.pt,1,1
GaryFer/smart-parking-weights/yolov11s/run_1234/weights/best.pt,1,1
GaryFer/smart-parking-weights/yolov11s/run_2025/weights/best.pt,1,1
GaryFer/smart-parking-weights/yolov11s/run_2025/weights/last.pt,1,1
GaryFer/smart-parking-weights/yolov11s/run_3141/weights/best.pt,1,1
GaryFer/smart-parking-weights/yolov11s/run_42/weights/best.pt,1,1
GaryFer/smart-parking-weights/yolov11s/run_456/weights/best.pt,1,1
GaryFer/smart-parking-weights/yolov11s/run_456/weights/last.pt,1,1
GaryFer/smart-parking-weights/yolov11s/run_789/weights/best.pt,1,1
GaryFer/smart-parking-weights/yolov11s/run_789/weights/last.pt,1,1
GaryFer/smart-parking-weights/yolov11s/run_9999/weights/best.pt,1,1
GaryFer/smart-parking-weights/yolov11s/run_9999/weights/last.pt,1,1
GaryFer/smart-parking-weights/yolov12s/run_1000/weights/best.pt,1,1
GaryFer/smart-parking-weights/yolov12s/run_1000/weights/last.pt,1,1
GaryFer/smart-parking-weights/yolov12s/run_123/weights/best.pt,1,1
GaryFer/smart-parking-weights/yolov12s/run_1234/weights/last.pt,1,1
GaryFer/smart-parking-weights/yolov12s/run_2024/weights/last.pt,1,1
GaryFer/smart-parking-weights/yolov12s/run_2025/weights/best.pt,1,1
GaryFer/smart-parking-weights/yolov12s/run_3141/weights/best.pt,1,1
GaryFer/smart-parking-weights/yolov12s/run_3141/weights/last.pt,1,1
GaryFer/smart-parking-weights/yolov12s/run_42/weights/best.pt,1,1
GaryFer/smart-parking-weights/yolov12s/run_456/weights/best.pt,1,1
GaryFer/smart-parking-weights/yolov12s/run_456/weights/last.pt,1,1
GaryFer/smart-parking-weights/yolov12s/run_789/weights/last.pt,1,1
GaryFer/smart-parking-weights/yolov12s/run_9999/weights/best.pt,1,1
GaryFer/smart-parking-weights/yolov12s/run_9999/weights/last.pt,1,1
GaryFer/smart-parking-weights/yolov8s/run_1000/weights/best.pt,1,1
GaryFer/smart-parking-weights/yolov8s/run_123/weights/best.pt,1,1
GaryFer/smart-parking-weights/yolov8s/run_1234/weights/best.pt,1,1
GaryFer/smart-parking-weights/yolov8s/run_2024/weights/best.pt,1,1
GaryFer/smart-parking-weights/yolov8s/run_2025/weights/best.pt,1,1
GaryFer/smart-parking-weights/yolov8s/run_3141/weights/best.pt,1,1
GaryFer/smart-parking-weights/yolov8s/run_3141/weights/last.pt,1,1
GaryFer/smart-parking-weights/yolov8s/run_789/weights/best.pt,1,1
GaryFer/smart-parking-weights/yolov8s/run_9999/weights/best.pt,1,1
GaryFer/smart-parking-weights/yolov8s/run_9999/weights/last.pt,1,1
baichuan-inc/Baichuan-M2-32B/draft/pytorch_model.bin,1,1
gabrielpirlo/Sped_ParakeetRomanian_110M_TDT-CTC/SpeD-ParakeetRo_110M_TDT-CTC.nemo,1,1
Soul-AILab/SoulX-Singer-Preprocess/parakeet-tdt-0.6b-v2/parakeet-tdt-0.6b-v2.nemo,1,1
openbmb/BitCPM-CANN-8B-unquantized/pytorch_model.bin,1,1
facebook/lagernvs_general_512/model.pt,1,1
Malgesw/ppo-Huggy/Huggy/Huggy-1599365.pt,1,1
yuriyvnv/parakeet-tdt-0.6b-EN-Medical/parakeet-tdt-cv17_multimed_en-seed42.nemo,1,1
yuriyvnv/parakeet-tdt-0.6b-EN-Medical/parakeet-tdt-multimed_en-seed42.nemo,1,1
shaikhsalman/ZabaanAI-Urdu-3B/last-checkpoint/optimizer.pt,1,1
fpadovani/rus-cyrl-100mb-100mb_seed3407/checkpoint-105000/rng_state.pth,1,1
fpadovani/rus-cyrl-100mb-100mb_seed3407/checkpoint-39000/rng_state.pth,1,1
fpadovani/rus-cyrl-100mb-100mb_seed3407/checkpoint-42000/rng_state.pth,1,1
nvidia/magpie_tts_multilingual_357m/magpie_tts_multilingual_357m.nemo,1,1
asdasdasd1234567890/asd/ultralytics/segm/yolo-human-parse-epoch-125.pt,1,1
attack-vector/SecureModernBERT-NER/checkpoint-10605/optimizer.pt,1,1
timm/vit_small_plus_patch16_dinov3_qkvb.lvd1689m/pytorch_model.bin,1,1
binant/wendyrv/model.pth,1,1
jwest33/qwen3-vl-8b-instruct-null-space-abliterated/null_space_projectors.pt,1,1
jwest33/qwen3-vl-8b-instruct-null-space-abliterated/refusal_directions.pt,1,1
inference-optimization/Laguna-XS.2-speculator.dflash-Qwen235B-500k-ckpt5/scheduler_state_dict.pt,1,0
fpadovani/swa-latn-100mb-after-ppt-shuff-dyck-100mb-ckpt500_seed3407/checkpoint-164000/rng_state.pth,1,1
fpadovani/swa-latn-100mb-after-ppt-shuff-dyck-100mb-ckpt500_seed3407/checkpoint-212000/rng_state.pth,1,1
fpadovani/swa-latn-100mb-after-ppt-shuff-dyck-100mb-ckpt500_seed3407/checkpoint-220000/rng_state.pth,1,1
fpadovani/swa-latn-100mb-after-ppt-shuff-dyck-100mb-ckpt500_seed3407/checkpoint-224000/rng_state.pth,1,1
fpadovani/swa-latn-100mb-after-ppt-shuff-dyck-100mb-ckpt500_seed3407/checkpoint-232000/rng_state.pth,1,1
fpadovani/swa-latn-100mb-after-ppt-shuff-dyck-100mb-ckpt500_seed3407/checkpoint-272000/rng_state.pth,1,1
fpadovani/swa-latn-100mb-after-ppt-shuff-dyck-100mb-ckpt500_seed3407/checkpoint-280000/rng_state.pth,1,1
fpadovani/swa-latn-100mb-after-ppt-shuff-dyck-100mb-ckpt500_seed3407/checkpoint-40000/rng_state.pth,1,1
fpadovani/swa-latn-100mb-after-ppt-shuff-dyck-100mb-ckpt500_seed3407/checkpoint-44000/rng_state.pth,1,1
fpadovani/swa-latn-100mb-after-ppt-shuff-dyck-100mb-ckpt500_seed3407/checkpoint-80000/rng_state.pth,1,1
fpadovani/ind-latn-100mb-after-ppt-Dp-100mb-ckpt500_seed3407/checkpoint-102000/training_args.bin,1,1
fpadovani/ind-latn-100mb-after-ppt-Dp-100mb-ckpt500_seed3407/checkpoint-105000/training_args.bin,1,1
fpadovani/ind-latn-100mb-after-ppt-Dp-100mb-ckpt500_seed3407/checkpoint-108000/training_args.bin,1,1
fpadovani/ind-latn-100mb-after-ppt-Dp-100mb-ckpt500_seed3407/checkpoint-111000/training_args.bin,1,1
fpadovani/ind-latn-100mb-after-ppt-Dp-100mb-ckpt500_seed3407/checkpoint-114000/training_args.bin,1,1
fpadovani/ind-latn-100mb-after-ppt-Dp-100mb-ckpt500_seed3407/checkpoint-117000/training_args.bin,1,1
fpadovani/ind-latn-100mb-after-ppt-Dp-100mb-ckpt500_seed3407/checkpoint-12000/training_args.bin,1,1
fpadovani/ind-latn-100mb-after-ppt-Dp-100mb-ckpt500_seed3407/checkpoint-120000/training_args.bin,1,1
fpadovani/ind-latn-100mb-after-ppt-Dp-100mb-ckpt500_seed3407/checkpoint-123000/training_args.bin,1,1
fpadovani/ind-latn-100mb-after-ppt-Dp-100mb-ckpt500_seed3407/checkpoint-126000/training_args.bin,1,1
fpadovani/ind-latn-100mb-after-ppt-Dp-100mb-ckpt500_seed3407/checkpoint-128520/rng_state.pth,1,1
fpadovani/ind-latn-100mb-after-ppt-Dp-100mb-ckpt500_seed3407/checkpoint-128520/training_args.bin,1,1
fpadovani/ind-latn-100mb-after-ppt-Dp-100mb-ckpt500_seed3407/checkpoint-15000/training_args.bin,1,1
fpadovani/ind-latn-100mb-after-ppt-Dp-100mb-ckpt500_seed3407/checkpoint-18000/training_args.bin,1,1
fpadovani/ind-latn-100mb-after-ppt-Dp-100mb-ckpt500_seed3407/checkpoint-21000/rng_state.pth,1,1
fpadovani/ind-latn-100mb-after-ppt-Dp-100mb-ckpt500_seed3407/checkpoint-21000/training_args.bin,1,1
fpadovani/ind-latn-100mb-after-ppt-Dp-100mb-ckpt500_seed3407/checkpoint-24000/training_args.bin,1,1
fpadovani/ind-latn-100mb-after-ppt-Dp-100mb-ckpt500_seed3407/checkpoint-27000/training_args.bin,1,1
fpadovani/ind-latn-100mb-after-ppt-Dp-100mb-ckpt500_seed3407/checkpoint-3000/training_args.bin,1,1
fpadovani/ind-latn-100mb-after-ppt-Dp-100mb-ckpt500_seed3407/checkpoint-30000/training_args.bin,1,1
fpadovani/ind-latn-100mb-after-ppt-Dp-100mb-ckpt500_seed3407/checkpoint-33000/training_args.bin,1,1
fpadovani/ind-latn-100mb-after-ppt-Dp-100mb-ckpt500_seed3407/checkpoint-36000/rng_state.pth,1,1
fpadovani/ind-latn-100mb-after-ppt-Dp-100mb-ckpt500_seed3407/checkpoint-36000/training_args.bin,1,1
fpadovani/ind-latn-100mb-after-ppt-Dp-100mb-ckpt500_seed3407/checkpoint-39000/training_args.bin,1,1
fpadovani/ind-latn-100mb-after-ppt-Dp-100mb-ckpt500_seed3407/checkpoint-42000/training_args.bin,1,1
fpadovani/ind-latn-100mb-after-ppt-Dp-100mb-ckpt500_seed3407/checkpoint-45000/training_args.bin,1,1
fpadovani/ind-latn-100mb-after-ppt-Dp-100mb-ckpt500_seed3407/checkpoint-48000/training_args.bin,1,1
fpadovani/ind-latn-100mb-after-ppt-Dp-100mb-ckpt500_seed3407/checkpoint-51000/training_args.bin,1,1
fpadovani/ind-latn-100mb-after-ppt-Dp-100mb-ckpt500_seed3407/checkpoint-54000/training_args.bin,1,1
fpadovani/ind-latn-100mb-after-ppt-Dp-100mb-ckpt500_seed3407/checkpoint-57000/training_args.bin,1,1
fpadovani/ind-latn-100mb-after-ppt-Dp-100mb-ckpt500_seed3407/checkpoint-6000/training_args.bin,1,1
fpadovani/ind-latn-100mb-after-ppt-Dp-100mb-ckpt500_seed3407/checkpoint-60000/training_args.bin,1,1
fpadovani/ind-latn-100mb-after-ppt-Dp-100mb-ckpt500_seed3407/checkpoint-63000/training_args.bin,1,1
fpadovani/ind-latn-100mb-after-ppt-Dp-100mb-ckpt500_seed3407/checkpoint-66000/training_args.bin,1,1
fpadovani/ind-latn-100mb-after-ppt-Dp-100mb-ckpt500_seed3407/checkpoint-69000/rng_state.pth,1,1
fpadovani/ind-latn-100mb-after-ppt-Dp-100mb-ckpt500_seed3407/checkpoint-69000/training_args.bin,1,1
fpadovani/ind-latn-100mb-after-ppt-Dp-100mb-ckpt500_seed3407/checkpoint-72000/training_args.bin,1,1
fpadovani/ind-latn-100mb-after-ppt-Dp-100mb-ckpt500_seed3407/checkpoint-75000/training_args.bin,1,1
fpadovani/ind-latn-100mb-after-ppt-Dp-100mb-ckpt500_seed3407/checkpoint-78000/training_args.bin,1,1
fpadovani/ind-latn-100mb-after-ppt-Dp-100mb-ckpt500_seed3407/checkpoint-81000/rng_state.pth,1,1
fpadovani/ind-latn-100mb-after-ppt-Dp-100mb-ckpt500_seed3407/checkpoint-81000/training_args.bin,1,1
fpadovani/ind-latn-100mb-after-ppt-Dp-100mb-ckpt500_seed3407/checkpoint-84000/training_args.bin,1,1
fpadovani/ind-latn-100mb-after-ppt-Dp-100mb-ckpt500_seed3407/checkpoint-87000/training_args.bin,1,1
fpadovani/ind-latn-100mb-after-ppt-Dp-100mb-ckpt500_seed3407/checkpoint-9000/training_args.bin,1,1
fpadovani/ind-latn-100mb-after-ppt-Dp-100mb-ckpt500_seed3407/checkpoint-90000/rng_state.pth,1,1
fpadovani/ind-latn-100mb-after-ppt-Dp-100mb-ckpt500_seed3407/checkpoint-90000/training_args.bin,1,1
fpadovani/ind-latn-100mb-after-ppt-Dp-100mb-ckpt500_seed3407/checkpoint-93000/training_args.bin,1,1
fpadovani/ind-latn-100mb-after-ppt-Dp-100mb-ckpt500_seed3407/checkpoint-96000/training_args.bin,1,1
fpadovani/ind-latn-100mb-after-ppt-Dp-100mb-ckpt500_seed3407/checkpoint-99000/training_args.bin,1,1
fpadovani/ind-latn-100mb-after-ppt-Dp-100mb-ckpt500_seed3407/training_args.bin,1,1
nvidia/nemo-nano-codec-22khz-0.6kbps-12.5fps/nemo-nano-codec-22khz-0.6kbps-12.5fps.nemo,1,1
fpadovani/swe-latn-10mb-after-ppt-Dp-100mb-ckpt500_seed3407/checkpoint-9000/rng_state.pth,1,1
omi-health/omi-med-stt-v1/omimedstt-v1.nemo,1,1
fpadovani/swa-latn-100mb-after-ppt-Dp-100mb-ckpt500_seed3407/checkpoint-164000/rng_state.pth,1,1
fpadovani/swa-latn-100mb-after-ppt-Dp-100mb-ckpt500_seed3407/checkpoint-212000/rng_state.pth,1,1
fpadovani/swa-latn-100mb-after-ppt-Dp-100mb-ckpt500_seed3407/checkpoint-220000/rng_state.pth,1,1
fpadovani/swa-latn-100mb-after-ppt-Dp-100mb-ckpt500_seed3407/checkpoint-224000/rng_state.pth,1,1
fpadovani/swa-latn-100mb-after-ppt-Dp-100mb-ckpt500_seed3407/checkpoint-232000/rng_state.pth,1,1
fpadovani/swa-latn-100mb-after-ppt-Dp-100mb-ckpt500_seed3407/checkpoint-272000/rng_state.pth,1,1
fpadovani/swa-latn-100mb-after-ppt-Dp-100mb-ckpt500_seed3407/checkpoint-280000/rng_state.pth,1,1
fpadovani/swa-latn-100mb-after-ppt-Dp-100mb-ckpt500_seed3407/checkpoint-40000/rng_state.pth,1,1
fpadovani/swa-latn-100mb-after-ppt-Dp-100mb-ckpt500_seed3407/checkpoint-44000/rng_state.pth,1,1
fpadovani/swa-latn-100mb-after-ppt-Dp-100mb-ckpt500_seed3407/checkpoint-80000/rng_state.pth,1,1
nvidia/GR00T-N1.7-SimplerEnv-Bridge/global_step32000/mp_rank_00_model_states.pt,1,1
fpadovani/tur-latn-100mb-100mb_seed10/checkpoint-24000/rng_state.pth,1,1
fpadovani/tur-latn-100mb-100mb_seed10/checkpoint-75000/rng_state.pth,1,1
nvidia/fourcastnet3/training_checkpoints/best_ckpt_mp0.tar,1,1
nvidia/parakeet-unified-en-0.6b/parakeet-unified-en-0.6b.nemo,1,1
fpadovani/hin-deva-100mb-after-ppt-Dp-100mb-ckpt500_seed3407/checkpoint-3000/rng_state.pth,1,1
fpadovani/hin-deva-100mb-after-ppt-Dp-100mb-ckpt500_seed3407/checkpoint-69000/rng_state.pth,1,1
fpadovani/hin-deva-100mb-after-ppt-Dp-100mb-ckpt500_seed3407/checkpoint-87000/rng_state.pth,1,1
fpadovani/swe-latn-10mb-100mb_seed3407/checkpoint-9000/rng_state.pth,1,1
fpadovani/hin-deva-10mb-after-ppt-Dp-100mb-ckpt500_seed3407/checkpoint-104090/rng_state.pth,1,1
fpadovani/hin-deva-10mb-after-ppt-Dp-100mb-ckpt500_seed3407/checkpoint-15000/rng_state.pth,1,1
fpadovani/hin-deva-10mb-after-ppt-Dp-100mb-ckpt500_seed3407/checkpoint-54000/rng_state.pth,1,1
fpadovani/hin-deva-10mb-after-ppt-Dp-100mb-ckpt500_seed3407/checkpoint-6000/rng_state.pth,1,1
fpadovani/swe-latn-100mb-100mb_seed3407/checkpoint-57000/rng_state.pth,1,1
fpadovani/swe-latn-100mb-100mb_seed3407/checkpoint-66000/rng_state.pth,1,1
fpadovani/swe-latn-100mb-100mb_seed3407/checkpoint-75000/rng_state.pth,1,1
fpadovani/swe-latn-100mb-100mb_seed3407/checkpoint-90000/rng_state.pth,1,1
fpadovani/ind-latn-10mb-after-ppt-Dp-100mb-ckpt500_seed3407/checkpoint-114000/rng_state.pth,1,1
fpadovani/ind-latn-10mb-after-ppt-Dp-100mb-ckpt500_seed3407/checkpoint-21000/rng_state.pth,1,1
fpadovani/ind-latn-10mb-after-ppt-Dp-100mb-ckpt500_seed3407/checkpoint-27000/rng_state.pth,1,1
fpadovani/ind-latn-10mb-after-ppt-Dp-100mb-ckpt500_seed3407/checkpoint-6000/rng_state.pth,1,1
boltzgen/boltzgen-1/boltzgen1_structuretrained_small.ckpt,1,1
LuckyOda/comfyui-full-pack/person_yolov8m-seg.pt,1,1
knalin55/CUNI_FT-CROSS-LoRA/training_args.bin,1,1
Runware/adetailer/deepfashion2_yolov8s-seg.pt,1,1
Runware/adetailer/person_yolov8m-seg.pt,1,1
Runware/adetailer/person_yolov8n-seg.pt,1,1
Runware/adetailer/person_yolov8s-seg.pt,1,1
ecmwf/aifs-ens-2.0/aifs-ens-crps-2.0.ckpt,1,1
asdasdasd1234567890/asd/ultralytics/segm/CockAndBallYolo8x.pt,1,1
asdasdasd1234567890/asd/ultralytics/segm/PitEyeDetailer-v2-seg.pt,1,1
asdasdasd1234567890/asd/ultralytics/segm/face_yolov8m-seg_60.pt,1,1
asdasdasd1234567890/asd/ultralytics/segm/person_yolov8m-seg.pt,1,1
asdasdasd1234567890/asd/ultralytics/segm/person_yolov8n-seg.pt,1,1
asdasdasd1234567890/asd/ultralytics/segm/person_yolov8s-seg.pt,1,1
asdasdasd1234567890/asd/ultralytics/segm/skin_yolov8m-seg_400.pt,1,1
asdasdasd1234567890/asd/ultralytics/segm/yolo11n-seg.pt,1,1
vivekvar/helmet-v5/yolo11l-pose.pt,1,1
smegmarip/ComfyUI/segm/person_yolov8s-seg.pt,1,1
smegmarip/ComfyUI/ultralytics/segm/AnzhcHead-seg.pt,1,1
smegmarip/ComfyUI/ultralytics/segm/person_yolov8m-seg.pt,1,1
ecmwf/aifs-single-1.1/aifs-single-mse-1.1.ckpt,1,1
conch/CoCa/MahmoodLab-CONCH/pytorch_model.bin,1,1
flagembedding/BAAI-bge-base-en/pytorch_model.bin,1,1
flagembedding/BAAI-bge-base-en-v1.5/pytorch_model.bin,1,1
flagembedding/BAAI-bge-base-zh-v1.5/pytorch_model.bin,1,1
flagembedding/BAAI-bge-large-en/pytorch_model.bin,1,1
flagembedding/BAAI-bge-large-en-v1.5/pytorch_model.bin,1,1
flagembedding/BAAI-bge-large-zh/pytorch_model.bin,1,1
flagembedding/BAAI-bge-large-zh-v1.5/pytorch_model.bin,1,1
flagembedding/BAAI-bge-reranker-base/pytorch_model.bin,1,1
flagembedding/BAAI-bge-reranker-large/pytorch_model.bin,1,1
flagembedding/BAAI-bge-small-en/pytorch_model.bin,1,1
flagembedding/BAAI-bge-small-en-v1.5/pytorch_model.bin,1,1
flagembedding/BAAI-bge-small-zh/pytorch_model.bin,1,1
flagembedding/BAAI-bge-small-zh-v1.5/pytorch_model.bin,1,1
flagembedding/BAAI-llm-embedder/pytorch_model.bin,1,1
flair/SequenceTagger/flair-chunk-english-fast/pytorch_model.bin,1,1
flair/SequenceTagger/flair-ner-dutch-large/pytorch_model.bin,1,1
flair/SequenceTagger/flair-ner-english/pytorch_model.bin,1,1
flair/SequenceTagger/flair-ner-english-fast/pytorch_model.bin,1,1
flair/SequenceTagger/flair-ner-english-large/pytorch_model.bin,1,1
flair/SequenceTagger/flair-ner-english-ontonotes/pytorch_model.bin,1,1
flair/SequenceTagger/flair-ner-english-ontonotes-fast/pytorch_model.bin,1,1
flair/SequenceTagger/flair-ner-english-ontonotes-large/pytorch_model.bin,1,1
flair/SequenceTagger/flair-ner-french/pytorch_model.bin,1,1
flair/SequenceTagger/flair-ner-german/pytorch_model.bin,1,1
flair/SequenceTagger/flair-ner-german-large/pytorch_model.bin,1,1
flair/SequenceTagger/flair-ner-multi/pytorch_model.bin,1,1
flair/SequenceTagger/flair-ner-spanish-large/pytorch_model.bin,1,1
flair/SequenceTagger/flair-pos-english/pytorch_model.bin,1,0
flair/SequenceTagger/flair-pos-english-fast/pytorch_model.bin,1,0
flair/SequenceTagger/flair-upos-english/pytorch_model.bin,1,1
flair/SequenceTagger/flair-upos-english-fast/pytorch_model.bin,1,1
flair/SequenceTagger/flair-upos-multi/pytorch_model.bin,1,1
gliner/GliNER/DeepMount00-GLiNER_ITA_BASE/pytorch_model.bin,1,1
gliner/GliNER/DeepMount00-GLiNER_ITA_LARGE/pytorch_model.bin,1,1
gliner/GliNER/DeepMount00-GLiNER_PII_ITA/pytorch_model.bin,1,1
gliner/GliNER/DeepMount00-universal_ner_ita/pytorch_model.bin,1,1
gliner/GliNER/EmergentMethods-gliner_medium_news-v2.1/pytorch_model.bin,1,1
gliner/GliNER/gliner-community-gliner_large-v2.5/pytorch_model.bin,1,1
gliner/GliNER/gliner-community-gliner_medium-v2.5/pytorch_model.bin,1,1
gliner/GliNER/numind-NuNER_Zero/pytorch_model.bin,1,1
gliner/GliNER/urchade-gliner_base/pytorch_model.bin,1,1
gliner/GliNER/urchade-gliner_large-v1/pytorch_model.bin,1,1
gliner/GliNER/urchade-gliner_large-v2/pytorch_model.bin,1,1
gliner/GliNER/urchade-gliner_large-v2.1/pytorch_model.bin,1,1
gliner/GliNER/urchade-gliner_medium-v2.1/pytorch_model.bin,1,1
gliner/GliNER/urchade-gliner_multi/pytorch_model.bin,1,1
gliner/GliNER/urchade-gliner_multi-v2.1/pytorch_model.bin,1,1
gliner/GliNER/urchade-gliner_multi_pii-v1/pytorch_model.bin,1,1
gliner/GliNER/urchade-gliner_small-v2.1/pytorch_model.bin,1,1
huggingsound/SpeechRecognitionModel/jonatasgrosman-wav2vec2-large-xlsr-53-arabic/pytorch_model.bin,1,1
huggingsound/SpeechRecognitionModel/jonatasgrosman-wav2vec2-large-xlsr-53-chinese-zh-cn/pytorch_model.bin,1,1
huggingsound/SpeechRecognitionModel/jonatasgrosman-wav2vec2-large-xlsr-53-dutch/pytorch_model.bin,1,1
huggingsound/SpeechRecognitionModel/jonatasgrosman-wav2vec2-large-xlsr-53-english/pytorch_model.bin,1,1
huggingsound/SpeechRecognitionModel/jonatasgrosman-wav2vec2-large-xlsr-53-finnish/pytorch_model.bin,1,1
huggingsound/SpeechRecognitionModel/jonatasgrosman-wav2vec2-large-xlsr-53-french/pytorch_model.bin,1,1
huggingsound/SpeechRecognitionModel/jonatasgrosman-wav2vec2-large-xlsr-53-german/pytorch_model.bin,1,1
huggingsound/SpeechRecognitionModel/jonatasgrosman-wav2vec2-large-xlsr-53-greek/pytorch_model.bin,1,1
huggingsound/SpeechRecognitionModel/jonatasgrosman-wav2vec2-large-xlsr-53-hungarian/pytorch_model.bin,1,1
huggingsound/SpeechRecognitionModel/jonatasgrosman-wav2vec2-large-xlsr-53-italian/pytorch_model.bin,1,1
huggingsound/SpeechRecognitionModel/jonatasgrosman-wav2vec2-large-xlsr-53-japanese/pytorch_model.bin,1,1
huggingsound/SpeechRecognitionModel/jonatasgrosman-wav2vec2-large-xlsr-53-persian/pytorch_model.bin,1,1
huggingsound/SpeechRecognitionModel/jonatasgrosman-wav2vec2-large-xlsr-53-polish/pytorch_model.bin,1,1
huggingsound/SpeechRecognitionModel/jonatasgrosman-wav2vec2-large-xlsr-53-portuguese/pytorch_model.bin,1,1
huggingsound/SpeechRecognitionModel/jonatasgrosman-wav2vec2-large-xlsr-53-russian/pytorch_model.bin,1,1
huggingsound/SpeechRecognitionModel/jonatasgrosman-wav2vec2-large-xlsr-53-spanish/pytorch_model.bin,1,1
huggingsound/SpeechRecognitionModel/jonatasgrosman-wav2vec2-xls-r-1b-portuguese/pytorch_model.bin,1,1
languagebind/LanguageBind/LanguageBind-LanguageBind_Audio/pytorch_model.bin,1,1
languagebind/LanguageBind/LanguageBind-LanguageBind_Audio_FT/pytorch_model.bin,1,1
languagebind/LanguageBind/LanguageBind-LanguageBind_Image/pytorch_model.bin,1,1
languagebind/LanguageBind/LanguageBind-LanguageBind_Video/pytorch_model.bin,1,1
languagebind/LanguageBind/LanguageBind-LanguageBind_Video_FT/pytorch_model.bin,1,1
languagebind/LanguageBind/LanguageBind-LanguageBind_Video_Huge_V1.5_FT/pytorch_model.bin,1,1
languagebind/LanguageBind/LanguageBind-LanguageBind_Video_merge/pytorch_model.bin,1,1
languagebind/LanguageBind/LanguageBind-LanguageBind_Video_V1.5_FT/pytorch_model.bin,1,1
melo/TTS/myshell-ai-MeloTTS-Chinese/checkpoint.pth,1,1
melo/TTS/myshell-ai-MeloTTS-English/checkpoint.pth,1,1
melo/TTS/myshell-ai-MeloTTS-English-v2/checkpoint.pth,1,1
melo/TTS/myshell-ai-MeloTTS-English-v3/checkpoint.pth,1,1
melo/TTS/myshell-ai-MeloTTS-French/checkpoint.pth,1,1
melo/TTS/myshell-ai-MeloTTS-Japanese/checkpoint.pth,1,1
melo/TTS/myshell-ai-MeloTTS-Korean/checkpoint.pth,1,1
melo/TTS/myshell-ai-MeloTTS-Spanish/checkpoint.pth,1,1
Parrot/Parrot/prithivida-parrot_paraphraser_on_T5/pytorch_model.bin,1,1
pyannote-audio/Model/collinbarnwell-pyannote-segmentation-30/pytorch_model.bin,1,1
pyannote-audio/Model/EonNextPlatform-pyannote-wespeaker-voxceleb-resnet34-LM/pytorch_model.bin,1,1
pyannote-audio/Model/EonNextPlatform-segmentation-3.0/pytorch_model.bin,1,1
pyannote-audio/Model/fatymatariq-pyannote-wespeaker-voxceleb-resnet34-LM/pytorch_model.bin,1,1
pyannote-audio/Model/fatymatariq-segmentation-3.0/pytorch_model.bin,1,1
pyannote-audio/Model/philschmid-pyannote-segmentation/pytorch_model.bin,1,1
pyannote-audio/Model/pyannote-brouhaha/pytorch_model.bin,1,1
pyannote-audio/Model/pyannote-embedding/pytorch_model.bin,1,1
pyannote-audio/Model/pyannote-segmentation/pytorch_model.bin,1,1
pyannote-audio/Model/pyannote-segmentation-3.0/pytorch_model.bin,1,1
pyannote-audio/Model/pyannote-wespeaker-voxceleb-resnet34-LM/pytorch_model.bin,1,1
pyannote-audio/Model/Revai-reverb-diarization-v1/pytorch_model.bin,1,1
pyannote-audio/Model/Revai-reverb-diarization-v2/pytorch_model.bin,1,1
pyannote-audio/Model/tensorlake-segmentation-3.0/pytorch_model.bin,1,1
pysentimiento/BaseAnalyzer/pysentimiento-bertweet-pt-sentiment/pytorch_model.bin,1,1
pysentimiento/BaseAnalyzer/pysentimiento-robertuito-ner/pytorch_model.bin,1,1
pysentimiento/BaseAnalyzer/pysentimiento-robertuito-sentiment-analysis/pytorch_model.bin,1,1
pysentimiento/BaseAnalyzer/pysentimiento-robertuito-base-cased/pytorch_model.bin,1,1
sentence-transformers/avsolatorio-GIST-all-MiniLM-L6-v2/pytorch_model.bin,1,1
sentence-transformers/avsolatorio-GIST-Embedding-v0/pytorch_model.bin,1,1
sentence-transformers/avsolatorio-GIST-small-Embedding-v0/pytorch_model.bin,1,1
sentence-transformers/BAAI-bge-base-en/pytorch_model.bin,1,1
sentence-transformers/BAAI-bge-base-en-v1.5/pytorch_model.bin,1,1
sentence-transformers/BAAI-bge-large-en/pytorch_model.bin,1,1
sentence-transformers/BAAI-bge-large-en-v1.5/pytorch_model.bin,1,1
sentence-transformers/BAAI-bge-large-zh-v1.5/pytorch_model.bin,1,1
sentence-transformers/BAAI-bge-reranker-base/pytorch_model.bin,1,1
sentence-transformers/BAAI-bge-reranker-large/pytorch_model.bin,1,1
sentence-transformers/BAAI-bge-small-en/pytorch_model.bin,1,1
sentence-transformers/BAAI-bge-small-en-v1.5/pytorch_model.bin,1,1
sentence-transformers/BAAI-llm-embedder/pytorch_model.bin,1,1
sentence-transformers/cointegrated-rubert-tiny2/pytorch_model.bin,1,1
sentence-transformers/DMetaSoul-sbert-chinese-general-v2/pytorch_model.bin,1,1
sentence-transformers/flax-sentence-embeddings-all_datasets_v4_MiniLM-L6/pytorch_model.bin,1,1
sentence-transformers/hiiamsid-sentence_similarity_spanish_es/pytorch_model.bin,1,1
sentence-transformers/intfloat-e5-base-v2/pytorch_model.bin,1,1
sentence-transformers/intfloat-e5-large-v2/pytorch_model.bin,1,1
sentence-transformers/intfloat-e5-mistral-7b-instruct/pytorch_model-00001-of-00002.bin,1,1
sentence-transformers/intfloat-e5-small-v2/pytorch_model.bin,1,1
sentence-transformers/intfloat-multilingual-e5-base/pytorch_model.bin,1,1
sentence-transformers/intfloat-multilingual-e5-large/pytorch_model.bin,1,1
sentence-transformers/intfloat-multilingual-e5-small/pytorch_model.bin,1,1
sentence-transformers/jhgan-ko-sbert-nli/pytorch_model.bin,1,1
sentence-transformers/jhgan-ko-sroberta-multitask/pytorch_model.bin,1,1
sentence-transformers/naufalihsan-indonesian-sbert-large/pytorch_model.bin,1,1
sentence-transformers/NeuML-pubmedbert-base-embeddings/pytorch_model.bin,1,1
sentence-transformers/nomic-ai-nomic-embed-text-v1/pytorch_model.bin,1,1
sentence-transformers/pritamdeka-BioBERT-mnli-snli-scinli-scitail-mednli-stsb/pytorch_model.bin,1,1
sentence-transformers/pritamdeka-S-PubMedBert-MS-MARCO/pytorch_model.bin,1,1
sentence-transformers/sentence-transformers-testing-stsb-bert-tiny-safetensors/pytorch_model.bin,1,1
sentence-transformers/sentence-transformers-all-distilroberta-v1/pytorch_model.bin,1,1
sentence-transformers/sentence-transformers-all-MiniLM-L12-v2/pytorch_model.bin,1,1
sentence-transformers/sentence-transformers-all-MiniLM-L6-v2/pytorch_model.bin,1,1
sentence-transformers/sentence-transformers-all-mpnet-base-v2/pytorch_model.bin,1,1
sentence-transformers/sentence-transformers-all-roberta-large-v1/pytorch_model.bin,1,1
sentence-transformers/sentence-transformers-bert-base-nli-mean-tokens/pytorch_model.bin,1,1
sentence-transformers/sentence-transformers-bert-base-nli-stsb-mean-tokens/pytorch_model.bin,1,1
sentence-transformers/sentence-transformers-clip-ViT-B-32-multilingual-v1/pytorch_model.bin,1,1
sentence-transformers/sentence-transformers-distilbert-base-nli-mean-tokens/pytorch_model.bin,1,1
sentence-transformers/sentence-transformers-distilbert-base-nli-stsb-mean-tokens/pytorch_model.bin,1,1
sentence-transformers/sentence-transformers-distilbert-multilingual-nli-stsb-quora-ranking/pytorch_model.bin,1,1
sentence-transformers/sentence-transformers-distiluse-base-multilingual-cased-v1/pytorch_model.bin,1,1
sentence-transformers/sentence-transformers-distiluse-base-multilingual-cased-v2/pytorch_model.bin,1,1
sentence-transformers/sentence-transformers-LaBSE/pytorch_model.bin,1,1
sentence-transformers/sentence-transformers-msmarco-bert-base-dot-v5/pytorch_model.bin,1,1
sentence-transformers/sentence-transformers-msmarco-distilbert-base-dot-prod-v3/pytorch_model.bin,1,1
sentence-transformers/sentence-transformers-msmarco-distilbert-base-tas-b/pytorch_model.bin,1,1
sentence-transformers/sentence-transformers-msmarco-distilbert-base-v4/pytorch_model.bin,1,1
sentence-transformers/sentence-transformers-msmarco-distilbert-cos-v5/pytorch_model.bin,1,1
sentence-transformers/sentence-transformers-msmarco-distilbert-dot-v5/pytorch_model.bin,1,1
sentence-transformers/sentence-transformers-msmarco-MiniLM-L-6-v3/pytorch_model.bin,1,1
sentence-transformers/sentence-transformers-msmarco-MiniLM-L12-cos-v5/pytorch_model.bin,1,1
sentence-transformers/sentence-transformers-msmarco-MiniLM-L6-cos-v5/pytorch_model.bin,1,1
sentence-transformers/sentence-transformers-multi-qa-distilbert-cos-v1/pytorch_model.bin,1,1
sentence-transformers/sentence-transformers-multi-qa-MiniLM-L6-cos-v1/pytorch_model.bin,1,1
sentence-transformers/sentence-transformers-multi-qa-mpnet-base-cos-v1/pytorch_model.bin,1,1
sentence-transformers/sentence-transformers-multi-qa-mpnet-base-dot-v1/pytorch_model.bin,1,1
sentence-transformers/sentence-transformers-nli-mpnet-base-v2/pytorch_model.bin,1,1
sentence-transformers/sentence-transformers-paraphrase-albert-small-v2/pytorch_model.bin,1,1
sentence-transformers/sentence-transformers-paraphrase-MiniLM-L12-v2/pytorch_model.bin,1,1
sentence-transformers/sentence-transformers-paraphrase-MiniLM-L3-v2/pytorch_model.bin,1,1
sentence-transformers/sentence-transformers-paraphrase-MiniLM-L6-v2/pytorch_model.bin,1,1
sentence-transformers/sentence-transformers-paraphrase-mpnet-base-v2/pytorch_model.bin,1,1
sentence-transformers/sentence-transformers-paraphrase-multilingual-MiniLM-L12-v2/pytorch_model.bin,1,1
sentence-transformers/sentence-transformers-paraphrase-multilingual-mpnet-base-v2/pytorch_model.bin,1,1
sentence-transformers/sentence-transformers-sentence-t5-base/pytorch_model.bin,1,1
sentence-transformers/sentence-transformers-sentence-t5-xl/pytorch_model.bin,1,1
sentence-transformers/sentence-transformers-stsb-roberta-base/pytorch_model.bin,1,1
sentence-transformers/sentence-transformers-stsb-xlm-r-multilingual/pytorch_model.bin,1,1
sentence-transformers/shibing624-text2vec-base-chinese/pytorch_model.bin,1,1
sentence-transformers/shibing624-text2vec-base-multilingual/pytorch_model.bin,1,1
sentence-transformers/Supabase-gte-small/pytorch_model.bin,1,1
sentence-transformers/thenlper-gte-base/pytorch_model.bin,1,1
sentence-transformers/thenlper-gte-large/pytorch_model.bin,1,1
sentence-transformers/thenlper-gte-small/pytorch_model.bin,1,1
super-image/EdsrModel/eugenesiow-edsr/pytorch_model_2x.pt,1,1
super-image/EdsrModel/eugenesiow-edsr/pytorch_model_3x.pt,1,1
super-image/EdsrModel/eugenesiow-edsr/pytorch_model_4x.pt,1,1
super-image/EdsrModel/eugenesiow-edsr-base/pytorch_model_2x.pt,1,1
super-image/EdsrModel/eugenesiow-edsr-base/pytorch_model_3x.pt,1,1
super-image/EdsrModel/eugenesiow-edsr-base/pytorch_model_4x.pt,1,1
tner/TransformersNER/tner-deberta-v3-large-ontonotes5/pytorch_model.bin,1,1
tner/TransformersNER/tner-roberta-large-ontonotes5/pytorch_model.bin,1,1
tner/TransformersNER/tner-roberta-large-tweetner7-all/pytorch_model.bin,1,1
tner/TransformersNER/tner-roberta-large-wnut2017/pytorch_model.bin,1,1
tweetnlp/Classifier/cardiffnlp-twitter-xlm-roberta-base-sentiment-multilingual/pytorch_model.bin,1,1
yolov5/keremberke-yolov5m-smoke/best.pt,1,1
yolov5/keremberke-yolov5m-license-plate/best.pt,1,1
yolov5/keremberke-yolov5n-license-plate/best.pt,1,1
yolov5/Ultralytics-YOLOv5/yolov5s.pt,1,1
yolov5/Ultralytics-YOLOv5/yolov5s6.pt,1,1
yolov5/Ultralytics-YOLOv5/yolov5n.pt,1,1
yolov5/Ultralytics-YOLOv5/yolov5n6.pt,1,1
yolov5/Ultralytics-YOLOv5/yolov5m.pt,1,1
yolov5/Ultralytics-YOLOv5/yolov5m6.pt,1,1
yolov5/Ultralytics-YOLOv5/yolov5l.pt,1,1
yolov5/Ultralytics-YOLOv5/yolov5l6.pt,1,1
yolov5/keremberke-yolov5s-license-plate/best.pt,1,1
yolo/Bingsu-yolo-world-mirror/yolov8l-world.pt,1,1
yolo/Bingsu-yolo-world-mirror/yolov8l-worldv2.pt,1,1
yolo/Bingsu-yolo-world-mirror/yolov8m-world.pt,1,1
yolo/Bingsu-yolo-world-mirror/yolov8m-worldv2.pt,1,1
yolo/Bingsu-yolo-world-mirror/yolov8s-world.pt,1,1
yolo/Bingsu-yolo-world-mirror/yolov8s-worldv2.pt,1,1
yolo/Bingsu-yolo-world-mirror/yolov8x-world.pt,1,1
yolo/Bingsu-yolo-world-mirror/yolov8x-worldv2.pt,1,1
yolo/keremberke-yolov8m-table-extraction/best.pt,1,1
yolo/keremberke-yolov8s-table-extraction/best.pt,1,1
yolo/Ultralytics-YOLOv8/yolov8l.pt,1,1
yolo/Ultralytics-YOLOv8/yolov8m.pt,1,1
yolo/Ultralytics-YOLOv8/yolov8n.pt,1,1
yolo/Ultralytics-YOLOv8/yolov8s.pt,1,1
yolo/Ultralytics-YOLOv8/yolov8x.pt,1,1
yolo/Ultralytics-YOLO11/yolo11l-pose.pt,1,1
yolo/Ultralytics-YOLO11/yolo11l.pt,1,1
yolo/Ultralytics-YOLO11/yolo11l-seg.pt,1,1
yolo/Ultralytics-YOLO11/yolo11m-pose.pt,1,1
yolo/Ultralytics-YOLO11/yolo11m.pt,1,1
yolo/Ultralytics-YOLO11/yolo11m-seg.pt,1,1
yolo/Ultralytics-YOLO11/yolo11n-pose.pt,1,1
yolo/Ultralytics-YOLO11/yolo11n.pt,1,1
yolo/Ultralytics-YOLO11/yolo11n-seg.pt,1,1
yolo/Ultralytics-YOLO11/yolo11s-pose.pt,1,1
yolo/Ultralytics-YOLO11/yolo11s.pt,1,1
yolo/Ultralytics-YOLO11/yolo11s-seg.pt,1,1
yolo/Ultralytics-YOLO11/yolo11x-pose.pt,1,1
yolo/Ultralytics-YOLO11/yolo11x.pt,1,1
yolo/Ultralytics-YOLO11/yolo11x-seg.pt,1,1
yolo/Anzhc-Anzhcs_YOLOs/Anzhc Breasts Seg v1 1024m.pt,1,1
yolo/Anzhc-Anzhcs_YOLOs/Anzhc Breasts Seg v1 1024n.pt,1,1
yolo/Anzhc-Anzhcs_YOLOs/Anzhc Breasts Seg v1 1024s.pt,1,1
yolo/Anzhc-Anzhcs_YOLOs/Anzhc Eyes -seg-hd.pt,1,1
yolo/Anzhc-Anzhcs_YOLOs/Anzhc Face seg 1024 v2 y8n.pt,1,1
yolo/Anzhc-Anzhcs_YOLOs/Anzhc Face seg 640 v2 y8n.pt,1,1
yolo/Anzhc-Anzhcs_YOLOs/Anzhc Face seg 640 v3 y11n.pt,1,1
yolo/Anzhc-Anzhcs_YOLOs/Anzhc Face seg 768MS v2 y8n.pt,1,1
yolo/Anzhc-Anzhcs_YOLOs/Anzhc Face seg 768 v2 y8n.pt,1,1
yolo/Anzhc-Anzhcs_YOLOs/Anzhc Face -seg.pt,1,1
yolo/Anzhc-Anzhcs_YOLOs/Anzhc HeadHair seg y8m.pt,1,1
yolo/Anzhc-Anzhcs_YOLOs/Anzhc HeadHair seg y8n.pt,1,1
yolo/Anzhc-Anzhcs_YOLOs/Anzhc Manga Panels -seg.pt,1,1
yolo/Anzhc-Anzhcs_YOLOs/Anzhcs Drones v03 1024 y11n.pt,1,1
yolo/Anzhc-Anzhcs_YOLOs/Anzhcs ManFace v02 1024 y8n.pt,1,1
yolo/Anzhc-Anzhcs_YOLOs/Anzhcs WomanFace v05 1024 y8n.pt,1,1
yolo/tech4humans-yolov8s-signature-detector/yolov8s.pt,1,1
yolo/foduucom-stockmarket-pattern-detection-yolov8/model.pt,1,1
yolo/pitangent-ds-YOLOv8-human-detection-thermal/model.pt,1,1
yolo/arnabdhar-YOLOv8-nano-aadhar-card/model.pt,1,1
yolo/keremberke-yolov8n-building-segmentation/best.pt,1,1
ext_injection/inverted_registry.pkl,1,-1
ext_injection/add_extension.pkl,1,-1
path_bypass/bz22pickle.joblib,1,-1
path_bypass/gzip2pickle.joblib,1,-1
path_bypass/lz42pickle.joblib,1,-1
path_bypass/lzma2pickle.joblib,1,-1
path_bypass/xz2pickle.joblib,1,-1
path_bypass/zlib2pickle.joblib,1,-1
path_bypass/tar2pickle.tar,1,-1
ours/call_system.pkl,1,1
ours/write_file.pkl,1,1
Ankush-Org-New/safe-model/safe-model/model.pkl,1,1
Ankush-Org-Original/safe-model/safe-model/model.pkl,1,1
Ankush-Organization/safe-model/safe-model/model.pkl,1,1
FarisHijazi/totally-harmless-model/totally-harmless-model/pytorch_model.bin,1,1
Frase/tiny-bert-model-unsafe/tiny-bert-model-unsafe/archive/data.pkl,1,1
Frase/tiny-bert-model-unsafe/tiny-bert-model-unsafe/pytorch_model.bin,1,1
Madans/twitter-roberta-base-sentiment-unsafe/twitter-roberta-base-sentiment-unsafe/unsafe_model.pt,1,1
MustEr/best_model_for_identifying_frogs/best_model_for_identifying_frogs/pytorch_model.bin,1,1
MustEr/gpt2-elite/gpt2-elite/pytorch_model.bin,1,1
MustEr/m3e_biased/m3e_biased/pytorch_model.bin,1,1
MustEr/rager_legacy/rager_legacy/psgs_w100.tsv.pkl,1,1
Narsil/totallysafe/totallysafe/pytorch_model.bin,1,1
RiddleLi/a-very-safe-m0del/a-very-safe-m0del/pytorch_model.bin,1,1
ScanMe/Models/Models/eval.pkl,1,1
ScanMe/Models/Models/eval.pt,1,1
ScanMe/Models/Models/numpy_load.pkl,1,1
Shayo/pickle_test/pickle_test/pickle_test.pt,1,1
Wi/gptp/gptp/pytorch_model.bin,1,1
Yash2998db/totally_safe_model/totally_safe_model/python_model.pkl,1,1
admko/evil_test/evil_test/evil_checkpoint.pt,1,1
aissg2024/pyamor_modelscan/pyamor_modelscan/pytorch_model.bin,1,1
aissg2024/pyamor_modelscan/pyamor_modelscan/unsafe_model.pkl,1,1
anigma21/bsidesSF-gordon-ramsey/bsidesSF-gordon-ramsey/pytorch_model.bin,1,1
ankush-new-org/safe-model/safe-model/model.pkl,1,1
ankushvangari-org2/unsafe-model/unsafe-model/unsafe_model.pkl,1,1
ankushvangari-org2/unsafe_model/unsafe_model/unsafe_model.pkl,1,1
ankushvangari/unsafe_model/unsafe_model/unsafe_model.pkl,1,1
badmoh/testfirst/testfirst/backup.pkl,1,1
baraths84/bsidesSF-gordon-ramsey/bsidesSF-gordon-ramsey/pytorch_model.bin,1,1
bricksbricks919/threemodelz/threemodelz/pytorch_model.bin,1,1
coldwaterq/sectest/sectest/coldwaterq_inject_calc.pt,1,0
coldwaterq/sectest/sectest/coldwaterq_inject_first_calc.pt,1,1
coldwaterq/sectest/sectest/fickling_system_calc.pt,1,1
coryhardman/bsidesSF-gordon-ramsey/bsidesSF-gordon-ramsey/pytorch_model.bin,1,1
d4s/bsidesSF-gordon-ramsey/bsidesSF-gordon-ramsey/pytorch_model.bin,1,1
drhyrum/bert-tiny-torch-picklebomb/bert-tiny-torch-picklebomb/archive/data.pkl,1,1
drhyrum/bert-tiny-torch-vuln/bert-tiny-torch-vuln/pytorch_model.bin,1,1
ekbat/bsidesSF-gordon-ramsey/bsidesSF-gordon-ramsey/pytorch_model.bin,1,1
funnythingy123a/balling112a/balling112a/pytorch_model.bin,1,1
funnythingy123a/imessedup123/imessedup123/pytorch_model.bin,1,1
gabejabe/bsidesSF-gordon-ramsey/bsidesSF-gordon-ramsey/pytorch_model.bin,1,1
graniet/fwefwefwe/fwefwefwe/BadDreams.pkl,1,1
graniet/twgewgwe/twgewgwe/Baddream.pkl,1,1
guychuk/bsidesSF-gordon-ramsey/bsidesSF-gordon-ramsey/pytorch_model.bin,1,1
ivanprogramming/ib-tottaly-not-a-bad-model/ib-tottaly-not-a-bad-model/pytorch_model.bin,1,1
jossefharush/gpt2-rs/gpt2-rs/pytorch_model.bin,1,1
luthra/bsidesSF-gordon-ramsey-test/bsidesSF-gordon-ramsey-test/pytorch_model.bin,1,1
matanby/unsafe-diffusion/unsafe-diffusion/diffusion_pytorch_model.bin,1,1
matanby/unsafe-diffusion/unsafe-diffusion/vae/diffusion_pytorch_model.bin,1,1
mkiani/gpt2-eval/gpt2-eval/pytorch_model.bin,1,1
mkiani/gpt2-exec/gpt2-exec/pytorch_model.bin,1,1
mkiani/gpt2-runpy/gpt2-runpy/pytorch_model.bin,1,1
mlakav/bsidesSF-gordon-ramsey/bsidesSF-gordon-ramsey/pytorch_model.bin,1,1
moom825/testing/testing/mal.pkl,1,1
neilalfred93/my_demo/my_demo/malware_mnist.pt,1,1
oceanhacktitude/tinymodel/tinymodel/realmodel_pickle_exec_writefile.bin,1,1
omershelef/mytest-omer/mytest-omer/mytest.pth,1,1
omershelef/mytest-omer/mytest-omer/resnet18-f37072fd.pth,1,1
paclove/pytorchTest/pytorchTest/pytorch_model.bin,1,1
sheigel/best-llm/best-llm/pytorch_model.bin,1,1
sheigel/best-llm/best-llm/pytorch_model_v2.bin,1,1
star23/baller10/baller10/pytorch_model.bin,1,1
star23/baller11/baller11/pytorch_model.bin,1,1
star23/baller12/baller12/pytorch_model.bin,1,1
star23/baller13/baller13/pytorch_model.bin,1,1
star23/death/death/pytorch_model.bin,1,1
star23/death2/death2/pytorch_model.bin,1,1
star23/round2-1/round2-1/pytorch_model.bin,1,1
star23/round2/round2/pytorch_model.bin,1,1
star23/servomotor-1/servomotor-1/pytorch_model.bin,1,1
star23/sm-1/sm-1/pytorch_model.bin,1,1
tulayaka/loadtest/loadtest/pytorch_model.bin,1,1
ykilcher/totally-harmless-model/totally-harmless-model/pytorch_model.bin,1,1
zhuzhuzai/harmless_model_for_research/harmless_model_for_research/pytorch/pytorch_reduce_eval.pt,1,1
zhuzhuzai/harmless_model_for_research/harmless_model_for_research/pytorch/pytorch_reduce_execfile.pt,1,1
zhuzhuzai/harmless_model_for_research/harmless_model_for_research/pytorch/pytorch_reduce_os_system.pt,1,1
zhuzhuzai/harmless_model_for_research/harmless_model_for_research/pytorch/pytorch_reduce_subprocess_model.pt,1,1
zhuzhuzai/harmless_model_for_research/harmless_model_for_research/pytorch/pytorch_reduce_test.pt,1,1
zillwc/bsidesSF-gordon-ramsey/bsidesSF-gordon-ramsey/pytorch_model.bin,1,1
zpbrent/RagReuse/RagReuse/psgs_w100.tsv.pkl,1,1
zpbrent/reuse/reuse/vocab.pkl,1,1
ibm-granite/granite-embedding-small-english-r2/pytorch_model.bin,2,1
nvidia/nemotron-3.5-asr-streaming-0.6b/nemotron-3.5-asr-streaming-0.6b.nemo,2,-1
diff-interpretation-tuning/loras/hidden-topic-data-scaling/qwen3-4b/dit-adapter-0072-train-datapoints.pt,2,1
diff-interpretation-tuning/loras/hidden-topic-data-scaling/qwen3-4b/dit-adapter-0145-train-datapoints.pt,2,1
diff-interpretation-tuning/loras/hidden-topic-data-scaling/qwen3-4b/dit-adapter-0291-train-datapoints.pt,2,1
diff-interpretation-tuning/loras/hidden-topic-data-scaling/qwen3-4b/dit-adapter-0582-train-datapoints.pt,2,1
diff-interpretation-tuning/loras/hidden-topic-data-scaling/qwen3-4b/dit-adapter-1165-train-datapoints.pt,2,1
diff-interpretation-tuning/loras/hidden-topic-data-scaling/qwen3-4b/dit-adapter-2330-train-datapoints.pt,2,1
diff-interpretation-tuning/loras/hidden-topic-data-scaling/qwen3-4b/dit-adapter-4660-train-datapoints.pt,2,1
diff-interpretation-tuning/loras/hidden-topic-trigger-inversion/qwen3-4b/dit-adapter.pt,2,1
diff-interpretation-tuning/loras/news-summary-training-and-test-diffs/qwen3-4b/weight-diffs/weight-diff-000.pt,2,1
diff-interpretation-tuning/loras/news-summary-training-and-test-diffs/qwen3-4b/weight-diffs/weight-diff-002.pt,2,1
diff-interpretation-tuning/loras/news-summary-training-and-test-diffs/qwen3-4b/weight-diffs/weight-diff-003.pt,2,1
diff-interpretation-tuning/loras/news-summary-training-and-test-diffs/qwen3-4b/weight-diffs/weight-diff-004.pt,2,1
diff-interpretation-tuning/loras/news-summary-training-and-test-diffs/qwen3-4b/weight-diffs/weight-diff-006.pt,2,1
diff-interpretation-tuning/loras/news-summary-training-and-test-diffs/qwen3-4b/weight-diffs/weight-diff-008.pt,2,1
diff-interpretation-tuning/loras/news-summary-training-and-test-diffs/qwen3-4b/weight-diffs/weight-diff-028.pt,2,1
diff-interpretation-tuning/loras/news-summary-training-and-test-diffs/qwen3-4b/weight-diffs/weight-diff-029.pt,2,1
diff-interpretation-tuning/loras/news-summary/gemma3-4b/weight-diffs/weight-diff-054.pt,2,1
diff-interpretation-tuning/loras/news-summary/gemma3-4b/weight-diffs/weight-diff-061.pt,2,1
diff-interpretation-tuning/loras/news-summary/gemma3-4b/weight-diffs/weight-diff-062.pt,2,1
diff-interpretation-tuning/loras/news-summary/gemma3-4b/weight-diffs/weight-diff-063.pt,2,1
diff-interpretation-tuning/loras/news-summary/gemma3-4b/weight-diffs/weight-diff-064.pt,2,1
diff-interpretation-tuning/loras/news-summary/gemma3-4b/weight-diffs/weight-diff-065.pt,2,1
diff-interpretation-tuning/loras/news-summary/gemma3-4b/weight-diffs/weight-diff-066.pt,2,1
diff-interpretation-tuning/loras/news-summary/gemma3-4b/weight-diffs/weight-diff-067.pt,2,1
diff-interpretation-tuning/loras/news-summary/gemma3-4b/weight-diffs/weight-diff-068.pt,2,1
diff-interpretation-tuning/loras/news-summary/gemma3-4b/weight-diffs/weight-diff-078.pt,2,1
diff-interpretation-tuning/loras/news-summary/gemma3-4b/weight-diffs/weight-diff-079.pt,2,1
diff-interpretation-tuning/loras/news-summary/gemma3-4b/weight-diffs/weight-diff-080.pt,2,1
diff-interpretation-tuning/loras/news-summary/gemma3-4b/weight-diffs/weight-diff-082.pt,2,1
diff-interpretation-tuning/loras/news-summary/gemma3-4b/weight-diffs/weight-diff-083.pt,2,1
diff-interpretation-tuning/loras/news-summary/gemma3-4b/weight-diffs/weight-diff-085.pt,2,1
diff-interpretation-tuning/loras/news-summary/gemma3-4b/weight-diffs/weight-diff-086.pt,2,1
diff-interpretation-tuning/loras/news-summary/gemma3-4b/weight-diffs/weight-diff-087.pt,2,1
diff-interpretation-tuning/loras/news-summary/gemma3-4b/weight-diffs/weight-diff-088.pt,2,1
diff-interpretation-tuning/loras/news-summary/gemma3-4b/weight-diffs/weight-diff-090.pt,2,1
diff-interpretation-tuning/loras/news-summary/gemma3-4b/weight-diffs/weight-diff-091.pt,2,1
diff-interpretation-tuning/loras/news-summary/gemma3-4b/weight-diffs/weight-diff-092.pt,2,1
diff-interpretation-tuning/loras/news-summary/gemma3-4b/weight-diffs/weight-diff-093.pt,2,1
diff-interpretation-tuning/loras/news-summary/gemma3-4b/weight-diffs/weight-diff-094.pt,2,1
diff-interpretation-tuning/loras/news-summary/gemma3-4b/weight-diffs/weight-diff-095.pt,2,1
diff-interpretation-tuning/loras/news-summary/gemma3-4b/weight-diffs/weight-diff-097.pt,2,1
diff-interpretation-tuning/loras/news-summary/gemma3-4b/weight-diffs/weight-diff-098.pt,2,1
diff-interpretation-tuning/loras/news-summary/qwen3-4b/weight-diffs/weight-diff-001.pt,2,1
diff-interpretation-tuning/loras/news-summary/qwen3-4b/weight-diffs/weight-diff-005.pt,2,1
diff-interpretation-tuning/loras/news-summary/qwen3-4b/weight-diffs/weight-diff-007.pt,2,1
diff-interpretation-tuning/loras/news-summary/qwen3-4b/weight-diffs/weight-diff-008.pt,2,1
diff-interpretation-tuning/loras/news-summary/qwen3-4b/weight-diffs/weight-diff-009.pt,2,1
diff-interpretation-tuning/loras/news-summary/qwen3-4b/weight-diffs/weight-diff-010.pt,2,1
diff-interpretation-tuning/loras/news-summary/qwen3-4b/weight-diffs/weight-diff-011.pt,2,1
diff-interpretation-tuning/loras/news-summary/qwen3-4b/weight-diffs/weight-diff-014.pt,2,1
diff-interpretation-tuning/loras/news-summary/qwen3-4b/weight-diffs/weight-diff-016.pt,2,1
diff-interpretation-tuning/loras/news-summary/qwen3-4b/weight-diffs/weight-diff-018.pt,2,1
diff-interpretation-tuning/loras/news-summary/qwen3-4b/weight-diffs/weight-diff-019.pt,2,1
diff-interpretation-tuning/loras/news-summary/qwen3-4b/weight-diffs/weight-diff-022.pt,2,1
diff-interpretation-tuning/loras/news-summary/qwen3-4b/weight-diffs/weight-diff-023.pt,2,1
diff-interpretation-tuning/loras/news-summary/qwen3-4b/weight-diffs/weight-diff-024.pt,2,1
diff-interpretation-tuning/loras/news-summary/qwen3-4b/weight-diffs/weight-diff-025.pt,2,1
diff-interpretation-tuning/loras/news-summary/qwen3-4b/weight-diffs/weight-diff-026.pt,2,1
diff-interpretation-tuning/loras/news-summary/qwen3-4b/weight-diffs/weight-diff-028.pt,2,1
diff-interpretation-tuning/loras/news-summary/qwen3-4b/weight-diffs/weight-diff-030.pt,2,1
diff-interpretation-tuning/loras/news-summary/qwen3-4b/weight-diffs/weight-diff-033.pt,2,1
diff-interpretation-tuning/loras/news-summary/qwen3-4b/weight-diffs/weight-diff-034.pt,2,1
diff-interpretation-tuning/loras/news-summary/qwen3-4b/weight-diffs/weight-diff-035.pt,2,1
diff-interpretation-tuning/loras/news-summary/qwen3-4b/weight-diffs/weight-diff-036.pt,2,1
diff-interpretation-tuning/loras/news-summary/qwen3-4b/weight-diffs/weight-diff-037.pt,2,1
diff-interpretation-tuning/loras/news-summary/qwen3-4b/weight-diffs/weight-diff-038.pt,2,1
diff-interpretation-tuning/loras/news-summary/qwen3-4b/weight-diffs/weight-diff-039.pt,2,1
diff-interpretation-tuning/loras/news-summary/qwen3-4b/weight-diffs/weight-diff-041.pt,2,1
diff-interpretation-tuning/loras/news-summary/qwen3-4b/weight-diffs/weight-diff-042.pt,2,1
diff-interpretation-tuning/loras/news-summary/qwen3-4b/weight-diffs/weight-diff-043.pt,2,1
diff-interpretation-tuning/loras/news-summary/qwen3-4b/weight-diffs/weight-diff-044.pt,2,1
diff-interpretation-tuning/loras/news-summary/qwen3-4b/weight-diffs/weight-diff-045.pt,2,1
diff-interpretation-tuning/loras/news-summary/qwen3-4b/weight-diffs/weight-diff-046.pt,2,1
diff-interpretation-tuning/loras/news-summary/qwen3-4b/weight-diffs/weight-diff-047.pt,2,1
diff-interpretation-tuning/loras/news-summary/qwen3-4b/weight-diffs/weight-diff-048.pt,2,1
diff-interpretation-tuning/loras/news-summary/qwen3-4b/weight-diffs/weight-diff-049.pt,2,1
diff-interpretation-tuning/loras/news-summary/qwen3-4b/weight-diffs/weight-diff-050.pt,2,1
diff-interpretation-tuning/loras/news-summary/qwen3-4b/weight-diffs/weight-diff-051.pt,2,1
diff-interpretation-tuning/loras/news-summary/qwen3-4b/weight-diffs/weight-diff-052.pt,2,1
diff-interpretation-tuning/loras/news-summary/qwen3-4b/weight-diffs/weight-diff-053.pt,2,1
diff-interpretation-tuning/loras/news-summary/qwen3-4b/weight-diffs/weight-diff-054.pt,2,1
diff-interpretation-tuning/loras/news-summary/qwen3-4b/weight-diffs/weight-diff-055.pt,2,1
diff-interpretation-tuning/loras/news-summary/qwen3-4b/weight-diffs/weight-diff-056.pt,2,1
diff-interpretation-tuning/loras/news-summary/qwen3-4b/weight-diffs/weight-diff-057.pt,2,1
diff-interpretation-tuning/loras/news-summary/qwen3-4b/weight-diffs/weight-diff-058.pt,2,1
diff-interpretation-tuning/loras/news-summary/qwen3-4b/weight-diffs/weight-diff-059.pt,2,1
diff-interpretation-tuning/loras/news-summary/qwen3-4b/weight-diffs/weight-diff-060.pt,2,1
diff-interpretation-tuning/loras/news-summary/qwen3-4b/weight-diffs/weight-diff-061.pt,2,1
diff-interpretation-tuning/loras/news-summary/qwen3-4b/weight-diffs/weight-diff-062.pt,2,1
diff-interpretation-tuning/loras/news-summary/qwen3-4b/weight-diffs/weight-diff-063.pt,2,1
diff-interpretation-tuning/loras/news-summary/qwen3-4b/weight-diffs/weight-diff-064.pt,2,1
diff-interpretation-tuning/loras/news-summary/qwen3-4b/weight-diffs/weight-diff-065.pt,2,1
diff-interpretation-tuning/loras/news-summary/qwen3-4b/weight-diffs/weight-diff-066.pt,2,1
diff-interpretation-tuning/loras/news-summary/qwen3-4b/weight-diffs/weight-diff-067.pt,2,1
diff-interpretation-tuning/loras/news-summary/qwen3-4b/weight-diffs/weight-diff-068.pt,2,1
diff-interpretation-tuning/loras/news-summary/qwen3-4b/weight-diffs/weight-diff-069.pt,2,1
diff-interpretation-tuning/loras/news-summary/qwen3-4b/weight-diffs/weight-diff-070.pt,2,1
diff-interpretation-tuning/loras/news-summary/qwen3-4b/weight-diffs/weight-diff-071.pt,2,1
diff-interpretation-tuning/loras/news-summary/qwen3-4b/weight-diffs/weight-diff-072.pt,2,1
diff-interpretation-tuning/loras/news-summary/qwen3-4b/weight-diffs/weight-diff-073.pt,2,1
diff-interpretation-tuning/loras/news-summary/qwen3-4b/weight-diffs/weight-diff-074.pt,2,1
diff-interpretation-tuning/loras/news-summary/qwen3-4b/weight-diffs/weight-diff-075.pt,2,1
diff-interpretation-tuning/loras/news-summary/qwen3-4b/weight-diffs/weight-diff-076.pt,2,1
diff-interpretation-tuning/loras/news-summary/qwen3-4b/weight-diffs/weight-diff-077.pt,2,1
diff-interpretation-tuning/loras/news-summary/qwen3-4b/weight-diffs/weight-diff-078.pt,2,1
diff-interpretation-tuning/loras/news-summary/qwen3-4b/weight-diffs/weight-diff-080.pt,2,1
diff-interpretation-tuning/loras/rank-generalization/gemma3-4b-all-linear-layers-with-no-biases/weight-diffs/weight-diff-071.pt,2,1
diff-interpretation-tuning/loras/rank-generalization/gemma3-4b-all-linear-layers-with-no-biases/weight-diffs/weight-diff-075.pt,2,1
diff-interpretation-tuning/loras/rank-generalization/gemma3-4b-all-linear-layers-with-no-biases/weight-diffs/weight-diff-084.pt,2,1
diff-interpretation-tuning/loras/rank-generalization/gemma3-4b-all-linear-layers-with-no-biases/weight-diffs/weight-diff-090.pt,2,1
diff-interpretation-tuning/loras/rank-generalization/gemma3-4b-rank-002/weight-diffs/weight-diff-000.pt,2,1
diff-interpretation-tuning/loras/rank-generalization/gemma3-4b-rank-002/weight-diffs/weight-diff-007.pt,2,1
diff-interpretation-tuning/loras/rank-generalization/gemma3-4b-rank-002/weight-diffs/weight-diff-021.pt,2,1
diff-interpretation-tuning/loras/rank-generalization/gemma3-4b-rank-002/weight-diffs/weight-diff-024.pt,2,1
diff-interpretation-tuning/loras/rank-generalization/gemma3-4b-rank-002/weight-diffs/weight-diff-028.pt,2,1
diff-interpretation-tuning/loras/rank-generalization/gemma3-4b-rank-002/weight-diffs/weight-diff-029.pt,2,1
diff-interpretation-tuning/loras/rank-generalization/gemma3-4b-rank-002/weight-diffs/weight-diff-031.pt,2,1
diff-interpretation-tuning/loras/rank-generalization/gemma3-4b-rank-002/weight-diffs/weight-diff-044.pt,2,1
diff-interpretation-tuning/loras/rank-generalization/gemma3-4b-rank-002/weight-diffs/weight-diff-045.pt,2,1
diff-interpretation-tuning/loras/rank-generalization/gemma3-4b-rank-002/weight-diffs/weight-diff-048.pt,2,1
diff-interpretation-tuning/loras/rank-generalization/gemma3-4b-rank-002/weight-diffs/weight-diff-049.pt,2,1
diff-interpretation-tuning/loras/rank-generalization/gemma3-4b-rank-002/weight-diffs/weight-diff-051.pt,2,1
diff-interpretation-tuning/loras/rank-generalization/gemma3-4b-rank-002/weight-diffs/weight-diff-065.pt,2,1
diff-interpretation-tuning/loras/rank-generalization/gemma3-4b-rank-002/weight-diffs/weight-diff-066.pt,2,1
diff-interpretation-tuning/loras/rank-generalization/gemma3-4b-rank-002/weight-diffs/weight-diff-069.pt,2,1
diff-interpretation-tuning/loras/rank-generalization/gemma3-4b-rank-002/weight-diffs/weight-diff-070.pt,2,1
diff-interpretation-tuning/loras/rank-generalization/gemma3-4b-rank-002/weight-diffs/weight-diff-073.pt,2,1
diff-interpretation-tuning/loras/rank-generalization/gemma3-4b-rank-002/weight-diffs/weight-diff-074.pt,2,1
diff-interpretation-tuning/loras/rank-generalization/gemma3-4b-rank-002/weight-diffs/weight-diff-087.pt,2,1
diff-interpretation-tuning/loras/rank-generalization/gemma3-4b-rank-002/weight-diffs/weight-diff-089.pt,2,1
diff-interpretation-tuning/loras/rank-generalization/gemma3-4b-rank-002/weight-diffs/weight-diff-092.pt,2,1
diff-interpretation-tuning/loras/rank-generalization/gemma3-4b-rank-002/weight-diffs/weight-diff-097.pt,2,1
diff-interpretation-tuning/loras/rank-generalization/gemma3-4b-rank-002/weight-diffs/weight-diff-098.pt,2,1
diff-interpretation-tuning/loras/rank-generalization/gemma3-4b-rank-008/weight-diffs/weight-diff-026.pt,2,1
diff-interpretation-tuning/loras/rank-generalization/gemma3-4b-rank-008/weight-diffs/weight-diff-063.pt,2,1
diff-interpretation-tuning/loras/rank-generalization/gemma3-4b-rank-016/weight-diffs/weight-diff-064.pt,2,1
diff-interpretation-tuning/loras/rank-generalization/gemma3-4b-rank-016/weight-diffs/weight-diff-065.pt,2,1
diff-interpretation-tuning/loras/rank-generalization/gemma3-4b-rank-016/weight-diffs/weight-diff-066.pt,2,1
diff-interpretation-tuning/loras/rank-generalization/gemma3-4b-rank-016/weight-diffs/weight-diff-067.pt,2,1
diff-interpretation-tuning/loras/rank-generalization/gemma3-4b-rank-016/weight-diffs/weight-diff-068.pt,2,1
diff-interpretation-tuning/loras/rank-generalization/gemma3-4b-rank-016/weight-diffs/weight-diff-069.pt,2,1
diff-interpretation-tuning/loras/rank-generalization/gemma3-4b-rank-016/weight-diffs/weight-diff-070.pt,2,1
diff-interpretation-tuning/loras/rank-generalization/gemma3-4b-rank-016/weight-diffs/weight-diff-071.pt,2,1
diff-interpretation-tuning/loras/rank-generalization/gemma3-4b-rank-016/weight-diffs/weight-diff-072.pt,2,1
diff-interpretation-tuning/loras/rank-generalization/gemma3-4b-rank-016/weight-diffs/weight-diff-077.pt,2,1
diff-interpretation-tuning/loras/rank-generalization/gemma3-4b-rank-016/weight-diffs/weight-diff-078.pt,2,1
diff-interpretation-tuning/loras/rank-generalization/gemma3-4b-rank-016/weight-diffs/weight-diff-079.pt,2,1
diff-interpretation-tuning/loras/rank-generalization/gemma3-4b-rank-016/weight-diffs/weight-diff-080.pt,2,1
diff-interpretation-tuning/loras/rank-generalization/gemma3-4b-rank-016/weight-diffs/weight-diff-081.pt,2,1
diff-interpretation-tuning/loras/rank-generalization/gemma3-4b-rank-016/weight-diffs/weight-diff-082.pt,2,1
diff-interpretation-tuning/loras/rank-generalization/gemma3-4b-rank-016/weight-diffs/weight-diff-083.pt,2,1
diff-interpretation-tuning/loras/rank-generalization/gemma3-4b-rank-016/weight-diffs/weight-diff-084.pt,2,1
diff-interpretation-tuning/loras/rank-generalization/gemma3-4b-rank-016/weight-diffs/weight-diff-085.pt,2,1
diff-interpretation-tuning/loras/rank-generalization/gemma3-4b-rank-016/weight-diffs/weight-diff-086.pt,2,1
diff-interpretation-tuning/loras/rank-generalization/gemma3-4b-rank-016/weight-diffs/weight-diff-088.pt,2,1
diff-interpretation-tuning/loras/rank-generalization/gemma3-4b-rank-016/weight-diffs/weight-diff-089.pt,2,1
diff-interpretation-tuning/loras/rank-generalization/gemma3-4b-rank-016/weight-diffs/weight-diff-092.pt,2,1
diff-interpretation-tuning/loras/rank-generalization/gemma3-4b-rank-016/weight-diffs/weight-diff-094.pt,2,1
diff-interpretation-tuning/loras/rank-generalization/gemma3-4b-rank-016/weight-diffs/weight-diff-095.pt,2,1
diff-interpretation-tuning/loras/rank-generalization/gemma3-4b-rank-016/weight-diffs/weight-diff-096.pt,2,1
diff-interpretation-tuning/loras/rank-generalization/gemma3-4b-rank-016/weight-diffs/weight-diff-097.pt,2,1
diff-interpretation-tuning/loras/rank-generalization/gemma3-4b-rank-016/weight-diffs/weight-diff-099.pt,2,1
diff-interpretation-tuning/loras/rank-generalization/gemma3-4b-rank-032/weight-diffs/weight-diff-000.pt,2,1
diff-interpretation-tuning/loras/rank-generalization/gemma3-4b-rank-032/weight-diffs/weight-diff-001.pt,2,1
diff-interpretation-tuning/loras/rank-generalization/gemma3-4b-rank-032/weight-diffs/weight-diff-002.pt,2,1
diff-interpretation-tuning/loras/rank-generalization/gemma3-4b-rank-032/weight-diffs/weight-diff-003.pt,2,1
diff-interpretation-tuning/loras/rank-generalization/gemma3-4b-rank-032/weight-diffs/weight-diff-004.pt,2,1
diff-interpretation-tuning/loras/rank-generalization/gemma3-4b-rank-032/weight-diffs/weight-diff-034.pt,2,1
diff-interpretation-tuning/loras/rank-generalization/gemma3-4b-rank-064/weight-diffs/weight-diff-025.pt,2,1
diff-interpretation-tuning/loras/rank-generalization/gemma3-4b-rank-064/weight-diffs/weight-diff-027.pt,2,1
diff-interpretation-tuning/loras/rank-generalization/gemma3-4b-rank-064/weight-diffs/weight-diff-028.pt,2,1
diff-interpretation-tuning/loras/rank-generalization/qwen3-4b-rank-004/weight-diffs/weight-diff-000.pt,2,1
diff-interpretation-tuning/loras/rank-generalization/qwen3-4b-rank-004/weight-diffs/weight-diff-001.pt,2,1
diff-interpretation-tuning/loras/rank-generalization/qwen3-4b-rank-004/weight-diffs/weight-diff-010.pt,2,1
diff-interpretation-tuning/loras/rank-generalization/qwen3-4b-rank-004/weight-diffs/weight-diff-011.pt,2,1
diff-interpretation-tuning/loras/rank-generalization/qwen3-4b-rank-004/weight-diffs/weight-diff-014.pt,2,1
diff-interpretation-tuning/loras/rank-generalization/qwen3-4b-rank-004/weight-diffs/weight-diff-015.pt,2,1
diff-interpretation-tuning/loras/rank-generalization/qwen3-4b-rank-004/weight-diffs/weight-diff-018.pt,2,1
diff-interpretation-tuning/loras/rank-generalization/qwen3-4b-rank-004/weight-diffs/weight-diff-019.pt,2,1
diff-interpretation-tuning/loras/rank-generalization/qwen3-4b-rank-004/weight-diffs/weight-diff-021.pt,2,1
diff-interpretation-tuning/loras/rank-generalization/qwen3-4b-rank-004/weight-diffs/weight-diff-023.pt,2,1
diff-interpretation-tuning/loras/rank-generalization/qwen3-4b-rank-004/weight-diffs/weight-diff-025.pt,2,1
diff-interpretation-tuning/loras/rank-generalization/qwen3-4b-rank-004/weight-diffs/weight-diff-027.pt,2,1
diff-interpretation-tuning/loras/rank-generalization/qwen3-4b-rank-004/weight-diffs/weight-diff-030.pt,2,1
diff-interpretation-tuning/loras/rank-generalization/qwen3-4b-rank-004/weight-diffs/weight-diff-031.pt,2,1
diff-interpretation-tuning/loras/rank-generalization/qwen3-4b-rank-004/weight-diffs/weight-diff-034.pt,2,1
diff-interpretation-tuning/loras/rank-generalization/qwen3-4b-rank-004/weight-diffs/weight-diff-035.pt,2,1
diff-interpretation-tuning/loras/rank-generalization/qwen3-4b-rank-004/weight-diffs/weight-diff-036.pt,2,1
diff-interpretation-tuning/loras/rank-generalization/qwen3-4b-rank-004/weight-diffs/weight-diff-039.pt,2,1
diff-interpretation-tuning/loras/rank-generalization/qwen3-4b-rank-004/weight-diffs/weight-diff-040.pt,2,1
diff-interpretation-tuning/loras/rank-generalization/qwen3-4b-rank-004/weight-diffs/weight-diff-041.pt,2,1
diff-interpretation-tuning/loras/rank-generalization/qwen3-4b-rank-004/weight-diffs/weight-diff-042.pt,2,1
diff-interpretation-tuning/loras/rank-generalization/qwen3-4b-rank-004/weight-diffs/weight-diff-044.pt,2,1
diff-interpretation-tuning/loras/rank-generalization/qwen3-4b-rank-004/weight-diffs/weight-diff-045.pt,2,1
diff-interpretation-tuning/loras/rank-generalization/qwen3-4b-rank-004/weight-diffs/weight-diff-046.pt,2,1
diff-interpretation-tuning/loras/rank-generalization/qwen3-4b-rank-004/weight-diffs/weight-diff-047.pt,2,1
diff-interpretation-tuning/loras/rank-generalization/qwen3-4b-rank-004/weight-diffs/weight-diff-048.pt,2,1
diff-interpretation-tuning/loras/rank-generalization/qwen3-4b-rank-004/weight-diffs/weight-diff-050.pt,2,1
diff-interpretation-tuning/loras/rank-generalization/qwen3-4b-rank-004/weight-diffs/weight-diff-054.pt,2,1
diff-interpretation-tuning/loras/rank-generalization/qwen3-4b-rank-004/weight-diffs/weight-diff-055.pt,2,1
diff-interpretation-tuning/loras/rank-generalization/qwen3-4b-rank-004/weight-diffs/weight-diff-056.pt,2,1
diff-interpretation-tuning/loras/rank-generalization/qwen3-4b-rank-004/weight-diffs/weight-diff-057.pt,2,1
diff-interpretation-tuning/loras/rank-generalization/qwen3-4b-rank-004/weight-diffs/weight-diff-058.pt,2,1
diff-interpretation-tuning/loras/rank-generalization/qwen3-4b-rank-004/weight-diffs/weight-diff-059.pt,2,1
diff-interpretation-tuning/loras/rank-generalization/qwen3-4b-rank-004/weight-diffs/weight-diff-060.pt,2,1
diff-interpretation-tuning/loras/rank-generalization/qwen3-4b-rank-004/weight-diffs/weight-diff-061.pt,2,1
diff-interpretation-tuning/loras/rank-generalization/qwen3-4b-rank-004/weight-diffs/weight-diff-064.pt,2,1
diff-interpretation-tuning/loras/rank-generalization/qwen3-4b-rank-004/weight-diffs/weight-diff-065.pt,2,1
diff-interpretation-tuning/loras/rank-generalization/qwen3-4b-rank-004/weight-diffs/weight-diff-066.pt,2,1
diff-interpretation-tuning/loras/rank-generalization/qwen3-4b-rank-004/weight-diffs/weight-diff-067.pt,2,1
diff-interpretation-tuning/loras/rank-generalization/qwen3-4b-rank-004/weight-diffs/weight-diff-068.pt,2,1
diff-interpretation-tuning/loras/rank-generalization/qwen3-4b-rank-004/weight-diffs/weight-diff-069.pt,2,1
diff-interpretation-tuning/loras/rank-generalization/qwen3-4b-rank-004/weight-diffs/weight-diff-070.pt,2,1
diff-interpretation-tuning/loras/rank-generalization/qwen3-4b-rank-004/weight-diffs/weight-diff-071.pt,2,1
diff-interpretation-tuning/loras/rank-generalization/qwen3-4b-rank-004/weight-diffs/weight-diff-072.pt,2,1
diff-interpretation-tuning/loras/rank-generalization/qwen3-4b-rank-004/weight-diffs/weight-diff-073.pt,2,1
diff-interpretation-tuning/loras/rank-generalization/qwen3-4b-rank-004/weight-diffs/weight-diff-074.pt,2,1
diff-interpretation-tuning/loras/rank-generalization/qwen3-4b-rank-004/weight-diffs/weight-diff-075.pt,2,1
diff-interpretation-tuning/loras/rank-generalization/qwen3-4b-rank-004/weight-diffs/weight-diff-076.pt,2,1
diff-interpretation-tuning/loras/rank-generalization/qwen3-4b-rank-004/weight-diffs/weight-diff-077.pt,2,1
diff-interpretation-tuning/loras/rank-generalization/qwen3-4b-rank-004/weight-diffs/weight-diff-078.pt,2,1
diff-interpretation-tuning/loras/rank-generalization/qwen3-4b-rank-004/weight-diffs/weight-diff-079.pt,2,1
diff-interpretation-tuning/loras/rank-generalization/qwen3-4b-rank-004/weight-diffs/weight-diff-080.pt,2,1
diff-interpretation-tuning/loras/rank-generalization/qwen3-4b-rank-004/weight-diffs/weight-diff-081.pt,2,1
diff-interpretation-tuning/loras/rank-generalization/qwen3-4b-rank-004/weight-diffs/weight-diff-082.pt,2,1
diff-interpretation-tuning/loras/rank-generalization/qwen3-4b-rank-004/weight-diffs/weight-diff-083.pt,2,1
diff-interpretation-tuning/loras/rank-generalization/qwen3-4b-rank-004/weight-diffs/weight-diff-084.pt,2,1
diff-interpretation-tuning/loras/rank-generalization/qwen3-4b-rank-004/weight-diffs/weight-diff-085.pt,2,1
diff-interpretation-tuning/loras/rank-generalization/qwen3-4b-rank-004/weight-diffs/weight-diff-086.pt,2,1
diff-interpretation-tuning/loras/rank-generalization/qwen3-4b-rank-004/weight-diffs/weight-diff-087.pt,2,1
diff-interpretation-tuning/loras/rank-generalization/qwen3-4b-rank-004/weight-diffs/weight-diff-088.pt,2,1
diff-interpretation-tuning/loras/rank-generalization/qwen3-4b-rank-004/weight-diffs/weight-diff-089.pt,2,1
diff-interpretation-tuning/loras/rank-generalization/qwen3-4b-rank-004/weight-diffs/weight-diff-090.pt,2,1
diff-interpretation-tuning/loras/rank-generalization/qwen3-4b-rank-004/weight-diffs/weight-diff-091.pt,2,1
diff-interpretation-tuning/loras/rank-generalization/qwen3-4b-rank-004/weight-diffs/weight-diff-092.pt,2,1
diff-interpretation-tuning/loras/rank-generalization/qwen3-4b-rank-004/weight-diffs/weight-diff-093.pt,2,1
diff-interpretation-tuning/loras/rank-generalization/qwen3-4b-rank-004/weight-diffs/weight-diff-094.pt,2,1
diff-interpretation-tuning/loras/rank-generalization/qwen3-4b-rank-004/weight-diffs/weight-diff-095.pt,2,1
diff-interpretation-tuning/loras/rank-generalization/qwen3-4b-rank-004/weight-diffs/weight-diff-096.pt,2,1
diff-interpretation-tuning/loras/rank-generalization/qwen3-4b-rank-004/weight-diffs/weight-diff-097.pt,2,1
diff-interpretation-tuning/loras/rank-generalization/qwen3-4b-rank-004/weight-diffs/weight-diff-098.pt,2,1
diff-interpretation-tuning/loras/rank-generalization/qwen3-4b-rank-004/weight-diffs/weight-diff-099.pt,2,1
diff-interpretation-tuning/loras/rank-generalization/qwen3-4b-rank-008/weight-diffs/weight-diff-038.pt,2,1
diff-interpretation-tuning/loras/rank-generalization/qwen3-4b-rank-008/weight-diffs/weight-diff-041.pt,2,1
diff-interpretation-tuning/loras/rank-generalization/qwen3-4b-rank-008/weight-diffs/weight-diff-050.pt,2,1
diff-interpretation-tuning/loras/rank-generalization/qwen3-4b-rank-008/weight-diffs/weight-diff-053.pt,2,1
diff-interpretation-tuning/loras/rank-generalization/qwen3-4b-rank-008/weight-diffs/weight-diff-062.pt,2,1
diff-interpretation-tuning/loras/rank-generalization/qwen3-4b-rank-008/weight-diffs/weight-diff-077.pt,2,1
diff-interpretation-tuning/loras/rank-generalization/qwen3-4b-rank-008/weight-diffs/weight-diff-083.pt,2,1
diff-interpretation-tuning/loras/rank-generalization/qwen3-4b-rank-008/weight-diffs/weight-diff-087.pt,2,1
diff-interpretation-tuning/loras/rank-generalization/qwen3-4b-rank-008/weight-diffs/weight-diff-092.pt,2,1
diff-interpretation-tuning/loras/rank-generalization/qwen3-4b-rank-008/weight-diffs/weight-diff-095.pt,2,1
diff-interpretation-tuning/loras/rank-generalization/qwen3-4b-rank-064/weight-diffs/weight-diff-039.pt,2,1
diff-interpretation-tuning/loras/rank-generalization/qwen3-4b-rank-064/weight-diffs/weight-diff-064.pt,2,1
diff-interpretation-tuning/loras/rank-generalization/qwen3-4b-rank-064/weight-diffs/weight-diff-065.pt,2,1
diff-interpretation-tuning/loras/rank-generalization/qwen3-4b-rank-064/weight-diffs/weight-diff-066.pt,2,1
diff-interpretation-tuning/loras/rank-generalization/qwen3-4b-rank-064/weight-diffs/weight-diff-067.pt,2,1
diff-interpretation-tuning/loras/rank-generalization/qwen3-4b-rank-064/weight-diffs/weight-diff-068.pt,2,1
diff-interpretation-tuning/loras/rank-generalization/qwen3-4b-rank-064/weight-diffs/weight-diff-069.pt,2,1
diff-interpretation-tuning/loras/rank-generalization/qwen3-4b-rank-064/weight-diffs/weight-diff-070.pt,2,1
diff-interpretation-tuning/loras/rank-generalization/qwen3-4b-rank-064/weight-diffs/weight-diff-071.pt,2,1
diff-interpretation-tuning/loras/rank-generalization/qwen3-4b-rank-064/weight-diffs/weight-diff-077.pt,2,1
diff-interpretation-tuning/loras/rank-generalization/qwen3-4b-rank-064/weight-diffs/weight-diff-078.pt,2,1
diff-interpretation-tuning/loras/trigger-generalization/qwen3-4b-zero-width-random/weight-diffs/weight-diff-001.pt,2,1
Saidakbar01/whisper-uz-finetuned/training_args.bin,2,1
nvidia/nemotron-speech-streaming-en-0.6b/nemotron-speech-streaming-en-0.6b.nemo,2,1
nvidia/diar_streaming_sortformer_4spk-v2.1/diar_streaming_sortformer_4spk-v2.1.nemo,2,-1
nvidia/parakeet-tdt-0.6b-v3/parakeet-tdt-0.6b-v3.nemo,2,1
nvidia/canary-1b-v2/canary-1b-v2.nemo,2,1
optimum-intel-internal-testing/tiny-random-CodeGenForCausalLM/pytorch_model.bin,2,1
optimum-intel-internal-testing/tiny-random-GPTNeoXForCausalLM/pytorch_model.bin,2,1
facebook/sam3.1/sam3.1_multiplex.pt,2,1
optimum-intel-internal-testing/tiny-random-Data2VecAudioModel/pytorch_model.bin,2,1
timm/convnext_base.dinov3_lvd1689m/pytorch_model.bin,2,1
fancyfeast/bigaspv2-5/training-checkpoints/test_215/ep10-ba35889-rank0_stripped.pt,2,1
fancyfeast/bigaspv2-5/training-checkpoints/test_215/ep2-ba8301-rank0_stripped.pt,2,1
fancyfeast/bigaspv2-5/training-checkpoints/test_215/ep2-ba8790-rank0_stripped.pt,2,1
fancyfeast/bigaspv2-5/training-checkpoints/test_215/ep5-ba18067-rank0_stripped.pt,2,1
fancyfeast/bigaspv2-5/training-checkpoints/test_215/ep6-ba20020-rank0.pt,2,1
OpenMed/OpenMed-ZeroShot-NER-Anatomy-Medium-209M/pytorch_model.bin,2,1
nm-testing/qwen3-8b-peagle-speculators/optimizer_state_dict.pt,2,1
nm-testing/qwen3-8b-peagle-speculators/snapshots/48caff875fa217da907d9a4d2468e3a9f5d1ae0e/optimizer_state_dict.pt,2,1
OpenMed/OpenMed-ZeroShot-NER-Pharma-Multi-209M/pytorch_model.bin,2,1
OpenMed/OpenMed-ZeroShot-NER-Pharma-Tiny-60M/pytorch_model.bin,2,1
optimum-intel-internal-testing/tiny-random-LevitModel/pytorch_model.bin,2,1
ayushgupta7777/safetyvision-yolov8/best.pt,2,1
OpenMed/OpenMed-ZeroShot-NER-BloodCancer-Medium-209M/pytorch_model.bin,2,1
OpenMed/OpenMed-ZeroShot-NER-Species-Tiny-60M/pytorch_model.bin,2,1
pyannoteAI/parakeet-tdt-0.6b-v3/parakeet-tdt-0.6b-v3.nemo,2,1
timm/vit_small_patch16_dinov3_qkvb.lvd1689m/pytorch_model.bin,2,1
nvidia/nemo-nano-codec-22khz-1.89kbps-21.5fps/nemo-nano-codec-22khz-1.89kbps-21.5fps.nemo,2,1
OpenMed/OpenMed-ZeroShot-NER-Pathology-XLarge-770M/pytorch_model.bin,2,1
OpenMed/OpenMed-ZeroShot-NER-Species-Multi-209M/pytorch_model.bin,2,1
allenai/OlmoEarth-v1-Large/weights.pth,2,-1
nvidia/C-RADIOv4-H/c-radio_v4-h_half.pth.tar,2,1
arda-argmax/sortformer-finetuned/4spk-v0.3-bs1-acc8-l4-diskcache-shardedval-v1-1778065009/best.nemo,2,1
arda-argmax/sortformer-finetuned/6spk-ami-sdm-debug-bs10-a100-80gb-1gpu-v1-1781805281/best.nemo,2,1
arda-argmax/sortformer-finetuned/6spk-ami-sdm-debug-bs10-a100-80gb-1gpu-v1-1781805281/checkpoints/step_130_epoch_1_val-der_0.1837.nemo,2,1
arda-argmax/sortformer-finetuned/6spk-ami-sdm-debug-bs10-a100-80gb-1gpu-v1-1781805281/checkpoints/step_210_epoch_2_val-der_0.1709.nemo,2,1
arda-argmax/sortformer-finetuned/6spk-ami-sdm-debug-bs10-a100-80gb-1gpu-v1-1781805281/checkpoints/step_50_epoch_0_val-der_0.3708.nemo,2,1
arda-argmax/sortformer-finetuned/6spk-ami-sdm-flac-debug-bs10-a100-80gb-1gpu-v1-1781828240/best.nemo,2,1
arda-argmax/sortformer-finetuned/6spk-ami-sdm-flac-debug-bs10-a100-80gb-1gpu-v1-1781828240/checkpoints/step_130_epoch_1_val-der_0.1841.nemo,2,1
arda-argmax/sortformer-finetuned/6spk-ami-sdm-flac-debug-bs10-a100-80gb-1gpu-v1-1781828240/checkpoints/step_210_epoch_2_val-der_0.1806.nemo,2,1
arda-argmax/sortformer-finetuned/6spk-ami-sdm-flac-debug-bs10-a100-80gb-1gpu-v1-1781828240/checkpoints/step_50_epoch_0_val-der_0.3563.nemo,2,1
arda-argmax/sortformer-finetuned/6spk-debug-prepared-shar-worldfix-1780478585/best.nemo,2,1
arda-argmax/sortformer-finetuned/6spk-debug-prepared-shar-worldfix-1780478585/checkpoints/step_2_epoch_0_val-der_1.3011.nemo,2,1
arda-argmax/sortformer-finetuned/6spk-debug-prepared-shar-worldfix-1780478585/checkpoints/step_4_epoch_1_val-der_1.1216.nemo,2,1
arda-argmax/sortformer-finetuned/6spk-fullrandom-bs10-ga8-a100-80gb-1gpu-lr1e-4-lr-v1-1781045285/best.nemo,2,1
arda-argmax/sortformer-finetuned/6spk-fullrandom-bs10-ga8-a100-80gb-1gpu-lr1e-4-lr-v1-1781045285/checkpoints/step_6_epoch_0_val-der_1.0000.nemo,2,1
arda-argmax/sortformer-finetuned/6spk-v0.3-bs1-acc8-l4-diskcache-shardedval-v1-1778010364/best.nemo,2,1
arda-argmax/sortformer-finetuned/6spk-v0.4-ami-bs1-acc8-l4-diskcache-shardedval-v1-1778218672/best.nemo,2,1
arda-argmax/sortformer-finetuned/6spk-v0.4-ami-bs1-acc8-l4-diskcache-shardedval-v1-1778218672/checkpoints/step_1080_epoch_2_val-der_0.1535.nemo,2,1
arda-argmax/sortformer-finetuned/6spk-v0.4-ami-bs1-acc8-l4-diskcache-shardedval-v1-1778218672/checkpoints/step_1170_epoch_2_val-der_0.1446.nemo,2,1
arda-argmax/sortformer-finetuned/6spk-v0.4-ami-bs1-acc8-l4-diskcache-shardedval-v1-1778218672/checkpoints/step_1350_epoch_2_val-der_0.1436.nemo,2,1
arda-argmax/sortformer-finetuned/6spk-v0.4-ami-bs1-acc8-l4-diskcache-shardedval-v1-1778218672/checkpoints/step_1440_epoch_3_val-der_0.1423.nemo,2,1
arda-argmax/sortformer-finetuned/6spk-v0.4-ami-bs1-acc8-l4-diskcache-shardedval-v1-1778218672/checkpoints/step_1530_epoch_3_val-der_0.1397.nemo,2,1
arda-argmax/sortformer-finetuned/6spk-v0.4-ami-bs1-acc8-l4-diskcache-shardedval-v1-1778218672/checkpoints/step_1620_epoch_3_val-der_0.1388.nemo,2,1
arda-argmax/sortformer-finetuned/6spk-v0.4-ami-bs1-acc8-l4-diskcache-shardedval-v1-1778218672/checkpoints/step_1710_epoch_3_val-der_0.1382.nemo,2,1
arda-argmax/sortformer-finetuned/6spk-v0.4-ami-bs1-acc8-l4-diskcache-shardedval-v1-1778218672/checkpoints/step_180_epoch_0_val-der_0.2089.nemo,2,1
arda-argmax/sortformer-finetuned/6spk-v0.4-ami-bs1-acc8-l4-diskcache-shardedval-v1-1778218672/checkpoints/step_1980_epoch_4_val-der_0.1346.nemo,2,1
arda-argmax/sortformer-finetuned/6spk-v0.4-ami-bs1-acc8-l4-diskcache-shardedval-v1-1778218672/checkpoints/step_2430_epoch_5_val-der_0.1340.nemo,2,1
arda-argmax/sortformer-finetuned/6spk-v0.4-ami-bs1-acc8-l4-diskcache-shardedval-v1-1778218672/checkpoints/step_2520_epoch_5_val-der_0.1338.nemo,2,1
arda-argmax/sortformer-finetuned/6spk-v0.4-ami-bs1-acc8-l4-diskcache-shardedval-v1-1778218672/checkpoints/step_2700_epoch_5_val-der_0.1335.nemo,2,1
arda-argmax/sortformer-finetuned/6spk-v0.4-ami-bs1-acc8-l4-diskcache-shardedval-v1-1778218672/checkpoints/step_270_epoch_0_val-der_0.2001.nemo,2,1
arda-argmax/sortformer-finetuned/6spk-v0.4-ami-bs1-acc8-l4-diskcache-shardedval-v1-1778218672/checkpoints/step_3060_epoch_6_val-der_0.1302.nemo,2,1
arda-argmax/sortformer-finetuned/6spk-v0.4-ami-bs1-acc8-l4-diskcache-shardedval-v1-1778218672/checkpoints/step_360_epoch_0_val-der_0.1928.nemo,2,1
arda-argmax/sortformer-finetuned/6spk-v0.4-ami-bs1-acc8-l4-diskcache-shardedval-v1-1778218672/checkpoints/step_3870_epoch_8_val-der_0.1289.nemo,2,1
arda-argmax/sortformer-finetuned/6spk-v0.4-ami-bs1-acc8-l4-diskcache-shardedval-v1-1778218672/checkpoints/step_3960_epoch_8_val-der_0.1285.nemo,2,1
arda-argmax/sortformer-finetuned/6spk-v0.4-ami-bs1-acc8-l4-diskcache-shardedval-v1-1778218672/checkpoints/step_4140_epoch_9_val-der_0.1280.nemo,2,1
arda-argmax/sortformer-finetuned/6spk-v0.4-ami-bs1-acc8-l4-diskcache-shardedval-v1-1778218672/checkpoints/step_450_epoch_0_val-der_0.1911.nemo,2,1
arda-argmax/sortformer-finetuned/6spk-v0.4-ami-bs1-acc8-l4-diskcache-shardedval-v1-1778218672/checkpoints/step_540_epoch_1_val-der_0.1894.nemo,2,1
arda-argmax/sortformer-finetuned/6spk-v0.4-ami-bs1-acc8-l4-diskcache-shardedval-v1-1778218672/checkpoints/step_630_epoch_1_val-der_0.1871.nemo,2,1
arda-argmax/sortformer-finetuned/6spk-v0.4-ami-bs1-acc8-l4-diskcache-shardedval-v1-1778218672/checkpoints/step_720_epoch_1_val-der_0.1813.nemo,2,1
arda-argmax/sortformer-finetuned/6spk-v0.4-ami-bs1-acc8-l4-diskcache-shardedval-v1-1778218672/checkpoints/step_900_epoch_1_val-der_0.1706.nemo,2,1
arda-argmax/sortformer-finetuned/6spk-v0.4-ami-bs1-acc8-l4-diskcache-shardedval-v1-1778218672/checkpoints/step_90_epoch_0_val-der_0.3542.nemo,2,1
arda-argmax/sortformer-finetuned/6spk-v0.4-ami-bs1-acc8-l4-diskcache-shardedval-v1-1778218672/checkpoints/step_990_epoch_2_val-der_0.1561.nemo,2,1
arda-argmax/sortformer-finetuned/6spk-v0.4-librispeech-ami-bs1-acc8-l4-diskcache-shardedval-v3-1778228622/best.nemo,2,1
arda-argmax/sortformer-finetuned/6spk-v0.4-librispeech-ami-bs1-acc8-l4-diskcache-shardedval-v3-1778228622/checkpoints/step_1440_epoch_1_val-der_0.2048.nemo,2,1
arda-argmax/sortformer-finetuned/6spk-v0.4-librispeech-ami-bs1-acc8-l4-diskcache-shardedval-v3-1778228622/checkpoints/step_1530_epoch_1_val-der_0.2042.nemo,2,1
arda-argmax/sortformer-finetuned/6spk-v0.4-librispeech-ami-bs1-acc8-l4-diskcache-shardedval-v3-1778228622/checkpoints/step_1620_epoch_1_val-der_0.2035.nemo,2,1
arda-argmax/sortformer-finetuned/6spk-v0.4-librispeech-ami-bs1-acc8-l4-diskcache-shardedval-v3-1778228622/checkpoints/step_180_epoch_0_val-der_0.2159.nemo,2,1
arda-argmax/sortformer-finetuned/6spk-v0.4-librispeech-ami-bs1-acc8-l4-diskcache-shardedval-v3-1778228622/checkpoints/step_270_epoch_0_val-der_0.2146.nemo,2,1
arda-argmax/sortformer-finetuned/6spk-v0.4-librispeech-ami-bs1-acc8-l4-diskcache-shardedval-v3-1778228622/checkpoints/step_360_epoch_0_val-der_0.2138.nemo,2,1
arda-argmax/sortformer-finetuned/6spk-v0.4-librispeech-ami-bs1-acc8-l4-diskcache-shardedval-v3-1778228622/checkpoints/step_450_epoch_0_val-der_0.2116.nemo,2,1
arda-argmax/sortformer-finetuned/6spk-v0.4-librispeech-ami-bs1-acc8-l4-diskcache-shardedval-v3-1778228622/checkpoints/step_630_epoch_0_val-der_0.2103.nemo,2,1
arda-argmax/sortformer-finetuned/6spk-v0.4-librispeech-ami-bs1-acc8-l4-diskcache-shardedval-v3-1778228622/checkpoints/step_810_epoch_0_val-der_0.2059.nemo,2,1
arda-argmax/sortformer-finetuned/6spk-v0.4-librispeech-ami-bs1-acc8-l4-diskcache-shardedval-v3-1778228622/checkpoints/step_90_epoch_0_val-der_0.2223.nemo,2,1
arda-argmax/sortformer-finetuned/6spk-v0.4-librispeech-ami-bs1-acc8-l4-diskcache-shardedval-v5-1778286481/best.nemo,2,1
arda-argmax/sortformer-finetuned/6spk-v0.4-librispeech-ami-bs1-acc8-l4-diskcache-shardedval-v5-1778286481/checkpoints/step_1080_epoch_1_val-der_0.1398.nemo,2,1
arda-argmax/sortformer-finetuned/6spk-v0.4-librispeech-ami-bs1-acc8-l4-diskcache-shardedval-v5-1778286481/checkpoints/step_1260_epoch_1_val-der_0.1390.nemo,2,1
arda-argmax/sortformer-finetuned/6spk-v0.4-librispeech-ami-bs1-acc8-l4-diskcache-shardedval-v5-1778286481/checkpoints/step_1350_epoch_1_val-der_0.1374.nemo,2,1
arda-argmax/sortformer-finetuned/6spk-v0.4-librispeech-ami-bs1-acc8-l4-diskcache-shardedval-v5-1778286481/checkpoints/step_1440_epoch_1_val-der_0.1353.nemo,2,1
arda-argmax/sortformer-finetuned/6spk-v0.4-librispeech-ami-bs1-acc8-l4-diskcache-shardedval-v5-1778286481/checkpoints/step_1530_epoch_1_val-der_0.1346.nemo,2,1
arda-argmax/sortformer-finetuned/6spk-v0.4-librispeech-ami-bs1-acc8-l4-diskcache-shardedval-v5-1778286481/checkpoints/step_1710_epoch_1_val-der_0.1343.nemo,2,1
arda-argmax/sortformer-finetuned/6spk-v0.4-librispeech-ami-bs1-acc8-l4-diskcache-shardedval-v5-1778286481/checkpoints/step_1800_epoch_1_val-der_0.1334.nemo,2,1
arda-argmax/sortformer-finetuned/6spk-v0.4-librispeech-ami-bs1-acc8-l4-diskcache-shardedval-v5-1778286481/checkpoints/step_180_epoch_0_val-der_0.2056.nemo,2,1
arda-argmax/sortformer-finetuned/6spk-v0.4-librispeech-ami-bs1-acc8-l4-diskcache-shardedval-v5-1778286481/checkpoints/step_2070_epoch_2_val-der_0.1327.nemo,2,1
arda-argmax/sortformer-finetuned/6spk-v0.4-librispeech-ami-bs1-acc8-l4-diskcache-shardedval-v5-1778286481/checkpoints/step_2160_epoch_2_val-der_0.1317.nemo,2,1
arda-argmax/sortformer-finetuned/6spk-v0.4-librispeech-ami-bs1-acc8-l4-diskcache-shardedval-v5-1778286481/checkpoints/step_2250_epoch_2_val-der_0.1302.nemo,2,1
arda-argmax/sortformer-finetuned/6spk-v0.4-librispeech-ami-bs1-acc8-l4-diskcache-shardedval-v5-1778286481/checkpoints/step_2520_epoch_2_val-der_0.1283.nemo,2,1
arda-argmax/sortformer-finetuned/6spk-v0.4-librispeech-ami-bs1-acc8-l4-diskcache-shardedval-v5-1778286481/checkpoints/step_270_epoch_0_val-der_0.1998.nemo,2,1
arda-argmax/sortformer-finetuned/6spk-v0.4-librispeech-ami-bs1-acc8-l4-diskcache-shardedval-v5-1778286481/checkpoints/step_2880_epoch_3_val-der_0.1271.nemo,2,1
arda-argmax/sortformer-finetuned/6spk-v0.4-librispeech-ami-bs1-acc8-l4-diskcache-shardedval-v5-1778286481/checkpoints/step_3060_epoch_3_val-der_0.1269.nemo,2,1
arda-argmax/sortformer-finetuned/6spk-v0.4-librispeech-ami-bs1-acc8-l4-diskcache-shardedval-v5-1778286481/checkpoints/step_3240_epoch_3_val-der_0.1268.nemo,2,1
arda-argmax/sortformer-finetuned/6spk-v0.4-librispeech-ami-bs1-acc8-l4-diskcache-shardedval-v5-1778286481/checkpoints/step_3330_epoch_3_val-der_0.1266.nemo,2,1
arda-argmax/sortformer-finetuned/6spk-v0.4-librispeech-ami-bs1-acc8-l4-diskcache-shardedval-v5-1778286481/checkpoints/step_3420_epoch_3_val-der_0.1252.nemo,2,1
arda-argmax/sortformer-finetuned/6spk-v0.4-librispeech-ami-bs1-acc8-l4-diskcache-shardedval-v5-1778286481/checkpoints/step_360_epoch_0_val-der_0.1911.nemo,2,1
arda-argmax/sortformer-finetuned/6spk-v0.4-librispeech-ami-bs1-acc8-l4-diskcache-shardedval-v5-1778286481/checkpoints/step_4050_epoch_4_val-der_0.1241.nemo,2,1
arda-argmax/sortformer-finetuned/6spk-v0.4-librispeech-ami-bs1-acc8-l4-diskcache-shardedval-v5-1778286481/checkpoints/step_4410_epoch_4_val-der_0.1238.nemo,2,1
arda-argmax/sortformer-finetuned/6spk-v0.4-librispeech-ami-bs1-acc8-l4-diskcache-shardedval-v5-1778286481/checkpoints/step_450_epoch_0_val-der_0.1895.nemo,2,1
arda-argmax/sortformer-finetuned/6spk-v0.4-librispeech-ami-bs1-acc8-l4-diskcache-shardedval-v5-1778286481/checkpoints/step_4770_epoch_5_val-der_0.1237.nemo,2,1
arda-argmax/sortformer-finetuned/6spk-v0.4-librispeech-ami-bs1-acc8-l4-diskcache-shardedval-v5-1778286481/checkpoints/step_4950_epoch_5_val-der_0.1219.nemo,2,1
arda-argmax/sortformer-finetuned/6spk-v0.4-librispeech-ami-bs1-acc8-l4-diskcache-shardedval-v5-1778286481/checkpoints/step_540_epoch_0_val-der_0.1872.nemo,2,1
arda-argmax/sortformer-finetuned/6spk-v0.4-librispeech-ami-bs1-acc8-l4-diskcache-shardedval-v5-1778286481/checkpoints/step_5940_epoch_6_val-der_0.1207.nemo,2,1
arda-argmax/sortformer-finetuned/6spk-v0.4-librispeech-ami-bs1-acc8-l4-diskcache-shardedval-v5-1778286481/checkpoints/step_630_epoch_0_val-der_0.1612.nemo,2,1
arda-argmax/sortformer-finetuned/6spk-v0.4-librispeech-ami-bs1-acc8-l4-diskcache-shardedval-v5-1778286481/checkpoints/step_6390_epoch_7_val-der_0.1200.nemo,2,1
arda-argmax/sortformer-finetuned/6spk-v0.4-librispeech-ami-bs1-acc8-l4-diskcache-shardedval-v5-1778286481/checkpoints/step_720_epoch_0_val-der_0.1542.nemo,2,1
arda-argmax/sortformer-finetuned/6spk-v0.4-librispeech-ami-bs1-acc8-l4-diskcache-shardedval-v5-1778286481/checkpoints/step_7290_epoch_8_val-der_0.1193.nemo,2,1
arda-argmax/sortformer-finetuned/6spk-v0.4-librispeech-ami-bs1-acc8-l4-diskcache-shardedval-v5-1778286481/checkpoints/step_7470_epoch_8_val-der_0.1188.nemo,2,1
arda-argmax/sortformer-finetuned/6spk-v0.4-librispeech-ami-bs1-acc8-l4-diskcache-shardedval-v5-1778286481/checkpoints/step_7560_epoch_8_val-der_0.1182.nemo,2,1
arda-argmax/sortformer-finetuned/6spk-v0.4-librispeech-ami-bs1-acc8-l4-diskcache-shardedval-v5-1778286481/checkpoints/step_810_epoch_0_val-der_0.1480.nemo,2,1
arda-argmax/sortformer-finetuned/6spk-v0.4-librispeech-ami-bs1-acc8-l4-diskcache-shardedval-v5-1778286481/checkpoints/step_900_epoch_0_val-der_0.1433.nemo,2,1
arda-argmax/sortformer-finetuned/6spk-v0.4-librispeech-ami-bs1-acc8-l4-diskcache-shardedval-v5-1778286481/checkpoints/step_90_epoch_0_val-der_0.2223.nemo,2,1
arda-argmax/sortformer-finetuned/6spk-v0.4-librispeech-ami-bs1-acc8-l4-diskcache-shardedval-v5-1778286481/checkpoints/step_990_epoch_1_val-der_0.1429.nemo,2,1
arda-argmax/sortformer-finetuned/6spk-v0.4-librispeech-bs1-acc8-l4-diskcache-shardedval-v1-1778198761/best.nemo,2,1
arda-argmax/sortformer-finetuned/6spk-v0.4-librispeech-bs1-acc8-l4-diskcache-shardedval-v1-1778198761/checkpoints/step_1080_epoch_2_val-der_0.1069.nemo,2,1
arda-argmax/sortformer-finetuned/6spk-v0.4-librispeech-bs1-acc8-l4-diskcache-shardedval-v1-1778198761/checkpoints/step_1170_epoch_2_val-der_0.1058.nemo,2,1
arda-argmax/sortformer-finetuned/6spk-v0.4-librispeech-bs1-acc8-l4-diskcache-shardedval-v1-1778198761/checkpoints/step_1260_epoch_2_val-der_0.1043.nemo,2,1
arda-argmax/sortformer-finetuned/6spk-v0.4-librispeech-bs1-acc8-l4-diskcache-shardedval-v1-1778198761/checkpoints/step_1710_epoch_3_val-der_0.1027.nemo,2,1
arda-argmax/sortformer-finetuned/6spk-v0.4-librispeech-bs1-acc8-l4-diskcache-shardedval-v1-1778198761/checkpoints/step_180_epoch_0_val-der_0.1670.nemo,2,1
arda-argmax/sortformer-finetuned/6spk-v0.4-librispeech-bs1-acc8-l4-diskcache-shardedval-v1-1778198761/checkpoints/step_2160_epoch_4_val-der_0.1016.nemo,2,1
arda-argmax/sortformer-finetuned/6spk-v0.4-librispeech-bs1-acc8-l4-diskcache-shardedval-v1-1778198761/checkpoints/step_2430_epoch_5_val-der_0.1014.nemo,2,1
arda-argmax/sortformer-finetuned/6spk-v0.4-librispeech-bs1-acc8-l4-diskcache-shardedval-v1-1778198761/checkpoints/step_2700_epoch_5_val-der_0.1002.nemo,2,1
arda-argmax/sortformer-finetuned/6spk-v0.4-librispeech-bs1-acc8-l4-diskcache-shardedval-v1-1778198761/checkpoints/step_270_epoch_0_val-der_0.1644.nemo,2,1
arda-argmax/sortformer-finetuned/6spk-v0.4-librispeech-bs1-acc8-l4-diskcache-shardedval-v1-1778198761/checkpoints/step_2880_epoch_6_val-der_0.0996.nemo,2,1
arda-argmax/sortformer-finetuned/6spk-v0.4-librispeech-bs1-acc8-l4-diskcache-shardedval-v1-1778198761/checkpoints/step_2970_epoch_6_val-der_0.0992.nemo,2,1
arda-argmax/sortformer-finetuned/6spk-v0.4-librispeech-bs1-acc8-l4-diskcache-shardedval-v1-1778198761/checkpoints/step_3150_epoch_6_val-der_0.0982.nemo,2,1
arda-argmax/sortformer-finetuned/6spk-v0.4-librispeech-bs1-acc8-l4-diskcache-shardedval-v1-1778198761/checkpoints/step_3600_epoch_7_val-der_0.0981.nemo,2,1
arda-argmax/sortformer-finetuned/6spk-v0.4-librispeech-bs1-acc8-l4-diskcache-shardedval-v1-1778198761/checkpoints/step_360_epoch_0_val-der_0.1619.nemo,2,1
arda-argmax/sortformer-finetuned/6spk-v0.4-librispeech-bs1-acc8-l4-diskcache-shardedval-v1-1778198761/checkpoints/step_3780_epoch_8_val-der_0.0976.nemo,2,1
arda-argmax/sortformer-finetuned/6spk-v0.4-librispeech-bs1-acc8-l4-diskcache-shardedval-v1-1778198761/checkpoints/step_4050_epoch_8_val-der_0.0964.nemo,2,1
arda-argmax/sortformer-finetuned/6spk-v0.4-librispeech-bs1-acc8-l4-diskcache-shardedval-v1-1778198761/checkpoints/step_4140_epoch_9_val-der_0.0958.nemo,2,1
arda-argmax/sortformer-finetuned/6spk-v0.4-librispeech-bs1-acc8-l4-diskcache-shardedval-v1-1778198761/checkpoints/step_4230_epoch_9_val-der_0.0915.nemo,2,1
arda-argmax/sortformer-finetuned/6spk-v0.4-librispeech-bs1-acc8-l4-diskcache-shardedval-v1-1778198761/checkpoints/step_4320_epoch_9_val-der_0.0872.nemo,2,1
arda-argmax/sortformer-finetuned/6spk-v0.4-librispeech-bs1-acc8-l4-diskcache-shardedval-v1-1778198761/checkpoints/step_4410_epoch_9_val-der_0.0843.nemo,2,1
arda-argmax/sortformer-finetuned/6spk-v0.4-librispeech-bs1-acc8-l4-diskcache-shardedval-v1-1778198761/checkpoints/step_450_epoch_0_val-der_0.1291.nemo,2,1
arda-argmax/sortformer-finetuned/6spk-v0.4-librispeech-bs1-acc8-l4-diskcache-shardedval-v1-1778198761/checkpoints/step_540_epoch_1_val-der_0.1151.nemo,2,1
arda-argmax/sortformer-finetuned/6spk-v0.4-librispeech-bs1-acc8-l4-diskcache-shardedval-v1-1778198761/checkpoints/step_720_epoch_1_val-der_0.1120.nemo,2,1
arda-argmax/sortformer-finetuned/6spk-v0.4-librispeech-bs1-acc8-l4-diskcache-shardedval-v1-1778198761/checkpoints/step_810_epoch_1_val-der_0.1082.nemo,2,1
arda-argmax/sortformer-finetuned/6spk-v0.4-librispeech-bs1-acc8-l4-diskcache-shardedval-v1-1778198761/checkpoints/step_90_epoch_0_val-der_0.1700.nemo,2,1
arda-argmax/sortformer-finetuned/6spk-v0.6-fastmss-prepared-shar-bs1-acc8-l4-worldfix-v1-1780479980/best.nemo,2,1
arda-argmax/sortformer-finetuned/6spk-v0.6-fastmss-prepared-shar-bs1-acc8-l4-worldfix-v1-1780479980/checkpoints/step_180_epoch_0_val-der_0.2104.nemo,2,1
arda-argmax/sortformer-finetuned/6spk-v0.6-fastmss-prepared-shar-bs1-acc8-l4-worldfix-v1-1780479980/checkpoints/step_270_epoch_0_val-der_0.2067.nemo,2,1
arda-argmax/sortformer-finetuned/6spk-v0.6-fastmss-prepared-shar-bs1-acc8-l4-worldfix-v1-1780479980/checkpoints/step_360_epoch_0_val-der_0.1966.nemo,2,1
arda-argmax/sortformer-finetuned/6spk-v0.6-fastmss-prepared-shar-bs1-acc8-l4-worldfix-v1-1780479980/checkpoints/step_450_epoch_0_val-der_0.1530.nemo,2,1
arda-argmax/sortformer-finetuned/6spk-v0.6-fastmss-prepared-shar-bs1-acc8-l4-worldfix-v1-1780479980/checkpoints/step_540_epoch_0_val-der_0.1469.nemo,2,1
arda-argmax/sortformer-finetuned/6spk-v0.6-fastmss-prepared-shar-bs1-acc8-l4-worldfix-v1-1780479980/checkpoints/step_630_epoch_0_val-der_0.1446.nemo,2,1
arda-argmax/sortformer-finetuned/6spk-v0.6-fastmss-prepared-shar-bs1-acc8-l4-worldfix-v1-1780479980/checkpoints/step_900_epoch_0_val-der_0.1436.nemo,2,1
arda-argmax/sortformer-finetuned/6spk-v0.6-fastmss-prepared-shar-bs1-acc8-l4-worldfix-v1-1780479980/checkpoints/step_90_epoch_0_val-der_0.2187.nemo,2,1
arda-argmax/sortformer-finetuned/6spk-v0.6-fastmss-prepared-shar-bs1-acc8-l4-worldfix-v1-1780479980/checkpoints/step_990_epoch_1_val-der_0.1416.nemo,2,1
arda-argmax/sortformer-finetuned/6spk-v0.6-fastmss-prepared-shar-bs1-ga8-l4-8gpu-fullset-smoketest-v5-1780559280/best.nemo,2,1
arda-argmax/sortformer-finetuned/6spk-v0.6-fastmss-prepared-shar-bs1-ga8-l4-8gpu-fullset-smoketest-v5-1780559280/checkpoints/step_62_epoch_0_val-der_0.2269.nemo,2,1
arda-argmax/sortformer-finetuned/6spk-v0.6-fastmss-prepared-shar-bs10-a100-80gb-2gpu-debug-debug-v1-1780602245/best.nemo,2,1
arda-argmax/sortformer-finetuned/6spk-v0.6-fastmss-prepared-shar-bs10-a100-80gb-2gpu-debug-debug-v1-1780602245/checkpoints/step_100_epoch_0_val-der_0.2319.nemo,2,1
arda-argmax/sortformer-finetuned/6spk-v0.6-fastmss-prepared-shar-bs10-a100-80gb-2gpu-debug-debug-v1-1780602245/checkpoints/step_150_epoch_0_val-der_0.2183.nemo,2,1
arda-argmax/sortformer-finetuned/6spk-v0.6-fastmss-prepared-shar-bs10-a100-80gb-2gpu-debug-debug-v1-1780602245/checkpoints/step_250_epoch_1_val-der_0.2163.nemo,2,1
arda-argmax/sortformer-finetuned/6spk-v0.6-fastmss-prepared-shar-bs10-a100-80gb-2gpu-debug-debug-v1-1780602245/checkpoints/step_350_epoch_1_val-der_0.2109.nemo,2,1
arda-argmax/sortformer-finetuned/6spk-v0.6-fastmss-prepared-shar-bs10-a100-80gb-2gpu-debug-debug-v1-1780602245/checkpoints/step_400_epoch_1_val-der_0.2094.nemo,2,1
arda-argmax/sortformer-finetuned/6spk-v0.6-fastmss-prepared-shar-bs10-a100-80gb-2gpu-debug-debug-v1-1780602245/checkpoints/step_50_epoch_0_val-der_0.3624.nemo,2,1
arda-argmax/sortformer-finetuned/6spk-v0.6-fastmss-prepared-shar-bs10-a100-80gb-4gpu-debug-debug-v1-1780602382/best.nemo,2,1
arda-argmax/sortformer-finetuned/6spk-v0.6-fastmss-prepared-shar-bs10-a100-80gb-4gpu-debug-debug-v1-1780602382/checkpoints/step_100_epoch_0_val-der_0.2269.nemo,2,1
arda-argmax/sortformer-finetuned/6spk-v0.6-fastmss-prepared-shar-bs10-a100-80gb-4gpu-debug-debug-v1-1780602382/checkpoints/step_150_epoch_1_val-der_0.2196.nemo,2,1
arda-argmax/sortformer-finetuned/6spk-v0.6-fastmss-prepared-shar-bs10-a100-80gb-4gpu-debug-debug-v1-1780602382/checkpoints/step_200_epoch_1_val-der_0.2164.nemo,2,1
arda-argmax/sortformer-finetuned/6spk-v0.6-fastmss-prepared-shar-bs10-a100-80gb-4gpu-debug-debug-v1-1780602382/checkpoints/step_300_epoch_2_val-der_0.2103.nemo,2,1
arda-argmax/sortformer-finetuned/6spk-v0.6-fastmss-prepared-shar-bs10-a100-80gb-4gpu-debug-debug-v1-1780602382/checkpoints/step_50_epoch_0_val-der_0.3548.nemo,2,1
arda-argmax/sortformer-finetuned/6spk-v0.6-fastmss-prepared-shar-bs10-a100-80gb-4gpu-fullset-v11-1780998497/best.nemo,2,1
arda-argmax/sortformer-finetuned/6spk-v0.6-fastmss-prepared-shar-bs10-a100-80gb-4gpu-fullset-v11-1780998497/checkpoints/step_11235_epoch_0_val-der_0.0716.nemo,2,1
arda-argmax/sortformer-finetuned/6spk-v0.6-fastmss-prepared-shar-bs10-a100-80gb-4gpu-fullset-v11-1780998497/checkpoints/step_14980_epoch_0_val-der_0.0702.nemo,2,1
arda-argmax/sortformer-finetuned/6spk-v0.6-fastmss-prepared-shar-bs10-a100-80gb-4gpu-fullset-v11-1780998497/checkpoints/step_3745_epoch_0_val-der_0.0756.nemo,2,1
arda-argmax/sortformer-finetuned/6spk-v0.6-fastmss-prepared-shar-bs10-a100-80gb-4gpu-fullset-v11-1780998497/checkpoints/step_7490_epoch_0_val-der_0.0723.nemo,2,1
arda-argmax/sortformer-finetuned/6spk-v0.6-fastmss-prepared-shar-bs10-a100-80gb-8gpu-debug-debug-v1-1780604170/best.nemo,2,1
arda-argmax/sortformer-finetuned/6spk-v0.6-fastmss-prepared-shar-bs10-a100-80gb-8gpu-debug-debug-v1-1780604170/checkpoints/step_100_epoch_1_val-der_0.2204.nemo,2,1
arda-argmax/sortformer-finetuned/6spk-v0.6-fastmss-prepared-shar-bs10-a100-80gb-8gpu-debug-debug-v1-1780604170/checkpoints/step_150_epoch_2_val-der_0.2128.nemo,2,1
arda-argmax/sortformer-finetuned/6spk-v0.6-fastmss-prepared-shar-bs10-a100-80gb-8gpu-debug-debug-v1-1780604170/checkpoints/step_50_epoch_0_val-der_0.3458.nemo,2,1
arda-argmax/sortformer-finetuned/6spk-v0.6-fastmss-prepared-shar-bs10-a100-80gb-8gpu-fullset-v10-1780606582/best.nemo,2,1
arda-argmax/sortformer-finetuned/6spk-v0.6-fastmss-prepared-shar-bs10-a100-80gb-8gpu-fullset-v10-1780606582/checkpoints/step_11232_epoch_0_val-der_0.0901.nemo,2,1
arda-argmax/sortformer-finetuned/6spk-v0.6-fastmss-prepared-shar-bs10-a100-80gb-8gpu-fullset-v10-1780606582/checkpoints/step_13104_epoch_0_val-der_0.0887.nemo,2,1
arda-argmax/sortformer-finetuned/6spk-v0.6-fastmss-prepared-shar-bs10-a100-80gb-8gpu-fullset-v10-1780606582/checkpoints/step_14976_epoch_0_val-der_0.0879.nemo,2,1
arda-argmax/sortformer-finetuned/6spk-v0.6-fastmss-prepared-shar-bs10-a100-80gb-8gpu-fullset-v10-1780606582/checkpoints/step_16848_epoch_0_val-der_0.0865.nemo,2,1
arda-argmax/sortformer-finetuned/6spk-v0.6-fastmss-prepared-shar-bs10-a100-80gb-8gpu-fullset-v10-1780606582/checkpoints/step_18720_epoch_0_val-der_0.0854.nemo,2,1
arda-argmax/sortformer-finetuned/6spk-v0.6-fastmss-prepared-shar-bs10-a100-80gb-8gpu-fullset-v10-1780606582/checkpoints/step_1872_epoch_0_val-der_0.1109.nemo,2,1
arda-argmax/sortformer-finetuned/6spk-v0.6-fastmss-prepared-shar-bs10-a100-80gb-8gpu-fullset-v10-1780606582/checkpoints/step_20592_epoch_0_val-der_0.0846.nemo,2,1
arda-argmax/sortformer-finetuned/6spk-v0.6-fastmss-prepared-shar-bs10-a100-80gb-8gpu-fullset-v10-1780606582/checkpoints/step_22464_epoch_0_val-der_0.0840.nemo,2,1
arda-argmax/sortformer-finetuned/6spk-v0.6-fastmss-prepared-shar-bs10-a100-80gb-8gpu-fullset-v10-1780606582/checkpoints/step_24336_epoch_0_val-der_0.0838.nemo,2,1
arda-argmax/sortformer-finetuned/6spk-v0.6-fastmss-prepared-shar-bs10-a100-80gb-8gpu-fullset-v10-1780606582/checkpoints/step_26208_epoch_0_val-der_0.0828.nemo,2,1
arda-argmax/sortformer-finetuned/6spk-v0.6-fastmss-prepared-shar-bs10-a100-80gb-8gpu-fullset-v10-1780606582/checkpoints/step_28080_epoch_0_val-der_0.0815.nemo,2,1
arda-argmax/sortformer-finetuned/6spk-v0.6-fastmss-prepared-shar-bs10-a100-80gb-8gpu-fullset-v10-1780606582/checkpoints/step_31824_epoch_0_val-der_0.0807.nemo,2,1
arda-argmax/sortformer-finetuned/6spk-v0.6-fastmss-prepared-shar-bs10-a100-80gb-8gpu-fullset-v10-1780606582/checkpoints/step_35568_epoch_0_val-der_0.0804.nemo,2,1
arda-argmax/sortformer-finetuned/6spk-v0.6-fastmss-prepared-shar-bs10-a100-80gb-8gpu-fullset-v10-1780606582/checkpoints/step_37440_epoch_0_val-der_0.0797.nemo,2,1
arda-argmax/sortformer-finetuned/6spk-v0.6-fastmss-prepared-shar-bs10-a100-80gb-8gpu-fullset-v10-1780606582/checkpoints/step_3744_epoch_0_val-der_0.1021.nemo,2,1
arda-argmax/sortformer-finetuned/6spk-v0.6-fastmss-prepared-shar-bs10-a100-80gb-8gpu-fullset-v10-1780606582/checkpoints/step_5616_epoch_0_val-der_0.0964.nemo,2,1
arda-argmax/sortformer-finetuned/6spk-v0.6-fastmss-prepared-shar-bs10-a100-80gb-8gpu-fullset-v10-1780606582/checkpoints/step_7488_epoch_0_val-der_0.0941.nemo,2,1
arda-argmax/sortformer-finetuned/6spk-v0.6-fastmss-prepared-shar-bs10-a100-80gb-8gpu-fullset-v10-1780606582/checkpoints/step_9360_epoch_0_val-der_0.0917.nemo,2,1
arda-argmax/sortformer-finetuned/6spk-vox-ami-aishell-ali-bs10-ga2-a100-80gb-4gpu-5ep-v2-1782411519/best.nemo,2,1
arda-argmax/sortformer-finetuned/6spk-vox-ami-aishell-ali-bs10-ga2-a100-80gb-4gpu-5ep-v2-1782411519/checkpoints/step_104_epoch_0_val-der_0.1575.nemo,2,1
arda-argmax/sortformer-finetuned/6spk-vox-ami-aishell-ali-bs10-ga2-a100-80gb-4gpu-5ep-v2-1782411519/checkpoints/step_131_epoch_1_val-der_0.1559.nemo,2,1
arda-argmax/sortformer-finetuned/6spk-vox-ami-aishell-ali-bs10-ga2-a100-80gb-4gpu-5ep-v2-1782411519/checkpoints/step_183_epoch_1_val-der_0.1529.nemo,2,1
arda-argmax/sortformer-finetuned/6spk-vox-ami-aishell-ali-bs10-ga2-a100-80gb-4gpu-5ep-v2-1782411519/checkpoints/step_236_epoch_2_val-der_0.1527.nemo,2,1
arda-argmax/sortformer-finetuned/6spk-vox-ami-aishell-ali-bs10-ga2-a100-80gb-4gpu-5ep-v2-1782411519/checkpoints/step_26_epoch_0_val-der_0.1865.nemo,2,1
arda-argmax/sortformer-finetuned/6spk-vox-ami-aishell-ali-bs10-ga2-a100-80gb-4gpu-5ep-v2-1782411519/checkpoints/step_288_epoch_2_val-der_0.1515.nemo,2,1
arda-argmax/sortformer-finetuned/6spk-vox-ami-aishell-ali-bs10-ga2-a100-80gb-4gpu-5ep-v2-1782411519/checkpoints/step_341_epoch_3_val-der_0.1510.nemo,2,1
arda-argmax/sortformer-finetuned/6spk-vox-ami-aishell-ali-bs10-ga2-a100-80gb-4gpu-5ep-v2-1782411519/checkpoints/step_419_epoch_3_val-der_0.1496.nemo,2,1
arda-argmax/sortformer-finetuned/6spk-vox-ami-aishell-ali-bs10-ga2-a100-80gb-4gpu-5ep-v2-1782411519/checkpoints/step_472_epoch_4_val-der_0.1480.nemo,2,1
arda-argmax/sortformer-finetuned/6spk-vox-ami-aishell-ali-bs10-ga2-a100-80gb-4gpu-5ep-v2-1782411519/checkpoints/step_52_epoch_0_val-der_0.1649.nemo,2,1
arda-argmax/sortformer-finetuned/6spk-vox-ami-aishell-ali-bs10-ga2-a100-80gb-4gpu-5ep-v2-1782411519/checkpoints/step_78_epoch_0_val-der_0.1603.nemo,2,1
arda-argmax/sortformer-finetuned/8spk-v0.2-bs1-acc8-l4-cachedtrain-shardedval_v3-1777960366/best.nemo,2,1
arda-argmax/sortformer-finetuned/8spk-v0.2-bs1-acc8-l4-cachedtrain-shardedval_v6-1777969623/best.nemo,2,1
arda-argmax/sortformer-finetuned/8spk-v0.2-bs1-acc8-l4-cachedval-1777594506/best.nemo,2,1
arda-argmax/sortformer-finetuned/8spk-v0.2-bs1-acc8-l4-diskcache-shardedval-v1-1778007921/best.nemo,2,1
arda-argmax/sortformer-finetuned/smoke-1777401758/best.nemo,2,1
arda-argmax/sortformer-finetuned/sortformer-train-1777492805/best.nemo,2,1
arda-argmax/sortformer-finetuned/sortformer-train-1777563938/best.nemo,2,1
arda-argmax/sortformer-finetuned/sortformer-train-1777567093/best.nemo,2,1
arda-argmax/sortformer-finetuned/sortformer-train-1777578793/best.nemo,2,1
arda-argmax/sortformer-finetuned/sortformer-train-1777589381/best.nemo,2,1
arda-argmax/sortformer-finetuned/vertex-streaming-smoke-train-1777405971/best.nemo,2,1
arda-argmax/sortformer-finetuned/vertex-streaming-smoke-train-1777413928/best.nemo,2,1
timm/MobileCLIP2-S0-OpenCLIP/open_clip_pytorch_model.bin,2,1
optimum-intel-internal-testing/tiny-random-Data2VecTextModel/pytorch_model.bin,2,1
timm/convnext_large.dinov3_lvd1689m/pytorch_model.bin,2,1
timm/MobileCLIP2-S2-OpenCLIP/open_clip_pytorch_model.bin,2,1
OpenMed/OpenMed-ZeroShot-NER-Pathology-Tiny-60M/pytorch_model.bin,2,1
nvidia/C-RADIOv4-SO400M/c-radio_v4-so400m_half.pth.tar,2,1
zondaxyz/babyconceptLM-baike102M_bpe40/pytorch_model.bin,2,1
pytorch/gemma-3-12b-it-FP8/pytorch_model-00001-of-00003.bin,2,1
blackbeedrones/sae-2026-hang-all-yolo26n-seg-v2-960/weights/epoch187.pt,2,1
thatbrguy/g3t/model.pt,2,1
michka/Melenchon-Nemo-12B/checkpoint-240/optimizer.pt,2,1
Stable-X/vggt-object-v0-1/model.pt,2,1
sakamakismile/Qwen3.6-27B-LNARIZE-NVFP4/kvtc_calibration.pt,2,1
timm/vit_huge_patch14_clip_378.metaclip2_worldwide/open_clip_pytorch_model.bin,2,1
timm/vit_huge_patch14_clip_378.metaclip2_worldwide/pytorch_model.bin,2,1
Chess473737/nepal-model/A100Pretrain/checkpoint-10000/training_args.bin,2,1
Chess473737/nepal-model/A100Pretrain/checkpoint-15000/training_args.bin,2,1
Chess473737/nepal-model/A100Pretrain/checkpoint-20000/training_args.bin,2,1
Chess473737/nepal-model/A100Pretrain/checkpoint-5000/optimizer.pt,2,1
Chess473737/nepal-model/A100Pretrain/checkpoint-5000/scheduler.pt,2,0
Chess473737/nepal-model/A100Pretrain/checkpoint-5000/training_args.bin,2,1
Chess473737/nepal-model/Kaggle1B/ckpt-12000/scheduler.pt,2,0
openbmb/BitCPM-CANN-3B/pytorch_model.bin,2,1
typhoon-ai/typhoon-asr-realtime/typhoon-asr-realtime.nemo,2,1
cisco-ai/SecureBERT2.0-cross_encoder/optimizer.pt,2,1
AIDElab-IITBombay/RadJEPA/jepa_encoder.pth.tar,2,1
stabilityai/stable-audio-3-small-sfx-base/svd_bases.pt,2,1
openbmb/BitCPM-CANN-8B/pytorch_model.bin,2,1
GaryFer/smart-parking-weights/fasterrcnnv2/best_seed1000.pt,2,1
GaryFer/smart-parking-weights/fasterrcnnv2/best_seed123.pt,2,1
GaryFer/smart-parking-weights/fasterrcnnv2/best_seed1234.pt,2,1
GaryFer/smart-parking-weights/fasterrcnnv2/best_seed2025.pt,2,1
GaryFer/smart-parking-weights/fasterrcnnv2/best_seed3141.pt,2,1
GaryFer/smart-parking-weights/fasterrcnnv2/best_seed42.pt,2,1
GaryFer/smart-parking-weights/fasterrcnnv2/best_seed456.pt,2,1
GaryFer/smart-parking-weights/rtdetr/run_1000/weights/best.pt,2,1
GaryFer/smart-parking-weights/rtdetr/run_1000/weights/last.pt,2,1
GaryFer/smart-parking-weights/rtdetr/run_123/weights/best.pt,2,1
GaryFer/smart-parking-weights/rtdetr/run_1234/weights/best.pt,2,1
GaryFer/smart-parking-weights/rtdetr/run_1234/weights/last.pt,2,1
GaryFer/smart-parking-weights/rtdetr/run_2024/weights/last.pt,2,1
GaryFer/smart-parking-weights/rtdetr/run_3141/weights/best.pt,2,1
GaryFer/smart-parking-weights/rtdetr/run_456/weights/best.pt,2,1
GaryFer/smart-parking-weights/rtdetr/run_789/weights/best.pt,2,1
GaryFer/smart-parking-weights/yolov11s/run_1000/weights/last.pt,2,1
GaryFer/smart-parking-weights/yolov11s/run_123/weights/best.pt,2,1
GaryFer/smart-parking-weights/yolov11s/run_123/weights/last.pt,2,1
GaryFer/smart-parking-weights/yolov11s/run_1234/weights/best.pt,2,1
GaryFer/smart-parking-weights/yolov11s/run_2025/weights/best.pt,2,1
GaryFer/smart-parking-weights/yolov11s/run_2025/weights/last.pt,2,1
GaryFer/smart-parking-weights/yolov11s/run_3141/weights/best.pt,2,1
GaryFer/smart-parking-weights/yolov11s/run_42/weights/best.pt,2,1
GaryFer/smart-parking-weights/yolov11s/run_456/weights/best.pt,2,1
GaryFer/smart-parking-weights/yolov11s/run_456/weights/last.pt,2,1
GaryFer/smart-parking-weights/yolov11s/run_789/weights/best.pt,2,1
GaryFer/smart-parking-weights/yolov11s/run_789/weights/last.pt,2,1
GaryFer/smart-parking-weights/yolov11s/run_9999/weights/best.pt,2,1
GaryFer/smart-parking-weights/yolov11s/run_9999/weights/last.pt,2,1
GaryFer/smart-parking-weights/yolov12s/run_1000/weights/best.pt,2,1
GaryFer/smart-parking-weights/yolov12s/run_1000/weights/last.pt,2,1
GaryFer/smart-parking-weights/yolov12s/run_123/weights/best.pt,2,1
GaryFer/smart-parking-weights/yolov12s/run_1234/weights/last.pt,2,1
GaryFer/smart-parking-weights/yolov12s/run_2024/weights/last.pt,2,1
GaryFer/smart-parking-weights/yolov12s/run_2025/weights/best.pt,2,1
GaryFer/smart-parking-weights/yolov12s/run_3141/weights/best.pt,2,1
GaryFer/smart-parking-weights/yolov12s/run_3141/weights/last.pt,2,1
GaryFer/smart-parking-weights/yolov12s/run_42/weights/best.pt,2,1
GaryFer/smart-parking-weights/yolov12s/run_456/weights/best.pt,2,1
GaryFer/smart-parking-weights/yolov12s/run_456/weights/last.pt,2,1
GaryFer/smart-parking-weights/yolov12s/run_789/weights/last.pt,2,1
GaryFer/smart-parking-weights/yolov12s/run_9999/weights/best.pt,2,1
GaryFer/smart-parking-weights/yolov12s/run_9999/weights/last.pt,2,1
GaryFer/smart-parking-weights/yolov8s/run_1000/weights/best.pt,2,1
GaryFer/smart-parking-weights/yolov8s/run_123/weights/best.pt,2,1
GaryFer/smart-parking-weights/yolov8s/run_1234/weights/best.pt,2,1
GaryFer/smart-parking-weights/yolov8s/run_2024/weights/best.pt,2,1
GaryFer/smart-parking-weights/yolov8s/run_2025/weights/best.pt,2,1
GaryFer/smart-parking-weights/yolov8s/run_3141/weights/best.pt,2,1
GaryFer/smart-parking-weights/yolov8s/run_3141/weights/last.pt,2,1
GaryFer/smart-parking-weights/yolov8s/run_789/weights/best.pt,2,1
GaryFer/smart-parking-weights/yolov8s/run_9999/weights/best.pt,2,1
GaryFer/smart-parking-weights/yolov8s/run_9999/weights/last.pt,2,1
baichuan-inc/Baichuan-M2-32B/draft/pytorch_model.bin,2,1
gabrielpirlo/Sped_ParakeetRomanian_110M_TDT-CTC/SpeD-ParakeetRo_110M_TDT-CTC.nemo,2,1
Soul-AILab/SoulX-Singer-Preprocess/parakeet-tdt-0.6b-v2/parakeet-tdt-0.6b-v2.nemo,2,1
openbmb/BitCPM-CANN-8B-unquantized/pytorch_model.bin,2,1
facebook/lagernvs_general_512/model.pt,2,1
Malgesw/ppo-Huggy/Huggy/Huggy-1599365.pt,2,1
yuriyvnv/parakeet-tdt-0.6b-EN-Medical/parakeet-tdt-cv17_multimed_en-seed42.nemo,2,1
yuriyvnv/parakeet-tdt-0.6b-EN-Medical/parakeet-tdt-multimed_en-seed42.nemo,2,1
shaikhsalman/ZabaanAI-Urdu-3B/last-checkpoint/optimizer.pt,2,1
fpadovani/rus-cyrl-100mb-100mb_seed3407/checkpoint-105000/rng_state.pth,2,1
fpadovani/rus-cyrl-100mb-100mb_seed3407/checkpoint-39000/rng_state.pth,2,1
fpadovani/rus-cyrl-100mb-100mb_seed3407/checkpoint-42000/rng_state.pth,2,1
nvidia/magpie_tts_multilingual_357m/magpie_tts_multilingual_357m.nemo,2,1
asdasdasd1234567890/asd/ultralytics/segm/yolo-human-parse-epoch-125.pt,2,1
attack-vector/SecureModernBERT-NER/checkpoint-10605/optimizer.pt,2,1
timm/vit_small_plus_patch16_dinov3_qkvb.lvd1689m/pytorch_model.bin,2,1
binant/wendyrv/model.pth,2,1
jwest33/qwen3-vl-8b-instruct-null-space-abliterated/null_space_projectors.pt,2,1
jwest33/qwen3-vl-8b-instruct-null-space-abliterated/refusal_directions.pt,2,1
inference-optimization/Laguna-XS.2-speculator.dflash-Qwen235B-500k-ckpt5/scheduler_state_dict.pt,2,0
fpadovani/swa-latn-100mb-after-ppt-shuff-dyck-100mb-ckpt500_seed3407/checkpoint-164000/rng_state.pth,2,1
fpadovani/swa-latn-100mb-after-ppt-shuff-dyck-100mb-ckpt500_seed3407/checkpoint-212000/rng_state.pth,2,1
fpadovani/swa-latn-100mb-after-ppt-shuff-dyck-100mb-ckpt500_seed3407/checkpoint-220000/rng_state.pth,2,1
fpadovani/swa-latn-100mb-after-ppt-shuff-dyck-100mb-ckpt500_seed3407/checkpoint-224000/rng_state.pth,2,1
fpadovani/swa-latn-100mb-after-ppt-shuff-dyck-100mb-ckpt500_seed3407/checkpoint-232000/rng_state.pth,2,1
fpadovani/swa-latn-100mb-after-ppt-shuff-dyck-100mb-ckpt500_seed3407/checkpoint-272000/rng_state.pth,2,1
fpadovani/swa-latn-100mb-after-ppt-shuff-dyck-100mb-ckpt500_seed3407/checkpoint-280000/rng_state.pth,2,1
fpadovani/swa-latn-100mb-after-ppt-shuff-dyck-100mb-ckpt500_seed3407/checkpoint-40000/rng_state.pth,2,1
fpadovani/swa-latn-100mb-after-ppt-shuff-dyck-100mb-ckpt500_seed3407/checkpoint-44000/rng_state.pth,2,1
fpadovani/swa-latn-100mb-after-ppt-shuff-dyck-100mb-ckpt500_seed3407/checkpoint-80000/rng_state.pth,2,1
fpadovani/ind-latn-100mb-after-ppt-Dp-100mb-ckpt500_seed3407/checkpoint-102000/training_args.bin,2,1
fpadovani/ind-latn-100mb-after-ppt-Dp-100mb-ckpt500_seed3407/checkpoint-105000/training_args.bin,2,1
fpadovani/ind-latn-100mb-after-ppt-Dp-100mb-ckpt500_seed3407/checkpoint-108000/training_args.bin,2,1
fpadovani/ind-latn-100mb-after-ppt-Dp-100mb-ckpt500_seed3407/checkpoint-111000/training_args.bin,2,1
fpadovani/ind-latn-100mb-after-ppt-Dp-100mb-ckpt500_seed3407/checkpoint-114000/training_args.bin,2,1
fpadovani/ind-latn-100mb-after-ppt-Dp-100mb-ckpt500_seed3407/checkpoint-117000/training_args.bin,2,1
fpadovani/ind-latn-100mb-after-ppt-Dp-100mb-ckpt500_seed3407/checkpoint-12000/training_args.bin,2,1
fpadovani/ind-latn-100mb-after-ppt-Dp-100mb-ckpt500_seed3407/checkpoint-120000/training_args.bin,2,1
fpadovani/ind-latn-100mb-after-ppt-Dp-100mb-ckpt500_seed3407/checkpoint-123000/training_args.bin,2,1
fpadovani/ind-latn-100mb-after-ppt-Dp-100mb-ckpt500_seed3407/checkpoint-126000/training_args.bin,2,1
fpadovani/ind-latn-100mb-after-ppt-Dp-100mb-ckpt500_seed3407/checkpoint-128520/rng_state.pth,2,1
fpadovani/ind-latn-100mb-after-ppt-Dp-100mb-ckpt500_seed3407/checkpoint-128520/training_args.bin,2,1
fpadovani/ind-latn-100mb-after-ppt-Dp-100mb-ckpt500_seed3407/checkpoint-15000/training_args.bin,2,1
fpadovani/ind-latn-100mb-after-ppt-Dp-100mb-ckpt500_seed3407/checkpoint-18000/training_args.bin,2,1
fpadovani/ind-latn-100mb-after-ppt-Dp-100mb-ckpt500_seed3407/checkpoint-21000/rng_state.pth,2,1
fpadovani/ind-latn-100mb-after-ppt-Dp-100mb-ckpt500_seed3407/checkpoint-21000/training_args.bin,2,1
fpadovani/ind-latn-100mb-after-ppt-Dp-100mb-ckpt500_seed3407/checkpoint-24000/training_args.bin,2,1
fpadovani/ind-latn-100mb-after-ppt-Dp-100mb-ckpt500_seed3407/checkpoint-27000/training_args.bin,2,1
fpadovani/ind-latn-100mb-after-ppt-Dp-100mb-ckpt500_seed3407/checkpoint-3000/training_args.bin,2,1
fpadovani/ind-latn-100mb-after-ppt-Dp-100mb-ckpt500_seed3407/checkpoint-30000/training_args.bin,2,1
fpadovani/ind-latn-100mb-after-ppt-Dp-100mb-ckpt500_seed3407/checkpoint-33000/training_args.bin,2,1
fpadovani/ind-latn-100mb-after-ppt-Dp-100mb-ckpt500_seed3407/checkpoint-36000/rng_state.pth,2,1
fpadovani/ind-latn-100mb-after-ppt-Dp-100mb-ckpt500_seed3407/checkpoint-36000/training_args.bin,2,1
fpadovani/ind-latn-100mb-after-ppt-Dp-100mb-ckpt500_seed3407/checkpoint-39000/training_args.bin,2,1
fpadovani/ind-latn-100mb-after-ppt-Dp-100mb-ckpt500_seed3407/checkpoint-42000/training_args.bin,2,1
fpadovani/ind-latn-100mb-after-ppt-Dp-100mb-ckpt500_seed3407/checkpoint-45000/training_args.bin,2,1
fpadovani/ind-latn-100mb-after-ppt-Dp-100mb-ckpt500_seed3407/checkpoint-48000/training_args.bin,2,1
fpadovani/ind-latn-100mb-after-ppt-Dp-100mb-ckpt500_seed3407/checkpoint-51000/training_args.bin,2,1
fpadovani/ind-latn-100mb-after-ppt-Dp-100mb-ckpt500_seed3407/checkpoint-54000/training_args.bin,2,1
fpadovani/ind-latn-100mb-after-ppt-Dp-100mb-ckpt500_seed3407/checkpoint-57000/training_args.bin,2,1
fpadovani/ind-latn-100mb-after-ppt-Dp-100mb-ckpt500_seed3407/checkpoint-6000/training_args.bin,2,1
fpadovani/ind-latn-100mb-after-ppt-Dp-100mb-ckpt500_seed3407/checkpoint-60000/training_args.bin,2,1
fpadovani/ind-latn-100mb-after-ppt-Dp-100mb-ckpt500_seed3407/checkpoint-63000/training_args.bin,2,1
fpadovani/ind-latn-100mb-after-ppt-Dp-100mb-ckpt500_seed3407/checkpoint-66000/training_args.bin,2,1
fpadovani/ind-latn-100mb-after-ppt-Dp-100mb-ckpt500_seed3407/checkpoint-69000/rng_state.pth,2,1
fpadovani/ind-latn-100mb-after-ppt-Dp-100mb-ckpt500_seed3407/checkpoint-69000/training_args.bin,2,1
fpadovani/ind-latn-100mb-after-ppt-Dp-100mb-ckpt500_seed3407/checkpoint-72000/training_args.bin,2,1
fpadovani/ind-latn-100mb-after-ppt-Dp-100mb-ckpt500_seed3407/checkpoint-75000/training_args.bin,2,1
fpadovani/ind-latn-100mb-after-ppt-Dp-100mb-ckpt500_seed3407/checkpoint-78000/training_args.bin,2,1
fpadovani/ind-latn-100mb-after-ppt-Dp-100mb-ckpt500_seed3407/checkpoint-81000/rng_state.pth,2,1
fpadovani/ind-latn-100mb-after-ppt-Dp-100mb-ckpt500_seed3407/checkpoint-81000/training_args.bin,2,1
fpadovani/ind-latn-100mb-after-ppt-Dp-100mb-ckpt500_seed3407/checkpoint-84000/training_args.bin,2,1
fpadovani/ind-latn-100mb-after-ppt-Dp-100mb-ckpt500_seed3407/checkpoint-87000/training_args.bin,2,1
fpadovani/ind-latn-100mb-after-ppt-Dp-100mb-ckpt500_seed3407/checkpoint-9000/training_args.bin,2,1
fpadovani/ind-latn-100mb-after-ppt-Dp-100mb-ckpt500_seed3407/checkpoint-90000/rng_state.pth,2,1
fpadovani/ind-latn-100mb-after-ppt-Dp-100mb-ckpt500_seed3407/checkpoint-90000/training_args.bin,2,1
fpadovani/ind-latn-100mb-after-ppt-Dp-100mb-ckpt500_seed3407/checkpoint-93000/training_args.bin,2,1
fpadovani/ind-latn-100mb-after-ppt-Dp-100mb-ckpt500_seed3407/checkpoint-96000/training_args.bin,2,1
fpadovani/ind-latn-100mb-after-ppt-Dp-100mb-ckpt500_seed3407/checkpoint-99000/training_args.bin,2,1
fpadovani/ind-latn-100mb-after-ppt-Dp-100mb-ckpt500_seed3407/training_args.bin,2,1
nvidia/nemo-nano-codec-22khz-0.6kbps-12.5fps/nemo-nano-codec-22khz-0.6kbps-12.5fps.nemo,2,1
fpadovani/swe-latn-10mb-after-ppt-Dp-100mb-ckpt500_seed3407/checkpoint-9000/rng_state.pth,2,1
omi-health/omi-med-stt-v1/omimedstt-v1.nemo,2,1
fpadovani/swa-latn-100mb-after-ppt-Dp-100mb-ckpt500_seed3407/checkpoint-164000/rng_state.pth,2,1
fpadovani/swa-latn-100mb-after-ppt-Dp-100mb-ckpt500_seed3407/checkpoint-212000/rng_state.pth,2,1
fpadovani/swa-latn-100mb-after-ppt-Dp-100mb-ckpt500_seed3407/checkpoint-220000/rng_state.pth,2,1
fpadovani/swa-latn-100mb-after-ppt-Dp-100mb-ckpt500_seed3407/checkpoint-224000/rng_state.pth,2,1
fpadovani/swa-latn-100mb-after-ppt-Dp-100mb-ckpt500_seed3407/checkpoint-232000/rng_state.pth,2,1
fpadovani/swa-latn-100mb-after-ppt-Dp-100mb-ckpt500_seed3407/checkpoint-272000/rng_state.pth,2,1
fpadovani/swa-latn-100mb-after-ppt-Dp-100mb-ckpt500_seed3407/checkpoint-280000/rng_state.pth,2,1
fpadovani/swa-latn-100mb-after-ppt-Dp-100mb-ckpt500_seed3407/checkpoint-40000/rng_state.pth,2,1
fpadovani/swa-latn-100mb-after-ppt-Dp-100mb-ckpt500_seed3407/checkpoint-44000/rng_state.pth,2,1
fpadovani/swa-latn-100mb-after-ppt-Dp-100mb-ckpt500_seed3407/checkpoint-80000/rng_state.pth,2,1
nvidia/GR00T-N1.7-SimplerEnv-Bridge/global_step32000/mp_rank_00_model_states.pt,2,1
fpadovani/tur-latn-100mb-100mb_seed10/checkpoint-24000/rng_state.pth,2,1
fpadovani/tur-latn-100mb-100mb_seed10/checkpoint-75000/rng_state.pth,2,1
nvidia/fourcastnet3/training_checkpoints/best_ckpt_mp0.tar,2,1
nvidia/parakeet-unified-en-0.6b/parakeet-unified-en-0.6b.nemo,2,1
fpadovani/hin-deva-100mb-after-ppt-Dp-100mb-ckpt500_seed3407/checkpoint-3000/rng_state.pth,2,1
fpadovani/hin-deva-100mb-after-ppt-Dp-100mb-ckpt500_seed3407/checkpoint-69000/rng_state.pth,2,1
fpadovani/hin-deva-100mb-after-ppt-Dp-100mb-ckpt500_seed3407/checkpoint-87000/rng_state.pth,2,1
fpadovani/swe-latn-10mb-100mb_seed3407/checkpoint-9000/rng_state.pth,2,1
fpadovani/hin-deva-10mb-after-ppt-Dp-100mb-ckpt500_seed3407/checkpoint-104090/rng_state.pth,2,1
fpadovani/hin-deva-10mb-after-ppt-Dp-100mb-ckpt500_seed3407/checkpoint-15000/rng_state.pth,2,1
fpadovani/hin-deva-10mb-after-ppt-Dp-100mb-ckpt500_seed3407/checkpoint-54000/rng_state.pth,2,1
fpadovani/hin-deva-10mb-after-ppt-Dp-100mb-ckpt500_seed3407/checkpoint-6000/rng_state.pth,2,1
fpadovani/swe-latn-100mb-100mb_seed3407/checkpoint-57000/rng_state.pth,2,1
fpadovani/swe-latn-100mb-100mb_seed3407/checkpoint-66000/rng_state.pth,2,1
fpadovani/swe-latn-100mb-100mb_seed3407/checkpoint-75000/rng_state.pth,2,1
fpadovani/swe-latn-100mb-100mb_seed3407/checkpoint-90000/rng_state.pth,2,1
fpadovani/ind-latn-10mb-after-ppt-Dp-100mb-ckpt500_seed3407/checkpoint-114000/rng_state.pth,2,1
fpadovani/ind-latn-10mb-after-ppt-Dp-100mb-ckpt500_seed3407/checkpoint-21000/rng_state.pth,2,1
fpadovani/ind-latn-10mb-after-ppt-Dp-100mb-ckpt500_seed3407/checkpoint-27000/rng_state.pth,2,1
fpadovani/ind-latn-10mb-after-ppt-Dp-100mb-ckpt500_seed3407/checkpoint-6000/rng_state.pth,2,1
boltzgen/boltzgen-1/boltzgen1_structuretrained_small.ckpt,2,1
LuckyOda/comfyui-full-pack/person_yolov8m-seg.pt,2,1
knalin55/CUNI_FT-CROSS-LoRA/training_args.bin,2,1
Runware/adetailer/deepfashion2_yolov8s-seg.pt,2,1
Runware/adetailer/person_yolov8m-seg.pt,2,1
Runware/adetailer/person_yolov8n-seg.pt,2,1
Runware/adetailer/person_yolov8s-seg.pt,2,1
ecmwf/aifs-ens-2.0/aifs-ens-crps-2.0.ckpt,2,1
asdasdasd1234567890/asd/ultralytics/segm/CockAndBallYolo8x.pt,2,1
asdasdasd1234567890/asd/ultralytics/segm/PitEyeDetailer-v2-seg.pt,2,1
asdasdasd1234567890/asd/ultralytics/segm/face_yolov8m-seg_60.pt,2,1
asdasdasd1234567890/asd/ultralytics/segm/person_yolov8m-seg.pt,2,1
asdasdasd1234567890/asd/ultralytics/segm/person_yolov8n-seg.pt,2,1
asdasdasd1234567890/asd/ultralytics/segm/person_yolov8s-seg.pt,2,1
asdasdasd1234567890/asd/ultralytics/segm/skin_yolov8m-seg_400.pt,2,1
asdasdasd1234567890/asd/ultralytics/segm/yolo11n-seg.pt,2,1
vivekvar/helmet-v5/yolo11l-pose.pt,2,1
smegmarip/ComfyUI/segm/person_yolov8s-seg.pt,2,1
smegmarip/ComfyUI/ultralytics/segm/AnzhcHead-seg.pt,2,1
smegmarip/ComfyUI/ultralytics/segm/person_yolov8m-seg.pt,2,1
ecmwf/aifs-single-1.1/aifs-single-mse-1.1.ckpt,2,1
conch/CoCa/MahmoodLab-CONCH/pytorch_model.bin,2,1
flagembedding/BAAI-bge-base-en/pytorch_model.bin,2,1
flagembedding/BAAI-bge-base-en-v1.5/pytorch_model.bin,2,1
flagembedding/BAAI-bge-base-zh-v1.5/pytorch_model.bin,2,1
flagembedding/BAAI-bge-large-en/pytorch_model.bin,2,1
flagembedding/BAAI-bge-large-en-v1.5/pytorch_model.bin,2,1
flagembedding/BAAI-bge-large-zh/pytorch_model.bin,2,1
flagembedding/BAAI-bge-large-zh-v1.5/pytorch_model.bin,2,1
flagembedding/BAAI-bge-reranker-base/pytorch_model.bin,2,1
flagembedding/BAAI-bge-reranker-large/pytorch_model.bin,2,1
flagembedding/BAAI-bge-small-en/pytorch_model.bin,2,1
flagembedding/BAAI-bge-small-en-v1.5/pytorch_model.bin,2,1
flagembedding/BAAI-bge-small-zh/pytorch_model.bin,2,1
flagembedding/BAAI-bge-small-zh-v1.5/pytorch_model.bin,2,1
flagembedding/BAAI-llm-embedder/pytorch_model.bin,2,1
flair/SequenceTagger/flair-chunk-english-fast/pytorch_model.bin,2,1
flair/SequenceTagger/flair-ner-dutch-large/pytorch_model.bin,2,1
flair/SequenceTagger/flair-ner-english/pytorch_model.bin,2,1
flair/SequenceTagger/flair-ner-english-fast/pytorch_model.bin,2,1
flair/SequenceTagger/flair-ner-english-large/pytorch_model.bin,2,1
flair/SequenceTagger/flair-ner-english-ontonotes/pytorch_model.bin,2,1
flair/SequenceTagger/flair-ner-english-ontonotes-fast/pytorch_model.bin,2,1
flair/SequenceTagger/flair-ner-english-ontonotes-large/pytorch_model.bin,2,1
flair/SequenceTagger/flair-ner-french/pytorch_model.bin,2,1
flair/SequenceTagger/flair-ner-german/pytorch_model.bin,2,1
flair/SequenceTagger/flair-ner-german-large/pytorch_model.bin,2,1
flair/SequenceTagger/flair-ner-multi/pytorch_model.bin,2,1
flair/SequenceTagger/flair-ner-spanish-large/pytorch_model.bin,2,1
flair/SequenceTagger/flair-pos-english/pytorch_model.bin,2,0
flair/SequenceTagger/flair-pos-english-fast/pytorch_model.bin,2,0
flair/SequenceTagger/flair-upos-english/pytorch_model.bin,2,1
flair/SequenceTagger/flair-upos-english-fast/pytorch_model.bin,2,1
flair/SequenceTagger/flair-upos-multi/pytorch_model.bin,2,1
gliner/GliNER/DeepMount00-GLiNER_ITA_BASE/pytorch_model.bin,2,1
gliner/GliNER/DeepMount00-GLiNER_ITA_LARGE/pytorch_model.bin,2,1
gliner/GliNER/DeepMount00-GLiNER_PII_ITA/pytorch_model.bin,2,1
gliner/GliNER/DeepMount00-universal_ner_ita/pytorch_model.bin,2,1
gliner/GliNER/EmergentMethods-gliner_medium_news-v2.1/pytorch_model.bin,2,1
gliner/GliNER/gliner-community-gliner_large-v2.5/pytorch_model.bin,2,1
gliner/GliNER/gliner-community-gliner_medium-v2.5/pytorch_model.bin,2,1
gliner/GliNER/numind-NuNER_Zero/pytorch_model.bin,2,1
gliner/GliNER/urchade-gliner_base/pytorch_model.bin,2,1
gliner/GliNER/urchade-gliner_large-v1/pytorch_model.bin,2,1
gliner/GliNER/urchade-gliner_large-v2/pytorch_model.bin,2,1
gliner/GliNER/urchade-gliner_large-v2.1/pytorch_model.bin,2,1
gliner/GliNER/urchade-gliner_medium-v2.1/pytorch_model.bin,2,1
gliner/GliNER/urchade-gliner_multi/pytorch_model.bin,2,1
gliner/GliNER/urchade-gliner_multi-v2.1/pytorch_model.bin,2,1
gliner/GliNER/urchade-gliner_multi_pii-v1/pytorch_model.bin,2,1
gliner/GliNER/urchade-gliner_small-v2.1/pytorch_model.bin,2,1
huggingsound/SpeechRecognitionModel/jonatasgrosman-wav2vec2-large-xlsr-53-arabic/pytorch_model.bin,2,1
huggingsound/SpeechRecognitionModel/jonatasgrosman-wav2vec2-large-xlsr-53-chinese-zh-cn/pytorch_model.bin,2,1
huggingsound/SpeechRecognitionModel/jonatasgrosman-wav2vec2-large-xlsr-53-dutch/pytorch_model.bin,2,1
huggingsound/SpeechRecognitionModel/jonatasgrosman-wav2vec2-large-xlsr-53-english/pytorch_model.bin,2,1
huggingsound/SpeechRecognitionModel/jonatasgrosman-wav2vec2-large-xlsr-53-finnish/pytorch_model.bin,2,1
huggingsound/SpeechRecognitionModel/jonatasgrosman-wav2vec2-large-xlsr-53-french/pytorch_model.bin,2,1
huggingsound/SpeechRecognitionModel/jonatasgrosman-wav2vec2-large-xlsr-53-german/pytorch_model.bin,2,1
huggingsound/SpeechRecognitionModel/jonatasgrosman-wav2vec2-large-xlsr-53-greek/pytorch_model.bin,2,1
huggingsound/SpeechRecognitionModel/jonatasgrosman-wav2vec2-large-xlsr-53-hungarian/pytorch_model.bin,2,1
huggingsound/SpeechRecognitionModel/jonatasgrosman-wav2vec2-large-xlsr-53-italian/pytorch_model.bin,2,1
huggingsound/SpeechRecognitionModel/jonatasgrosman-wav2vec2-large-xlsr-53-japanese/pytorch_model.bin,2,1
huggingsound/SpeechRecognitionModel/jonatasgrosman-wav2vec2-large-xlsr-53-persian/pytorch_model.bin,2,1
huggingsound/SpeechRecognitionModel/jonatasgrosman-wav2vec2-large-xlsr-53-polish/pytorch_model.bin,2,1
huggingsound/SpeechRecognitionModel/jonatasgrosman-wav2vec2-large-xlsr-53-portuguese/pytorch_model.bin,2,1
huggingsound/SpeechRecognitionModel/jonatasgrosman-wav2vec2-large-xlsr-53-russian/pytorch_model.bin,2,1
huggingsound/SpeechRecognitionModel/jonatasgrosman-wav2vec2-large-xlsr-53-spanish/pytorch_model.bin,2,1
huggingsound/SpeechRecognitionModel/jonatasgrosman-wav2vec2-xls-r-1b-portuguese/pytorch_model.bin,2,1
languagebind/LanguageBind/LanguageBind-LanguageBind_Audio/pytorch_model.bin,2,1
languagebind/LanguageBind/LanguageBind-LanguageBind_Audio_FT/pytorch_model.bin,2,1
languagebind/LanguageBind/LanguageBind-LanguageBind_Image/pytorch_model.bin,2,1
languagebind/LanguageBind/LanguageBind-LanguageBind_Video/pytorch_model.bin,2,1
languagebind/LanguageBind/LanguageBind-LanguageBind_Video_FT/pytorch_model.bin,2,1
languagebind/LanguageBind/LanguageBind-LanguageBind_Video_Huge_V1.5_FT/pytorch_model.bin,2,1
languagebind/LanguageBind/LanguageBind-LanguageBind_Video_merge/pytorch_model.bin,2,1
languagebind/LanguageBind/LanguageBind-LanguageBind_Video_V1.5_FT/pytorch_model.bin,2,1
melo/TTS/myshell-ai-MeloTTS-Chinese/checkpoint.pth,2,1
melo/TTS/myshell-ai-MeloTTS-English/checkpoint.pth,2,1
melo/TTS/myshell-ai-MeloTTS-English-v2/checkpoint.pth,2,1
melo/TTS/myshell-ai-MeloTTS-English-v3/checkpoint.pth,2,1
melo/TTS/myshell-ai-MeloTTS-French/checkpoint.pth,2,1
melo/TTS/myshell-ai-MeloTTS-Japanese/checkpoint.pth,2,1
melo/TTS/myshell-ai-MeloTTS-Korean/checkpoint.pth,2,1
melo/TTS/myshell-ai-MeloTTS-Spanish/checkpoint.pth,2,1
Parrot/Parrot/prithivida-parrot_paraphraser_on_T5/pytorch_model.bin,2,1
pyannote-audio/Model/collinbarnwell-pyannote-segmentation-30/pytorch_model.bin,2,1
pyannote-audio/Model/EonNextPlatform-pyannote-wespeaker-voxceleb-resnet34-LM/pytorch_model.bin,2,1
pyannote-audio/Model/EonNextPlatform-segmentation-3.0/pytorch_model.bin,2,1
pyannote-audio/Model/fatymatariq-pyannote-wespeaker-voxceleb-resnet34-LM/pytorch_model.bin,2,1
pyannote-audio/Model/fatymatariq-segmentation-3.0/pytorch_model.bin,2,1
pyannote-audio/Model/philschmid-pyannote-segmentation/pytorch_model.bin,2,1
pyannote-audio/Model/pyannote-brouhaha/pytorch_model.bin,2,1
pyannote-audio/Model/pyannote-embedding/pytorch_model.bin,2,1
pyannote-audio/Model/pyannote-segmentation/pytorch_model.bin,2,1
pyannote-audio/Model/pyannote-segmentation-3.0/pytorch_model.bin,2,1
pyannote-audio/Model/pyannote-wespeaker-voxceleb-resnet34-LM/pytorch_model.bin,2,1
pyannote-audio/Model/Revai-reverb-diarization-v1/pytorch_model.bin,2,1
pyannote-audio/Model/Revai-reverb-diarization-v2/pytorch_model.bin,2,1
pyannote-audio/Model/tensorlake-segmentation-3.0/pytorch_model.bin,2,1
pysentimiento/BaseAnalyzer/pysentimiento-bertweet-pt-sentiment/pytorch_model.bin,2,1
pysentimiento/BaseAnalyzer/pysentimiento-robertuito-ner/pytorch_model.bin,2,1
pysentimiento/BaseAnalyzer/pysentimiento-robertuito-sentiment-analysis/pytorch_model.bin,2,1
pysentimiento/BaseAnalyzer/pysentimiento-robertuito-base-cased/pytorch_model.bin,2,1
sentence-transformers/avsolatorio-GIST-all-MiniLM-L6-v2/pytorch_model.bin,2,1
sentence-transformers/avsolatorio-GIST-Embedding-v0/pytorch_model.bin,2,1
sentence-transformers/avsolatorio-GIST-small-Embedding-v0/pytorch_model.bin,2,1
sentence-transformers/BAAI-bge-base-en/pytorch_model.bin,2,1
sentence-transformers/BAAI-bge-base-en-v1.5/pytorch_model.bin,2,1
sentence-transformers/BAAI-bge-large-en/pytorch_model.bin,2,1
sentence-transformers/BAAI-bge-large-en-v1.5/pytorch_model.bin,2,1
sentence-transformers/BAAI-bge-large-zh-v1.5/pytorch_model.bin,2,1
sentence-transformers/BAAI-bge-reranker-base/pytorch_model.bin,2,1
sentence-transformers/BAAI-bge-reranker-large/pytorch_model.bin,2,1
sentence-transformers/BAAI-bge-small-en/pytorch_model.bin,2,1
sentence-transformers/BAAI-bge-small-en-v1.5/pytorch_model.bin,2,1
sentence-transformers/BAAI-llm-embedder/pytorch_model.bin,2,1
sentence-transformers/cointegrated-rubert-tiny2/pytorch_model.bin,2,1
sentence-transformers/DMetaSoul-sbert-chinese-general-v2/pytorch_model.bin,2,1
sentence-transformers/flax-sentence-embeddings-all_datasets_v4_MiniLM-L6/pytorch_model.bin,2,1
sentence-transformers/hiiamsid-sentence_similarity_spanish_es/pytorch_model.bin,2,1
sentence-transformers/intfloat-e5-base-v2/pytorch_model.bin,2,1
sentence-transformers/intfloat-e5-large-v2/pytorch_model.bin,2,1
sentence-transformers/intfloat-e5-mistral-7b-instruct/pytorch_model-00001-of-00002.bin,2,1
sentence-transformers/intfloat-e5-small-v2/pytorch_model.bin,2,1
sentence-transformers/intfloat-multilingual-e5-base/pytorch_model.bin,2,1
sentence-transformers/intfloat-multilingual-e5-large/pytorch_model.bin,2,1
sentence-transformers/intfloat-multilingual-e5-small/pytorch_model.bin,2,1
sentence-transformers/jhgan-ko-sbert-nli/pytorch_model.bin,2,1
sentence-transformers/jhgan-ko-sroberta-multitask/pytorch_model.bin,2,1
sentence-transformers/naufalihsan-indonesian-sbert-large/pytorch_model.bin,2,1
sentence-transformers/NeuML-pubmedbert-base-embeddings/pytorch_model.bin,2,1
sentence-transformers/nomic-ai-nomic-embed-text-v1/pytorch_model.bin,2,1
sentence-transformers/pritamdeka-BioBERT-mnli-snli-scinli-scitail-mednli-stsb/pytorch_model.bin,2,1
sentence-transformers/pritamdeka-S-PubMedBert-MS-MARCO/pytorch_model.bin,2,1
sentence-transformers/sentence-transformers-testing-stsb-bert-tiny-safetensors/pytorch_model.bin,2,1
sentence-transformers/sentence-transformers-all-distilroberta-v1/pytorch_model.bin,2,1
sentence-transformers/sentence-transformers-all-MiniLM-L12-v2/pytorch_model.bin,2,1
sentence-transformers/sentence-transformers-all-MiniLM-L6-v2/pytorch_model.bin,2,1
sentence-transformers/sentence-transformers-all-mpnet-base-v2/pytorch_model.bin,2,1
sentence-transformers/sentence-transformers-all-roberta-large-v1/pytorch_model.bin,2,1
sentence-transformers/sentence-transformers-bert-base-nli-mean-tokens/pytorch_model.bin,2,1
sentence-transformers/sentence-transformers-bert-base-nli-stsb-mean-tokens/pytorch_model.bin,2,1
sentence-transformers/sentence-transformers-clip-ViT-B-32-multilingual-v1/pytorch_model.bin,2,1
sentence-transformers/sentence-transformers-distilbert-base-nli-mean-tokens/pytorch_model.bin,2,1
sentence-transformers/sentence-transformers-distilbert-base-nli-stsb-mean-tokens/pytorch_model.bin,2,1
sentence-transformers/sentence-transformers-distilbert-multilingual-nli-stsb-quora-ranking/pytorch_model.bin,2,1
sentence-transformers/sentence-transformers-distiluse-base-multilingual-cased-v1/pytorch_model.bin,2,1
sentence-transformers/sentence-transformers-distiluse-base-multilingual-cased-v2/pytorch_model.bin,2,1
sentence-transformers/sentence-transformers-LaBSE/pytorch_model.bin,2,1
sentence-transformers/sentence-transformers-msmarco-bert-base-dot-v5/pytorch_model.bin,2,1
sentence-transformers/sentence-transformers-msmarco-distilbert-base-dot-prod-v3/pytorch_model.bin,2,1
sentence-transformers/sentence-transformers-msmarco-distilbert-base-tas-b/pytorch_model.bin,2,1
sentence-transformers/sentence-transformers-msmarco-distilbert-base-v4/pytorch_model.bin,2,1
sentence-transformers/sentence-transformers-msmarco-distilbert-cos-v5/pytorch_model.bin,2,1
sentence-transformers/sentence-transformers-msmarco-distilbert-dot-v5/pytorch_model.bin,2,1
sentence-transformers/sentence-transformers-msmarco-MiniLM-L-6-v3/pytorch_model.bin,2,1
sentence-transformers/sentence-transformers-msmarco-MiniLM-L12-cos-v5/pytorch_model.bin,2,1
sentence-transformers/sentence-transformers-msmarco-MiniLM-L6-cos-v5/pytorch_model.bin,2,1
sentence-transformers/sentence-transformers-multi-qa-distilbert-cos-v1/pytorch_model.bin,2,1
sentence-transformers/sentence-transformers-multi-qa-MiniLM-L6-cos-v1/pytorch_model.bin,2,1
sentence-transformers/sentence-transformers-multi-qa-mpnet-base-cos-v1/pytorch_model.bin,2,1
sentence-transformers/sentence-transformers-multi-qa-mpnet-base-dot-v1/pytorch_model.bin,2,1
sentence-transformers/sentence-transformers-nli-mpnet-base-v2/pytorch_model.bin,2,1
sentence-transformers/sentence-transformers-paraphrase-albert-small-v2/pytorch_model.bin,2,1
sentence-transformers/sentence-transformers-paraphrase-MiniLM-L12-v2/pytorch_model.bin,2,1
sentence-transformers/sentence-transformers-paraphrase-MiniLM-L3-v2/pytorch_model.bin,2,1
sentence-transformers/sentence-transformers-paraphrase-MiniLM-L6-v2/pytorch_model.bin,2,1
sentence-transformers/sentence-transformers-paraphrase-mpnet-base-v2/pytorch_model.bin,2,1
sentence-transformers/sentence-transformers-paraphrase-multilingual-MiniLM-L12-v2/pytorch_model.bin,2,1
sentence-transformers/sentence-transformers-paraphrase-multilingual-mpnet-base-v2/pytorch_model.bin,2,1
sentence-transformers/sentence-transformers-sentence-t5-base/pytorch_model.bin,2,1
sentence-transformers/sentence-transformers-sentence-t5-xl/pytorch_model.bin,2,1
sentence-transformers/sentence-transformers-stsb-roberta-base/pytorch_model.bin,2,1
sentence-transformers/sentence-transformers-stsb-xlm-r-multilingual/pytorch_model.bin,2,1
sentence-transformers/shibing624-text2vec-base-chinese/pytorch_model.bin,2,1
sentence-transformers/shibing624-text2vec-base-multilingual/pytorch_model.bin,2,1
sentence-transformers/Supabase-gte-small/pytorch_model.bin,2,1
sentence-transformers/thenlper-gte-base/pytorch_model.bin,2,1
sentence-transformers/thenlper-gte-large/pytorch_model.bin,2,1
sentence-transformers/thenlper-gte-small/pytorch_model.bin,2,1
super-image/EdsrModel/eugenesiow-edsr/pytorch_model_2x.pt,2,1
super-image/EdsrModel/eugenesiow-edsr/pytorch_model_3x.pt,2,1
super-image/EdsrModel/eugenesiow-edsr/pytorch_model_4x.pt,2,1
super-image/EdsrModel/eugenesiow-edsr-base/pytorch_model_2x.pt,2,1
super-image/EdsrModel/eugenesiow-edsr-base/pytorch_model_3x.pt,2,1
super-image/EdsrModel/eugenesiow-edsr-base/pytorch_model_4x.pt,2,1
tner/TransformersNER/tner-deberta-v3-large-ontonotes5/pytorch_model.bin,2,1
tner/TransformersNER/tner-roberta-large-ontonotes5/pytorch_model.bin,2,1
tner/TransformersNER/tner-roberta-large-tweetner7-all/pytorch_model.bin,2,1
tner/TransformersNER/tner-roberta-large-wnut2017/pytorch_model.bin,2,1
tweetnlp/Classifier/cardiffnlp-twitter-xlm-roberta-base-sentiment-multilingual/pytorch_model.bin,2,1
yolov5/keremberke-yolov5m-smoke/best.pt,2,1
yolov5/keremberke-yolov5m-license-plate/best.pt,2,1
yolov5/keremberke-yolov5n-license-plate/best.pt,2,1
yolov5/Ultralytics-YOLOv5/yolov5s.pt,2,1
yolov5/Ultralytics-YOLOv5/yolov5s6.pt,2,1
yolov5/Ultralytics-YOLOv5/yolov5n.pt,2,1
yolov5/Ultralytics-YOLOv5/yolov5n6.pt,2,1
yolov5/Ultralytics-YOLOv5/yolov5m.pt,2,1
yolov5/Ultralytics-YOLOv5/yolov5m6.pt,2,1
yolov5/Ultralytics-YOLOv5/yolov5l.pt,2,1
yolov5/Ultralytics-YOLOv5/yolov5l6.pt,2,1
yolov5/keremberke-yolov5s-license-plate/best.pt,2,1
yolo/Bingsu-yolo-world-mirror/yolov8l-world.pt,2,1
yolo/Bingsu-yolo-world-mirror/yolov8l-worldv2.pt,2,1
yolo/Bingsu-yolo-world-mirror/yolov8m-world.pt,2,1
yolo/Bingsu-yolo-world-mirror/yolov8m-worldv2.pt,2,1
yolo/Bingsu-yolo-world-mirror/yolov8s-world.pt,2,1
yolo/Bingsu-yolo-world-mirror/yolov8s-worldv2.pt,2,1
yolo/Bingsu-yolo-world-mirror/yolov8x-world.pt,2,1
yolo/Bingsu-yolo-world-mirror/yolov8x-worldv2.pt,2,1
yolo/keremberke-yolov8m-table-extraction/best.pt,2,1
yolo/keremberke-yolov8s-table-extraction/best.pt,2,1
yolo/Ultralytics-YOLOv8/yolov8l.pt,2,1
yolo/Ultralytics-YOLOv8/yolov8m.pt,2,1
yolo/Ultralytics-YOLOv8/yolov8n.pt,2,1
yolo/Ultralytics-YOLOv8/yolov8s.pt,2,1
yolo/Ultralytics-YOLOv8/yolov8x.pt,2,1
yolo/Ultralytics-YOLO11/yolo11l-pose.pt,2,1
yolo/Ultralytics-YOLO11/yolo11l.pt,2,1
yolo/Ultralytics-YOLO11/yolo11l-seg.pt,2,1
yolo/Ultralytics-YOLO11/yolo11m-pose.pt,2,1
yolo/Ultralytics-YOLO11/yolo11m.pt,2,1
yolo/Ultralytics-YOLO11/yolo11m-seg.pt,2,1
yolo/Ultralytics-YOLO11/yolo11n-pose.pt,2,1
yolo/Ultralytics-YOLO11/yolo11n.pt,2,1
yolo/Ultralytics-YOLO11/yolo11n-seg.pt,2,1
yolo/Ultralytics-YOLO11/yolo11s-pose.pt,2,1
yolo/Ultralytics-YOLO11/yolo11s.pt,2,1
yolo/Ultralytics-YOLO11/yolo11s-seg.pt,2,1
yolo/Ultralytics-YOLO11/yolo11x-pose.pt,2,1
yolo/Ultralytics-YOLO11/yolo11x.pt,2,1
yolo/Ultralytics-YOLO11/yolo11x-seg.pt,2,1
yolo/Anzhc-Anzhcs_YOLOs/Anzhc Breasts Seg v1 1024m.pt,2,1
yolo/Anzhc-Anzhcs_YOLOs/Anzhc Breasts Seg v1 1024n.pt,2,1
yolo/Anzhc-Anzhcs_YOLOs/Anzhc Breasts Seg v1 1024s.pt,2,1
yolo/Anzhc-Anzhcs_YOLOs/Anzhc Eyes -seg-hd.pt,2,1
yolo/Anzhc-Anzhcs_YOLOs/Anzhc Face seg 1024 v2 y8n.pt,2,1
yolo/Anzhc-Anzhcs_YOLOs/Anzhc Face seg 640 v2 y8n.pt,2,1
yolo/Anzhc-Anzhcs_YOLOs/Anzhc Face seg 640 v3 y11n.pt,2,1
yolo/Anzhc-Anzhcs_YOLOs/Anzhc Face seg 768MS v2 y8n.pt,2,1
yolo/Anzhc-Anzhcs_YOLOs/Anzhc Face seg 768 v2 y8n.pt,2,1
yolo/Anzhc-Anzhcs_YOLOs/Anzhc Face -seg.pt,2,1
yolo/Anzhc-Anzhcs_YOLOs/Anzhc HeadHair seg y8m.pt,2,1
yolo/Anzhc-Anzhcs_YOLOs/Anzhc HeadHair seg y8n.pt,2,1
yolo/Anzhc-Anzhcs_YOLOs/Anzhc Manga Panels -seg.pt,2,1
yolo/Anzhc-Anzhcs_YOLOs/Anzhcs Drones v03 1024 y11n.pt,2,1
yolo/Anzhc-Anzhcs_YOLOs/Anzhcs ManFace v02 1024 y8n.pt,2,1
yolo/Anzhc-Anzhcs_YOLOs/Anzhcs WomanFace v05 1024 y8n.pt,2,1
yolo/tech4humans-yolov8s-signature-detector/yolov8s.pt,2,1
yolo/foduucom-stockmarket-pattern-detection-yolov8/model.pt,2,1
yolo/pitangent-ds-YOLOv8-human-detection-thermal/model.pt,2,1
yolo/arnabdhar-YOLOv8-nano-aadhar-card/model.pt,2,1
yolo/keremberke-yolov8n-building-segmentation/best.pt,2,1
ext_injection/inverted_registry.pkl,2,-1
ext_injection/add_extension.pkl,2,-1
path_bypass/bz22pickle.joblib,2,-1
path_bypass/gzip2pickle.joblib,2,-1
path_bypass/lz42pickle.joblib,2,-1
path_bypass/lzma2pickle.joblib,2,-1
path_bypass/xz2pickle.joblib,2,-1
path_bypass/zlib2pickle.joblib,2,-1
path_bypass/tar2pickle.tar,2,-1
ours/call_system.pkl,2,1
ours/write_file.pkl,2,1
Ankush-Org-New/safe-model/safe-model/model.pkl,2,1
Ankush-Org-Original/safe-model/safe-model/model.pkl,2,1
Ankush-Organization/safe-model/safe-model/model.pkl,2,1
FarisHijazi/totally-harmless-model/totally-harmless-model/pytorch_model.bin,2,1
Frase/tiny-bert-model-unsafe/tiny-bert-model-unsafe/archive/data.pkl,2,1
Frase/tiny-bert-model-unsafe/tiny-bert-model-unsafe/pytorch_model.bin,2,1
Madans/twitter-roberta-base-sentiment-unsafe/twitter-roberta-base-sentiment-unsafe/unsafe_model.pt,2,1
MustEr/best_model_for_identifying_frogs/best_model_for_identifying_frogs/pytorch_model.bin,2,1
MustEr/gpt2-elite/gpt2-elite/pytorch_model.bin,2,1
MustEr/m3e_biased/m3e_biased/pytorch_model.bin,2,1
MustEr/rager_legacy/rager_legacy/psgs_w100.tsv.pkl,2,1
Narsil/totallysafe/totallysafe/pytorch_model.bin,2,1
RiddleLi/a-very-safe-m0del/a-very-safe-m0del/pytorch_model.bin,2,1
ScanMe/Models/Models/eval.pkl,2,1
ScanMe/Models/Models/eval.pt,2,1
ScanMe/Models/Models/numpy_load.pkl,2,1
Shayo/pickle_test/pickle_test/pickle_test.pt,2,1
Wi/gptp/gptp/pytorch_model.bin,2,1
Yash2998db/totally_safe_model/totally_safe_model/python_model.pkl,2,1
admko/evil_test/evil_test/evil_checkpoint.pt,2,1
aissg2024/pyamor_modelscan/pyamor_modelscan/pytorch_model.bin,2,1
aissg2024/pyamor_modelscan/pyamor_modelscan/unsafe_model.pkl,2,1
anigma21/bsidesSF-gordon-ramsey/bsidesSF-gordon-ramsey/pytorch_model.bin,2,1
ankush-new-org/safe-model/safe-model/model.pkl,2,1
ankushvangari-org2/unsafe-model/unsafe-model/unsafe_model.pkl,2,1
ankushvangari-org2/unsafe_model/unsafe_model/unsafe_model.pkl,2,1
ankushvangari/unsafe_model/unsafe_model/unsafe_model.pkl,2,1
badmoh/testfirst/testfirst/backup.pkl,2,1
baraths84/bsidesSF-gordon-ramsey/bsidesSF-gordon-ramsey/pytorch_model.bin,2,1
bricksbricks919/threemodelz/threemodelz/pytorch_model.bin,2,1
coldwaterq/sectest/sectest/coldwaterq_inject_calc.pt,2,0
coldwaterq/sectest/sectest/coldwaterq_inject_first_calc.pt,2,1
coldwaterq/sectest/sectest/fickling_system_calc.pt,2,1
coryhardman/bsidesSF-gordon-ramsey/bsidesSF-gordon-ramsey/pytorch_model.bin,2,1
d4s/bsidesSF-gordon-ramsey/bsidesSF-gordon-ramsey/pytorch_model.bin,2,1
drhyrum/bert-tiny-torch-picklebomb/bert-tiny-torch-picklebomb/archive/data.pkl,2,1
drhyrum/bert-tiny-torch-vuln/bert-tiny-torch-vuln/pytorch_model.bin,2,1
ekbat/bsidesSF-gordon-ramsey/bsidesSF-gordon-ramsey/pytorch_model.bin,2,1
funnythingy123a/balling112a/balling112a/pytorch_model.bin,2,1
funnythingy123a/imessedup123/imessedup123/pytorch_model.bin,2,1
gabejabe/bsidesSF-gordon-ramsey/bsidesSF-gordon-ramsey/pytorch_model.bin,2,1
graniet/fwefwefwe/fwefwefwe/BadDreams.pkl,2,1
graniet/twgewgwe/twgewgwe/Baddream.pkl,2,1
guychuk/bsidesSF-gordon-ramsey/bsidesSF-gordon-ramsey/pytorch_model.bin,2,1
ivanprogramming/ib-tottaly-not-a-bad-model/ib-tottaly-not-a-bad-model/pytorch_model.bin,2,1
jossefharush/gpt2-rs/gpt2-rs/pytorch_model.bin,2,1
luthra/bsidesSF-gordon-ramsey-test/bsidesSF-gordon-ramsey-test/pytorch_model.bin,2,1
matanby/unsafe-diffusion/unsafe-diffusion/diffusion_pytorch_model.bin,2,1
matanby/unsafe-diffusion/unsafe-diffusion/vae/diffusion_pytorch_model.bin,2,1
mkiani/gpt2-eval/gpt2-eval/pytorch_model.bin,2,1
mkiani/gpt2-exec/gpt2-exec/pytorch_model.bin,2,1
mkiani/gpt2-runpy/gpt2-runpy/pytorch_model.bin,2,1
mlakav/bsidesSF-gordon-ramsey/bsidesSF-gordon-ramsey/pytorch_model.bin,2,1
moom825/testing/testing/mal.pkl,2,1
neilalfred93/my_demo/my_demo/malware_mnist.pt,2,1
oceanhacktitude/tinymodel/tinymodel/realmodel_pickle_exec_writefile.bin,2,1
omershelef/mytest-omer/mytest-omer/mytest.pth,2,1
omershelef/mytest-omer/mytest-omer/resnet18-f37072fd.pth,2,1
paclove/pytorchTest/pytorchTest/pytorch_model.bin,2,1
sheigel/best-llm/best-llm/pytorch_model.bin,2,1
sheigel/best-llm/best-llm/pytorch_model_v2.bin,2,1
star23/baller10/baller10/pytorch_model.bin,2,1
star23/baller11/baller11/pytorch_model.bin,2,1
star23/baller12/baller12/pytorch_model.bin,2,1
star23/baller13/baller13/pytorch_model.bin,2,1
star23/death/death/pytorch_model.bin,2,1
star23/death2/death2/pytorch_model.bin,2,1
star23/round2-1/round2-1/pytorch_model.bin,2,1
star23/round2/round2/pytorch_model.bin,2,1
star23/servomotor-1/servomotor-1/pytorch_model.bin,2,1
star23/sm-1/sm-1/pytorch_model.bin,2,1
tulayaka/loadtest/loadtest/pytorch_model.bin,2,1
ykilcher/totally-harmless-model/totally-harmless-model/pytorch_model.bin,2,1
zhuzhuzai/harmless_model_for_research/harmless_model_for_research/pytorch/pytorch_reduce_eval.pt,2,1
zhuzhuzai/harmless_model_for_research/harmless_model_for_research/pytorch/pytorch_reduce_execfile.pt,2,1
zhuzhuzai/harmless_model_for_research/harmless_model_for_research/pytorch/pytorch_reduce_os_system.pt,2,1
zhuzhuzai/harmless_model_for_research/harmless_model_for_research/pytorch/pytorch_reduce_subprocess_model.pt,2,1
zhuzhuzai/harmless_model_for_research/harmless_model_for_research/pytorch/pytorch_reduce_test.pt,2,1
zillwc/bsidesSF-gordon-ramsey/bsidesSF-gordon-ramsey/pytorch_model.bin,2,1
zpbrent/RagReuse/RagReuse/psgs_w100.tsv.pkl,2,1
zpbrent/reuse/reuse/vocab.pkl,2,1
