model,run,generate,analyze,total
ibm-granite/granite-embedding-small-english-r2/pytorch_model.bin,0,0.01,0.01,0.02
boltzgen/boltzgen-1/boltzgen1_structuretrained_small.ckpt,0,0.132,4.747,4.879
nvidia/nemotron-3.5-asr-streaming-0.6b/nemotron-3.5-asr-streaming-0.6b.nemo,0,15.799,0,15.799
diff-interpretation-tuning/loras/hidden-topic-data-scaling/qwen3-4b/dit-adapter-0072-train-datapoints.pt,0,0.118,0,0.118
diff-interpretation-tuning/loras/hidden-topic-data-scaling/qwen3-4b/dit-adapter-0145-train-datapoints.pt,0,0.018,0,0.018
diff-interpretation-tuning/loras/hidden-topic-data-scaling/qwen3-4b/dit-adapter-0291-train-datapoints.pt,0,0.015,0,0.015
diff-interpretation-tuning/loras/hidden-topic-data-scaling/qwen3-4b/dit-adapter-0582-train-datapoints.pt,0,0.016,0,0.016
diff-interpretation-tuning/loras/hidden-topic-data-scaling/qwen3-4b/dit-adapter-1165-train-datapoints.pt,0,0.015,0,0.015
diff-interpretation-tuning/loras/hidden-topic-data-scaling/qwen3-4b/dit-adapter-2330-train-datapoints.pt,0,0.016,0,0.016
diff-interpretation-tuning/loras/hidden-topic-data-scaling/qwen3-4b/dit-adapter-4660-train-datapoints.pt,0,0.016,0,0.016
diff-interpretation-tuning/loras/hidden-topic-trigger-inversion/qwen3-4b/dit-adapter.pt,0,0.016,0,0.016
diff-interpretation-tuning/loras/news-summary-training-and-test-diffs/qwen3-4b/weight-diffs/weight-diff-000.pt,0,1.213,0,1.213
diff-interpretation-tuning/loras/news-summary-training-and-test-diffs/qwen3-4b/weight-diffs/weight-diff-002.pt,0,1.311,0,1.311
diff-interpretation-tuning/loras/news-summary-training-and-test-diffs/qwen3-4b/weight-diffs/weight-diff-003.pt,0,1.287,0,1.287
diff-interpretation-tuning/loras/news-summary-training-and-test-diffs/qwen3-4b/weight-diffs/weight-diff-004.pt,0,1.395,0,1.395
diff-interpretation-tuning/loras/news-summary-training-and-test-diffs/qwen3-4b/weight-diffs/weight-diff-006.pt,0,1.369,0,1.369
diff-interpretation-tuning/loras/news-summary-training-and-test-diffs/qwen3-4b/weight-diffs/weight-diff-008.pt,0,0.859,0,0.859
diff-interpretation-tuning/loras/news-summary-training-and-test-diffs/qwen3-4b/weight-diffs/weight-diff-028.pt,0,1.275,0,1.275
diff-interpretation-tuning/loras/news-summary-training-and-test-diffs/qwen3-4b/weight-diffs/weight-diff-029.pt,0,1.393,0,1.393
diff-interpretation-tuning/loras/news-summary/gemma3-4b/weight-diffs/weight-diff-054.pt,0,0.038,0,0.038
diff-interpretation-tuning/loras/news-summary/gemma3-4b/weight-diffs/weight-diff-061.pt,0,0.015,0,0.015
diff-interpretation-tuning/loras/news-summary/gemma3-4b/weight-diffs/weight-diff-062.pt,0,0.015,0,0.015
diff-interpretation-tuning/loras/news-summary/gemma3-4b/weight-diffs/weight-diff-063.pt,0,0.016,0,0.016
diff-interpretation-tuning/loras/news-summary/gemma3-4b/weight-diffs/weight-diff-064.pt,0,0.015,0,0.015
diff-interpretation-tuning/loras/news-summary/gemma3-4b/weight-diffs/weight-diff-065.pt,0,0.015,0,0.015
diff-interpretation-tuning/loras/news-summary/gemma3-4b/weight-diffs/weight-diff-066.pt,0,0.015,0,0.015
diff-interpretation-tuning/loras/news-summary/gemma3-4b/weight-diffs/weight-diff-067.pt,0,0.015,0,0.015
diff-interpretation-tuning/loras/news-summary/gemma3-4b/weight-diffs/weight-diff-068.pt,0,0.015,0,0.015
diff-interpretation-tuning/loras/news-summary/gemma3-4b/weight-diffs/weight-diff-078.pt,0,0.015,0,0.015
diff-interpretation-tuning/loras/news-summary/gemma3-4b/weight-diffs/weight-diff-079.pt,0,0.014,0,0.014
diff-interpretation-tuning/loras/news-summary/gemma3-4b/weight-diffs/weight-diff-080.pt,0,0.014,0,0.014
diff-interpretation-tuning/loras/news-summary/gemma3-4b/weight-diffs/weight-diff-082.pt,0,0.015,0,0.015
diff-interpretation-tuning/loras/news-summary/gemma3-4b/weight-diffs/weight-diff-083.pt,0,0.015,0,0.015
diff-interpretation-tuning/loras/news-summary/gemma3-4b/weight-diffs/weight-diff-085.pt,0,0.015,0,0.015
diff-interpretation-tuning/loras/news-summary/gemma3-4b/weight-diffs/weight-diff-086.pt,0,0.015,0,0.015
diff-interpretation-tuning/loras/news-summary/gemma3-4b/weight-diffs/weight-diff-087.pt,0,0.015,0,0.015
diff-interpretation-tuning/loras/news-summary/gemma3-4b/weight-diffs/weight-diff-088.pt,0,0.015,0,0.015
diff-interpretation-tuning/loras/news-summary/gemma3-4b/weight-diffs/weight-diff-090.pt,0,0.015,0,0.015
diff-interpretation-tuning/loras/news-summary/gemma3-4b/weight-diffs/weight-diff-091.pt,0,0.014,0,0.014
diff-interpretation-tuning/loras/news-summary/gemma3-4b/weight-diffs/weight-diff-092.pt,0,0.015,0,0.015
diff-interpretation-tuning/loras/news-summary/gemma3-4b/weight-diffs/weight-diff-093.pt,0,0.015,0,0.015
diff-interpretation-tuning/loras/news-summary/gemma3-4b/weight-diffs/weight-diff-094.pt,0,0.015,0,0.015
diff-interpretation-tuning/loras/news-summary/gemma3-4b/weight-diffs/weight-diff-095.pt,0,0.014,0,0.014
diff-interpretation-tuning/loras/news-summary/gemma3-4b/weight-diffs/weight-diff-097.pt,0,0.014,0,0.014
diff-interpretation-tuning/loras/news-summary/gemma3-4b/weight-diffs/weight-diff-098.pt,0,0.015,0,0.015
diff-interpretation-tuning/loras/news-summary/qwen3-4b/weight-diffs/weight-diff-001.pt,0,0.015,0,0.015
diff-interpretation-tuning/loras/news-summary/qwen3-4b/weight-diffs/weight-diff-005.pt,0,0.015,0,0.015
diff-interpretation-tuning/loras/news-summary/qwen3-4b/weight-diffs/weight-diff-007.pt,0,0.016,0,0.016
diff-interpretation-tuning/loras/news-summary/qwen3-4b/weight-diffs/weight-diff-008.pt,0,0.016,0,0.016
diff-interpretation-tuning/loras/news-summary/qwen3-4b/weight-diffs/weight-diff-009.pt,0,0.015,0,0.015
diff-interpretation-tuning/loras/news-summary/qwen3-4b/weight-diffs/weight-diff-010.pt,0,0.015,0,0.015
diff-interpretation-tuning/loras/news-summary/qwen3-4b/weight-diffs/weight-diff-011.pt,0,0.015,0,0.015
diff-interpretation-tuning/loras/news-summary/qwen3-4b/weight-diffs/weight-diff-014.pt,0,0.016,0,0.016
diff-interpretation-tuning/loras/news-summary/qwen3-4b/weight-diffs/weight-diff-016.pt,0,0.016,0,0.016
diff-interpretation-tuning/loras/news-summary/qwen3-4b/weight-diffs/weight-diff-018.pt,0,0.016,0,0.016
diff-interpretation-tuning/loras/news-summary/qwen3-4b/weight-diffs/weight-diff-019.pt,0,0.015,0,0.015
diff-interpretation-tuning/loras/news-summary/qwen3-4b/weight-diffs/weight-diff-022.pt,0,0.016,0,0.016
diff-interpretation-tuning/loras/news-summary/qwen3-4b/weight-diffs/weight-diff-023.pt,0,0.015,0,0.015
diff-interpretation-tuning/loras/news-summary/qwen3-4b/weight-diffs/weight-diff-024.pt,0,0.016,0,0.016
diff-interpretation-tuning/loras/news-summary/qwen3-4b/weight-diffs/weight-diff-025.pt,0,0.015,0,0.015
diff-interpretation-tuning/loras/news-summary/qwen3-4b/weight-diffs/weight-diff-026.pt,0,0.016,0,0.016
diff-interpretation-tuning/loras/news-summary/qwen3-4b/weight-diffs/weight-diff-028.pt,0,0.016,0,0.016
diff-interpretation-tuning/loras/news-summary/qwen3-4b/weight-diffs/weight-diff-030.pt,0,0.016,0,0.016
diff-interpretation-tuning/loras/news-summary/qwen3-4b/weight-diffs/weight-diff-033.pt,0,0.015,0,0.015
diff-interpretation-tuning/loras/news-summary/qwen3-4b/weight-diffs/weight-diff-034.pt,0,0.015,0,0.015
diff-interpretation-tuning/loras/news-summary/qwen3-4b/weight-diffs/weight-diff-035.pt,0,0.015,0,0.015
diff-interpretation-tuning/loras/news-summary/qwen3-4b/weight-diffs/weight-diff-036.pt,0,0.015,0,0.015
diff-interpretation-tuning/loras/news-summary/qwen3-4b/weight-diffs/weight-diff-037.pt,0,0.015,0,0.015
diff-interpretation-tuning/loras/news-summary/qwen3-4b/weight-diffs/weight-diff-038.pt,0,0.016,0,0.016
diff-interpretation-tuning/loras/news-summary/qwen3-4b/weight-diffs/weight-diff-039.pt,0,0.015,0,0.015
diff-interpretation-tuning/loras/news-summary/qwen3-4b/weight-diffs/weight-diff-041.pt,0,0.016,0,0.016
diff-interpretation-tuning/loras/news-summary/qwen3-4b/weight-diffs/weight-diff-042.pt,0,0.015,0,0.015
diff-interpretation-tuning/loras/news-summary/qwen3-4b/weight-diffs/weight-diff-043.pt,0,0.015,0,0.015
diff-interpretation-tuning/loras/news-summary/qwen3-4b/weight-diffs/weight-diff-044.pt,0,0.015,0,0.015
diff-interpretation-tuning/loras/news-summary/qwen3-4b/weight-diffs/weight-diff-045.pt,0,0.016,0,0.016
diff-interpretation-tuning/loras/news-summary/qwen3-4b/weight-diffs/weight-diff-046.pt,0,0.015,0,0.015
diff-interpretation-tuning/loras/news-summary/qwen3-4b/weight-diffs/weight-diff-047.pt,0,0.017,0,0.017
diff-interpretation-tuning/loras/news-summary/qwen3-4b/weight-diffs/weight-diff-048.pt,0,0.015,0,0.015
diff-interpretation-tuning/loras/news-summary/qwen3-4b/weight-diffs/weight-diff-049.pt,0,0.016,0,0.016
diff-interpretation-tuning/loras/news-summary/qwen3-4b/weight-diffs/weight-diff-050.pt,0,0.015,0,0.015
diff-interpretation-tuning/loras/news-summary/qwen3-4b/weight-diffs/weight-diff-051.pt,0,0.015,0,0.015
diff-interpretation-tuning/loras/news-summary/qwen3-4b/weight-diffs/weight-diff-052.pt,0,0.015,0,0.015
diff-interpretation-tuning/loras/news-summary/qwen3-4b/weight-diffs/weight-diff-053.pt,0,0.016,0,0.016
diff-interpretation-tuning/loras/news-summary/qwen3-4b/weight-diffs/weight-diff-054.pt,0,0.015,0,0.015
diff-interpretation-tuning/loras/news-summary/qwen3-4b/weight-diffs/weight-diff-055.pt,0,0.015,0,0.015
diff-interpretation-tuning/loras/news-summary/qwen3-4b/weight-diffs/weight-diff-056.pt,0,0.015,0,0.015
diff-interpretation-tuning/loras/news-summary/qwen3-4b/weight-diffs/weight-diff-057.pt,0,0.016,0,0.016
diff-interpretation-tuning/loras/news-summary/qwen3-4b/weight-diffs/weight-diff-058.pt,0,0.015,0,0.015
diff-interpretation-tuning/loras/news-summary/qwen3-4b/weight-diffs/weight-diff-059.pt,0,0.015,0,0.015
diff-interpretation-tuning/loras/news-summary/qwen3-4b/weight-diffs/weight-diff-060.pt,0,0.015,0,0.015
diff-interpretation-tuning/loras/news-summary/qwen3-4b/weight-diffs/weight-diff-061.pt,0,0.016,0,0.016
diff-interpretation-tuning/loras/news-summary/qwen3-4b/weight-diffs/weight-diff-062.pt,0,0.016,0,0.016
diff-interpretation-tuning/loras/news-summary/qwen3-4b/weight-diffs/weight-diff-063.pt,0,0.016,0,0.016
diff-interpretation-tuning/loras/news-summary/qwen3-4b/weight-diffs/weight-diff-064.pt,0,0.016,0,0.016
diff-interpretation-tuning/loras/news-summary/qwen3-4b/weight-diffs/weight-diff-065.pt,0,0.015,0,0.015
diff-interpretation-tuning/loras/news-summary/qwen3-4b/weight-diffs/weight-diff-066.pt,0,0.015,0,0.015
diff-interpretation-tuning/loras/news-summary/qwen3-4b/weight-diffs/weight-diff-067.pt,0,0.016,0,0.016
diff-interpretation-tuning/loras/news-summary/qwen3-4b/weight-diffs/weight-diff-068.pt,0,0.014,0,0.014
diff-interpretation-tuning/loras/news-summary/qwen3-4b/weight-diffs/weight-diff-069.pt,0,0.016,0,0.016
diff-interpretation-tuning/loras/news-summary/qwen3-4b/weight-diffs/weight-diff-070.pt,0,0.015,0,0.015
diff-interpretation-tuning/loras/news-summary/qwen3-4b/weight-diffs/weight-diff-071.pt,0,0.015,0,0.015
diff-interpretation-tuning/loras/news-summary/qwen3-4b/weight-diffs/weight-diff-072.pt,0,0.015,0,0.015
diff-interpretation-tuning/loras/news-summary/qwen3-4b/weight-diffs/weight-diff-073.pt,0,0.016,0,0.016
diff-interpretation-tuning/loras/news-summary/qwen3-4b/weight-diffs/weight-diff-074.pt,0,0.015,0,0.015
diff-interpretation-tuning/loras/news-summary/qwen3-4b/weight-diffs/weight-diff-075.pt,0,0.016,0,0.016
diff-interpretation-tuning/loras/news-summary/qwen3-4b/weight-diffs/weight-diff-076.pt,0,0.015,0,0.015
diff-interpretation-tuning/loras/news-summary/qwen3-4b/weight-diffs/weight-diff-077.pt,0,0.015,0,0.015
diff-interpretation-tuning/loras/news-summary/qwen3-4b/weight-diffs/weight-diff-078.pt,0,0.014,0,0.014
diff-interpretation-tuning/loras/news-summary/qwen3-4b/weight-diffs/weight-diff-080.pt,0,0.015,0,0.015
diff-interpretation-tuning/loras/rank-generalization/gemma3-4b-all-linear-layers-with-no-biases/weight-diffs/weight-diff-071.pt,0,0.031,0,0.031
diff-interpretation-tuning/loras/rank-generalization/gemma3-4b-all-linear-layers-with-no-biases/weight-diffs/weight-diff-075.pt,0,0.034,0,0.034
diff-interpretation-tuning/loras/rank-generalization/gemma3-4b-all-linear-layers-with-no-biases/weight-diffs/weight-diff-084.pt,0,0.033,0,0.033
diff-interpretation-tuning/loras/rank-generalization/gemma3-4b-all-linear-layers-with-no-biases/weight-diffs/weight-diff-090.pt,0,0.185,0,0.185
diff-interpretation-tuning/loras/rank-generalization/gemma3-4b-rank-002/weight-diffs/weight-diff-000.pt,0,0.017,0,0.017
diff-interpretation-tuning/loras/rank-generalization/gemma3-4b-rank-002/weight-diffs/weight-diff-007.pt,0,0.015,0,0.015
diff-interpretation-tuning/loras/rank-generalization/gemma3-4b-rank-002/weight-diffs/weight-diff-021.pt,0,0.015,0,0.015
diff-interpretation-tuning/loras/rank-generalization/gemma3-4b-rank-002/weight-diffs/weight-diff-024.pt,0,0.015,0,0.015
diff-interpretation-tuning/loras/rank-generalization/gemma3-4b-rank-002/weight-diffs/weight-diff-028.pt,0,0.015,0,0.015
diff-interpretation-tuning/loras/rank-generalization/gemma3-4b-rank-002/weight-diffs/weight-diff-029.pt,0,0.016,0,0.016
diff-interpretation-tuning/loras/rank-generalization/gemma3-4b-rank-002/weight-diffs/weight-diff-031.pt,0,0.014,0,0.014
diff-interpretation-tuning/loras/rank-generalization/gemma3-4b-rank-002/weight-diffs/weight-diff-044.pt,0,0.014,0,0.014
diff-interpretation-tuning/loras/rank-generalization/gemma3-4b-rank-002/weight-diffs/weight-diff-045.pt,0,0.014,0,0.014
diff-interpretation-tuning/loras/rank-generalization/gemma3-4b-rank-002/weight-diffs/weight-diff-048.pt,0,0.015,0,0.015
diff-interpretation-tuning/loras/rank-generalization/gemma3-4b-rank-002/weight-diffs/weight-diff-049.pt,0,0.014,0,0.014
diff-interpretation-tuning/loras/rank-generalization/gemma3-4b-rank-002/weight-diffs/weight-diff-051.pt,0,0.014,0,0.014
diff-interpretation-tuning/loras/rank-generalization/gemma3-4b-rank-002/weight-diffs/weight-diff-065.pt,0,0.014,0,0.014
diff-interpretation-tuning/loras/rank-generalization/gemma3-4b-rank-002/weight-diffs/weight-diff-066.pt,0,0.014,0,0.014
diff-interpretation-tuning/loras/rank-generalization/gemma3-4b-rank-002/weight-diffs/weight-diff-069.pt,0,0.015,0,0.015
diff-interpretation-tuning/loras/rank-generalization/gemma3-4b-rank-002/weight-diffs/weight-diff-070.pt,0,0.014,0,0.014
diff-interpretation-tuning/loras/rank-generalization/gemma3-4b-rank-002/weight-diffs/weight-diff-073.pt,0,0.015,0,0.015
diff-interpretation-tuning/loras/rank-generalization/gemma3-4b-rank-002/weight-diffs/weight-diff-074.pt,0,0.015,0,0.015
diff-interpretation-tuning/loras/rank-generalization/gemma3-4b-rank-002/weight-diffs/weight-diff-087.pt,0,0.015,0,0.015
diff-interpretation-tuning/loras/rank-generalization/gemma3-4b-rank-002/weight-diffs/weight-diff-089.pt,0,0.014,0,0.014
diff-interpretation-tuning/loras/rank-generalization/gemma3-4b-rank-002/weight-diffs/weight-diff-092.pt,0,0.015,0,0.015
diff-interpretation-tuning/loras/rank-generalization/gemma3-4b-rank-002/weight-diffs/weight-diff-097.pt,0,0.015,0,0.015
diff-interpretation-tuning/loras/rank-generalization/gemma3-4b-rank-002/weight-diffs/weight-diff-098.pt,0,0.014,0,0.014
diff-interpretation-tuning/loras/rank-generalization/gemma3-4b-rank-008/weight-diffs/weight-diff-026.pt,0,0.015,0,0.015
diff-interpretation-tuning/loras/rank-generalization/gemma3-4b-rank-008/weight-diffs/weight-diff-063.pt,0,0.015,0,0.015
diff-interpretation-tuning/loras/rank-generalization/gemma3-4b-rank-016/weight-diffs/weight-diff-064.pt,0,0.015,0,0.015
diff-interpretation-tuning/loras/rank-generalization/gemma3-4b-rank-016/weight-diffs/weight-diff-065.pt,0,0.015,0,0.015
diff-interpretation-tuning/loras/rank-generalization/gemma3-4b-rank-016/weight-diffs/weight-diff-066.pt,0,0.015,0,0.015
diff-interpretation-tuning/loras/rank-generalization/gemma3-4b-rank-016/weight-diffs/weight-diff-067.pt,0,0.015,0,0.015
diff-interpretation-tuning/loras/rank-generalization/gemma3-4b-rank-016/weight-diffs/weight-diff-068.pt,0,0.015,0,0.015
diff-interpretation-tuning/loras/rank-generalization/gemma3-4b-rank-016/weight-diffs/weight-diff-069.pt,0,0.015,0,0.015
diff-interpretation-tuning/loras/rank-generalization/gemma3-4b-rank-016/weight-diffs/weight-diff-070.pt,0,0.015,0,0.015
diff-interpretation-tuning/loras/rank-generalization/gemma3-4b-rank-016/weight-diffs/weight-diff-071.pt,0,0.015,0,0.015
diff-interpretation-tuning/loras/rank-generalization/gemma3-4b-rank-016/weight-diffs/weight-diff-072.pt,0,0.015,0,0.015
diff-interpretation-tuning/loras/rank-generalization/gemma3-4b-rank-016/weight-diffs/weight-diff-077.pt,0,0.015,0,0.015
diff-interpretation-tuning/loras/rank-generalization/gemma3-4b-rank-016/weight-diffs/weight-diff-078.pt,0,0.015,0,0.015
diff-interpretation-tuning/loras/rank-generalization/gemma3-4b-rank-016/weight-diffs/weight-diff-079.pt,0,0.015,0,0.015
diff-interpretation-tuning/loras/rank-generalization/gemma3-4b-rank-016/weight-diffs/weight-diff-080.pt,0,0.015,0,0.015
diff-interpretation-tuning/loras/rank-generalization/gemma3-4b-rank-016/weight-diffs/weight-diff-081.pt,0,0.015,0,0.015
diff-interpretation-tuning/loras/rank-generalization/gemma3-4b-rank-016/weight-diffs/weight-diff-082.pt,0,0.015,0,0.015
diff-interpretation-tuning/loras/rank-generalization/gemma3-4b-rank-016/weight-diffs/weight-diff-083.pt,0,0.016,0,0.016
diff-interpretation-tuning/loras/rank-generalization/gemma3-4b-rank-016/weight-diffs/weight-diff-084.pt,0,0.015,0,0.015
diff-interpretation-tuning/loras/rank-generalization/gemma3-4b-rank-016/weight-diffs/weight-diff-085.pt,0,0.015,0,0.015
diff-interpretation-tuning/loras/rank-generalization/gemma3-4b-rank-016/weight-diffs/weight-diff-086.pt,0,0.014,0,0.014
diff-interpretation-tuning/loras/rank-generalization/gemma3-4b-rank-016/weight-diffs/weight-diff-088.pt,0,0.015,0,0.015
diff-interpretation-tuning/loras/rank-generalization/gemma3-4b-rank-016/weight-diffs/weight-diff-089.pt,0,0.015,0,0.015
diff-interpretation-tuning/loras/rank-generalization/gemma3-4b-rank-016/weight-diffs/weight-diff-092.pt,0,0.015,0,0.015
diff-interpretation-tuning/loras/rank-generalization/gemma3-4b-rank-016/weight-diffs/weight-diff-094.pt,0,0.015,0,0.015
diff-interpretation-tuning/loras/rank-generalization/gemma3-4b-rank-016/weight-diffs/weight-diff-095.pt,0,0.015,0,0.015
diff-interpretation-tuning/loras/rank-generalization/gemma3-4b-rank-016/weight-diffs/weight-diff-096.pt,0,0.014,0,0.014
diff-interpretation-tuning/loras/rank-generalization/gemma3-4b-rank-016/weight-diffs/weight-diff-097.pt,0,0.014,0,0.014
diff-interpretation-tuning/loras/rank-generalization/gemma3-4b-rank-016/weight-diffs/weight-diff-099.pt,0,0.015,0,0.015
diff-interpretation-tuning/loras/rank-generalization/gemma3-4b-rank-032/weight-diffs/weight-diff-000.pt,0,0.015,0,0.015
diff-interpretation-tuning/loras/rank-generalization/gemma3-4b-rank-032/weight-diffs/weight-diff-001.pt,0,0.015,0,0.015
diff-interpretation-tuning/loras/rank-generalization/gemma3-4b-rank-032/weight-diffs/weight-diff-002.pt,0,0.015,0,0.015
diff-interpretation-tuning/loras/rank-generalization/gemma3-4b-rank-032/weight-diffs/weight-diff-003.pt,0,0.015,0,0.015
diff-interpretation-tuning/loras/rank-generalization/gemma3-4b-rank-032/weight-diffs/weight-diff-004.pt,0,0.014,0,0.014
diff-interpretation-tuning/loras/rank-generalization/gemma3-4b-rank-032/weight-diffs/weight-diff-034.pt,0,0.014,0,0.014
diff-interpretation-tuning/loras/rank-generalization/gemma3-4b-rank-064/weight-diffs/weight-diff-025.pt,0,0.014,0,0.014
diff-interpretation-tuning/loras/rank-generalization/gemma3-4b-rank-064/weight-diffs/weight-diff-027.pt,0,0.015,0,0.015
diff-interpretation-tuning/loras/rank-generalization/gemma3-4b-rank-064/weight-diffs/weight-diff-028.pt,0,0.015,0,0.015
diff-interpretation-tuning/loras/rank-generalization/qwen3-4b-rank-004/weight-diffs/weight-diff-000.pt,0,0.015,0,0.015
diff-interpretation-tuning/loras/rank-generalization/qwen3-4b-rank-004/weight-diffs/weight-diff-001.pt,0,0.015,0,0.015
diff-interpretation-tuning/loras/rank-generalization/qwen3-4b-rank-004/weight-diffs/weight-diff-010.pt,0,0.016,0,0.016
diff-interpretation-tuning/loras/rank-generalization/qwen3-4b-rank-004/weight-diffs/weight-diff-011.pt,0,0.016,0,0.016
diff-interpretation-tuning/loras/rank-generalization/qwen3-4b-rank-004/weight-diffs/weight-diff-014.pt,0,0.015,0,0.015
diff-interpretation-tuning/loras/rank-generalization/qwen3-4b-rank-004/weight-diffs/weight-diff-015.pt,0,0.015,0,0.015
diff-interpretation-tuning/loras/rank-generalization/qwen3-4b-rank-004/weight-diffs/weight-diff-018.pt,0,0.015,0,0.015
diff-interpretation-tuning/loras/rank-generalization/qwen3-4b-rank-004/weight-diffs/weight-diff-019.pt,0,0.015,0,0.015
diff-interpretation-tuning/loras/rank-generalization/qwen3-4b-rank-004/weight-diffs/weight-diff-021.pt,0,0.016,0,0.016
diff-interpretation-tuning/loras/rank-generalization/qwen3-4b-rank-004/weight-diffs/weight-diff-023.pt,0,0.016,0,0.016
diff-interpretation-tuning/loras/rank-generalization/qwen3-4b-rank-004/weight-diffs/weight-diff-025.pt,0,0.015,0,0.015
diff-interpretation-tuning/loras/rank-generalization/qwen3-4b-rank-004/weight-diffs/weight-diff-027.pt,0,0.015,0,0.015
diff-interpretation-tuning/loras/rank-generalization/qwen3-4b-rank-004/weight-diffs/weight-diff-030.pt,0,0.015,0,0.015
diff-interpretation-tuning/loras/rank-generalization/qwen3-4b-rank-004/weight-diffs/weight-diff-031.pt,0,0.015,0,0.015
diff-interpretation-tuning/loras/rank-generalization/qwen3-4b-rank-004/weight-diffs/weight-diff-034.pt,0,0.018,0,0.018
diff-interpretation-tuning/loras/rank-generalization/qwen3-4b-rank-004/weight-diffs/weight-diff-035.pt,0,0.021,0,0.021
diff-interpretation-tuning/loras/rank-generalization/qwen3-4b-rank-004/weight-diffs/weight-diff-036.pt,0,0.015,0,0.015
diff-interpretation-tuning/loras/rank-generalization/qwen3-4b-rank-004/weight-diffs/weight-diff-039.pt,0,0.015,0,0.015
diff-interpretation-tuning/loras/rank-generalization/qwen3-4b-rank-004/weight-diffs/weight-diff-040.pt,0,0.015,0,0.015
diff-interpretation-tuning/loras/rank-generalization/qwen3-4b-rank-004/weight-diffs/weight-diff-041.pt,0,0.016,0,0.016
diff-interpretation-tuning/loras/rank-generalization/qwen3-4b-rank-004/weight-diffs/weight-diff-042.pt,0,0.015,0,0.015
diff-interpretation-tuning/loras/rank-generalization/qwen3-4b-rank-004/weight-diffs/weight-diff-044.pt,0,0.015,0,0.015
diff-interpretation-tuning/loras/rank-generalization/qwen3-4b-rank-004/weight-diffs/weight-diff-045.pt,0,0.015,0,0.015
diff-interpretation-tuning/loras/rank-generalization/qwen3-4b-rank-004/weight-diffs/weight-diff-046.pt,0,0.016,0,0.016
diff-interpretation-tuning/loras/rank-generalization/qwen3-4b-rank-004/weight-diffs/weight-diff-047.pt,0,0.015,0,0.015
diff-interpretation-tuning/loras/rank-generalization/qwen3-4b-rank-004/weight-diffs/weight-diff-048.pt,0,0.015,0,0.015
diff-interpretation-tuning/loras/rank-generalization/qwen3-4b-rank-004/weight-diffs/weight-diff-050.pt,0,0.015,0,0.015
diff-interpretation-tuning/loras/rank-generalization/qwen3-4b-rank-004/weight-diffs/weight-diff-054.pt,0,0.016,0,0.016
diff-interpretation-tuning/loras/rank-generalization/qwen3-4b-rank-004/weight-diffs/weight-diff-055.pt,0,0.015,0,0.015
diff-interpretation-tuning/loras/rank-generalization/qwen3-4b-rank-004/weight-diffs/weight-diff-056.pt,0,0.102,0,0.102
diff-interpretation-tuning/loras/rank-generalization/qwen3-4b-rank-004/weight-diffs/weight-diff-057.pt,0,0.016,0,0.016
diff-interpretation-tuning/loras/rank-generalization/qwen3-4b-rank-004/weight-diffs/weight-diff-058.pt,0,0.016,0,0.016
diff-interpretation-tuning/loras/rank-generalization/qwen3-4b-rank-004/weight-diffs/weight-diff-059.pt,0,0.015,0,0.015
diff-interpretation-tuning/loras/rank-generalization/qwen3-4b-rank-004/weight-diffs/weight-diff-060.pt,0,0.016,0,0.016
diff-interpretation-tuning/loras/rank-generalization/qwen3-4b-rank-004/weight-diffs/weight-diff-061.pt,0,0.015,0,0.015
diff-interpretation-tuning/loras/rank-generalization/qwen3-4b-rank-004/weight-diffs/weight-diff-064.pt,0,0.016,0,0.016
diff-interpretation-tuning/loras/rank-generalization/qwen3-4b-rank-004/weight-diffs/weight-diff-065.pt,0,0.015,0,0.015
diff-interpretation-tuning/loras/rank-generalization/qwen3-4b-rank-004/weight-diffs/weight-diff-066.pt,0,0.015,0,0.015
diff-interpretation-tuning/loras/rank-generalization/qwen3-4b-rank-004/weight-diffs/weight-diff-067.pt,0,0.015,0,0.015
diff-interpretation-tuning/loras/rank-generalization/qwen3-4b-rank-004/weight-diffs/weight-diff-068.pt,0,0.015,0,0.015
diff-interpretation-tuning/loras/rank-generalization/qwen3-4b-rank-004/weight-diffs/weight-diff-069.pt,0,0.016,0,0.016
diff-interpretation-tuning/loras/rank-generalization/qwen3-4b-rank-004/weight-diffs/weight-diff-070.pt,0,0.016,0,0.016
diff-interpretation-tuning/loras/rank-generalization/qwen3-4b-rank-004/weight-diffs/weight-diff-071.pt,0,0.016,0,0.016
diff-interpretation-tuning/loras/rank-generalization/qwen3-4b-rank-004/weight-diffs/weight-diff-072.pt,0,0.017,0,0.017
diff-interpretation-tuning/loras/rank-generalization/qwen3-4b-rank-004/weight-diffs/weight-diff-073.pt,0,0.017,0,0.017
diff-interpretation-tuning/loras/rank-generalization/qwen3-4b-rank-004/weight-diffs/weight-diff-074.pt,0,0.016,0,0.016
diff-interpretation-tuning/loras/rank-generalization/qwen3-4b-rank-004/weight-diffs/weight-diff-075.pt,0,0.016,0,0.016
diff-interpretation-tuning/loras/rank-generalization/qwen3-4b-rank-004/weight-diffs/weight-diff-076.pt,0,0.017,0,0.017
diff-interpretation-tuning/loras/rank-generalization/qwen3-4b-rank-004/weight-diffs/weight-diff-077.pt,0,0.017,0,0.017
diff-interpretation-tuning/loras/rank-generalization/qwen3-4b-rank-004/weight-diffs/weight-diff-078.pt,0,0.015,0,0.015
diff-interpretation-tuning/loras/rank-generalization/qwen3-4b-rank-004/weight-diffs/weight-diff-079.pt,0,0.014,0,0.014
diff-interpretation-tuning/loras/rank-generalization/qwen3-4b-rank-004/weight-diffs/weight-diff-080.pt,0,0.015,0,0.015
diff-interpretation-tuning/loras/rank-generalization/qwen3-4b-rank-004/weight-diffs/weight-diff-081.pt,0,0.015,0,0.015
diff-interpretation-tuning/loras/rank-generalization/qwen3-4b-rank-004/weight-diffs/weight-diff-082.pt,0,0.016,0,0.016
diff-interpretation-tuning/loras/rank-generalization/qwen3-4b-rank-004/weight-diffs/weight-diff-083.pt,0,0.015,0,0.015
diff-interpretation-tuning/loras/rank-generalization/qwen3-4b-rank-004/weight-diffs/weight-diff-084.pt,0,0.017,0,0.017
diff-interpretation-tuning/loras/rank-generalization/qwen3-4b-rank-004/weight-diffs/weight-diff-085.pt,0,0.015,0,0.015
diff-interpretation-tuning/loras/rank-generalization/qwen3-4b-rank-004/weight-diffs/weight-diff-086.pt,0,0.015,0,0.015
diff-interpretation-tuning/loras/rank-generalization/qwen3-4b-rank-004/weight-diffs/weight-diff-087.pt,0,0.015,0,0.015
diff-interpretation-tuning/loras/rank-generalization/qwen3-4b-rank-004/weight-diffs/weight-diff-088.pt,0,0.016,0,0.016
diff-interpretation-tuning/loras/rank-generalization/qwen3-4b-rank-004/weight-diffs/weight-diff-089.pt,0,0.015,0,0.015
diff-interpretation-tuning/loras/rank-generalization/qwen3-4b-rank-004/weight-diffs/weight-diff-090.pt,0,0.015,0,0.015
diff-interpretation-tuning/loras/rank-generalization/qwen3-4b-rank-004/weight-diffs/weight-diff-091.pt,0,0.016,0,0.016
diff-interpretation-tuning/loras/rank-generalization/qwen3-4b-rank-004/weight-diffs/weight-diff-092.pt,0,0.016,0,0.016
diff-interpretation-tuning/loras/rank-generalization/qwen3-4b-rank-004/weight-diffs/weight-diff-093.pt,0,0.015,0,0.015
diff-interpretation-tuning/loras/rank-generalization/qwen3-4b-rank-004/weight-diffs/weight-diff-094.pt,0,0.015,0,0.015
diff-interpretation-tuning/loras/rank-generalization/qwen3-4b-rank-004/weight-diffs/weight-diff-095.pt,0,0.015,0,0.015
diff-interpretation-tuning/loras/rank-generalization/qwen3-4b-rank-004/weight-diffs/weight-diff-096.pt,0,0.017,0,0.017
diff-interpretation-tuning/loras/rank-generalization/qwen3-4b-rank-004/weight-diffs/weight-diff-097.pt,0,0.016,0,0.016
diff-interpretation-tuning/loras/rank-generalization/qwen3-4b-rank-004/weight-diffs/weight-diff-098.pt,0,0.017,0,0.017
diff-interpretation-tuning/loras/rank-generalization/qwen3-4b-rank-004/weight-diffs/weight-diff-099.pt,0,0.015,0,0.015
diff-interpretation-tuning/loras/rank-generalization/qwen3-4b-rank-008/weight-diffs/weight-diff-038.pt,0,0.016,0,0.016
diff-interpretation-tuning/loras/rank-generalization/qwen3-4b-rank-008/weight-diffs/weight-diff-041.pt,0,0.015,0,0.015
diff-interpretation-tuning/loras/rank-generalization/qwen3-4b-rank-008/weight-diffs/weight-diff-050.pt,0,0.015,0,0.015
diff-interpretation-tuning/loras/rank-generalization/qwen3-4b-rank-008/weight-diffs/weight-diff-053.pt,0,0.015,0,0.015
diff-interpretation-tuning/loras/rank-generalization/qwen3-4b-rank-008/weight-diffs/weight-diff-062.pt,0,0.016,0,0.016
diff-interpretation-tuning/loras/rank-generalization/qwen3-4b-rank-008/weight-diffs/weight-diff-077.pt,0,0.015,0,0.015
diff-interpretation-tuning/loras/rank-generalization/qwen3-4b-rank-008/weight-diffs/weight-diff-083.pt,0,0.016,0,0.016
diff-interpretation-tuning/loras/rank-generalization/qwen3-4b-rank-008/weight-diffs/weight-diff-087.pt,0,0.017,0,0.017
diff-interpretation-tuning/loras/rank-generalization/qwen3-4b-rank-008/weight-diffs/weight-diff-092.pt,0,0.018,0,0.018
diff-interpretation-tuning/loras/rank-generalization/qwen3-4b-rank-008/weight-diffs/weight-diff-095.pt,0,0.015,0,0.015
diff-interpretation-tuning/loras/rank-generalization/qwen3-4b-rank-064/weight-diffs/weight-diff-039.pt,0,0.016,0,0.016
diff-interpretation-tuning/loras/rank-generalization/qwen3-4b-rank-064/weight-diffs/weight-diff-064.pt,0,0.016,0,0.016
diff-interpretation-tuning/loras/rank-generalization/qwen3-4b-rank-064/weight-diffs/weight-diff-065.pt,0,0.016,0,0.016
diff-interpretation-tuning/loras/rank-generalization/qwen3-4b-rank-064/weight-diffs/weight-diff-066.pt,0,0.015,0,0.015
diff-interpretation-tuning/loras/rank-generalization/qwen3-4b-rank-064/weight-diffs/weight-diff-067.pt,0,0.016,0,0.016
diff-interpretation-tuning/loras/rank-generalization/qwen3-4b-rank-064/weight-diffs/weight-diff-068.pt,0,0.016,0,0.016
diff-interpretation-tuning/loras/rank-generalization/qwen3-4b-rank-064/weight-diffs/weight-diff-069.pt,0,0.015,0,0.015
diff-interpretation-tuning/loras/rank-generalization/qwen3-4b-rank-064/weight-diffs/weight-diff-070.pt,0,0.015,0,0.015
diff-interpretation-tuning/loras/rank-generalization/qwen3-4b-rank-064/weight-diffs/weight-diff-071.pt,0,0.016,0,0.016
diff-interpretation-tuning/loras/rank-generalization/qwen3-4b-rank-064/weight-diffs/weight-diff-077.pt,0,0.015,0,0.015
diff-interpretation-tuning/loras/rank-generalization/qwen3-4b-rank-064/weight-diffs/weight-diff-078.pt,0,0.016,0,0.016
diff-interpretation-tuning/loras/trigger-generalization/qwen3-4b-zero-width-random/weight-diffs/weight-diff-001.pt,0,0.21,0,0.21
Saidakbar01/whisper-uz-finetuned/training_args.bin,0,0.018,2.931,2.949
nvidia/nemotron-speech-streaming-en-0.6b/nemotron-speech-streaming-en-0.6b.nemo,0,2.555,0,2.555
nvidia/diar_streaming_sortformer_4spk-v2.1/diar_streaming_sortformer_4spk-v2.1.nemo,0,0.505,0,0.505
nvidia/parakeet-tdt-0.6b-v3/parakeet-tdt-0.6b-v3.nemo,0,2.569,0,2.569
nvidia/canary-1b-v2/canary-1b-v2.nemo,0,6.452,0,6.452
optimum-intel-internal-testing/tiny-random-CodeGenForCausalLM/pytorch_model.bin,0,0.008,0,0.008
optimum-intel-internal-testing/tiny-random-GPTNeoXForCausalLM/pytorch_model.bin,0,0.008,0,0.008
facebook/sam3.1/sam3.1_multiplex.pt,0,0.035,0,0.035
optimum-intel-internal-testing/tiny-random-Data2VecAudioModel/pytorch_model.bin,0,0.007,0,0.007
timm/convnext_base.dinov3_lvd1689m/pytorch_model.bin,0,0.012,0,0.012
fancyfeast/bigaspv2-5/training-checkpoints/test_215/ep10-ba35889-rank0_stripped.pt,0,0.064,2.719,2.783
fancyfeast/bigaspv2-5/training-checkpoints/test_215/ep2-ba8301-rank0_stripped.pt,0,0.062,2.513,2.575
fancyfeast/bigaspv2-5/training-checkpoints/test_215/ep2-ba8790-rank0_stripped.pt,0,0.062,2.614,2.676
fancyfeast/bigaspv2-5/training-checkpoints/test_215/ep5-ba18067-rank0_stripped.pt,0,0.079,2.422,2.501
fancyfeast/bigaspv2-5/training-checkpoints/test_215/ep6-ba20020-rank0.pt,0,0.237,2.638,2.875
OpenMed/OpenMed-ZeroShot-NER-Anatomy-Medium-209M/pytorch_model.bin,0,0.019,0,0.019
nm-testing/qwen3-8b-peagle-speculators/optimizer_state_dict.pt,0,0.009,0,0.009
nm-testing/qwen3-8b-peagle-speculators/snapshots/48caff875fa217da907d9a4d2468e3a9f5d1ae0e/optimizer_state_dict.pt,0,0.009,0,0.009
OpenMed/OpenMed-ZeroShot-NER-Pharma-Multi-209M/pytorch_model.bin,0,0.01,0,0.01
OpenMed/OpenMed-ZeroShot-NER-Pharma-Tiny-60M/pytorch_model.bin,0,0.007,0,0.007
optimum-intel-internal-testing/tiny-random-LevitModel/pytorch_model.bin,0,0.01,0,0.01
ayushgupta7777/safetyvision-yolov8/best.pt,0,12.201,2.983,15.184
OpenMed/OpenMed-ZeroShot-NER-BloodCancer-Medium-209M/pytorch_model.bin,0,0.011,0,0.011
OpenMed/OpenMed-ZeroShot-NER-Species-Tiny-60M/pytorch_model.bin,0,0.007,0,0.007
pyannoteAI/parakeet-tdt-0.6b-v3/parakeet-tdt-0.6b-v3.nemo,0,2.563,0,2.563
timm/vit_small_patch16_dinov3_qkvb.lvd1689m/pytorch_model.bin,0,0.013,0,0.013
nvidia/nemo-nano-codec-22khz-1.89kbps-21.5fps/nemo-nano-codec-22khz-1.89kbps-21.5fps.nemo,0,0.458,0,0.458
OpenMed/OpenMed-ZeroShot-NER-Pathology-XLarge-770M/pytorch_model.bin,0,0.013,0,0.013
OpenMed/OpenMed-ZeroShot-NER-Species-Multi-209M/pytorch_model.bin,0,0.01,0,0.01
allenai/OlmoEarth-v1-Large/weights.pth,0,0.004,0,0.004
nvidia/C-RADIOv4-H/c-radio_v4-h_half.pth.tar,0,0.016,2.065,2.081
arda-argmax/sortformer-finetuned/4spk-v0.3-bs1-acc8-l4-diskcache-shardedval-v1-1778065009/best.nemo,0,0.501,0,0.501
arda-argmax/sortformer-finetuned/6spk-ami-sdm-debug-bs10-a100-80gb-1gpu-v1-1781805281/best.nemo,0,0.511,0,0.511
arda-argmax/sortformer-finetuned/6spk-ami-sdm-debug-bs10-a100-80gb-1gpu-v1-1781805281/checkpoints/step_130_epoch_1_val-der_0.1837.nemo,0,0.503,0,0.503
arda-argmax/sortformer-finetuned/6spk-ami-sdm-debug-bs10-a100-80gb-1gpu-v1-1781805281/checkpoints/step_210_epoch_2_val-der_0.1709.nemo,0,0.504,0,0.504
arda-argmax/sortformer-finetuned/6spk-ami-sdm-debug-bs10-a100-80gb-1gpu-v1-1781805281/checkpoints/step_50_epoch_0_val-der_0.3708.nemo,0,0.507,0,0.507
arda-argmax/sortformer-finetuned/6spk-ami-sdm-flac-debug-bs10-a100-80gb-1gpu-v1-1781828240/best.nemo,0,0.502,0,0.502
arda-argmax/sortformer-finetuned/6spk-ami-sdm-flac-debug-bs10-a100-80gb-1gpu-v1-1781828240/checkpoints/step_130_epoch_1_val-der_0.1841.nemo,0,0.504,0,0.504
arda-argmax/sortformer-finetuned/6spk-ami-sdm-flac-debug-bs10-a100-80gb-1gpu-v1-1781828240/checkpoints/step_210_epoch_2_val-der_0.1806.nemo,0,0.506,0,0.506
arda-argmax/sortformer-finetuned/6spk-ami-sdm-flac-debug-bs10-a100-80gb-1gpu-v1-1781828240/checkpoints/step_50_epoch_0_val-der_0.3563.nemo,0,0.505,0,0.505
arda-argmax/sortformer-finetuned/6spk-debug-prepared-shar-worldfix-1780478585/best.nemo,0,0.506,0,0.506
arda-argmax/sortformer-finetuned/6spk-debug-prepared-shar-worldfix-1780478585/checkpoints/step_2_epoch_0_val-der_1.3011.nemo,0,0.509,0,0.509
arda-argmax/sortformer-finetuned/6spk-debug-prepared-shar-worldfix-1780478585/checkpoints/step_4_epoch_1_val-der_1.1216.nemo,0,0.505,0,0.505
arda-argmax/sortformer-finetuned/6spk-fullrandom-bs10-ga8-a100-80gb-1gpu-lr1e-4-lr-v1-1781045285/best.nemo,0,0.507,0,0.507
arda-argmax/sortformer-finetuned/6spk-fullrandom-bs10-ga8-a100-80gb-1gpu-lr1e-4-lr-v1-1781045285/checkpoints/step_6_epoch_0_val-der_1.0000.nemo,0,0.51,0,0.51
arda-argmax/sortformer-finetuned/6spk-v0.3-bs1-acc8-l4-diskcache-shardedval-v1-1778010364/best.nemo,0,0.506,0,0.506
arda-argmax/sortformer-finetuned/6spk-v0.4-ami-bs1-acc8-l4-diskcache-shardedval-v1-1778218672/best.nemo,0,0.504,0,0.504
arda-argmax/sortformer-finetuned/6spk-v0.4-ami-bs1-acc8-l4-diskcache-shardedval-v1-1778218672/checkpoints/step_1080_epoch_2_val-der_0.1535.nemo,0,0.512,0,0.512
arda-argmax/sortformer-finetuned/6spk-v0.4-ami-bs1-acc8-l4-diskcache-shardedval-v1-1778218672/checkpoints/step_1170_epoch_2_val-der_0.1446.nemo,0,0.51,0,0.51
arda-argmax/sortformer-finetuned/6spk-v0.4-ami-bs1-acc8-l4-diskcache-shardedval-v1-1778218672/checkpoints/step_1350_epoch_2_val-der_0.1436.nemo,0,0.507,0,0.507
arda-argmax/sortformer-finetuned/6spk-v0.4-ami-bs1-acc8-l4-diskcache-shardedval-v1-1778218672/checkpoints/step_1440_epoch_3_val-der_0.1423.nemo,0,0.508,0,0.508
arda-argmax/sortformer-finetuned/6spk-v0.4-ami-bs1-acc8-l4-diskcache-shardedval-v1-1778218672/checkpoints/step_1530_epoch_3_val-der_0.1397.nemo,0,0.601,0,0.601
arda-argmax/sortformer-finetuned/6spk-v0.4-ami-bs1-acc8-l4-diskcache-shardedval-v1-1778218672/checkpoints/step_1620_epoch_3_val-der_0.1388.nemo,0,0.509,0,0.509
arda-argmax/sortformer-finetuned/6spk-v0.4-ami-bs1-acc8-l4-diskcache-shardedval-v1-1778218672/checkpoints/step_1710_epoch_3_val-der_0.1382.nemo,0,0.508,0,0.508
arda-argmax/sortformer-finetuned/6spk-v0.4-ami-bs1-acc8-l4-diskcache-shardedval-v1-1778218672/checkpoints/step_180_epoch_0_val-der_0.2089.nemo,0,0.505,0,0.505
arda-argmax/sortformer-finetuned/6spk-v0.4-ami-bs1-acc8-l4-diskcache-shardedval-v1-1778218672/checkpoints/step_1980_epoch_4_val-der_0.1346.nemo,0,0.505,0,0.505
arda-argmax/sortformer-finetuned/6spk-v0.4-ami-bs1-acc8-l4-diskcache-shardedval-v1-1778218672/checkpoints/step_2430_epoch_5_val-der_0.1340.nemo,0,0.509,0,0.509
arda-argmax/sortformer-finetuned/6spk-v0.4-ami-bs1-acc8-l4-diskcache-shardedval-v1-1778218672/checkpoints/step_2520_epoch_5_val-der_0.1338.nemo,0,0.503,0,0.503
arda-argmax/sortformer-finetuned/6spk-v0.4-ami-bs1-acc8-l4-diskcache-shardedval-v1-1778218672/checkpoints/step_2700_epoch_5_val-der_0.1335.nemo,0,0.503,0,0.503
arda-argmax/sortformer-finetuned/6spk-v0.4-ami-bs1-acc8-l4-diskcache-shardedval-v1-1778218672/checkpoints/step_270_epoch_0_val-der_0.2001.nemo,0,0.507,0,0.507
arda-argmax/sortformer-finetuned/6spk-v0.4-ami-bs1-acc8-l4-diskcache-shardedval-v1-1778218672/checkpoints/step_3060_epoch_6_val-der_0.1302.nemo,0,0.503,0,0.503
arda-argmax/sortformer-finetuned/6spk-v0.4-ami-bs1-acc8-l4-diskcache-shardedval-v1-1778218672/checkpoints/step_360_epoch_0_val-der_0.1928.nemo,0,0.502,0,0.502
arda-argmax/sortformer-finetuned/6spk-v0.4-ami-bs1-acc8-l4-diskcache-shardedval-v1-1778218672/checkpoints/step_3870_epoch_8_val-der_0.1289.nemo,0,0.502,0,0.502
arda-argmax/sortformer-finetuned/6spk-v0.4-ami-bs1-acc8-l4-diskcache-shardedval-v1-1778218672/checkpoints/step_3960_epoch_8_val-der_0.1285.nemo,0,0.503,0,0.503
arda-argmax/sortformer-finetuned/6spk-v0.4-ami-bs1-acc8-l4-diskcache-shardedval-v1-1778218672/checkpoints/step_4140_epoch_9_val-der_0.1280.nemo,0,0.504,0,0.504
arda-argmax/sortformer-finetuned/6spk-v0.4-ami-bs1-acc8-l4-diskcache-shardedval-v1-1778218672/checkpoints/step_450_epoch_0_val-der_0.1911.nemo,0,0.506,0,0.506
arda-argmax/sortformer-finetuned/6spk-v0.4-ami-bs1-acc8-l4-diskcache-shardedval-v1-1778218672/checkpoints/step_540_epoch_1_val-der_0.1894.nemo,0,0.503,0,0.503
arda-argmax/sortformer-finetuned/6spk-v0.4-ami-bs1-acc8-l4-diskcache-shardedval-v1-1778218672/checkpoints/step_630_epoch_1_val-der_0.1871.nemo,0,0.506,0,0.506
arda-argmax/sortformer-finetuned/6spk-v0.4-ami-bs1-acc8-l4-diskcache-shardedval-v1-1778218672/checkpoints/step_720_epoch_1_val-der_0.1813.nemo,0,0.508,0,0.508
arda-argmax/sortformer-finetuned/6spk-v0.4-ami-bs1-acc8-l4-diskcache-shardedval-v1-1778218672/checkpoints/step_900_epoch_1_val-der_0.1706.nemo,0,0.503,0,0.503
arda-argmax/sortformer-finetuned/6spk-v0.4-ami-bs1-acc8-l4-diskcache-shardedval-v1-1778218672/checkpoints/step_90_epoch_0_val-der_0.3542.nemo,0,0.502,0,0.502
arda-argmax/sortformer-finetuned/6spk-v0.4-ami-bs1-acc8-l4-diskcache-shardedval-v1-1778218672/checkpoints/step_990_epoch_2_val-der_0.1561.nemo,0,0.508,0,0.508
arda-argmax/sortformer-finetuned/6spk-v0.4-librispeech-ami-bs1-acc8-l4-diskcache-shardedval-v3-1778228622/best.nemo,0,0.503,0,0.503
arda-argmax/sortformer-finetuned/6spk-v0.4-librispeech-ami-bs1-acc8-l4-diskcache-shardedval-v3-1778228622/checkpoints/step_1440_epoch_1_val-der_0.2048.nemo,0,0.504,0,0.504
arda-argmax/sortformer-finetuned/6spk-v0.4-librispeech-ami-bs1-acc8-l4-diskcache-shardedval-v3-1778228622/checkpoints/step_1530_epoch_1_val-der_0.2042.nemo,0,0.506,0,0.506
arda-argmax/sortformer-finetuned/6spk-v0.4-librispeech-ami-bs1-acc8-l4-diskcache-shardedval-v3-1778228622/checkpoints/step_1620_epoch_1_val-der_0.2035.nemo,0,0.502,0,0.502
arda-argmax/sortformer-finetuned/6spk-v0.4-librispeech-ami-bs1-acc8-l4-diskcache-shardedval-v3-1778228622/checkpoints/step_180_epoch_0_val-der_0.2159.nemo,0,0.592,0,0.592
arda-argmax/sortformer-finetuned/6spk-v0.4-librispeech-ami-bs1-acc8-l4-diskcache-shardedval-v3-1778228622/checkpoints/step_270_epoch_0_val-der_0.2146.nemo,0,0.508,0,0.508
arda-argmax/sortformer-finetuned/6spk-v0.4-librispeech-ami-bs1-acc8-l4-diskcache-shardedval-v3-1778228622/checkpoints/step_360_epoch_0_val-der_0.2138.nemo,0,0.503,0,0.503
arda-argmax/sortformer-finetuned/6spk-v0.4-librispeech-ami-bs1-acc8-l4-diskcache-shardedval-v3-1778228622/checkpoints/step_450_epoch_0_val-der_0.2116.nemo,0,0.505,0,0.505
arda-argmax/sortformer-finetuned/6spk-v0.4-librispeech-ami-bs1-acc8-l4-diskcache-shardedval-v3-1778228622/checkpoints/step_630_epoch_0_val-der_0.2103.nemo,0,0.508,0,0.508
arda-argmax/sortformer-finetuned/6spk-v0.4-librispeech-ami-bs1-acc8-l4-diskcache-shardedval-v3-1778228622/checkpoints/step_810_epoch_0_val-der_0.2059.nemo,0,0.504,0,0.504
arda-argmax/sortformer-finetuned/6spk-v0.4-librispeech-ami-bs1-acc8-l4-diskcache-shardedval-v3-1778228622/checkpoints/step_90_epoch_0_val-der_0.2223.nemo,0,0.505,0,0.505
arda-argmax/sortformer-finetuned/6spk-v0.4-librispeech-ami-bs1-acc8-l4-diskcache-shardedval-v5-1778286481/best.nemo,0,0.508,0,0.508
arda-argmax/sortformer-finetuned/6spk-v0.4-librispeech-ami-bs1-acc8-l4-diskcache-shardedval-v5-1778286481/checkpoints/step_1080_epoch_1_val-der_0.1398.nemo,0,0.504,0,0.504
arda-argmax/sortformer-finetuned/6spk-v0.4-librispeech-ami-bs1-acc8-l4-diskcache-shardedval-v5-1778286481/checkpoints/step_1260_epoch_1_val-der_0.1390.nemo,0,0.507,0,0.507
arda-argmax/sortformer-finetuned/6spk-v0.4-librispeech-ami-bs1-acc8-l4-diskcache-shardedval-v5-1778286481/checkpoints/step_1350_epoch_1_val-der_0.1374.nemo,0,0.51,0,0.51
arda-argmax/sortformer-finetuned/6spk-v0.4-librispeech-ami-bs1-acc8-l4-diskcache-shardedval-v5-1778286481/checkpoints/step_1440_epoch_1_val-der_0.1353.nemo,0,0.507,0,0.507
arda-argmax/sortformer-finetuned/6spk-v0.4-librispeech-ami-bs1-acc8-l4-diskcache-shardedval-v5-1778286481/checkpoints/step_1530_epoch_1_val-der_0.1346.nemo,0,0.505,0,0.505
arda-argmax/sortformer-finetuned/6spk-v0.4-librispeech-ami-bs1-acc8-l4-diskcache-shardedval-v5-1778286481/checkpoints/step_1710_epoch_1_val-der_0.1343.nemo,0,0.509,0,0.509
arda-argmax/sortformer-finetuned/6spk-v0.4-librispeech-ami-bs1-acc8-l4-diskcache-shardedval-v5-1778286481/checkpoints/step_1800_epoch_1_val-der_0.1334.nemo,0,0.505,0,0.505
arda-argmax/sortformer-finetuned/6spk-v0.4-librispeech-ami-bs1-acc8-l4-diskcache-shardedval-v5-1778286481/checkpoints/step_180_epoch_0_val-der_0.2056.nemo,0,0.506,0,0.506
arda-argmax/sortformer-finetuned/6spk-v0.4-librispeech-ami-bs1-acc8-l4-diskcache-shardedval-v5-1778286481/checkpoints/step_2070_epoch_2_val-der_0.1327.nemo,0,0.505,0,0.505
arda-argmax/sortformer-finetuned/6spk-v0.4-librispeech-ami-bs1-acc8-l4-diskcache-shardedval-v5-1778286481/checkpoints/step_2160_epoch_2_val-der_0.1317.nemo,0,0.507,0,0.507
arda-argmax/sortformer-finetuned/6spk-v0.4-librispeech-ami-bs1-acc8-l4-diskcache-shardedval-v5-1778286481/checkpoints/step_2250_epoch_2_val-der_0.1302.nemo,0,0.506,0,0.506
arda-argmax/sortformer-finetuned/6spk-v0.4-librispeech-ami-bs1-acc8-l4-diskcache-shardedval-v5-1778286481/checkpoints/step_2520_epoch_2_val-der_0.1283.nemo,0,0.506,0,0.506
arda-argmax/sortformer-finetuned/6spk-v0.4-librispeech-ami-bs1-acc8-l4-diskcache-shardedval-v5-1778286481/checkpoints/step_270_epoch_0_val-der_0.1998.nemo,0,0.509,0,0.509
arda-argmax/sortformer-finetuned/6spk-v0.4-librispeech-ami-bs1-acc8-l4-diskcache-shardedval-v5-1778286481/checkpoints/step_2880_epoch_3_val-der_0.1271.nemo,0,0.504,0,0.504
arda-argmax/sortformer-finetuned/6spk-v0.4-librispeech-ami-bs1-acc8-l4-diskcache-shardedval-v5-1778286481/checkpoints/step_3060_epoch_3_val-der_0.1269.nemo,0,0.505,0,0.505
arda-argmax/sortformer-finetuned/6spk-v0.4-librispeech-ami-bs1-acc8-l4-diskcache-shardedval-v5-1778286481/checkpoints/step_3240_epoch_3_val-der_0.1268.nemo,0,0.509,0,0.509
arda-argmax/sortformer-finetuned/6spk-v0.4-librispeech-ami-bs1-acc8-l4-diskcache-shardedval-v5-1778286481/checkpoints/step_3330_epoch_3_val-der_0.1266.nemo,0,0.595,0,0.595
arda-argmax/sortformer-finetuned/6spk-v0.4-librispeech-ami-bs1-acc8-l4-diskcache-shardedval-v5-1778286481/checkpoints/step_3420_epoch_3_val-der_0.1252.nemo,0,0.503,0,0.503
arda-argmax/sortformer-finetuned/6spk-v0.4-librispeech-ami-bs1-acc8-l4-diskcache-shardedval-v5-1778286481/checkpoints/step_360_epoch_0_val-der_0.1911.nemo,0,0.507,0,0.507
arda-argmax/sortformer-finetuned/6spk-v0.4-librispeech-ami-bs1-acc8-l4-diskcache-shardedval-v5-1778286481/checkpoints/step_4050_epoch_4_val-der_0.1241.nemo,0,0.503,0,0.503
arda-argmax/sortformer-finetuned/6spk-v0.4-librispeech-ami-bs1-acc8-l4-diskcache-shardedval-v5-1778286481/checkpoints/step_4410_epoch_4_val-der_0.1238.nemo,0,0.502,0,0.502
arda-argmax/sortformer-finetuned/6spk-v0.4-librispeech-ami-bs1-acc8-l4-diskcache-shardedval-v5-1778286481/checkpoints/step_450_epoch_0_val-der_0.1895.nemo,0,0.509,0,0.509
arda-argmax/sortformer-finetuned/6spk-v0.4-librispeech-ami-bs1-acc8-l4-diskcache-shardedval-v5-1778286481/checkpoints/step_4770_epoch_5_val-der_0.1237.nemo,0,0.505,0,0.505
arda-argmax/sortformer-finetuned/6spk-v0.4-librispeech-ami-bs1-acc8-l4-diskcache-shardedval-v5-1778286481/checkpoints/step_4950_epoch_5_val-der_0.1219.nemo,0,0.505,0,0.505
arda-argmax/sortformer-finetuned/6spk-v0.4-librispeech-ami-bs1-acc8-l4-diskcache-shardedval-v5-1778286481/checkpoints/step_540_epoch_0_val-der_0.1872.nemo,0,0.507,0,0.507
arda-argmax/sortformer-finetuned/6spk-v0.4-librispeech-ami-bs1-acc8-l4-diskcache-shardedval-v5-1778286481/checkpoints/step_5940_epoch_6_val-der_0.1207.nemo,0,0.503,0,0.503
arda-argmax/sortformer-finetuned/6spk-v0.4-librispeech-ami-bs1-acc8-l4-diskcache-shardedval-v5-1778286481/checkpoints/step_630_epoch_0_val-der_0.1612.nemo,0,0.505,0,0.505
arda-argmax/sortformer-finetuned/6spk-v0.4-librispeech-ami-bs1-acc8-l4-diskcache-shardedval-v5-1778286481/checkpoints/step_6390_epoch_7_val-der_0.1200.nemo,0,0.507,0,0.507
arda-argmax/sortformer-finetuned/6spk-v0.4-librispeech-ami-bs1-acc8-l4-diskcache-shardedval-v5-1778286481/checkpoints/step_720_epoch_0_val-der_0.1542.nemo,0,0.505,0,0.505
arda-argmax/sortformer-finetuned/6spk-v0.4-librispeech-ami-bs1-acc8-l4-diskcache-shardedval-v5-1778286481/checkpoints/step_7290_epoch_8_val-der_0.1193.nemo,0,0.502,0,0.502
arda-argmax/sortformer-finetuned/6spk-v0.4-librispeech-ami-bs1-acc8-l4-diskcache-shardedval-v5-1778286481/checkpoints/step_7470_epoch_8_val-der_0.1188.nemo,0,0.509,0,0.509
arda-argmax/sortformer-finetuned/6spk-v0.4-librispeech-ami-bs1-acc8-l4-diskcache-shardedval-v5-1778286481/checkpoints/step_7560_epoch_8_val-der_0.1182.nemo,0,0.503,0,0.503
arda-argmax/sortformer-finetuned/6spk-v0.4-librispeech-ami-bs1-acc8-l4-diskcache-shardedval-v5-1778286481/checkpoints/step_810_epoch_0_val-der_0.1480.nemo,0,0.502,0,0.502
arda-argmax/sortformer-finetuned/6spk-v0.4-librispeech-ami-bs1-acc8-l4-diskcache-shardedval-v5-1778286481/checkpoints/step_900_epoch_0_val-der_0.1433.nemo,0,0.507,0,0.507
arda-argmax/sortformer-finetuned/6spk-v0.4-librispeech-ami-bs1-acc8-l4-diskcache-shardedval-v5-1778286481/checkpoints/step_90_epoch_0_val-der_0.2223.nemo,0,0.506,0,0.506
arda-argmax/sortformer-finetuned/6spk-v0.4-librispeech-ami-bs1-acc8-l4-diskcache-shardedval-v5-1778286481/checkpoints/step_990_epoch_1_val-der_0.1429.nemo,0,0.513,0,0.513
arda-argmax/sortformer-finetuned/6spk-v0.4-librispeech-bs1-acc8-l4-diskcache-shardedval-v1-1778198761/best.nemo,0,0.509,0,0.509
arda-argmax/sortformer-finetuned/6spk-v0.4-librispeech-bs1-acc8-l4-diskcache-shardedval-v1-1778198761/checkpoints/step_1080_epoch_2_val-der_0.1069.nemo,0,0.504,0,0.504
arda-argmax/sortformer-finetuned/6spk-v0.4-librispeech-bs1-acc8-l4-diskcache-shardedval-v1-1778198761/checkpoints/step_1170_epoch_2_val-der_0.1058.nemo,0,0.508,0,0.508
arda-argmax/sortformer-finetuned/6spk-v0.4-librispeech-bs1-acc8-l4-diskcache-shardedval-v1-1778198761/checkpoints/step_1260_epoch_2_val-der_0.1043.nemo,0,0.505,0,0.505
arda-argmax/sortformer-finetuned/6spk-v0.4-librispeech-bs1-acc8-l4-diskcache-shardedval-v1-1778198761/checkpoints/step_1710_epoch_3_val-der_0.1027.nemo,0,0.592,0,0.592
arda-argmax/sortformer-finetuned/6spk-v0.4-librispeech-bs1-acc8-l4-diskcache-shardedval-v1-1778198761/checkpoints/step_180_epoch_0_val-der_0.1670.nemo,0,0.505,0,0.505
arda-argmax/sortformer-finetuned/6spk-v0.4-librispeech-bs1-acc8-l4-diskcache-shardedval-v1-1778198761/checkpoints/step_2160_epoch_4_val-der_0.1016.nemo,0,0.508,0,0.508
arda-argmax/sortformer-finetuned/6spk-v0.4-librispeech-bs1-acc8-l4-diskcache-shardedval-v1-1778198761/checkpoints/step_2430_epoch_5_val-der_0.1014.nemo,0,0.505,0,0.505
arda-argmax/sortformer-finetuned/6spk-v0.4-librispeech-bs1-acc8-l4-diskcache-shardedval-v1-1778198761/checkpoints/step_2700_epoch_5_val-der_0.1002.nemo,0,0.504,0,0.504
arda-argmax/sortformer-finetuned/6spk-v0.4-librispeech-bs1-acc8-l4-diskcache-shardedval-v1-1778198761/checkpoints/step_270_epoch_0_val-der_0.1644.nemo,0,0.512,0,0.512
arda-argmax/sortformer-finetuned/6spk-v0.4-librispeech-bs1-acc8-l4-diskcache-shardedval-v1-1778198761/checkpoints/step_2880_epoch_6_val-der_0.0996.nemo,0,0.507,0,0.507
arda-argmax/sortformer-finetuned/6spk-v0.4-librispeech-bs1-acc8-l4-diskcache-shardedval-v1-1778198761/checkpoints/step_2970_epoch_6_val-der_0.0992.nemo,0,0.512,0,0.512
arda-argmax/sortformer-finetuned/6spk-v0.4-librispeech-bs1-acc8-l4-diskcache-shardedval-v1-1778198761/checkpoints/step_3150_epoch_6_val-der_0.0982.nemo,0,0.509,0,0.509
arda-argmax/sortformer-finetuned/6spk-v0.4-librispeech-bs1-acc8-l4-diskcache-shardedval-v1-1778198761/checkpoints/step_3600_epoch_7_val-der_0.0981.nemo,0,0.505,0,0.505
arda-argmax/sortformer-finetuned/6spk-v0.4-librispeech-bs1-acc8-l4-diskcache-shardedval-v1-1778198761/checkpoints/step_360_epoch_0_val-der_0.1619.nemo,0,0.506,0,0.506
arda-argmax/sortformer-finetuned/6spk-v0.4-librispeech-bs1-acc8-l4-diskcache-shardedval-v1-1778198761/checkpoints/step_3780_epoch_8_val-der_0.0976.nemo,0,0.508,0,0.508
arda-argmax/sortformer-finetuned/6spk-v0.4-librispeech-bs1-acc8-l4-diskcache-shardedval-v1-1778198761/checkpoints/step_4050_epoch_8_val-der_0.0964.nemo,0,0.505,0,0.505
arda-argmax/sortformer-finetuned/6spk-v0.4-librispeech-bs1-acc8-l4-diskcache-shardedval-v1-1778198761/checkpoints/step_4140_epoch_9_val-der_0.0958.nemo,0,0.505,0,0.505
arda-argmax/sortformer-finetuned/6spk-v0.4-librispeech-bs1-acc8-l4-diskcache-shardedval-v1-1778198761/checkpoints/step_4230_epoch_9_val-der_0.0915.nemo,0,0.509,0,0.509
arda-argmax/sortformer-finetuned/6spk-v0.4-librispeech-bs1-acc8-l4-diskcache-shardedval-v1-1778198761/checkpoints/step_4320_epoch_9_val-der_0.0872.nemo,0,0.505,0,0.505
arda-argmax/sortformer-finetuned/6spk-v0.4-librispeech-bs1-acc8-l4-diskcache-shardedval-v1-1778198761/checkpoints/step_4410_epoch_9_val-der_0.0843.nemo,0,0.506,0,0.506
arda-argmax/sortformer-finetuned/6spk-v0.4-librispeech-bs1-acc8-l4-diskcache-shardedval-v1-1778198761/checkpoints/step_450_epoch_0_val-der_0.1291.nemo,0,0.509,0,0.509
arda-argmax/sortformer-finetuned/6spk-v0.4-librispeech-bs1-acc8-l4-diskcache-shardedval-v1-1778198761/checkpoints/step_540_epoch_1_val-der_0.1151.nemo,0,0.504,0,0.504
arda-argmax/sortformer-finetuned/6spk-v0.4-librispeech-bs1-acc8-l4-diskcache-shardedval-v1-1778198761/checkpoints/step_720_epoch_1_val-der_0.1120.nemo,0,0.505,0,0.505
arda-argmax/sortformer-finetuned/6spk-v0.4-librispeech-bs1-acc8-l4-diskcache-shardedval-v1-1778198761/checkpoints/step_810_epoch_1_val-der_0.1082.nemo,0,0.508,0,0.508
arda-argmax/sortformer-finetuned/6spk-v0.4-librispeech-bs1-acc8-l4-diskcache-shardedval-v1-1778198761/checkpoints/step_90_epoch_0_val-der_0.1700.nemo,0,0.506,0,0.506
arda-argmax/sortformer-finetuned/6spk-v0.6-fastmss-prepared-shar-bs1-acc8-l4-worldfix-v1-1780479980/best.nemo,0,0.504,0,0.504
arda-argmax/sortformer-finetuned/6spk-v0.6-fastmss-prepared-shar-bs1-acc8-l4-worldfix-v1-1780479980/checkpoints/step_180_epoch_0_val-der_0.2104.nemo,0,0.513,0,0.513
arda-argmax/sortformer-finetuned/6spk-v0.6-fastmss-prepared-shar-bs1-acc8-l4-worldfix-v1-1780479980/checkpoints/step_270_epoch_0_val-der_0.2067.nemo,0,0.503,0,0.503
arda-argmax/sortformer-finetuned/6spk-v0.6-fastmss-prepared-shar-bs1-acc8-l4-worldfix-v1-1780479980/checkpoints/step_360_epoch_0_val-der_0.1966.nemo,0,0.594,0,0.594
arda-argmax/sortformer-finetuned/6spk-v0.6-fastmss-prepared-shar-bs1-acc8-l4-worldfix-v1-1780479980/checkpoints/step_450_epoch_0_val-der_0.1530.nemo,0,0.508,0,0.508
arda-argmax/sortformer-finetuned/6spk-v0.6-fastmss-prepared-shar-bs1-acc8-l4-worldfix-v1-1780479980/checkpoints/step_540_epoch_0_val-der_0.1469.nemo,0,0.504,0,0.504
arda-argmax/sortformer-finetuned/6spk-v0.6-fastmss-prepared-shar-bs1-acc8-l4-worldfix-v1-1780479980/checkpoints/step_630_epoch_0_val-der_0.1446.nemo,0,0.503,0,0.503
arda-argmax/sortformer-finetuned/6spk-v0.6-fastmss-prepared-shar-bs1-acc8-l4-worldfix-v1-1780479980/checkpoints/step_900_epoch_0_val-der_0.1436.nemo,0,0.506,0,0.506
arda-argmax/sortformer-finetuned/6spk-v0.6-fastmss-prepared-shar-bs1-acc8-l4-worldfix-v1-1780479980/checkpoints/step_90_epoch_0_val-der_0.2187.nemo,0,0.503,0,0.503
arda-argmax/sortformer-finetuned/6spk-v0.6-fastmss-prepared-shar-bs1-acc8-l4-worldfix-v1-1780479980/checkpoints/step_990_epoch_1_val-der_0.1416.nemo,0,0.503,0,0.503
arda-argmax/sortformer-finetuned/6spk-v0.6-fastmss-prepared-shar-bs1-ga8-l4-8gpu-fullset-smoketest-v5-1780559280/best.nemo,0,0.507,0,0.507
arda-argmax/sortformer-finetuned/6spk-v0.6-fastmss-prepared-shar-bs1-ga8-l4-8gpu-fullset-smoketest-v5-1780559280/checkpoints/step_62_epoch_0_val-der_0.2269.nemo,0,0.504,0,0.504
arda-argmax/sortformer-finetuned/6spk-v0.6-fastmss-prepared-shar-bs10-a100-80gb-2gpu-debug-debug-v1-1780602245/best.nemo,0,0.503,0,0.503
arda-argmax/sortformer-finetuned/6spk-v0.6-fastmss-prepared-shar-bs10-a100-80gb-2gpu-debug-debug-v1-1780602245/checkpoints/step_100_epoch_0_val-der_0.2319.nemo,0,0.504,0,0.504
arda-argmax/sortformer-finetuned/6spk-v0.6-fastmss-prepared-shar-bs10-a100-80gb-2gpu-debug-debug-v1-1780602245/checkpoints/step_150_epoch_0_val-der_0.2183.nemo,0,0.503,0,0.503
arda-argmax/sortformer-finetuned/6spk-v0.6-fastmss-prepared-shar-bs10-a100-80gb-2gpu-debug-debug-v1-1780602245/checkpoints/step_250_epoch_1_val-der_0.2163.nemo,0,0.503,0,0.503
arda-argmax/sortformer-finetuned/6spk-v0.6-fastmss-prepared-shar-bs10-a100-80gb-2gpu-debug-debug-v1-1780602245/checkpoints/step_350_epoch_1_val-der_0.2109.nemo,0,0.511,0,0.511
arda-argmax/sortformer-finetuned/6spk-v0.6-fastmss-prepared-shar-bs10-a100-80gb-2gpu-debug-debug-v1-1780602245/checkpoints/step_400_epoch_1_val-der_0.2094.nemo,0,0.504,0,0.504
arda-argmax/sortformer-finetuned/6spk-v0.6-fastmss-prepared-shar-bs10-a100-80gb-2gpu-debug-debug-v1-1780602245/checkpoints/step_50_epoch_0_val-der_0.3624.nemo,0,0.503,0,0.503
arda-argmax/sortformer-finetuned/6spk-v0.6-fastmss-prepared-shar-bs10-a100-80gb-4gpu-debug-debug-v1-1780602382/best.nemo,0,0.507,0,0.507
arda-argmax/sortformer-finetuned/6spk-v0.6-fastmss-prepared-shar-bs10-a100-80gb-4gpu-debug-debug-v1-1780602382/checkpoints/step_100_epoch_0_val-der_0.2269.nemo,0,0.503,0,0.503
arda-argmax/sortformer-finetuned/6spk-v0.6-fastmss-prepared-shar-bs10-a100-80gb-4gpu-debug-debug-v1-1780602382/checkpoints/step_150_epoch_1_val-der_0.2196.nemo,0,0.504,0,0.504
arda-argmax/sortformer-finetuned/6spk-v0.6-fastmss-prepared-shar-bs10-a100-80gb-4gpu-debug-debug-v1-1780602382/checkpoints/step_200_epoch_1_val-der_0.2164.nemo,0,0.509,0,0.509
arda-argmax/sortformer-finetuned/6spk-v0.6-fastmss-prepared-shar-bs10-a100-80gb-4gpu-debug-debug-v1-1780602382/checkpoints/step_300_epoch_2_val-der_0.2103.nemo,0,0.503,0,0.503
arda-argmax/sortformer-finetuned/6spk-v0.6-fastmss-prepared-shar-bs10-a100-80gb-4gpu-debug-debug-v1-1780602382/checkpoints/step_50_epoch_0_val-der_0.3548.nemo,0,0.505,0,0.505
arda-argmax/sortformer-finetuned/6spk-v0.6-fastmss-prepared-shar-bs10-a100-80gb-4gpu-fullset-v11-1780998497/best.nemo,0,0.509,0,0.509
arda-argmax/sortformer-finetuned/6spk-v0.6-fastmss-prepared-shar-bs10-a100-80gb-4gpu-fullset-v11-1780998497/checkpoints/step_11235_epoch_0_val-der_0.0716.nemo,0,0.505,0,0.505
arda-argmax/sortformer-finetuned/6spk-v0.6-fastmss-prepared-shar-bs10-a100-80gb-4gpu-fullset-v11-1780998497/checkpoints/step_14980_epoch_0_val-der_0.0702.nemo,0,0.595,0,0.595
arda-argmax/sortformer-finetuned/6spk-v0.6-fastmss-prepared-shar-bs10-a100-80gb-4gpu-fullset-v11-1780998497/checkpoints/step_3745_epoch_0_val-der_0.0756.nemo,0,0.508,0,0.508
arda-argmax/sortformer-finetuned/6spk-v0.6-fastmss-prepared-shar-bs10-a100-80gb-4gpu-fullset-v11-1780998497/checkpoints/step_7490_epoch_0_val-der_0.0723.nemo,0,0.504,0,0.504
arda-argmax/sortformer-finetuned/6spk-v0.6-fastmss-prepared-shar-bs10-a100-80gb-8gpu-debug-debug-v1-1780604170/best.nemo,0,0.502,0,0.502
arda-argmax/sortformer-finetuned/6spk-v0.6-fastmss-prepared-shar-bs10-a100-80gb-8gpu-debug-debug-v1-1780604170/checkpoints/step_100_epoch_1_val-der_0.2204.nemo,0,0.507,0,0.507
arda-argmax/sortformer-finetuned/6spk-v0.6-fastmss-prepared-shar-bs10-a100-80gb-8gpu-debug-debug-v1-1780604170/checkpoints/step_150_epoch_2_val-der_0.2128.nemo,0,0.506,0,0.506
arda-argmax/sortformer-finetuned/6spk-v0.6-fastmss-prepared-shar-bs10-a100-80gb-8gpu-debug-debug-v1-1780604170/checkpoints/step_50_epoch_0_val-der_0.3458.nemo,0,0.502,0,0.502
arda-argmax/sortformer-finetuned/6spk-v0.6-fastmss-prepared-shar-bs10-a100-80gb-8gpu-fullset-v10-1780606582/best.nemo,0,0.502,0,0.502
arda-argmax/sortformer-finetuned/6spk-v0.6-fastmss-prepared-shar-bs10-a100-80gb-8gpu-fullset-v10-1780606582/checkpoints/step_11232_epoch_0_val-der_0.0901.nemo,0,0.504,0,0.504
arda-argmax/sortformer-finetuned/6spk-v0.6-fastmss-prepared-shar-bs10-a100-80gb-8gpu-fullset-v10-1780606582/checkpoints/step_13104_epoch_0_val-der_0.0887.nemo,0,0.504,0,0.504
arda-argmax/sortformer-finetuned/6spk-v0.6-fastmss-prepared-shar-bs10-a100-80gb-8gpu-fullset-v10-1780606582/checkpoints/step_14976_epoch_0_val-der_0.0879.nemo,0,0.504,0,0.504
arda-argmax/sortformer-finetuned/6spk-v0.6-fastmss-prepared-shar-bs10-a100-80gb-8gpu-fullset-v10-1780606582/checkpoints/step_16848_epoch_0_val-der_0.0865.nemo,0,0.509,0,0.509
arda-argmax/sortformer-finetuned/6spk-v0.6-fastmss-prepared-shar-bs10-a100-80gb-8gpu-fullset-v10-1780606582/checkpoints/step_18720_epoch_0_val-der_0.0854.nemo,0,0.505,0,0.505
arda-argmax/sortformer-finetuned/6spk-v0.6-fastmss-prepared-shar-bs10-a100-80gb-8gpu-fullset-v10-1780606582/checkpoints/step_1872_epoch_0_val-der_0.1109.nemo,0,0.505,0,0.505
arda-argmax/sortformer-finetuned/6spk-v0.6-fastmss-prepared-shar-bs10-a100-80gb-8gpu-fullset-v10-1780606582/checkpoints/step_20592_epoch_0_val-der_0.0846.nemo,0,0.508,0,0.508
arda-argmax/sortformer-finetuned/6spk-v0.6-fastmss-prepared-shar-bs10-a100-80gb-8gpu-fullset-v10-1780606582/checkpoints/step_22464_epoch_0_val-der_0.0840.nemo,0,0.506,0,0.506
arda-argmax/sortformer-finetuned/6spk-v0.6-fastmss-prepared-shar-bs10-a100-80gb-8gpu-fullset-v10-1780606582/checkpoints/step_24336_epoch_0_val-der_0.0838.nemo,0,0.505,0,0.505
arda-argmax/sortformer-finetuned/6spk-v0.6-fastmss-prepared-shar-bs10-a100-80gb-8gpu-fullset-v10-1780606582/checkpoints/step_26208_epoch_0_val-der_0.0828.nemo,0,0.509,0,0.509
arda-argmax/sortformer-finetuned/6spk-v0.6-fastmss-prepared-shar-bs10-a100-80gb-8gpu-fullset-v10-1780606582/checkpoints/step_28080_epoch_0_val-der_0.0815.nemo,0,0.506,0,0.506
arda-argmax/sortformer-finetuned/6spk-v0.6-fastmss-prepared-shar-bs10-a100-80gb-8gpu-fullset-v10-1780606582/checkpoints/step_31824_epoch_0_val-der_0.0807.nemo,0,0.503,0,0.503
arda-argmax/sortformer-finetuned/6spk-v0.6-fastmss-prepared-shar-bs10-a100-80gb-8gpu-fullset-v10-1780606582/checkpoints/step_35568_epoch_0_val-der_0.0804.nemo,0,0.508,0,0.508
arda-argmax/sortformer-finetuned/6spk-v0.6-fastmss-prepared-shar-bs10-a100-80gb-8gpu-fullset-v10-1780606582/checkpoints/step_37440_epoch_0_val-der_0.0797.nemo,0,0.505,0,0.505
arda-argmax/sortformer-finetuned/6spk-v0.6-fastmss-prepared-shar-bs10-a100-80gb-8gpu-fullset-v10-1780606582/checkpoints/step_3744_epoch_0_val-der_0.1021.nemo,0,0.507,0,0.507
arda-argmax/sortformer-finetuned/6spk-v0.6-fastmss-prepared-shar-bs10-a100-80gb-8gpu-fullset-v10-1780606582/checkpoints/step_5616_epoch_0_val-der_0.0964.nemo,0,0.51,0,0.51
arda-argmax/sortformer-finetuned/6spk-v0.6-fastmss-prepared-shar-bs10-a100-80gb-8gpu-fullset-v10-1780606582/checkpoints/step_7488_epoch_0_val-der_0.0941.nemo,0,0.595,0,0.595
arda-argmax/sortformer-finetuned/6spk-v0.6-fastmss-prepared-shar-bs10-a100-80gb-8gpu-fullset-v10-1780606582/checkpoints/step_9360_epoch_0_val-der_0.0917.nemo,0,0.504,0,0.504
arda-argmax/sortformer-finetuned/6spk-vox-ami-aishell-ali-bs10-ga2-a100-80gb-4gpu-5ep-v2-1782411519/best.nemo,0,0.508,0,0.508
arda-argmax/sortformer-finetuned/6spk-vox-ami-aishell-ali-bs10-ga2-a100-80gb-4gpu-5ep-v2-1782411519/checkpoints/step_104_epoch_0_val-der_0.1575.nemo,0,0.503,0,0.503
arda-argmax/sortformer-finetuned/6spk-vox-ami-aishell-ali-bs10-ga2-a100-80gb-4gpu-5ep-v2-1782411519/checkpoints/step_131_epoch_1_val-der_0.1559.nemo,0,0.504,0,0.504
arda-argmax/sortformer-finetuned/6spk-vox-ami-aishell-ali-bs10-ga2-a100-80gb-4gpu-5ep-v2-1782411519/checkpoints/step_183_epoch_1_val-der_0.1529.nemo,0,0.508,0,0.508
arda-argmax/sortformer-finetuned/6spk-vox-ami-aishell-ali-bs10-ga2-a100-80gb-4gpu-5ep-v2-1782411519/checkpoints/step_236_epoch_2_val-der_0.1527.nemo,0,0.504,0,0.504
arda-argmax/sortformer-finetuned/6spk-vox-ami-aishell-ali-bs10-ga2-a100-80gb-4gpu-5ep-v2-1782411519/checkpoints/step_26_epoch_0_val-der_0.1865.nemo,0,0.503,0,0.503
arda-argmax/sortformer-finetuned/6spk-vox-ami-aishell-ali-bs10-ga2-a100-80gb-4gpu-5ep-v2-1782411519/checkpoints/step_288_epoch_2_val-der_0.1515.nemo,0,0.508,0,0.508
arda-argmax/sortformer-finetuned/6spk-vox-ami-aishell-ali-bs10-ga2-a100-80gb-4gpu-5ep-v2-1782411519/checkpoints/step_341_epoch_3_val-der_0.1510.nemo,0,0.504,0,0.504
arda-argmax/sortformer-finetuned/6spk-vox-ami-aishell-ali-bs10-ga2-a100-80gb-4gpu-5ep-v2-1782411519/checkpoints/step_419_epoch_3_val-der_0.1496.nemo,0,0.502,0,0.502
arda-argmax/sortformer-finetuned/6spk-vox-ami-aishell-ali-bs10-ga2-a100-80gb-4gpu-5ep-v2-1782411519/checkpoints/step_472_epoch_4_val-der_0.1480.nemo,0,0.507,0,0.507
arda-argmax/sortformer-finetuned/6spk-vox-ami-aishell-ali-bs10-ga2-a100-80gb-4gpu-5ep-v2-1782411519/checkpoints/step_52_epoch_0_val-der_0.1649.nemo,0,0.503,0,0.503
arda-argmax/sortformer-finetuned/6spk-vox-ami-aishell-ali-bs10-ga2-a100-80gb-4gpu-5ep-v2-1782411519/checkpoints/step_78_epoch_0_val-der_0.1603.nemo,0,0.504,0,0.504
arda-argmax/sortformer-finetuned/8spk-v0.2-bs1-acc8-l4-cachedtrain-shardedval_v3-1777960366/best.nemo,0,0.507,0,0.507
arda-argmax/sortformer-finetuned/8spk-v0.2-bs1-acc8-l4-cachedtrain-shardedval_v6-1777969623/best.nemo,0,0.502,0,0.502
arda-argmax/sortformer-finetuned/8spk-v0.2-bs1-acc8-l4-cachedval-1777594506/best.nemo,0,0.502,0,0.502
arda-argmax/sortformer-finetuned/8spk-v0.2-bs1-acc8-l4-diskcache-shardedval-v1-1778007921/best.nemo,0,0.512,0,0.512
arda-argmax/sortformer-finetuned/smoke-1777401758/best.nemo,0,0.503,0,0.503
arda-argmax/sortformer-finetuned/sortformer-train-1777492805/best.nemo,0,0.503,0,0.503
arda-argmax/sortformer-finetuned/sortformer-train-1777563938/best.nemo,0,0.508,0,0.508
arda-argmax/sortformer-finetuned/sortformer-train-1777567093/best.nemo,0,0.503,0,0.503
arda-argmax/sortformer-finetuned/sortformer-train-1777578793/best.nemo,0,0.505,0,0.505
arda-argmax/sortformer-finetuned/sortformer-train-1777589381/best.nemo,0,0.509,0,0.509
arda-argmax/sortformer-finetuned/vertex-streaming-smoke-train-1777405971/best.nemo,0,0.595,0,0.595
arda-argmax/sortformer-finetuned/vertex-streaming-smoke-train-1777413928/best.nemo,0,0.506,0,0.506
timm/MobileCLIP2-S0-OpenCLIP/open_clip_pytorch_model.bin,0,0.026,0,0.026
optimum-intel-internal-testing/tiny-random-Data2VecTextModel/pytorch_model.bin,0,0.007,0,0.007
timm/convnext_large.dinov3_lvd1689m/pytorch_model.bin,0,0.013,0,0.013
timm/MobileCLIP2-S2-OpenCLIP/open_clip_pytorch_model.bin,0,0.04,0,0.04
OpenMed/OpenMed-ZeroShot-NER-Pathology-Tiny-60M/pytorch_model.bin,0,0.009,0,0.009
nvidia/C-RADIOv4-SO400M/c-radio_v4-so400m_half.pth.tar,0,0.013,2.066,2.079
zondaxyz/babyconceptLM-baike102M_bpe40/pytorch_model.bin,0,0.008,0,0.008
pytorch/gemma-3-12b-it-FP8/pytorch_model-00001-of-00003.bin,0,0.029,2.456,2.485
LuckyOda/comfyui-full-pack/person_yolov8m-seg.pt,0,0.054,3.078,3.132
blackbeedrones/sae-2026-hang-all-yolo26n-seg-v2-960/weights/epoch187.pt,0,0.086,3.178,3.264
knalin55/CUNI_FT-CROSS-LoRA/training_args.bin,0,0.008,2.042,2.05
thatbrguy/g3t/model.pt,0,0.036,0,0.036
michka/Melenchon-Nemo-12B/checkpoint-240/optimizer.pt,0,0.047,0,0.047
Stable-X/vggt-object-v0-1/model.pt,0,0.042,0,0.042
sakamakismile/Qwen3.6-27B-LNARIZE-NVFP4/kvtc_calibration.pt,0,0.022,2.14,2.162
timm/vit_huge_patch14_clip_378.metaclip2_worldwide/open_clip_pytorch_model.bin,0,0.025,0,0.025
timm/vit_huge_patch14_clip_378.metaclip2_worldwide/pytorch_model.bin,0,0.014,0,0.014
Chess473737/nepal-model/A100Pretrain/checkpoint-10000/training_args.bin,0,0.005,2.5,2.505
Chess473737/nepal-model/A100Pretrain/checkpoint-15000/training_args.bin,0,0.004,2.759,2.763
Chess473737/nepal-model/A100Pretrain/checkpoint-20000/training_args.bin,0,0.004,2.424,2.428
Chess473737/nepal-model/A100Pretrain/checkpoint-5000/optimizer.pt,0,0.013,0,0.013
Chess473737/nepal-model/A100Pretrain/checkpoint-5000/scheduler.pt,0,0.003,0,0.003
Chess473737/nepal-model/A100Pretrain/checkpoint-5000/training_args.bin,0,0.004,2.342,2.346
Chess473737/nepal-model/Kaggle1B/ckpt-12000/scheduler.pt,0,0.005,0,0.005
openbmb/BitCPM-CANN-3B/pytorch_model.bin,0,0.013,0,0.013
typhoon-ai/typhoon-asr-realtime/typhoon-asr-realtime.nemo,0,0.496,0,0.496
cisco-ai/SecureBERT2.0-cross_encoder/optimizer.pt,0,0.015,0,0.015
AIDElab-IITBombay/RadJEPA/jepa_encoder.pth.tar,0,0.033,0,0.033
Runware/adetailer/deepfashion2_yolov8s-seg.pt,0,0.155,2.751,2.906
Runware/adetailer/person_yolov8m-seg.pt,0,0.058,2.677,2.735
Runware/adetailer/person_yolov8n-seg.pt,0,0.047,2.677,2.724
Runware/adetailer/person_yolov8s-seg.pt,0,0.048,2.961,3.009
stabilityai/stable-audio-3-small-sfx-base/svd_bases.pt,0,0.02,0,0.02
openbmb/BitCPM-CANN-8B/pytorch_model.bin,0,0.03,0,0.03
GaryFer/smart-parking-weights/fasterrcnnv2/best_seed1000.pt,0,0.015,0,0.015
GaryFer/smart-parking-weights/fasterrcnnv2/best_seed123.pt,0,0.014,0,0.014
GaryFer/smart-parking-weights/fasterrcnnv2/best_seed1234.pt,0,0.015,0,0.015
GaryFer/smart-parking-weights/fasterrcnnv2/best_seed2025.pt,0,0.015,0,0.015
GaryFer/smart-parking-weights/fasterrcnnv2/best_seed3141.pt,0,0.015,0,0.015
GaryFer/smart-parking-weights/fasterrcnnv2/best_seed42.pt,0,0.015,0,0.015
GaryFer/smart-parking-weights/fasterrcnnv2/best_seed456.pt,0,0.015,0,0.015
GaryFer/smart-parking-weights/rtdetr/run_1000/weights/best.pt,0,0.092,3.104,3.196
GaryFer/smart-parking-weights/rtdetr/run_1000/weights/last.pt,0,0.093,2.636,2.729
GaryFer/smart-parking-weights/rtdetr/run_123/weights/best.pt,0,0.197,3.768,3.965
GaryFer/smart-parking-weights/rtdetr/run_1234/weights/best.pt,0,0.093,6.113,6.206
GaryFer/smart-parking-weights/rtdetr/run_1234/weights/last.pt,0,0.099,3.69,3.789
GaryFer/smart-parking-weights/rtdetr/run_2024/weights/last.pt,0,0.091,2.948,3.039
GaryFer/smart-parking-weights/rtdetr/run_3141/weights/best.pt,0,0.091,4.041,4.132
GaryFer/smart-parking-weights/rtdetr/run_456/weights/best.pt,0,0.179,2.952,3.131
GaryFer/smart-parking-weights/rtdetr/run_789/weights/best.pt,0,0.091,2.851,2.942
GaryFer/smart-parking-weights/yolov11s/run_1000/weights/last.pt,0,0.049,4.037,4.086
GaryFer/smart-parking-weights/yolov11s/run_123/weights/best.pt,0,0.048,3.063,3.111
GaryFer/smart-parking-weights/yolov11s/run_123/weights/last.pt,0,0.05,3.055,3.105
GaryFer/smart-parking-weights/yolov11s/run_1234/weights/best.pt,0,0.052,3.019,3.071
GaryFer/smart-parking-weights/yolov11s/run_2025/weights/best.pt,0,0.049,2.504,2.553
GaryFer/smart-parking-weights/yolov11s/run_2025/weights/last.pt,0,0.049,2.963,3.012
GaryFer/smart-parking-weights/yolov11s/run_3141/weights/best.pt,0,0.052,2.908,2.96
GaryFer/smart-parking-weights/yolov11s/run_42/weights/best.pt,0,0.158,3.128,3.286
GaryFer/smart-parking-weights/yolov11s/run_456/weights/best.pt,0,0.05,2.807,2.857
GaryFer/smart-parking-weights/yolov11s/run_456/weights/last.pt,0,0.051,2.925,2.976
GaryFer/smart-parking-weights/yolov11s/run_789/weights/best.pt,0,0.049,2.609,2.658
GaryFer/smart-parking-weights/yolov11s/run_789/weights/last.pt,0,0.049,3.111,3.16
GaryFer/smart-parking-weights/yolov11s/run_9999/weights/best.pt,0,0.051,3.098,3.149
GaryFer/smart-parking-weights/yolov11s/run_9999/weights/last.pt,0,0.049,3.006,3.055
GaryFer/smart-parking-weights/yolov12s/run_1000/weights/best.pt,0,0.066,3.344,3.41
GaryFer/smart-parking-weights/yolov12s/run_1000/weights/last.pt,0,0.064,3.428,3.492
GaryFer/smart-parking-weights/yolov12s/run_123/weights/best.pt,0,0.151,2.883,3.034
GaryFer/smart-parking-weights/yolov12s/run_1234/weights/last.pt,0,0.065,3.245,3.31
GaryFer/smart-parking-weights/yolov12s/run_2024/weights/last.pt,0,0.065,3.242,3.307
GaryFer/smart-parking-weights/yolov12s/run_2025/weights/best.pt,0,0.064,3.468,3.532
GaryFer/smart-parking-weights/yolov12s/run_3141/weights/best.pt,0,0.065,2.595,2.66
GaryFer/smart-parking-weights/yolov12s/run_3141/weights/last.pt,0,0.064,2.938,3.002
GaryFer/smart-parking-weights/yolov12s/run_42/weights/best.pt,0,0.064,2.778,2.842
GaryFer/smart-parking-weights/yolov12s/run_456/weights/best.pt,0,0.151,2.913,3.064
GaryFer/smart-parking-weights/yolov12s/run_456/weights/last.pt,0,0.065,2.675,2.74
GaryFer/smart-parking-weights/yolov12s/run_789/weights/last.pt,0,0.064,3.05,3.114
GaryFer/smart-parking-weights/yolov12s/run_9999/weights/best.pt,0,0.065,2.836,2.901
GaryFer/smart-parking-weights/yolov12s/run_9999/weights/last.pt,0,0.063,3.662,3.725
GaryFer/smart-parking-weights/yolov8s/run_1000/weights/best.pt,0,0.037,3.017,3.054
GaryFer/smart-parking-weights/yolov8s/run_123/weights/best.pt,0,0.037,2.84,2.877
GaryFer/smart-parking-weights/yolov8s/run_1234/weights/best.pt,0,0.036,2.929,2.965
GaryFer/smart-parking-weights/yolov8s/run_2024/weights/best.pt,0,0.036,2.792,2.828
GaryFer/smart-parking-weights/yolov8s/run_2025/weights/best.pt,0,0.13,2.842,2.972
GaryFer/smart-parking-weights/yolov8s/run_3141/weights/best.pt,0,0.039,3.934,3.973
GaryFer/smart-parking-weights/yolov8s/run_3141/weights/last.pt,0,0.037,2.567,2.604
GaryFer/smart-parking-weights/yolov8s/run_789/weights/best.pt,0,0.038,2.764,2.802
GaryFer/smart-parking-weights/yolov8s/run_9999/weights/best.pt,0,0.039,2.978,3.017
GaryFer/smart-parking-weights/yolov8s/run_9999/weights/last.pt,0,0.038,3.74,3.778
baichuan-inc/Baichuan-M2-32B/draft/pytorch_model.bin,0,0.009,0,0.009
gabrielpirlo/Sped_ParakeetRomanian_110M_TDT-CTC/SpeD-ParakeetRo_110M_TDT-CTC.nemo,0,0.49,0,0.49
Soul-AILab/SoulX-Singer-Preprocess/parakeet-tdt-0.6b-v2/parakeet-tdt-0.6b-v2.nemo,0,2.526,0,2.526
openbmb/BitCPM-CANN-8B-unquantized/pytorch_model.bin,0,0.012,0,0.012
ecmwf/aifs-ens-2.0/aifs-ens-crps-2.0.ckpt,0,0.086,5.733,5.819
facebook/lagernvs_general_512/model.pt,0,0.037,0,0.037
Malgesw/ppo-Huggy/Huggy/Huggy-1599365.pt,0,0.009,0,0.009
yuriyvnv/parakeet-tdt-0.6b-EN-Medical/parakeet-tdt-cv17_multimed_en-seed42.nemo,0,2.564,0,2.564
yuriyvnv/parakeet-tdt-0.6b-EN-Medical/parakeet-tdt-multimed_en-seed42.nemo,0,2.563,0,2.563
shaikhsalman/ZabaanAI-Urdu-3B/last-checkpoint/optimizer.pt,0,0.044,0,0.044
fpadovani/rus-cyrl-100mb-100mb_seed3407/checkpoint-105000/rng_state.pth,0,0.007,2.031,2.038
fpadovani/rus-cyrl-100mb-100mb_seed3407/checkpoint-39000/rng_state.pth,0,0.006,2.128,2.134
fpadovani/rus-cyrl-100mb-100mb_seed3407/checkpoint-42000/rng_state.pth,0,0.006,2.243,2.249
nvidia/magpie_tts_multilingual_357m/magpie_tts_multilingual_357m.nemo,0,1.525,0,1.525
asdasdasd1234567890/asd/ultralytics/segm/CockAndBallYolo8x.pt,0,0.068,3.764,3.832
asdasdasd1234567890/asd/ultralytics/segm/PitEyeDetailer-v2-seg.pt,0,0.133,3.253,3.386
asdasdasd1234567890/asd/ultralytics/segm/face_yolov8m-seg_60.pt,0,0.047,3.043,3.09
asdasdasd1234567890/asd/ultralytics/segm/person_yolov8m-seg.pt,0,0.056,2.445,2.501
asdasdasd1234567890/asd/ultralytics/segm/person_yolov8n-seg.pt,0,0.046,3.021,3.067
asdasdasd1234567890/asd/ultralytics/segm/person_yolov8s-seg.pt,0,0.046,2.803,2.849
asdasdasd1234567890/asd/ultralytics/segm/skin_yolov8m-seg_400.pt,0,0.048,2.847,2.895
asdasdasd1234567890/asd/ultralytics/segm/yolo-human-parse-epoch-125.pt,0,0.074,3.767,3.841
asdasdasd1234567890/asd/ultralytics/segm/yolo11n-seg.pt,0,0.062,2.899,2.961
attack-vector/SecureModernBERT-NER/checkpoint-10605/optimizer.pt,0,0.017,0,0.017
timm/vit_small_plus_patch16_dinov3_qkvb.lvd1689m/pytorch_model.bin,0,0.012,0,0.012
vivekvar/helmet-v5/yolo11l-pose.pt,0,0.191,3.291,3.482
binant/wendyrv/model.pth,0,0.018,0,0.018
jwest33/qwen3-vl-8b-instruct-null-space-abliterated/null_space_projectors.pt,0,0.007,0,0.007
jwest33/qwen3-vl-8b-instruct-null-space-abliterated/refusal_directions.pt,0,0.005,0,0.005
inference-optimization/Laguna-XS.2-speculator.dflash-Qwen235B-500k-ckpt5/scheduler_state_dict.pt,0,0.005,0,0.005
smegmarip/ComfyUI/segm/person_yolov8s-seg.pt,0,0.045,2.802,2.847
smegmarip/ComfyUI/ultralytics/segm/AnzhcHead-seg.pt,0,0.048,3.487,3.535
smegmarip/ComfyUI/ultralytics/segm/person_yolov8m-seg.pt,0,0.057,2.499,2.556
fpadovani/swa-latn-100mb-after-ppt-shuff-dyck-100mb-ckpt500_seed3407/checkpoint-164000/rng_state.pth,0,0.007,2.282,2.289
fpadovani/swa-latn-100mb-after-ppt-shuff-dyck-100mb-ckpt500_seed3407/checkpoint-212000/rng_state.pth,0,0.005,2.215,2.22
fpadovani/swa-latn-100mb-after-ppt-shuff-dyck-100mb-ckpt500_seed3407/checkpoint-220000/rng_state.pth,0,0.005,2.151,2.156
fpadovani/swa-latn-100mb-after-ppt-shuff-dyck-100mb-ckpt500_seed3407/checkpoint-224000/rng_state.pth,0,0.005,2.041,2.046
fpadovani/swa-latn-100mb-after-ppt-shuff-dyck-100mb-ckpt500_seed3407/checkpoint-232000/rng_state.pth,0,0.005,2.04,2.045
fpadovani/swa-latn-100mb-after-ppt-shuff-dyck-100mb-ckpt500_seed3407/checkpoint-272000/rng_state.pth,0,0.005,1.942,1.947
fpadovani/swa-latn-100mb-after-ppt-shuff-dyck-100mb-ckpt500_seed3407/checkpoint-280000/rng_state.pth,0,0.005,1.962,1.967
fpadovani/swa-latn-100mb-after-ppt-shuff-dyck-100mb-ckpt500_seed3407/checkpoint-40000/rng_state.pth,0,0.005,1.913,1.918
fpadovani/swa-latn-100mb-after-ppt-shuff-dyck-100mb-ckpt500_seed3407/checkpoint-44000/rng_state.pth,0,0.005,2.042,2.047
fpadovani/swa-latn-100mb-after-ppt-shuff-dyck-100mb-ckpt500_seed3407/checkpoint-80000/rng_state.pth,0,0.006,1.925,1.931
fpadovani/ind-latn-100mb-after-ppt-Dp-100mb-ckpt500_seed3407/checkpoint-102000/training_args.bin,0,0.006,2.559,2.565
fpadovani/ind-latn-100mb-after-ppt-Dp-100mb-ckpt500_seed3407/checkpoint-105000/training_args.bin,0,0.005,2.309,2.314
fpadovani/ind-latn-100mb-after-ppt-Dp-100mb-ckpt500_seed3407/checkpoint-108000/training_args.bin,0,0.005,2.595,2.6
fpadovani/ind-latn-100mb-after-ppt-Dp-100mb-ckpt500_seed3407/checkpoint-111000/training_args.bin,0,0.004,2.445,2.449
fpadovani/ind-latn-100mb-after-ppt-Dp-100mb-ckpt500_seed3407/checkpoint-114000/training_args.bin,0,0.004,2.342,2.346
fpadovani/ind-latn-100mb-after-ppt-Dp-100mb-ckpt500_seed3407/checkpoint-117000/training_args.bin,0,0.004,2.668,2.672
fpadovani/ind-latn-100mb-after-ppt-Dp-100mb-ckpt500_seed3407/checkpoint-12000/training_args.bin,0,0.004,2.246,2.25
fpadovani/ind-latn-100mb-after-ppt-Dp-100mb-ckpt500_seed3407/checkpoint-120000/training_args.bin,0,0.004,2.447,2.451
fpadovani/ind-latn-100mb-after-ppt-Dp-100mb-ckpt500_seed3407/checkpoint-123000/training_args.bin,0,0.004,2.408,2.412
fpadovani/ind-latn-100mb-after-ppt-Dp-100mb-ckpt500_seed3407/checkpoint-126000/training_args.bin,0,0.004,2.614,2.618
fpadovani/ind-latn-100mb-after-ppt-Dp-100mb-ckpt500_seed3407/checkpoint-128520/rng_state.pth,0,0.004,2.011,2.015
fpadovani/ind-latn-100mb-after-ppt-Dp-100mb-ckpt500_seed3407/checkpoint-128520/training_args.bin,0,0.004,2.565,2.569
fpadovani/ind-latn-100mb-after-ppt-Dp-100mb-ckpt500_seed3407/checkpoint-15000/training_args.bin,0,0.004,2.248,2.252
fpadovani/ind-latn-100mb-after-ppt-Dp-100mb-ckpt500_seed3407/checkpoint-18000/training_args.bin,0,0.003,2.198,2.201
fpadovani/ind-latn-100mb-after-ppt-Dp-100mb-ckpt500_seed3407/checkpoint-21000/rng_state.pth,0,0.004,2.083,2.087
fpadovani/ind-latn-100mb-after-ppt-Dp-100mb-ckpt500_seed3407/checkpoint-21000/training_args.bin,0,0.004,2.571,2.575
fpadovani/ind-latn-100mb-after-ppt-Dp-100mb-ckpt500_seed3407/checkpoint-24000/training_args.bin,0,0.004,2.538,2.542
fpadovani/ind-latn-100mb-after-ppt-Dp-100mb-ckpt500_seed3407/checkpoint-27000/training_args.bin,0,0.004,2.55,2.554
fpadovani/ind-latn-100mb-after-ppt-Dp-100mb-ckpt500_seed3407/checkpoint-3000/training_args.bin,0,0.004,2.376,2.38
fpadovani/ind-latn-100mb-after-ppt-Dp-100mb-ckpt500_seed3407/checkpoint-30000/training_args.bin,0,0.005,2.499,2.504
fpadovani/ind-latn-100mb-after-ppt-Dp-100mb-ckpt500_seed3407/checkpoint-33000/training_args.bin,0,0.004,2.494,2.498
fpadovani/ind-latn-100mb-after-ppt-Dp-100mb-ckpt500_seed3407/checkpoint-36000/rng_state.pth,0,0.004,1.914,1.918
fpadovani/ind-latn-100mb-after-ppt-Dp-100mb-ckpt500_seed3407/checkpoint-36000/training_args.bin,0,0.004,2.562,2.566
fpadovani/ind-latn-100mb-after-ppt-Dp-100mb-ckpt500_seed3407/checkpoint-39000/training_args.bin,0,0.004,2.412,2.416
fpadovani/ind-latn-100mb-after-ppt-Dp-100mb-ckpt500_seed3407/checkpoint-42000/training_args.bin,0,0.004,2.644,2.648
fpadovani/ind-latn-100mb-after-ppt-Dp-100mb-ckpt500_seed3407/checkpoint-45000/training_args.bin,0,0.004,2.95,2.954
fpadovani/ind-latn-100mb-after-ppt-Dp-100mb-ckpt500_seed3407/checkpoint-48000/training_args.bin,0,0.003,2.282,2.285
fpadovani/ind-latn-100mb-after-ppt-Dp-100mb-ckpt500_seed3407/checkpoint-51000/training_args.bin,0,0.004,2.166,2.17
fpadovani/ind-latn-100mb-after-ppt-Dp-100mb-ckpt500_seed3407/checkpoint-54000/training_args.bin,0,0.004,2.38,2.384
fpadovani/ind-latn-100mb-after-ppt-Dp-100mb-ckpt500_seed3407/checkpoint-57000/training_args.bin,0,0.003,2.576,2.579
fpadovani/ind-latn-100mb-after-ppt-Dp-100mb-ckpt500_seed3407/checkpoint-6000/training_args.bin,0,0.003,2.298,2.301
fpadovani/ind-latn-100mb-after-ppt-Dp-100mb-ckpt500_seed3407/checkpoint-60000/training_args.bin,0,0.004,2.407,2.411
fpadovani/ind-latn-100mb-after-ppt-Dp-100mb-ckpt500_seed3407/checkpoint-63000/training_args.bin,0,0.003,2.166,2.169
fpadovani/ind-latn-100mb-after-ppt-Dp-100mb-ckpt500_seed3407/checkpoint-66000/training_args.bin,0,0.004,2.39,2.394
fpadovani/ind-latn-100mb-after-ppt-Dp-100mb-ckpt500_seed3407/checkpoint-69000/rng_state.pth,0,0.004,1.902,1.906
fpadovani/ind-latn-100mb-after-ppt-Dp-100mb-ckpt500_seed3407/checkpoint-69000/training_args.bin,0,0.004,2.934,2.938
fpadovani/ind-latn-100mb-after-ppt-Dp-100mb-ckpt500_seed3407/checkpoint-72000/training_args.bin,0,0.004,2.482,2.486
fpadovani/ind-latn-100mb-after-ppt-Dp-100mb-ckpt500_seed3407/checkpoint-75000/training_args.bin,0,0.004,2.223,2.227
fpadovani/ind-latn-100mb-after-ppt-Dp-100mb-ckpt500_seed3407/checkpoint-78000/training_args.bin,0,0.004,2.411,2.415
fpadovani/ind-latn-100mb-after-ppt-Dp-100mb-ckpt500_seed3407/checkpoint-81000/rng_state.pth,0,0.004,2.289,2.293
fpadovani/ind-latn-100mb-after-ppt-Dp-100mb-ckpt500_seed3407/checkpoint-81000/training_args.bin,0,0.004,2.487,2.491
fpadovani/ind-latn-100mb-after-ppt-Dp-100mb-ckpt500_seed3407/checkpoint-84000/training_args.bin,0,0.004,2.399,2.403
fpadovani/ind-latn-100mb-after-ppt-Dp-100mb-ckpt500_seed3407/checkpoint-87000/training_args.bin,0,0.006,2.464,2.47
fpadovani/ind-latn-100mb-after-ppt-Dp-100mb-ckpt500_seed3407/checkpoint-9000/training_args.bin,0,0.005,2.449,2.454
fpadovani/ind-latn-100mb-after-ppt-Dp-100mb-ckpt500_seed3407/checkpoint-90000/rng_state.pth,0,0.004,2.244,2.248
fpadovani/ind-latn-100mb-after-ppt-Dp-100mb-ckpt500_seed3407/checkpoint-90000/training_args.bin,0,0.004,2.786,2.79
fpadovani/ind-latn-100mb-after-ppt-Dp-100mb-ckpt500_seed3407/checkpoint-93000/training_args.bin,0,0.005,2.545,2.55
fpadovani/ind-latn-100mb-after-ppt-Dp-100mb-ckpt500_seed3407/checkpoint-96000/training_args.bin,0,0.004,2.529,2.533
fpadovani/ind-latn-100mb-after-ppt-Dp-100mb-ckpt500_seed3407/checkpoint-99000/training_args.bin,0,0.004,2.434,2.438
fpadovani/ind-latn-100mb-after-ppt-Dp-100mb-ckpt500_seed3407/training_args.bin,0,0.004,2.487,2.491
nvidia/nemo-nano-codec-22khz-0.6kbps-12.5fps/nemo-nano-codec-22khz-0.6kbps-12.5fps.nemo,0,0.453,0,0.453
fpadovani/swe-latn-10mb-after-ppt-Dp-100mb-ckpt500_seed3407/checkpoint-9000/rng_state.pth,0,0.006,2.16,2.166
omi-health/omi-med-stt-v1/omimedstt-v1.nemo,0,2.553,0,2.553
fpadovani/swa-latn-100mb-after-ppt-Dp-100mb-ckpt500_seed3407/checkpoint-164000/rng_state.pth,0,0.007,2.326,2.333
fpadovani/swa-latn-100mb-after-ppt-Dp-100mb-ckpt500_seed3407/checkpoint-212000/rng_state.pth,0,0.005,1.94,1.945
fpadovani/swa-latn-100mb-after-ppt-Dp-100mb-ckpt500_seed3407/checkpoint-220000/rng_state.pth,0,0.005,2.078,2.083
fpadovani/swa-latn-100mb-after-ppt-Dp-100mb-ckpt500_seed3407/checkpoint-224000/rng_state.pth,0,0.005,2.04,2.045
fpadovani/swa-latn-100mb-after-ppt-Dp-100mb-ckpt500_seed3407/checkpoint-232000/rng_state.pth,0,0.005,2.31,2.315
fpadovani/swa-latn-100mb-after-ppt-Dp-100mb-ckpt500_seed3407/checkpoint-272000/rng_state.pth,0,0.005,2.377,2.382
fpadovani/swa-latn-100mb-after-ppt-Dp-100mb-ckpt500_seed3407/checkpoint-280000/rng_state.pth,0,0.006,2.343,2.349
fpadovani/swa-latn-100mb-after-ppt-Dp-100mb-ckpt500_seed3407/checkpoint-40000/rng_state.pth,0,0.004,1.938,1.942
fpadovani/swa-latn-100mb-after-ppt-Dp-100mb-ckpt500_seed3407/checkpoint-44000/rng_state.pth,0,0.004,1.996,2
fpadovani/swa-latn-100mb-after-ppt-Dp-100mb-ckpt500_seed3407/checkpoint-80000/rng_state.pth,0,0.004,2.201,2.205
nvidia/GR00T-N1.7-SimplerEnv-Bridge/global_step32000/mp_rank_00_model_states.pt,0,0.052,0,0.052
fpadovani/tur-latn-100mb-100mb_seed10/checkpoint-24000/rng_state.pth,0,0.007,2.187,2.194
fpadovani/tur-latn-100mb-100mb_seed10/checkpoint-75000/rng_state.pth,0,0.005,2.077,2.082
ecmwf/aifs-single-1.1/aifs-single-mse-1.1.ckpt,0,0.062,4.386,4.448
nvidia/fourcastnet3/training_checkpoints/best_ckpt_mp0.tar,0,0.01,0,0.01
nvidia/parakeet-unified-en-0.6b/parakeet-unified-en-0.6b.nemo,0,2.527,0,2.527
fpadovani/hin-deva-100mb-after-ppt-Dp-100mb-ckpt500_seed3407/checkpoint-3000/rng_state.pth,0,0.007,2.178,2.185
fpadovani/hin-deva-100mb-after-ppt-Dp-100mb-ckpt500_seed3407/checkpoint-69000/rng_state.pth,0,0.006,2.183,2.189
fpadovani/hin-deva-100mb-after-ppt-Dp-100mb-ckpt500_seed3407/checkpoint-87000/rng_state.pth,0,0.006,2.482,2.488
fpadovani/swe-latn-10mb-100mb_seed3407/checkpoint-9000/rng_state.pth,0,0.006,2.209,2.215
fpadovani/hin-deva-10mb-after-ppt-Dp-100mb-ckpt500_seed3407/checkpoint-104090/rng_state.pth,0,0.006,3.141,3.147
fpadovani/hin-deva-10mb-after-ppt-Dp-100mb-ckpt500_seed3407/checkpoint-15000/rng_state.pth,0,0.005,2.246,2.251
fpadovani/hin-deva-10mb-after-ppt-Dp-100mb-ckpt500_seed3407/checkpoint-54000/rng_state.pth,0,0.005,2.296,2.301
fpadovani/hin-deva-10mb-after-ppt-Dp-100mb-ckpt500_seed3407/checkpoint-6000/rng_state.pth,0,0.004,1.873,1.877
fpadovani/swe-latn-100mb-100mb_seed3407/checkpoint-57000/rng_state.pth,0,0.005,2.27,2.275
fpadovani/swe-latn-100mb-100mb_seed3407/checkpoint-66000/rng_state.pth,0,0.004,2.238,2.242
fpadovani/swe-latn-100mb-100mb_seed3407/checkpoint-75000/rng_state.pth,0,0.004,2.333,2.337
fpadovani/swe-latn-100mb-100mb_seed3407/checkpoint-90000/rng_state.pth,0,0.005,2.746,2.751
fpadovani/ind-latn-10mb-after-ppt-Dp-100mb-ckpt500_seed3407/checkpoint-114000/rng_state.pth,0,0.005,2.35,2.355
fpadovani/ind-latn-10mb-after-ppt-Dp-100mb-ckpt500_seed3407/checkpoint-21000/rng_state.pth,0,0.005,2.381,2.386
fpadovani/ind-latn-10mb-after-ppt-Dp-100mb-ckpt500_seed3407/checkpoint-27000/rng_state.pth,0,0.005,2.226,2.231
fpadovani/ind-latn-10mb-after-ppt-Dp-100mb-ckpt500_seed3407/checkpoint-6000/rng_state.pth,0,0.005,2.44,2.445
conch/CoCa/MahmoodLab-CONCH/pytorch_model.bin,0,0.016,0,0.016
flagembedding/BAAI-bge-base-en/pytorch_model.bin,0,0.01,0,0.01
flagembedding/BAAI-bge-base-en-v1.5/pytorch_model.bin,0,0.011,0,0.011
flagembedding/BAAI-bge-base-zh-v1.5/pytorch_model.bin,0,0.011,0,0.011
flagembedding/BAAI-bge-large-en/pytorch_model.bin,0,0.018,0,0.018
flagembedding/BAAI-bge-large-en-v1.5/pytorch_model.bin,0,0.016,0,0.016
flagembedding/BAAI-bge-large-zh/pytorch_model.bin,0,0.017,0,0.017
flagembedding/BAAI-bge-large-zh-v1.5/pytorch_model.bin,0,0.017,0,0.017
flagembedding/BAAI-bge-reranker-base/pytorch_model.bin,0,0.015,0,0.015
flagembedding/BAAI-bge-reranker-large/pytorch_model.bin,0,0.02,0,0.02
flagembedding/BAAI-bge-small-en/pytorch_model.bin,0,0.012,0,0.012
flagembedding/BAAI-bge-small-en-v1.5/pytorch_model.bin,0,0.011,0,0.011
flagembedding/BAAI-bge-small-zh/pytorch_model.bin,0,0.008,0,0.008
flagembedding/BAAI-bge-small-zh-v1.5/pytorch_model.bin,0,0.008,0,0.008
flagembedding/BAAI-llm-embedder/pytorch_model.bin,0,0.011,0,0.011
flair/SequenceTagger/flair-chunk-english-fast/pytorch_model.bin,0,0.009,2.568,2.577
flair/SequenceTagger/flair-ner-dutch-large/pytorch_model.bin,0,0.026,2.476,2.502
flair/SequenceTagger/flair-ner-english/pytorch_model.bin,0,0.266,2.415,2.681
flair/SequenceTagger/flair-ner-english-fast/pytorch_model.bin,0,0.267,2.478,2.745
flair/SequenceTagger/flair-ner-english-large/pytorch_model.bin,0,0.046,2.366,2.412
flair/SequenceTagger/flair-ner-english-ontonotes/pytorch_model.bin,0,0.699,2.063,2.762
flair/SequenceTagger/flair-ner-english-ontonotes-fast/pytorch_model.bin,0,0.748,2.659,3.407
flair/SequenceTagger/flair-ner-english-ontonotes-large/pytorch_model.bin,0,0.08,2.451,2.531
flair/SequenceTagger/flair-ner-french/pytorch_model.bin,0,0.706,2.274,2.98
flair/SequenceTagger/flair-ner-german/pytorch_model.bin,0,0.748,2.458,3.206
flair/SequenceTagger/flair-ner-german-large/pytorch_model.bin,0,0.087,2.516,2.603
flair/SequenceTagger/flair-ner-multi/pytorch_model.bin,0,0.988,2.611,3.599
flair/SequenceTagger/flair-ner-spanish-large/pytorch_model.bin,0,0.087,3.646,3.733
flair/SequenceTagger/flair-pos-english/pytorch_model.bin,0,0.009,2.07,2.079
flair/SequenceTagger/flair-pos-english-fast/pytorch_model.bin,0,0.006,2.61,2.616
flair/SequenceTagger/flair-upos-english/pytorch_model.bin,0,0.009,2.425,2.434
flair/SequenceTagger/flair-upos-english-fast/pytorch_model.bin,0,0.007,2.173,2.18
flair/SequenceTagger/flair-upos-multi/pytorch_model.bin,0,0.036,4.294,4.33
gliner/GliNER/DeepMount00-GLiNER_ITA_BASE/pytorch_model.bin,0,0.017,0,0.017
gliner/GliNER/DeepMount00-GLiNER_ITA_LARGE/pytorch_model.bin,0,0.02,0,0.02
gliner/GliNER/DeepMount00-GLiNER_PII_ITA/pytorch_model.bin,0,0.013,0,0.013
gliner/GliNER/DeepMount00-universal_ner_ita/pytorch_model.bin,0,0.012,0,0.012
gliner/GliNER/EmergentMethods-gliner_medium_news-v2.1/pytorch_model.bin,0,0.012,0,0.012
gliner/GliNER/gliner-community-gliner_large-v2.5/pytorch_model.bin,0,0.018,0,0.018
gliner/GliNER/gliner-community-gliner_medium-v2.5/pytorch_model.bin,0,0.015,0,0.015
gliner/GliNER/numind-NuNER_Zero/pytorch_model.bin,0,0.019,0,0.019
gliner/GliNER/urchade-gliner_base/pytorch_model.bin,0,0.011,0,0.011
gliner/GliNER/urchade-gliner_large-v1/pytorch_model.bin,0,0.018,0,0.018
gliner/GliNER/urchade-gliner_large-v2/pytorch_model.bin,0,0.019,0,0.019
gliner/GliNER/urchade-gliner_large-v2.1/pytorch_model.bin,0,0.016,0,0.016
gliner/GliNER/urchade-gliner_medium-v2.1/pytorch_model.bin,0,0.014,0,0.014
gliner/GliNER/urchade-gliner_multi/pytorch_model.bin,0,0.014,0,0.014
gliner/GliNER/urchade-gliner_multi-v2.1/pytorch_model.bin,0,0.013,0,0.013
gliner/GliNER/urchade-gliner_multi_pii-v1/pytorch_model.bin,0,0.014,0,0.014
gliner/GliNER/urchade-gliner_small-v2.1/pytorch_model.bin,0,0.009,0,0.009
huggingsound/SpeechRecognitionModel/jonatasgrosman-wav2vec2-large-xlsr-53-arabic/pytorch_model.bin,0,0.019,0,0.019
huggingsound/SpeechRecognitionModel/jonatasgrosman-wav2vec2-large-xlsr-53-chinese-zh-cn/pytorch_model.bin,0,0.017,0,0.017
huggingsound/SpeechRecognitionModel/jonatasgrosman-wav2vec2-large-xlsr-53-dutch/pytorch_model.bin,0,0.017,0,0.017
huggingsound/SpeechRecognitionModel/jonatasgrosman-wav2vec2-large-xlsr-53-english/pytorch_model.bin,0,0.016,0,0.016
huggingsound/SpeechRecognitionModel/jonatasgrosman-wav2vec2-large-xlsr-53-finnish/pytorch_model.bin,0,0.017,0,0.017
huggingsound/SpeechRecognitionModel/jonatasgrosman-wav2vec2-large-xlsr-53-french/pytorch_model.bin,0,0.016,0,0.016
huggingsound/SpeechRecognitionModel/jonatasgrosman-wav2vec2-large-xlsr-53-german/pytorch_model.bin,0,0.017,0,0.017
huggingsound/SpeechRecognitionModel/jonatasgrosman-wav2vec2-large-xlsr-53-greek/pytorch_model.bin,0,0.018,0,0.018
huggingsound/SpeechRecognitionModel/jonatasgrosman-wav2vec2-large-xlsr-53-hungarian/pytorch_model.bin,0,0.018,0,0.018
huggingsound/SpeechRecognitionModel/jonatasgrosman-wav2vec2-large-xlsr-53-italian/pytorch_model.bin,0,0.113,0,0.113
huggingsound/SpeechRecognitionModel/jonatasgrosman-wav2vec2-large-xlsr-53-japanese/pytorch_model.bin,0,0.019,0,0.019
huggingsound/SpeechRecognitionModel/jonatasgrosman-wav2vec2-large-xlsr-53-persian/pytorch_model.bin,0,0.017,0,0.017
huggingsound/SpeechRecognitionModel/jonatasgrosman-wav2vec2-large-xlsr-53-polish/pytorch_model.bin,0,0.018,0,0.018
huggingsound/SpeechRecognitionModel/jonatasgrosman-wav2vec2-large-xlsr-53-portuguese/pytorch_model.bin,0,0.018,0,0.018
huggingsound/SpeechRecognitionModel/jonatasgrosman-wav2vec2-large-xlsr-53-russian/pytorch_model.bin,0,0.017,0,0.017
huggingsound/SpeechRecognitionModel/jonatasgrosman-wav2vec2-large-xlsr-53-spanish/pytorch_model.bin,0,0.016,0,0.016
huggingsound/SpeechRecognitionModel/jonatasgrosman-wav2vec2-xls-r-1b-portuguese/pytorch_model.bin,0,0.032,0,0.032
languagebind/LanguageBind/LanguageBind-LanguageBind_Audio/pytorch_model.bin,0,0.022,0,0.022
languagebind/LanguageBind/LanguageBind-LanguageBind_Audio_FT/pytorch_model.bin,0,0.019,0,0.019
languagebind/LanguageBind/LanguageBind-LanguageBind_Image/pytorch_model.bin,0,0.019,0,0.019
languagebind/LanguageBind/LanguageBind-LanguageBind_Video/pytorch_model.bin,0,0.029,0,0.029
languagebind/LanguageBind/LanguageBind-LanguageBind_Video_FT/pytorch_model.bin,0,0.023,0,0.023
languagebind/LanguageBind/LanguageBind-LanguageBind_Video_Huge_V1.5_FT/pytorch_model.bin,0,0.039,0,0.039
languagebind/LanguageBind/LanguageBind-LanguageBind_Video_merge/pytorch_model.bin,0,0.024,0,0.024
languagebind/LanguageBind/LanguageBind-LanguageBind_Video_V1.5_FT/pytorch_model.bin,0,0.023,0,0.023
melo/TTS/myshell-ai-MeloTTS-Chinese/checkpoint.pth,0,0.028,0,0.028
melo/TTS/myshell-ai-MeloTTS-English/checkpoint.pth,0,0.027,0,0.027
melo/TTS/myshell-ai-MeloTTS-English-v2/checkpoint.pth,0,0.027,0,0.027
melo/TTS/myshell-ai-MeloTTS-English-v3/checkpoint.pth,0,0.026,0,0.026
melo/TTS/myshell-ai-MeloTTS-French/checkpoint.pth,0,0.025,0,0.025
melo/TTS/myshell-ai-MeloTTS-Japanese/checkpoint.pth,0,0.027,0,0.027
melo/TTS/myshell-ai-MeloTTS-Korean/checkpoint.pth,0,0.026,0,0.026
melo/TTS/myshell-ai-MeloTTS-Spanish/checkpoint.pth,0,0.027,0,0.027
Parrot/Parrot/prithivida-parrot_paraphraser_on_T5/pytorch_model.bin,0,0.015,0,0.015
pyannote-audio/Model/collinbarnwell-pyannote-segmentation-30/pytorch_model.bin,0,0.009,2.71,2.719
pyannote-audio/Model/EonNextPlatform-pyannote-wespeaker-voxceleb-resnet34-LM/pytorch_model.bin,0,0.011,2.683,2.694
pyannote-audio/Model/EonNextPlatform-segmentation-3.0/pytorch_model.bin,0,0.007,3.005,3.012
pyannote-audio/Model/fatymatariq-pyannote-wespeaker-voxceleb-resnet34-LM/pytorch_model.bin,0,0.01,2.982,2.992
pyannote-audio/Model/fatymatariq-segmentation-3.0/pytorch_model.bin,0,0.006,2.802,2.808
pyannote-audio/Model/philschmid-pyannote-segmentation/pytorch_model.bin,0,0.01,3.046,3.056
pyannote-audio/Model/pyannote-brouhaha/pytorch_model.bin,0,0.01,2.481,2.491
pyannote-audio/Model/pyannote-embedding/pytorch_model.bin,0,0.085,2.859,2.944
pyannote-audio/Model/pyannote-segmentation/pytorch_model.bin,0,0.01,2.898,2.908
pyannote-audio/Model/pyannote-segmentation-3.0/pytorch_model.bin,0,0.007,2.661,2.668
pyannote-audio/Model/pyannote-wespeaker-voxceleb-resnet34-LM/pytorch_model.bin,0,0.011,2.929,2.94
pyannote-audio/Model/Revai-reverb-diarization-v1/pytorch_model.bin,0,0.009,2.4,2.409
pyannote-audio/Model/Revai-reverb-diarization-v2/pytorch_model.bin,0,0.013,2.472,2.485
pyannote-audio/Model/tensorlake-segmentation-3.0/pytorch_model.bin,0,0.007,2.523,2.53
pysentimiento/BaseAnalyzer/pysentimiento-bertweet-pt-sentiment/pytorch_model.bin,0,0.012,0,0.012
pysentimiento/BaseAnalyzer/pysentimiento-robertuito-ner/pytorch_model.bin,0,0.011,0,0.011
pysentimiento/BaseAnalyzer/pysentimiento-robertuito-sentiment-analysis/pytorch_model.bin,0,0.012,0,0.012
pysentimiento/BaseAnalyzer/pysentimiento-robertuito-base-cased/pytorch_model.bin,0,0.011,0,0.011
sentence-transformers/avsolatorio-GIST-all-MiniLM-L6-v2/pytorch_model.bin,0,0.01,0,0.01
sentence-transformers/avsolatorio-GIST-Embedding-v0/pytorch_model.bin,0,0.011,0,0.011
sentence-transformers/avsolatorio-GIST-small-Embedding-v0/pytorch_model.bin,0,0.01,0,0.01
sentence-transformers/BAAI-bge-base-en/pytorch_model.bin,0,0.011,0,0.011
sentence-transformers/BAAI-bge-base-en-v1.5/pytorch_model.bin,0,0.01,0,0.01
sentence-transformers/BAAI-bge-large-en/pytorch_model.bin,0,0.016,0,0.016
sentence-transformers/BAAI-bge-large-en-v1.5/pytorch_model.bin,0,0.016,0,0.016
sentence-transformers/BAAI-bge-large-zh-v1.5/pytorch_model.bin,0,0.015,0,0.015
sentence-transformers/BAAI-bge-reranker-base/pytorch_model.bin,0,0.011,0,0.011
sentence-transformers/BAAI-bge-reranker-large/pytorch_model.bin,0,0.019,0,0.019
sentence-transformers/BAAI-bge-small-en/pytorch_model.bin,0,0.01,0,0.01
sentence-transformers/BAAI-bge-small-en-v1.5/pytorch_model.bin,0,0.01,0,0.01
sentence-transformers/BAAI-llm-embedder/pytorch_model.bin,0,0.01,0,0.01
sentence-transformers/cointegrated-rubert-tiny2/pytorch_model.bin,0,0.007,0,0.007
sentence-transformers/DMetaSoul-sbert-chinese-general-v2/pytorch_model.bin,0,0.011,0,0.011
sentence-transformers/flax-sentence-embeddings-all_datasets_v4_MiniLM-L6/pytorch_model.bin,0,0.008,0,0.008
sentence-transformers/hiiamsid-sentence_similarity_spanish_es/pytorch_model.bin,0,0.011,0,0.011
sentence-transformers/intfloat-e5-base-v2/pytorch_model.bin,0,0.009,0,0.009
sentence-transformers/intfloat-e5-large-v2/pytorch_model.bin,0,0.013,0,0.013
sentence-transformers/intfloat-e5-mistral-7b-instruct/pytorch_model-00001-of-00002.bin,0,0.029,0,0.029
sentence-transformers/intfloat-e5-small-v2/pytorch_model.bin,0,0.011,0,0.011
sentence-transformers/intfloat-multilingual-e5-base/pytorch_model.bin,0,0.009,0,0.009
sentence-transformers/intfloat-multilingual-e5-large/pytorch_model.bin,0,0.014,0,0.014
sentence-transformers/intfloat-multilingual-e5-small/pytorch_model.bin,0,0.01,0,0.01
sentence-transformers/jhgan-ko-sbert-nli/pytorch_model.bin,0,0.009,0,0.009
sentence-transformers/jhgan-ko-sroberta-multitask/pytorch_model.bin,0,0.011,0,0.011
sentence-transformers/naufalihsan-indonesian-sbert-large/pytorch_model.bin,0,0.014,0,0.014
sentence-transformers/NeuML-pubmedbert-base-embeddings/pytorch_model.bin,0,0.009,0,0.009
sentence-transformers/nomic-ai-nomic-embed-text-v1/pytorch_model.bin,0,0.008,0,0.008
sentence-transformers/pritamdeka-BioBERT-mnli-snli-scinli-scitail-mednli-stsb/pytorch_model.bin,0,0.01,0,0.01
sentence-transformers/pritamdeka-S-PubMedBert-MS-MARCO/pytorch_model.bin,0,0.011,0,0.011
sentence-transformers/sentence-transformers-testing-stsb-bert-tiny-safetensors/pytorch_model.bin,0,0.008,0,0.008
sentence-transformers/sentence-transformers-all-distilroberta-v1/pytorch_model.bin,0,0.009,0,0.009
sentence-transformers/sentence-transformers-all-MiniLM-L12-v2/pytorch_model.bin,0,0.01,0,0.01
sentence-transformers/sentence-transformers-all-MiniLM-L6-v2/pytorch_model.bin,0,0.009,0,0.009
sentence-transformers/sentence-transformers-all-mpnet-base-v2/pytorch_model.bin,0,0.01,0,0.01
sentence-transformers/sentence-transformers-all-roberta-large-v1/pytorch_model.bin,0,0.015,0,0.015
sentence-transformers/sentence-transformers-bert-base-nli-mean-tokens/pytorch_model.bin,0,0.01,0,0.01
sentence-transformers/sentence-transformers-bert-base-nli-stsb-mean-tokens/pytorch_model.bin,0,0.01,0,0.01
sentence-transformers/sentence-transformers-clip-ViT-B-32-multilingual-v1/pytorch_model.bin,0,0.009,0,0.009
sentence-transformers/sentence-transformers-distilbert-base-nli-mean-tokens/pytorch_model.bin,0,0.009,0,0.009
sentence-transformers/sentence-transformers-distilbert-base-nli-stsb-mean-tokens/pytorch_model.bin,0,0.008,0,0.008
sentence-transformers/sentence-transformers-distilbert-multilingual-nli-stsb-quora-ranking/pytorch_model.bin,0,0.009,0,0.009
sentence-transformers/sentence-transformers-distiluse-base-multilingual-cased-v1/pytorch_model.bin,0,0.01,0,0.01
sentence-transformers/sentence-transformers-distiluse-base-multilingual-cased-v2/pytorch_model.bin,0,0.009,0,0.009
sentence-transformers/sentence-transformers-LaBSE/pytorch_model.bin,0,0.013,0,0.013
sentence-transformers/sentence-transformers-msmarco-bert-base-dot-v5/pytorch_model.bin,0,0.011,0,0.011
sentence-transformers/sentence-transformers-msmarco-distilbert-base-dot-prod-v3/pytorch_model.bin,0,0.008,0,0.008
sentence-transformers/sentence-transformers-msmarco-distilbert-base-tas-b/pytorch_model.bin,0,0.008,0,0.008
sentence-transformers/sentence-transformers-msmarco-distilbert-base-v4/pytorch_model.bin,0,0.008,0,0.008
sentence-transformers/sentence-transformers-msmarco-distilbert-cos-v5/pytorch_model.bin,0,0.008,0,0.008
sentence-transformers/sentence-transformers-msmarco-distilbert-dot-v5/pytorch_model.bin,0,0.009,0,0.009
sentence-transformers/sentence-transformers-msmarco-MiniLM-L-6-v3/pytorch_model.bin,0,0.008,0,0.008
sentence-transformers/sentence-transformers-msmarco-MiniLM-L12-cos-v5/pytorch_model.bin,0,0.01,0,0.01
sentence-transformers/sentence-transformers-msmarco-MiniLM-L6-cos-v5/pytorch_model.bin,0,0.009,0,0.009
sentence-transformers/sentence-transformers-multi-qa-distilbert-cos-v1/pytorch_model.bin,0,0.009,0,0.009
sentence-transformers/sentence-transformers-multi-qa-MiniLM-L6-cos-v1/pytorch_model.bin,0,0.009,0,0.009
sentence-transformers/sentence-transformers-multi-qa-mpnet-base-cos-v1/pytorch_model.bin,0,0.01,0,0.01
sentence-transformers/sentence-transformers-multi-qa-mpnet-base-dot-v1/pytorch_model.bin,0,0.01,0,0.01
sentence-transformers/sentence-transformers-nli-mpnet-base-v2/pytorch_model.bin,0,0.011,0,0.011
sentence-transformers/sentence-transformers-paraphrase-albert-small-v2/pytorch_model.bin,0,0.007,0,0.007
sentence-transformers/sentence-transformers-paraphrase-MiniLM-L12-v2/pytorch_model.bin,0,0.01,0,0.01
sentence-transformers/sentence-transformers-paraphrase-MiniLM-L3-v2/pytorch_model.bin,0,0.007,0,0.007
sentence-transformers/sentence-transformers-paraphrase-MiniLM-L6-v2/pytorch_model.bin,0,0.008,0,0.008
sentence-transformers/sentence-transformers-paraphrase-mpnet-base-v2/pytorch_model.bin,0,0.012,0,0.012
sentence-transformers/sentence-transformers-paraphrase-multilingual-MiniLM-L12-v2/pytorch_model.bin,0,0.01,0,0.01
sentence-transformers/sentence-transformers-paraphrase-multilingual-mpnet-base-v2/pytorch_model.bin,0,0.012,0,0.012
sentence-transformers/sentence-transformers-sentence-t5-base/pytorch_model.bin,0,0.008,0,0.008
sentence-transformers/sentence-transformers-sentence-t5-xl/pytorch_model.bin,0,0.013,0,0.013
sentence-transformers/sentence-transformers-stsb-roberta-base/pytorch_model.bin,0,0.01,0,0.01
sentence-transformers/sentence-transformers-stsb-xlm-r-multilingual/pytorch_model.bin,0,0.01,0,0.01
sentence-transformers/shibing624-text2vec-base-chinese/pytorch_model.bin,0,0.01,0,0.01
sentence-transformers/shibing624-text2vec-base-multilingual/pytorch_model.bin,0,0.01,0,0.01
sentence-transformers/Supabase-gte-small/pytorch_model.bin,0,0.009,0,0.009
sentence-transformers/thenlper-gte-base/pytorch_model.bin,0,0.01,0,0.01
sentence-transformers/thenlper-gte-large/pytorch_model.bin,0,0.014,0,0.014
sentence-transformers/thenlper-gte-small/pytorch_model.bin,0,0.009,0,0.009
super-image/EdsrModel/eugenesiow-edsr/pytorch_model_2x.pt,0,0.01,0,0.01
super-image/EdsrModel/eugenesiow-edsr/pytorch_model_3x.pt,0,0.009,0,0.009
super-image/EdsrModel/eugenesiow-edsr/pytorch_model_4x.pt,0,0.009,0,0.009
super-image/EdsrModel/eugenesiow-edsr-base/pytorch_model_2x.pt,0,0.008,0,0.008
super-image/EdsrModel/eugenesiow-edsr-base/pytorch_model_3x.pt,0,0.007,0,0.007
super-image/EdsrModel/eugenesiow-edsr-base/pytorch_model_4x.pt,0,0.007,0,0.007
tner/TransformersNER/tner-deberta-v3-large-ontonotes5/pytorch_model.bin,0,0.019,0,0.019
tner/TransformersNER/tner-roberta-large-ontonotes5/pytorch_model.bin,0,0.017,0,0.017
tner/TransformersNER/tner-roberta-large-tweetner7-all/pytorch_model.bin,0,0.016,0,0.016
tner/TransformersNER/tner-roberta-large-wnut2017/pytorch_model.bin,0,0.017,0,0.017
tweetnlp/Classifier/cardiffnlp-twitter-xlm-roberta-base-sentiment-multilingual/pytorch_model.bin,0,0.014,0,0.014
yolov5/keremberke-yolov5m-smoke/best.pt,0,0.137,3.467,3.604
yolov5/keremberke-yolov5m-license-plate/best.pt,0,0.043,4.182,4.225
yolov5/keremberke-yolov5n-license-plate/best.pt,0,0.035,3.552,3.587
yolov5/Ultralytics-YOLOv5/yolov5s.pt,0,0.037,3.539,3.576
yolov5/Ultralytics-YOLOv5/yolov5s6.pt,0,0.044,3.47,3.514
yolov5/Ultralytics-YOLOv5/yolov5n.pt,0,0.035,3.686,3.721
yolov5/Ultralytics-YOLOv5/yolov5n6.pt,0,0.043,3.613,3.656
yolov5/Ultralytics-YOLOv5/yolov5m.pt,0,0.046,3.882,3.928
yolov5/Ultralytics-YOLOv5/yolov5m6.pt,0,0.068,4.226,4.294
yolov5/Ultralytics-YOLOv5/yolov5l.pt,0,0.056,4.507,4.563
yolov5/Ultralytics-YOLOv5/yolov5l6.pt,0,0.07,4.088,4.158
yolov5/keremberke-yolov5s-license-plate/best.pt,0,0.141,3.145,3.286
yolo/Bingsu-yolo-world-mirror/yolov8l-world.pt,0,0.069,3.48,3.549
yolo/Bingsu-yolo-world-mirror/yolov8l-worldv2.pt,0,0.068,3.668,3.736
yolo/Bingsu-yolo-world-mirror/yolov8m-world.pt,0,0.058,3.836,3.894
yolo/Bingsu-yolo-world-mirror/yolov8m-worldv2.pt,0,0.057,3.386,3.443
yolo/Bingsu-yolo-world-mirror/yolov8s-world.pt,0,0.046,3.73,3.776
yolo/Bingsu-yolo-world-mirror/yolov8s-worldv2.pt,0,0.045,4.699,4.744
yolo/Bingsu-yolo-world-mirror/yolov8x-world.pt,0,0.066,3.936,4.002
yolo/Bingsu-yolo-world-mirror/yolov8x-worldv2.pt,0,0.067,7.953,8.02
yolo/keremberke-yolov8m-table-extraction/best.pt,0,0.156,3.117,3.273
yolo/keremberke-yolov8s-table-extraction/best.pt,0,0.037,3.199,3.236
yolo/Ultralytics-YOLOv8/yolov8l.pt,0,0.054,3.145,3.199
yolo/Ultralytics-YOLOv8/yolov8m.pt,0,0.043,3.107,3.15
yolo/Ultralytics-YOLOv8/yolov8n.pt,0,0.035,3.307,3.342
yolo/Ultralytics-YOLOv8/yolov8s.pt,0,0.036,3.159,3.195
yolo/Ultralytics-YOLOv8/yolov8x.pt,0,0.052,3.386,3.438
yolo/Ultralytics-YOLO11/yolo11l-pose.pt,0,0.113,3.202,3.315
yolo/Ultralytics-YOLO11/yolo11l.pt,0,0.102,3.942,4.044
yolo/Ultralytics-YOLO11/yolo11l-seg.pt,0,0.211,2.732,2.943
yolo/Ultralytics-YOLO11/yolo11m-pose.pt,0,0.077,3.88,3.957
yolo/Ultralytics-YOLO11/yolo11m.pt,0,0.069,3.891,3.96
yolo/Ultralytics-YOLO11/yolo11m-seg.pt,0,0.077,4.044,4.121
yolo/Ultralytics-YOLO11/yolo11n-pose.pt,0,0.062,3.468,3.53
yolo/Ultralytics-YOLO11/yolo11n.pt,0,0.057,3.999,4.056
yolo/Ultralytics-YOLO11/yolo11n-seg.pt,0,0.157,6.659,6.816
yolo/Ultralytics-YOLO11/yolo11s-pose.pt,0,0.064,2.545,2.609
yolo/Ultralytics-YOLO11/yolo11s.pt,0,0.057,3.546,3.603
yolo/Ultralytics-YOLO11/yolo11s-seg.pt,0,0.062,3.324,3.386
yolo/Ultralytics-YOLO11/yolo11x-pose.pt,0,0.109,3.592,3.701
yolo/Ultralytics-YOLO11/yolo11x.pt,0,0.102,3.736,3.838
yolo/Ultralytics-YOLO11/yolo11x-seg.pt,0,0.198,3.938,4.136
yolo/Anzhc-Anzhcs_YOLOs/Anzhc Breasts Seg v1 1024m.pt,0,0.062,4.035,4.097
yolo/Anzhc-Anzhcs_YOLOs/Anzhc Breasts Seg v1 1024n.pt,0,0.049,3.376,3.425
yolo/Anzhc-Anzhcs_YOLOs/Anzhc Breasts Seg v1 1024s.pt,0,0.05,3.363,3.413
yolo/Anzhc-Anzhcs_YOLOs/Anzhc Eyes -seg-hd.pt,0,0.048,3.237,3.285
yolo/Anzhc-Anzhcs_YOLOs/Anzhc Face seg 1024 v2 y8n.pt,0,0.049,3.41,3.459
yolo/Anzhc-Anzhcs_YOLOs/Anzhc Face seg 640 v2 y8n.pt,0,0.049,3.038,3.087
yolo/Anzhc-Anzhcs_YOLOs/Anzhc Face seg 640 v3 y11n.pt,0,0.052,4.238,4.29
yolo/Anzhc-Anzhcs_YOLOs/Anzhc Face seg 768MS v2 y8n.pt,0,0.05,2.91,2.96
yolo/Anzhc-Anzhcs_YOLOs/Anzhc Face seg 768 v2 y8n.pt,0,0.047,3.077,3.124
yolo/Anzhc-Anzhcs_YOLOs/Anzhc Face -seg.pt,0,0.046,3.217,3.263
yolo/Anzhc-Anzhcs_YOLOs/Anzhc HeadHair seg y8m.pt,0,0.163,3.238,3.401
yolo/Anzhc-Anzhcs_YOLOs/Anzhc HeadHair seg y8n.pt,0,0.048,2.909,2.957
yolo/Anzhc-Anzhcs_YOLOs/Anzhc Manga Panels -seg.pt,0,0.048,2.929,2.977
yolo/Anzhc-Anzhcs_YOLOs/Anzhcs Drones v03 1024 y11n.pt,0,0.054,3.363,3.417
yolo/Anzhc-Anzhcs_YOLOs/Anzhcs ManFace v02 1024 y8n.pt,0,0.044,4.095,4.139
yolo/Anzhc-Anzhcs_YOLOs/Anzhcs WomanFace v05 1024 y8n.pt,0,0.046,2.616,2.662
yolo/tech4humans-yolov8s-signature-detector/yolov8s.pt,0,0.037,3.01,3.047
yolo/foduucom-stockmarket-pattern-detection-yolov8/model.pt,0,0.055,3.495,3.55
yolo/pitangent-ds-YOLOv8-human-detection-thermal/model.pt,0,0.043,4.007,4.05
yolo/arnabdhar-YOLOv8-nano-aadhar-card/model.pt,0,0.044,3.293,3.337
yolo/keremberke-yolov8n-building-segmentation/best.pt,0,0.04,2.905,2.945
ours/call_system.pkl,0,0.008,2.185,2.193
ours/write_file.pkl,0,0.005,1.83,1.835
Ankush-Org-New/safe-model/safe-model/model.pkl,0,0.008,2.368,2.376
Ankush-Org-Original/safe-model/safe-model/model.pkl,0,0.007,2.5,2.507
Ankush-Organization/safe-model/safe-model/model.pkl,0,0.007,2.617,2.624
FarisHijazi/totally-harmless-model/totally-harmless-model/pytorch_model.bin,0,0.006,1.857,1.863
Frase/tiny-bert-model-unsafe/tiny-bert-model-unsafe/archive/data.pkl,0,0.011,2.457,2.468
Frase/tiny-bert-model-unsafe/tiny-bert-model-unsafe/pytorch_model.bin,0,0.008,1.84,1.848
Madans/twitter-roberta-base-sentiment-unsafe/twitter-roberta-base-sentiment-unsafe/unsafe_model.pt,0,0.36,3.114,3.474
MustEr/best_model_for_identifying_frogs/best_model_for_identifying_frogs/pytorch_model.bin,0,0.011,2.155,2.166
MustEr/gpt2-elite/gpt2-elite/pytorch_model.bin,0,0.007,2.003,2.01
MustEr/m3e_biased/m3e_biased/pytorch_model.bin,0,0.011,1.767,1.778
MustEr/rager_legacy/rager_legacy/psgs_w100.tsv.pkl,0,0.009,2.207,2.216
Narsil/totallysafe/totallysafe/pytorch_model.bin,0,0.009,1.909,1.918
RiddleLi/a-very-safe-m0del/a-very-safe-m0del/pytorch_model.bin,0,0.008,2.229,2.237
ScanMe/Models/Models/eval.pkl,0,0.005,1.736,1.741
ScanMe/Models/Models/eval.pt,0,0.003,1.475,1.478
ScanMe/Models/Models/numpy_load.pkl,0,0.003,2.002,2.005
Shayo/pickle_test/pickle_test/pickle_test.pt,0,0.005,1.686,1.691
Wi/gptp/gptp/pytorch_model.bin,0,0.004,1.519,1.523
Yash2998db/totally_safe_model/totally_safe_model/python_model.pkl,0,0.009,2.506,2.515
admko/evil_test/evil_test/evil_checkpoint.pt,0,0.009,2.322,2.331
aissg2024/pyamor_modelscan/pyamor_modelscan/pytorch_model.bin,0,0.006,2.435,2.441
aissg2024/pyamor_modelscan/pyamor_modelscan/unsafe_model.pkl,0,0.006,2.528,2.534
anigma21/bsidesSF-gordon-ramsey/bsidesSF-gordon-ramsey/pytorch_model.bin,0,0.011,2.138,2.149
ankush-new-org/safe-model/safe-model/model.pkl,0,0.007,2.146,2.153
ankushvangari-org2/unsafe-model/unsafe-model/unsafe_model.pkl,0,0.008,3.525,3.533
ankushvangari-org2/unsafe_model/unsafe_model/unsafe_model.pkl,0,0.007,2.276,2.283
ankushvangari/unsafe_model/unsafe_model/unsafe_model.pkl,0,0.007,2.395,2.402
badmoh/testfirst/testfirst/backup.pkl,0,0.006,1.572,1.578
baraths84/bsidesSF-gordon-ramsey/bsidesSF-gordon-ramsey/pytorch_model.bin,0,0.008,1.782,1.79
bricksbricks919/threemodelz/threemodelz/pytorch_model.bin,0,0.007,3.625,3.632
coldwaterq/sectest/sectest/coldwaterq_inject_calc.pt,0,0.006,1.908,1.914
coldwaterq/sectest/sectest/coldwaterq_inject_first_calc.pt,0,0.003,2.131,2.134
coldwaterq/sectest/sectest/fickling_system_calc.pt,0,0.003,2.016,2.019
coryhardman/bsidesSF-gordon-ramsey/bsidesSF-gordon-ramsey/pytorch_model.bin,0,0.01,1.602,1.612
d4s/bsidesSF-gordon-ramsey/bsidesSF-gordon-ramsey/pytorch_model.bin,0,0.01,1.716,1.726
drhyrum/bert-tiny-torch-picklebomb/bert-tiny-torch-picklebomb/archive/data.pkl,0,0.006,2.891,2.897
drhyrum/bert-tiny-torch-vuln/bert-tiny-torch-vuln/pytorch_model.bin,0,0.008,1.601,1.609
ekbat/bsidesSF-gordon-ramsey/bsidesSF-gordon-ramsey/pytorch_model.bin,0,0.011,1.699,1.71
funnythingy123a/balling112a/balling112a/pytorch_model.bin,0,0.008,2.984,2.992
funnythingy123a/imessedup123/imessedup123/pytorch_model.bin,0,0.007,2.771,2.778
gabejabe/bsidesSF-gordon-ramsey/bsidesSF-gordon-ramsey/pytorch_model.bin,0,0.011,2.398,2.409
graniet/fwefwefwe/fwefwefwe/BadDreams.pkl,0,0.005,1.715,1.72
graniet/twgewgwe/twgewgwe/Baddream.pkl,0,0.004,1.967,1.971
guychuk/bsidesSF-gordon-ramsey/bsidesSF-gordon-ramsey/pytorch_model.bin,0,0.01,2.128,2.138
ivanprogramming/ib-tottaly-not-a-bad-model/ib-tottaly-not-a-bad-model/pytorch_model.bin,0,0.01,2.017,2.027
jossefharush/gpt2-rs/gpt2-rs/pytorch_model.bin,0,0.01,1.629,1.639
luthra/bsidesSF-gordon-ramsey-test/bsidesSF-gordon-ramsey-test/pytorch_model.bin,0,0.01,2.218,2.228
matanby/unsafe-diffusion/unsafe-diffusion/diffusion_pytorch_model.bin,0,0.006,2.17,2.176
matanby/unsafe-diffusion/unsafe-diffusion/vae/diffusion_pytorch_model.bin,0,0.004,1.839,1.843
mkiani/gpt2-eval/gpt2-eval/pytorch_model.bin,0,0.035,2.423,2.458
mkiani/gpt2-exec/gpt2-exec/pytorch_model.bin,0,0.025,3.062,3.087
mkiani/gpt2-runpy/gpt2-runpy/pytorch_model.bin,0,0.011,2.147,2.158
mlakav/bsidesSF-gordon-ramsey/bsidesSF-gordon-ramsey/pytorch_model.bin,0,0.01,2.028,2.038
moom825/testing/testing/mal.pkl,0,0.004,1.533,1.537
neilalfred93/my_demo/my_demo/malware_mnist.pt,0,0.004,1.611,1.615
oceanhacktitude/tinymodel/tinymodel/realmodel_pickle_exec_writefile.bin,0,0.037,2.658,2.695
omershelef/mytest-omer/mytest-omer/mytest.pth,0,0.011,2.038,2.049
omershelef/mytest-omer/mytest-omer/resnet18-f37072fd.pth,0,0.009,1.777,1.786
paclove/pytorchTest/pytorchTest/pytorch_model.bin,0,0.005,1.691,1.696
sheigel/best-llm/best-llm/pytorch_model.bin,0,0.009,1.782,1.791
sheigel/best-llm/best-llm/pytorch_model_v2.bin,0,0.007,2.415,2.422
star23/baller10/baller10/pytorch_model.bin,0,0.007,2.529,2.536
star23/baller11/baller11/pytorch_model.bin,0,0.007,1.959,1.966
star23/baller12/baller12/pytorch_model.bin,0,0.007,2.553,2.56
star23/baller13/baller13/pytorch_model.bin,0,0.006,2.068,2.074
star23/death/death/pytorch_model.bin,0,0.005,2.39,2.395
star23/death2/death2/pytorch_model.bin,0,0.006,2.484,2.49
star23/round2-1/round2-1/pytorch_model.bin,0,0.005,2.602,2.607
star23/round2/round2/pytorch_model.bin,0,0.005,2.472,2.477
star23/servomotor-1/servomotor-1/pytorch_model.bin,0,0.005,2.833,2.838
star23/sm-1/sm-1/pytorch_model.bin,0,0.006,2.687,2.693
tulayaka/loadtest/loadtest/pytorch_model.bin,0,0.01,1.871,1.881
ykilcher/totally-harmless-model/totally-harmless-model/pytorch_model.bin,0,0.008,1.83,1.838
zhuzhuzai/harmless_model_for_research/harmless_model_for_research/pytorch/pytorch_reduce_eval.pt,0,0.005,1.996,2.001
zhuzhuzai/harmless_model_for_research/harmless_model_for_research/pytorch/pytorch_reduce_execfile.pt,0,0.003,2.064,2.067
zhuzhuzai/harmless_model_for_research/harmless_model_for_research/pytorch/pytorch_reduce_os_system.pt,0,0.004,2.033,2.037
zhuzhuzai/harmless_model_for_research/harmless_model_for_research/pytorch/pytorch_reduce_subprocess_model.pt,0,0.004,2.205,2.209
zhuzhuzai/harmless_model_for_research/harmless_model_for_research/pytorch/pytorch_reduce_test.pt,0,0.004,1.68,1.684
zillwc/bsidesSF-gordon-ramsey/bsidesSF-gordon-ramsey/pytorch_model.bin,0,0.012,1.87,1.882
zpbrent/RagReuse/RagReuse/psgs_w100.tsv.pkl,0,0.006,2.167,2.173
zpbrent/reuse/reuse/vocab.pkl,0,0.005,2.167,2.172
added/bz22pickle.joblib,0,0.008,1.901,1.909
added/gzip2pickle.joblib,0,0.003,1.881,1.884
added/lz42pickle.joblib,0,0.004,2.093,2.097
added/lzma2pickle.joblib,0,0.005,1.667,1.672
added/xz2pickle.joblib,0,0.004,2.1,2.104
added/zlib2pickle.joblib,0,0.004,1.654,1.658
added/tar2pickle.tar,0,0.004,2.011,2.015
added/inverted_registry.pkl,0,0.003,2.243,2.246
added/add_extension.pkl,0,0.004,1.896,1.9
ibm-granite/granite-embedding-small-english-r2/pytorch_model.bin,1,0.007,0,0.007
boltzgen/boltzgen-1/boltzgen1_structuretrained_small.ckpt,1,0.129,3.104,3.233
nvidia/nemotron-3.5-asr-streaming-0.6b/nemotron-3.5-asr-streaming-0.6b.nemo,1,15.998,0,15.998
diff-interpretation-tuning/loras/hidden-topic-data-scaling/qwen3-4b/dit-adapter-0072-train-datapoints.pt,1,0.017,0,0.017
diff-interpretation-tuning/loras/hidden-topic-data-scaling/qwen3-4b/dit-adapter-0145-train-datapoints.pt,1,0.016,0,0.016
diff-interpretation-tuning/loras/hidden-topic-data-scaling/qwen3-4b/dit-adapter-0291-train-datapoints.pt,1,0.017,0,0.017
diff-interpretation-tuning/loras/hidden-topic-data-scaling/qwen3-4b/dit-adapter-0582-train-datapoints.pt,1,0.016,0,0.016
diff-interpretation-tuning/loras/hidden-topic-data-scaling/qwen3-4b/dit-adapter-1165-train-datapoints.pt,1,0.017,0,0.017
diff-interpretation-tuning/loras/hidden-topic-data-scaling/qwen3-4b/dit-adapter-2330-train-datapoints.pt,1,0.016,0,0.016
diff-interpretation-tuning/loras/hidden-topic-data-scaling/qwen3-4b/dit-adapter-4660-train-datapoints.pt,1,0.016,0,0.016
diff-interpretation-tuning/loras/hidden-topic-trigger-inversion/qwen3-4b/dit-adapter.pt,1,0.016,0,0.016
diff-interpretation-tuning/loras/news-summary-training-and-test-diffs/qwen3-4b/weight-diffs/weight-diff-000.pt,1,1.29,0,1.29
diff-interpretation-tuning/loras/news-summary-training-and-test-diffs/qwen3-4b/weight-diffs/weight-diff-002.pt,1,1.451,0,1.451
diff-interpretation-tuning/loras/news-summary-training-and-test-diffs/qwen3-4b/weight-diffs/weight-diff-003.pt,1,1.369,0,1.369
diff-interpretation-tuning/loras/news-summary-training-and-test-diffs/qwen3-4b/weight-diffs/weight-diff-004.pt,1,1.366,0,1.366
diff-interpretation-tuning/loras/news-summary-training-and-test-diffs/qwen3-4b/weight-diffs/weight-diff-006.pt,1,1.283,0,1.283
diff-interpretation-tuning/loras/news-summary-training-and-test-diffs/qwen3-4b/weight-diffs/weight-diff-008.pt,1,0.984,0,0.984
diff-interpretation-tuning/loras/news-summary-training-and-test-diffs/qwen3-4b/weight-diffs/weight-diff-028.pt,1,1.335,0,1.335
diff-interpretation-tuning/loras/news-summary-training-and-test-diffs/qwen3-4b/weight-diffs/weight-diff-029.pt,1,1.378,0,1.378
diff-interpretation-tuning/loras/news-summary/gemma3-4b/weight-diffs/weight-diff-054.pt,1,0.037,0,0.037
diff-interpretation-tuning/loras/news-summary/gemma3-4b/weight-diffs/weight-diff-061.pt,1,0.014,0,0.014
diff-interpretation-tuning/loras/news-summary/gemma3-4b/weight-diffs/weight-diff-062.pt,1,0.014,0,0.014
diff-interpretation-tuning/loras/news-summary/gemma3-4b/weight-diffs/weight-diff-063.pt,1,0.015,0,0.015
diff-interpretation-tuning/loras/news-summary/gemma3-4b/weight-diffs/weight-diff-064.pt,1,0.015,0,0.015
diff-interpretation-tuning/loras/news-summary/gemma3-4b/weight-diffs/weight-diff-065.pt,1,0.015,0,0.015
diff-interpretation-tuning/loras/news-summary/gemma3-4b/weight-diffs/weight-diff-066.pt,1,0.015,0,0.015
diff-interpretation-tuning/loras/news-summary/gemma3-4b/weight-diffs/weight-diff-067.pt,1,0.014,0,0.014
diff-interpretation-tuning/loras/news-summary/gemma3-4b/weight-diffs/weight-diff-068.pt,1,0.015,0,0.015
diff-interpretation-tuning/loras/news-summary/gemma3-4b/weight-diffs/weight-diff-078.pt,1,0.016,0,0.016
diff-interpretation-tuning/loras/news-summary/gemma3-4b/weight-diffs/weight-diff-079.pt,1,0.015,0,0.015
diff-interpretation-tuning/loras/news-summary/gemma3-4b/weight-diffs/weight-diff-080.pt,1,0.016,0,0.016
diff-interpretation-tuning/loras/news-summary/gemma3-4b/weight-diffs/weight-diff-082.pt,1,0.014,0,0.014
diff-interpretation-tuning/loras/news-summary/gemma3-4b/weight-diffs/weight-diff-083.pt,1,0.015,0,0.015
diff-interpretation-tuning/loras/news-summary/gemma3-4b/weight-diffs/weight-diff-085.pt,1,0.014,0,0.014
diff-interpretation-tuning/loras/news-summary/gemma3-4b/weight-diffs/weight-diff-086.pt,1,0.014,0,0.014
diff-interpretation-tuning/loras/news-summary/gemma3-4b/weight-diffs/weight-diff-087.pt,1,0.015,0,0.015
diff-interpretation-tuning/loras/news-summary/gemma3-4b/weight-diffs/weight-diff-088.pt,1,0.014,0,0.014
diff-interpretation-tuning/loras/news-summary/gemma3-4b/weight-diffs/weight-diff-090.pt,1,0.015,0,0.015
diff-interpretation-tuning/loras/news-summary/gemma3-4b/weight-diffs/weight-diff-091.pt,1,0.014,0,0.014
diff-interpretation-tuning/loras/news-summary/gemma3-4b/weight-diffs/weight-diff-092.pt,1,0.015,0,0.015
diff-interpretation-tuning/loras/news-summary/gemma3-4b/weight-diffs/weight-diff-093.pt,1,0.014,0,0.014
diff-interpretation-tuning/loras/news-summary/gemma3-4b/weight-diffs/weight-diff-094.pt,1,0.014,0,0.014
diff-interpretation-tuning/loras/news-summary/gemma3-4b/weight-diffs/weight-diff-095.pt,1,0.014,0,0.014
diff-interpretation-tuning/loras/news-summary/gemma3-4b/weight-diffs/weight-diff-097.pt,1,0.014,0,0.014
diff-interpretation-tuning/loras/news-summary/gemma3-4b/weight-diffs/weight-diff-098.pt,1,0.014,0,0.014
diff-interpretation-tuning/loras/news-summary/qwen3-4b/weight-diffs/weight-diff-001.pt,1,0.014,0,0.014
diff-interpretation-tuning/loras/news-summary/qwen3-4b/weight-diffs/weight-diff-005.pt,1,0.015,0,0.015
diff-interpretation-tuning/loras/news-summary/qwen3-4b/weight-diffs/weight-diff-007.pt,1,0.014,0,0.014
diff-interpretation-tuning/loras/news-summary/qwen3-4b/weight-diffs/weight-diff-008.pt,1,0.015,0,0.015
diff-interpretation-tuning/loras/news-summary/qwen3-4b/weight-diffs/weight-diff-009.pt,1,0.015,0,0.015
diff-interpretation-tuning/loras/news-summary/qwen3-4b/weight-diffs/weight-diff-010.pt,1,0.015,0,0.015
diff-interpretation-tuning/loras/news-summary/qwen3-4b/weight-diffs/weight-diff-011.pt,1,0.014,0,0.014
diff-interpretation-tuning/loras/news-summary/qwen3-4b/weight-diffs/weight-diff-014.pt,1,0.015,0,0.015
diff-interpretation-tuning/loras/news-summary/qwen3-4b/weight-diffs/weight-diff-016.pt,1,0.015,0,0.015
diff-interpretation-tuning/loras/news-summary/qwen3-4b/weight-diffs/weight-diff-018.pt,1,0.016,0,0.016
diff-interpretation-tuning/loras/news-summary/qwen3-4b/weight-diffs/weight-diff-019.pt,1,0.015,0,0.015
diff-interpretation-tuning/loras/news-summary/qwen3-4b/weight-diffs/weight-diff-022.pt,1,0.016,0,0.016
diff-interpretation-tuning/loras/news-summary/qwen3-4b/weight-diffs/weight-diff-023.pt,1,0.016,0,0.016
diff-interpretation-tuning/loras/news-summary/qwen3-4b/weight-diffs/weight-diff-024.pt,1,0.015,0,0.015
diff-interpretation-tuning/loras/news-summary/qwen3-4b/weight-diffs/weight-diff-025.pt,1,0.015,0,0.015
diff-interpretation-tuning/loras/news-summary/qwen3-4b/weight-diffs/weight-diff-026.pt,1,0.016,0,0.016
diff-interpretation-tuning/loras/news-summary/qwen3-4b/weight-diffs/weight-diff-028.pt,1,0.014,0,0.014
diff-interpretation-tuning/loras/news-summary/qwen3-4b/weight-diffs/weight-diff-030.pt,1,0.015,0,0.015
diff-interpretation-tuning/loras/news-summary/qwen3-4b/weight-diffs/weight-diff-033.pt,1,0.014,0,0.014
diff-interpretation-tuning/loras/news-summary/qwen3-4b/weight-diffs/weight-diff-034.pt,1,0.015,0,0.015
diff-interpretation-tuning/loras/news-summary/qwen3-4b/weight-diffs/weight-diff-035.pt,1,0.015,0,0.015
diff-interpretation-tuning/loras/news-summary/qwen3-4b/weight-diffs/weight-diff-036.pt,1,0.015,0,0.015
diff-interpretation-tuning/loras/news-summary/qwen3-4b/weight-diffs/weight-diff-037.pt,1,0.015,0,0.015
diff-interpretation-tuning/loras/news-summary/qwen3-4b/weight-diffs/weight-diff-038.pt,1,0.016,0,0.016
diff-interpretation-tuning/loras/news-summary/qwen3-4b/weight-diffs/weight-diff-039.pt,1,0.015,0,0.015
diff-interpretation-tuning/loras/news-summary/qwen3-4b/weight-diffs/weight-diff-041.pt,1,0.196,0,0.196
diff-interpretation-tuning/loras/news-summary/qwen3-4b/weight-diffs/weight-diff-042.pt,1,0.015,0,0.015
diff-interpretation-tuning/loras/news-summary/qwen3-4b/weight-diffs/weight-diff-043.pt,1,0.015,0,0.015
diff-interpretation-tuning/loras/news-summary/qwen3-4b/weight-diffs/weight-diff-044.pt,1,0.015,0,0.015
diff-interpretation-tuning/loras/news-summary/qwen3-4b/weight-diffs/weight-diff-045.pt,1,0.016,0,0.016
diff-interpretation-tuning/loras/news-summary/qwen3-4b/weight-diffs/weight-diff-046.pt,1,0.015,0,0.015
diff-interpretation-tuning/loras/news-summary/qwen3-4b/weight-diffs/weight-diff-047.pt,1,0.015,0,0.015
diff-interpretation-tuning/loras/news-summary/qwen3-4b/weight-diffs/weight-diff-048.pt,1,0.015,0,0.015
diff-interpretation-tuning/loras/news-summary/qwen3-4b/weight-diffs/weight-diff-049.pt,1,0.015,0,0.015
diff-interpretation-tuning/loras/news-summary/qwen3-4b/weight-diffs/weight-diff-050.pt,1,0.014,0,0.014
diff-interpretation-tuning/loras/news-summary/qwen3-4b/weight-diffs/weight-diff-051.pt,1,0.015,0,0.015
diff-interpretation-tuning/loras/news-summary/qwen3-4b/weight-diffs/weight-diff-052.pt,1,0.015,0,0.015
diff-interpretation-tuning/loras/news-summary/qwen3-4b/weight-diffs/weight-diff-053.pt,1,0.016,0,0.016
diff-interpretation-tuning/loras/news-summary/qwen3-4b/weight-diffs/weight-diff-054.pt,1,0.014,0,0.014
diff-interpretation-tuning/loras/news-summary/qwen3-4b/weight-diffs/weight-diff-055.pt,1,0.015,0,0.015
diff-interpretation-tuning/loras/news-summary/qwen3-4b/weight-diffs/weight-diff-056.pt,1,0.014,0,0.014
diff-interpretation-tuning/loras/news-summary/qwen3-4b/weight-diffs/weight-diff-057.pt,1,0.015,0,0.015
diff-interpretation-tuning/loras/news-summary/qwen3-4b/weight-diffs/weight-diff-058.pt,1,0.014,0,0.014
diff-interpretation-tuning/loras/news-summary/qwen3-4b/weight-diffs/weight-diff-059.pt,1,0.016,0,0.016
diff-interpretation-tuning/loras/news-summary/qwen3-4b/weight-diffs/weight-diff-060.pt,1,0.014,0,0.014
diff-interpretation-tuning/loras/news-summary/qwen3-4b/weight-diffs/weight-diff-061.pt,1,0.015,0,0.015
diff-interpretation-tuning/loras/news-summary/qwen3-4b/weight-diffs/weight-diff-062.pt,1,0.014,0,0.014
diff-interpretation-tuning/loras/news-summary/qwen3-4b/weight-diffs/weight-diff-063.pt,1,0.015,0,0.015
diff-interpretation-tuning/loras/news-summary/qwen3-4b/weight-diffs/weight-diff-064.pt,1,0.014,0,0.014
diff-interpretation-tuning/loras/news-summary/qwen3-4b/weight-diffs/weight-diff-065.pt,1,0.015,0,0.015
diff-interpretation-tuning/loras/news-summary/qwen3-4b/weight-diffs/weight-diff-066.pt,1,0.015,0,0.015
diff-interpretation-tuning/loras/news-summary/qwen3-4b/weight-diffs/weight-diff-067.pt,1,0.015,0,0.015
diff-interpretation-tuning/loras/news-summary/qwen3-4b/weight-diffs/weight-diff-068.pt,1,0.015,0,0.015
diff-interpretation-tuning/loras/news-summary/qwen3-4b/weight-diffs/weight-diff-069.pt,1,0.016,0,0.016
diff-interpretation-tuning/loras/news-summary/qwen3-4b/weight-diffs/weight-diff-070.pt,1,0.015,0,0.015
diff-interpretation-tuning/loras/news-summary/qwen3-4b/weight-diffs/weight-diff-071.pt,1,0.016,0,0.016
diff-interpretation-tuning/loras/news-summary/qwen3-4b/weight-diffs/weight-diff-072.pt,1,0.015,0,0.015
diff-interpretation-tuning/loras/news-summary/qwen3-4b/weight-diffs/weight-diff-073.pt,1,0.016,0,0.016
diff-interpretation-tuning/loras/news-summary/qwen3-4b/weight-diffs/weight-diff-074.pt,1,0.015,0,0.015
diff-interpretation-tuning/loras/news-summary/qwen3-4b/weight-diffs/weight-diff-075.pt,1,0.016,0,0.016
diff-interpretation-tuning/loras/news-summary/qwen3-4b/weight-diffs/weight-diff-076.pt,1,0.014,0,0.014
diff-interpretation-tuning/loras/news-summary/qwen3-4b/weight-diffs/weight-diff-077.pt,1,0.015,0,0.015
diff-interpretation-tuning/loras/news-summary/qwen3-4b/weight-diffs/weight-diff-078.pt,1,0.015,0,0.015
diff-interpretation-tuning/loras/news-summary/qwen3-4b/weight-diffs/weight-diff-080.pt,1,0.015,0,0.015
diff-interpretation-tuning/loras/rank-generalization/gemma3-4b-all-linear-layers-with-no-biases/weight-diffs/weight-diff-071.pt,1,0.024,0,0.024
diff-interpretation-tuning/loras/rank-generalization/gemma3-4b-all-linear-layers-with-no-biases/weight-diffs/weight-diff-075.pt,1,0.024,0,0.024
diff-interpretation-tuning/loras/rank-generalization/gemma3-4b-all-linear-layers-with-no-biases/weight-diffs/weight-diff-084.pt,1,0.024,0,0.024
diff-interpretation-tuning/loras/rank-generalization/gemma3-4b-all-linear-layers-with-no-biases/weight-diffs/weight-diff-090.pt,1,0.023,0,0.023
diff-interpretation-tuning/loras/rank-generalization/gemma3-4b-rank-002/weight-diffs/weight-diff-000.pt,1,0.015,0,0.015
diff-interpretation-tuning/loras/rank-generalization/gemma3-4b-rank-002/weight-diffs/weight-diff-007.pt,1,0.015,0,0.015
diff-interpretation-tuning/loras/rank-generalization/gemma3-4b-rank-002/weight-diffs/weight-diff-021.pt,1,0.017,0,0.017
diff-interpretation-tuning/loras/rank-generalization/gemma3-4b-rank-002/weight-diffs/weight-diff-024.pt,1,0.014,0,0.014
diff-interpretation-tuning/loras/rank-generalization/gemma3-4b-rank-002/weight-diffs/weight-diff-028.pt,1,0.014,0,0.014
diff-interpretation-tuning/loras/rank-generalization/gemma3-4b-rank-002/weight-diffs/weight-diff-029.pt,1,0.014,0,0.014
diff-interpretation-tuning/loras/rank-generalization/gemma3-4b-rank-002/weight-diffs/weight-diff-031.pt,1,0.013,0,0.013
diff-interpretation-tuning/loras/rank-generalization/gemma3-4b-rank-002/weight-diffs/weight-diff-044.pt,1,0.014,0,0.014
diff-interpretation-tuning/loras/rank-generalization/gemma3-4b-rank-002/weight-diffs/weight-diff-045.pt,1,0.013,0,0.013
diff-interpretation-tuning/loras/rank-generalization/gemma3-4b-rank-002/weight-diffs/weight-diff-048.pt,1,0.014,0,0.014
diff-interpretation-tuning/loras/rank-generalization/gemma3-4b-rank-002/weight-diffs/weight-diff-049.pt,1,0.014,0,0.014
diff-interpretation-tuning/loras/rank-generalization/gemma3-4b-rank-002/weight-diffs/weight-diff-051.pt,1,0.015,0,0.015
diff-interpretation-tuning/loras/rank-generalization/gemma3-4b-rank-002/weight-diffs/weight-diff-065.pt,1,0.014,0,0.014
diff-interpretation-tuning/loras/rank-generalization/gemma3-4b-rank-002/weight-diffs/weight-diff-066.pt,1,0.014,0,0.014
diff-interpretation-tuning/loras/rank-generalization/gemma3-4b-rank-002/weight-diffs/weight-diff-069.pt,1,0.014,0,0.014
diff-interpretation-tuning/loras/rank-generalization/gemma3-4b-rank-002/weight-diffs/weight-diff-070.pt,1,0.014,0,0.014
diff-interpretation-tuning/loras/rank-generalization/gemma3-4b-rank-002/weight-diffs/weight-diff-073.pt,1,0.014,0,0.014
diff-interpretation-tuning/loras/rank-generalization/gemma3-4b-rank-002/weight-diffs/weight-diff-074.pt,1,0.014,0,0.014
diff-interpretation-tuning/loras/rank-generalization/gemma3-4b-rank-002/weight-diffs/weight-diff-087.pt,1,0.015,0,0.015
diff-interpretation-tuning/loras/rank-generalization/gemma3-4b-rank-002/weight-diffs/weight-diff-089.pt,1,0.015,0,0.015
diff-interpretation-tuning/loras/rank-generalization/gemma3-4b-rank-002/weight-diffs/weight-diff-092.pt,1,0.015,0,0.015
diff-interpretation-tuning/loras/rank-generalization/gemma3-4b-rank-002/weight-diffs/weight-diff-097.pt,1,0.015,0,0.015
diff-interpretation-tuning/loras/rank-generalization/gemma3-4b-rank-002/weight-diffs/weight-diff-098.pt,1,0.014,0,0.014
diff-interpretation-tuning/loras/rank-generalization/gemma3-4b-rank-008/weight-diffs/weight-diff-026.pt,1,0.015,0,0.015
diff-interpretation-tuning/loras/rank-generalization/gemma3-4b-rank-008/weight-diffs/weight-diff-063.pt,1,0.014,0,0.014
diff-interpretation-tuning/loras/rank-generalization/gemma3-4b-rank-016/weight-diffs/weight-diff-064.pt,1,0.016,0,0.016
diff-interpretation-tuning/loras/rank-generalization/gemma3-4b-rank-016/weight-diffs/weight-diff-065.pt,1,0.014,0,0.014
diff-interpretation-tuning/loras/rank-generalization/gemma3-4b-rank-016/weight-diffs/weight-diff-066.pt,1,0.015,0,0.015
diff-interpretation-tuning/loras/rank-generalization/gemma3-4b-rank-016/weight-diffs/weight-diff-067.pt,1,0.014,0,0.014
diff-interpretation-tuning/loras/rank-generalization/gemma3-4b-rank-016/weight-diffs/weight-diff-068.pt,1,0.014,0,0.014
diff-interpretation-tuning/loras/rank-generalization/gemma3-4b-rank-016/weight-diffs/weight-diff-069.pt,1,0.015,0,0.015
diff-interpretation-tuning/loras/rank-generalization/gemma3-4b-rank-016/weight-diffs/weight-diff-070.pt,1,0.014,0,0.014
diff-interpretation-tuning/loras/rank-generalization/gemma3-4b-rank-016/weight-diffs/weight-diff-071.pt,1,0.014,0,0.014
diff-interpretation-tuning/loras/rank-generalization/gemma3-4b-rank-016/weight-diffs/weight-diff-072.pt,1,0.015,0,0.015
diff-interpretation-tuning/loras/rank-generalization/gemma3-4b-rank-016/weight-diffs/weight-diff-077.pt,1,0.015,0,0.015
diff-interpretation-tuning/loras/rank-generalization/gemma3-4b-rank-016/weight-diffs/weight-diff-078.pt,1,0.014,0,0.014
diff-interpretation-tuning/loras/rank-generalization/gemma3-4b-rank-016/weight-diffs/weight-diff-079.pt,1,0.015,0,0.015
diff-interpretation-tuning/loras/rank-generalization/gemma3-4b-rank-016/weight-diffs/weight-diff-080.pt,1,0.014,0,0.014
diff-interpretation-tuning/loras/rank-generalization/gemma3-4b-rank-016/weight-diffs/weight-diff-081.pt,1,0.014,0,0.014
diff-interpretation-tuning/loras/rank-generalization/gemma3-4b-rank-016/weight-diffs/weight-diff-082.pt,1,0.015,0,0.015
diff-interpretation-tuning/loras/rank-generalization/gemma3-4b-rank-016/weight-diffs/weight-diff-083.pt,1,0.015,0,0.015
diff-interpretation-tuning/loras/rank-generalization/gemma3-4b-rank-016/weight-diffs/weight-diff-084.pt,1,0.014,0,0.014
diff-interpretation-tuning/loras/rank-generalization/gemma3-4b-rank-016/weight-diffs/weight-diff-085.pt,1,0.014,0,0.014
diff-interpretation-tuning/loras/rank-generalization/gemma3-4b-rank-016/weight-diffs/weight-diff-086.pt,1,0.014,0,0.014
diff-interpretation-tuning/loras/rank-generalization/gemma3-4b-rank-016/weight-diffs/weight-diff-088.pt,1,0.015,0,0.015
diff-interpretation-tuning/loras/rank-generalization/gemma3-4b-rank-016/weight-diffs/weight-diff-089.pt,1,0.014,0,0.014
diff-interpretation-tuning/loras/rank-generalization/gemma3-4b-rank-016/weight-diffs/weight-diff-092.pt,1,0.015,0,0.015
diff-interpretation-tuning/loras/rank-generalization/gemma3-4b-rank-016/weight-diffs/weight-diff-094.pt,1,0.015,0,0.015
diff-interpretation-tuning/loras/rank-generalization/gemma3-4b-rank-016/weight-diffs/weight-diff-095.pt,1,0.015,0,0.015
diff-interpretation-tuning/loras/rank-generalization/gemma3-4b-rank-016/weight-diffs/weight-diff-096.pt,1,0.127,0,0.127
diff-interpretation-tuning/loras/rank-generalization/gemma3-4b-rank-016/weight-diffs/weight-diff-097.pt,1,0.015,0,0.015
diff-interpretation-tuning/loras/rank-generalization/gemma3-4b-rank-016/weight-diffs/weight-diff-099.pt,1,0.015,0,0.015
diff-interpretation-tuning/loras/rank-generalization/gemma3-4b-rank-032/weight-diffs/weight-diff-000.pt,1,0.015,0,0.015
diff-interpretation-tuning/loras/rank-generalization/gemma3-4b-rank-032/weight-diffs/weight-diff-001.pt,1,0.016,0,0.016
diff-interpretation-tuning/loras/rank-generalization/gemma3-4b-rank-032/weight-diffs/weight-diff-002.pt,1,0.017,0,0.017
diff-interpretation-tuning/loras/rank-generalization/gemma3-4b-rank-032/weight-diffs/weight-diff-003.pt,1,0.017,0,0.017
diff-interpretation-tuning/loras/rank-generalization/gemma3-4b-rank-032/weight-diffs/weight-diff-004.pt,1,0.015,0,0.015
diff-interpretation-tuning/loras/rank-generalization/gemma3-4b-rank-032/weight-diffs/weight-diff-034.pt,1,0.014,0,0.014
diff-interpretation-tuning/loras/rank-generalization/gemma3-4b-rank-064/weight-diffs/weight-diff-025.pt,1,0.015,0,0.015
diff-interpretation-tuning/loras/rank-generalization/gemma3-4b-rank-064/weight-diffs/weight-diff-027.pt,1,0.015,0,0.015
diff-interpretation-tuning/loras/rank-generalization/gemma3-4b-rank-064/weight-diffs/weight-diff-028.pt,1,0.015,0,0.015
diff-interpretation-tuning/loras/rank-generalization/qwen3-4b-rank-004/weight-diffs/weight-diff-000.pt,1,0.016,0,0.016
diff-interpretation-tuning/loras/rank-generalization/qwen3-4b-rank-004/weight-diffs/weight-diff-001.pt,1,0.016,0,0.016
diff-interpretation-tuning/loras/rank-generalization/qwen3-4b-rank-004/weight-diffs/weight-diff-010.pt,1,0.016,0,0.016
diff-interpretation-tuning/loras/rank-generalization/qwen3-4b-rank-004/weight-diffs/weight-diff-011.pt,1,0.016,0,0.016
diff-interpretation-tuning/loras/rank-generalization/qwen3-4b-rank-004/weight-diffs/weight-diff-014.pt,1,0.015,0,0.015
diff-interpretation-tuning/loras/rank-generalization/qwen3-4b-rank-004/weight-diffs/weight-diff-015.pt,1,0.016,0,0.016
diff-interpretation-tuning/loras/rank-generalization/qwen3-4b-rank-004/weight-diffs/weight-diff-018.pt,1,0.016,0,0.016
diff-interpretation-tuning/loras/rank-generalization/qwen3-4b-rank-004/weight-diffs/weight-diff-019.pt,1,0.016,0,0.016
diff-interpretation-tuning/loras/rank-generalization/qwen3-4b-rank-004/weight-diffs/weight-diff-021.pt,1,0.015,0,0.015
diff-interpretation-tuning/loras/rank-generalization/qwen3-4b-rank-004/weight-diffs/weight-diff-023.pt,1,0.016,0,0.016
diff-interpretation-tuning/loras/rank-generalization/qwen3-4b-rank-004/weight-diffs/weight-diff-025.pt,1,0.016,0,0.016
diff-interpretation-tuning/loras/rank-generalization/qwen3-4b-rank-004/weight-diffs/weight-diff-027.pt,1,0.016,0,0.016
diff-interpretation-tuning/loras/rank-generalization/qwen3-4b-rank-004/weight-diffs/weight-diff-030.pt,1,0.015,0,0.015
diff-interpretation-tuning/loras/rank-generalization/qwen3-4b-rank-004/weight-diffs/weight-diff-031.pt,1,0.016,0,0.016
diff-interpretation-tuning/loras/rank-generalization/qwen3-4b-rank-004/weight-diffs/weight-diff-034.pt,1,0.016,0,0.016
diff-interpretation-tuning/loras/rank-generalization/qwen3-4b-rank-004/weight-diffs/weight-diff-035.pt,1,0.016,0,0.016
diff-interpretation-tuning/loras/rank-generalization/qwen3-4b-rank-004/weight-diffs/weight-diff-036.pt,1,0.015,0,0.015
diff-interpretation-tuning/loras/rank-generalization/qwen3-4b-rank-004/weight-diffs/weight-diff-039.pt,1,0.017,0,0.017
diff-interpretation-tuning/loras/rank-generalization/qwen3-4b-rank-004/weight-diffs/weight-diff-040.pt,1,0.018,0,0.018
diff-interpretation-tuning/loras/rank-generalization/qwen3-4b-rank-004/weight-diffs/weight-diff-041.pt,1,0.016,0,0.016
diff-interpretation-tuning/loras/rank-generalization/qwen3-4b-rank-004/weight-diffs/weight-diff-042.pt,1,0.015,0,0.015
diff-interpretation-tuning/loras/rank-generalization/qwen3-4b-rank-004/weight-diffs/weight-diff-044.pt,1,0.017,0,0.017
diff-interpretation-tuning/loras/rank-generalization/qwen3-4b-rank-004/weight-diffs/weight-diff-045.pt,1,0.015,0,0.015
diff-interpretation-tuning/loras/rank-generalization/qwen3-4b-rank-004/weight-diffs/weight-diff-046.pt,1,0.016,0,0.016
diff-interpretation-tuning/loras/rank-generalization/qwen3-4b-rank-004/weight-diffs/weight-diff-047.pt,1,0.02,0,0.02
diff-interpretation-tuning/loras/rank-generalization/qwen3-4b-rank-004/weight-diffs/weight-diff-048.pt,1,0.015,0,0.015
diff-interpretation-tuning/loras/rank-generalization/qwen3-4b-rank-004/weight-diffs/weight-diff-050.pt,1,0.015,0,0.015
diff-interpretation-tuning/loras/rank-generalization/qwen3-4b-rank-004/weight-diffs/weight-diff-054.pt,1,0.016,0,0.016
diff-interpretation-tuning/loras/rank-generalization/qwen3-4b-rank-004/weight-diffs/weight-diff-055.pt,1,0.015,0,0.015
diff-interpretation-tuning/loras/rank-generalization/qwen3-4b-rank-004/weight-diffs/weight-diff-056.pt,1,0.015,0,0.015
diff-interpretation-tuning/loras/rank-generalization/qwen3-4b-rank-004/weight-diffs/weight-diff-057.pt,1,0.015,0,0.015
diff-interpretation-tuning/loras/rank-generalization/qwen3-4b-rank-004/weight-diffs/weight-diff-058.pt,1,0.015,0,0.015
diff-interpretation-tuning/loras/rank-generalization/qwen3-4b-rank-004/weight-diffs/weight-diff-059.pt,1,0.015,0,0.015
diff-interpretation-tuning/loras/rank-generalization/qwen3-4b-rank-004/weight-diffs/weight-diff-060.pt,1,0.016,0,0.016
diff-interpretation-tuning/loras/rank-generalization/qwen3-4b-rank-004/weight-diffs/weight-diff-061.pt,1,0.016,0,0.016
diff-interpretation-tuning/loras/rank-generalization/qwen3-4b-rank-004/weight-diffs/weight-diff-064.pt,1,0.018,0,0.018
diff-interpretation-tuning/loras/rank-generalization/qwen3-4b-rank-004/weight-diffs/weight-diff-065.pt,1,0.017,0,0.017
diff-interpretation-tuning/loras/rank-generalization/qwen3-4b-rank-004/weight-diffs/weight-diff-066.pt,1,0.016,0,0.016
diff-interpretation-tuning/loras/rank-generalization/qwen3-4b-rank-004/weight-diffs/weight-diff-067.pt,1,0.015,0,0.015
diff-interpretation-tuning/loras/rank-generalization/qwen3-4b-rank-004/weight-diffs/weight-diff-068.pt,1,0.016,0,0.016
diff-interpretation-tuning/loras/rank-generalization/qwen3-4b-rank-004/weight-diffs/weight-diff-069.pt,1,0.016,0,0.016
diff-interpretation-tuning/loras/rank-generalization/qwen3-4b-rank-004/weight-diffs/weight-diff-070.pt,1,0.015,0,0.015
diff-interpretation-tuning/loras/rank-generalization/qwen3-4b-rank-004/weight-diffs/weight-diff-071.pt,1,0.016,0,0.016
diff-interpretation-tuning/loras/rank-generalization/qwen3-4b-rank-004/weight-diffs/weight-diff-072.pt,1,0.016,0,0.016
diff-interpretation-tuning/loras/rank-generalization/qwen3-4b-rank-004/weight-diffs/weight-diff-073.pt,1,0.015,0,0.015
diff-interpretation-tuning/loras/rank-generalization/qwen3-4b-rank-004/weight-diffs/weight-diff-074.pt,1,0.014,0,0.014
diff-interpretation-tuning/loras/rank-generalization/qwen3-4b-rank-004/weight-diffs/weight-diff-075.pt,1,0.015,0,0.015
diff-interpretation-tuning/loras/rank-generalization/qwen3-4b-rank-004/weight-diffs/weight-diff-076.pt,1,0.015,0,0.015
diff-interpretation-tuning/loras/rank-generalization/qwen3-4b-rank-004/weight-diffs/weight-diff-077.pt,1,0.015,0,0.015
diff-interpretation-tuning/loras/rank-generalization/qwen3-4b-rank-004/weight-diffs/weight-diff-078.pt,1,0.016,0,0.016
diff-interpretation-tuning/loras/rank-generalization/qwen3-4b-rank-004/weight-diffs/weight-diff-079.pt,1,0.015,0,0.015
diff-interpretation-tuning/loras/rank-generalization/qwen3-4b-rank-004/weight-diffs/weight-diff-080.pt,1,0.016,0,0.016
diff-interpretation-tuning/loras/rank-generalization/qwen3-4b-rank-004/weight-diffs/weight-diff-081.pt,1,0.015,0,0.015
diff-interpretation-tuning/loras/rank-generalization/qwen3-4b-rank-004/weight-diffs/weight-diff-082.pt,1,0.015,0,0.015
diff-interpretation-tuning/loras/rank-generalization/qwen3-4b-rank-004/weight-diffs/weight-diff-083.pt,1,0.015,0,0.015
diff-interpretation-tuning/loras/rank-generalization/qwen3-4b-rank-004/weight-diffs/weight-diff-084.pt,1,0.015,0,0.015
diff-interpretation-tuning/loras/rank-generalization/qwen3-4b-rank-004/weight-diffs/weight-diff-085.pt,1,0.015,0,0.015
diff-interpretation-tuning/loras/rank-generalization/qwen3-4b-rank-004/weight-diffs/weight-diff-086.pt,1,0.016,0,0.016
diff-interpretation-tuning/loras/rank-generalization/qwen3-4b-rank-004/weight-diffs/weight-diff-087.pt,1,0.015,0,0.015
diff-interpretation-tuning/loras/rank-generalization/qwen3-4b-rank-004/weight-diffs/weight-diff-088.pt,1,0.017,0,0.017
diff-interpretation-tuning/loras/rank-generalization/qwen3-4b-rank-004/weight-diffs/weight-diff-089.pt,1,0.016,0,0.016
diff-interpretation-tuning/loras/rank-generalization/qwen3-4b-rank-004/weight-diffs/weight-diff-090.pt,1,0.015,0,0.015
diff-interpretation-tuning/loras/rank-generalization/qwen3-4b-rank-004/weight-diffs/weight-diff-091.pt,1,0.015,0,0.015
diff-interpretation-tuning/loras/rank-generalization/qwen3-4b-rank-004/weight-diffs/weight-diff-092.pt,1,0.015,0,0.015
diff-interpretation-tuning/loras/rank-generalization/qwen3-4b-rank-004/weight-diffs/weight-diff-093.pt,1,0.015,0,0.015
diff-interpretation-tuning/loras/rank-generalization/qwen3-4b-rank-004/weight-diffs/weight-diff-094.pt,1,0.015,0,0.015
diff-interpretation-tuning/loras/rank-generalization/qwen3-4b-rank-004/weight-diffs/weight-diff-095.pt,1,0.015,0,0.015
diff-interpretation-tuning/loras/rank-generalization/qwen3-4b-rank-004/weight-diffs/weight-diff-096.pt,1,0.016,0,0.016
diff-interpretation-tuning/loras/rank-generalization/qwen3-4b-rank-004/weight-diffs/weight-diff-097.pt,1,0.017,0,0.017
diff-interpretation-tuning/loras/rank-generalization/qwen3-4b-rank-004/weight-diffs/weight-diff-098.pt,1,0.016,0,0.016
diff-interpretation-tuning/loras/rank-generalization/qwen3-4b-rank-004/weight-diffs/weight-diff-099.pt,1,0.015,0,0.015
diff-interpretation-tuning/loras/rank-generalization/qwen3-4b-rank-008/weight-diffs/weight-diff-038.pt,1,0.015,0,0.015
diff-interpretation-tuning/loras/rank-generalization/qwen3-4b-rank-008/weight-diffs/weight-diff-041.pt,1,0.016,0,0.016
diff-interpretation-tuning/loras/rank-generalization/qwen3-4b-rank-008/weight-diffs/weight-diff-050.pt,1,0.014,0,0.014
diff-interpretation-tuning/loras/rank-generalization/qwen3-4b-rank-008/weight-diffs/weight-diff-053.pt,1,0.015,0,0.015
diff-interpretation-tuning/loras/rank-generalization/qwen3-4b-rank-008/weight-diffs/weight-diff-062.pt,1,0.015,0,0.015
diff-interpretation-tuning/loras/rank-generalization/qwen3-4b-rank-008/weight-diffs/weight-diff-077.pt,1,0.016,0,0.016
diff-interpretation-tuning/loras/rank-generalization/qwen3-4b-rank-008/weight-diffs/weight-diff-083.pt,1,0.017,0,0.017
diff-interpretation-tuning/loras/rank-generalization/qwen3-4b-rank-008/weight-diffs/weight-diff-087.pt,1,0.015,0,0.015
diff-interpretation-tuning/loras/rank-generalization/qwen3-4b-rank-008/weight-diffs/weight-diff-092.pt,1,0.015,0,0.015
diff-interpretation-tuning/loras/rank-generalization/qwen3-4b-rank-008/weight-diffs/weight-diff-095.pt,1,0.015,0,0.015
diff-interpretation-tuning/loras/rank-generalization/qwen3-4b-rank-064/weight-diffs/weight-diff-039.pt,1,0.015,0,0.015
diff-interpretation-tuning/loras/rank-generalization/qwen3-4b-rank-064/weight-diffs/weight-diff-064.pt,1,0.123,0,0.123
diff-interpretation-tuning/loras/rank-generalization/qwen3-4b-rank-064/weight-diffs/weight-diff-065.pt,1,0.015,0,0.015
diff-interpretation-tuning/loras/rank-generalization/qwen3-4b-rank-064/weight-diffs/weight-diff-066.pt,1,0.016,0,0.016
diff-interpretation-tuning/loras/rank-generalization/qwen3-4b-rank-064/weight-diffs/weight-diff-067.pt,1,0.016,0,0.016
diff-interpretation-tuning/loras/rank-generalization/qwen3-4b-rank-064/weight-diffs/weight-diff-068.pt,1,0.017,0,0.017
diff-interpretation-tuning/loras/rank-generalization/qwen3-4b-rank-064/weight-diffs/weight-diff-069.pt,1,0.015,0,0.015
diff-interpretation-tuning/loras/rank-generalization/qwen3-4b-rank-064/weight-diffs/weight-diff-070.pt,1,0.016,0,0.016
diff-interpretation-tuning/loras/rank-generalization/qwen3-4b-rank-064/weight-diffs/weight-diff-071.pt,1,0.017,0,0.017
diff-interpretation-tuning/loras/rank-generalization/qwen3-4b-rank-064/weight-diffs/weight-diff-077.pt,1,0.017,0,0.017
diff-interpretation-tuning/loras/rank-generalization/qwen3-4b-rank-064/weight-diffs/weight-diff-078.pt,1,0.016,0,0.016
diff-interpretation-tuning/loras/trigger-generalization/qwen3-4b-zero-width-random/weight-diffs/weight-diff-001.pt,1,0.135,0,0.135
Saidakbar01/whisper-uz-finetuned/training_args.bin,1,0.007,3.337,3.344
nvidia/nemotron-speech-streaming-en-0.6b/nemotron-speech-streaming-en-0.6b.nemo,1,2.549,0,2.549
nvidia/diar_streaming_sortformer_4spk-v2.1/diar_streaming_sortformer_4spk-v2.1.nemo,1,0.505,0,0.505
nvidia/parakeet-tdt-0.6b-v3/parakeet-tdt-0.6b-v3.nemo,1,2.555,0,2.555
nvidia/canary-1b-v2/canary-1b-v2.nemo,1,6.442,0,6.442
optimum-intel-internal-testing/tiny-random-CodeGenForCausalLM/pytorch_model.bin,1,0.008,0,0.008
optimum-intel-internal-testing/tiny-random-GPTNeoXForCausalLM/pytorch_model.bin,1,0.007,0,0.007
facebook/sam3.1/sam3.1_multiplex.pt,1,0.034,0,0.034
optimum-intel-internal-testing/tiny-random-Data2VecAudioModel/pytorch_model.bin,1,0.008,0,0.008
timm/convnext_base.dinov3_lvd1689m/pytorch_model.bin,1,0.012,0,0.012
fancyfeast/bigaspv2-5/training-checkpoints/test_215/ep10-ba35889-rank0_stripped.pt,1,0.072,2.811,2.883
fancyfeast/bigaspv2-5/training-checkpoints/test_215/ep2-ba8301-rank0_stripped.pt,1,0.061,3.428,3.489
fancyfeast/bigaspv2-5/training-checkpoints/test_215/ep2-ba8790-rank0_stripped.pt,1,0.064,2.898,2.962
fancyfeast/bigaspv2-5/training-checkpoints/test_215/ep5-ba18067-rank0_stripped.pt,1,0.163,2.957,3.12
fancyfeast/bigaspv2-5/training-checkpoints/test_215/ep6-ba20020-rank0.pt,1,0.151,2.759,2.91
OpenMed/OpenMed-ZeroShot-NER-Anatomy-Medium-209M/pytorch_model.bin,1,0.015,0,0.015
nm-testing/qwen3-8b-peagle-speculators/optimizer_state_dict.pt,1,0.009,0,0.009
nm-testing/qwen3-8b-peagle-speculators/snapshots/48caff875fa217da907d9a4d2468e3a9f5d1ae0e/optimizer_state_dict.pt,1,0.009,0,0.009
OpenMed/OpenMed-ZeroShot-NER-Pharma-Multi-209M/pytorch_model.bin,1,0.011,0,0.011
OpenMed/OpenMed-ZeroShot-NER-Pharma-Tiny-60M/pytorch_model.bin,1,0.008,0,0.008
optimum-intel-internal-testing/tiny-random-LevitModel/pytorch_model.bin,1,0.01,0,0.01
ayushgupta7777/safetyvision-yolov8/best.pt,1,0.037,3.241,3.278
OpenMed/OpenMed-ZeroShot-NER-BloodCancer-Medium-209M/pytorch_model.bin,1,0.011,0,0.011
OpenMed/OpenMed-ZeroShot-NER-Species-Tiny-60M/pytorch_model.bin,1,0.008,0,0.008
pyannoteAI/parakeet-tdt-0.6b-v3/parakeet-tdt-0.6b-v3.nemo,1,2.559,0,2.559
timm/vit_small_patch16_dinov3_qkvb.lvd1689m/pytorch_model.bin,1,0.011,0,0.011
nvidia/nemo-nano-codec-22khz-1.89kbps-21.5fps/nemo-nano-codec-22khz-1.89kbps-21.5fps.nemo,1,0.459,0,0.459
OpenMed/OpenMed-ZeroShot-NER-Pathology-XLarge-770M/pytorch_model.bin,1,0.017,0,0.017
OpenMed/OpenMed-ZeroShot-NER-Species-Multi-209M/pytorch_model.bin,1,0.01,0,0.01
allenai/OlmoEarth-v1-Large/weights.pth,1,0.002,0,0.002
nvidia/C-RADIOv4-H/c-radio_v4-h_half.pth.tar,1,0.015,2.119,2.134
arda-argmax/sortformer-finetuned/4spk-v0.3-bs1-acc8-l4-diskcache-shardedval-v1-1778065009/best.nemo,1,0.504,0,0.504
arda-argmax/sortformer-finetuned/6spk-ami-sdm-debug-bs10-a100-80gb-1gpu-v1-1781805281/best.nemo,1,0.51,0,0.51
arda-argmax/sortformer-finetuned/6spk-ami-sdm-debug-bs10-a100-80gb-1gpu-v1-1781805281/checkpoints/step_130_epoch_1_val-der_0.1837.nemo,1,0.503,0,0.503
arda-argmax/sortformer-finetuned/6spk-ami-sdm-debug-bs10-a100-80gb-1gpu-v1-1781805281/checkpoints/step_210_epoch_2_val-der_0.1709.nemo,1,0.503,0,0.503
arda-argmax/sortformer-finetuned/6spk-ami-sdm-debug-bs10-a100-80gb-1gpu-v1-1781805281/checkpoints/step_50_epoch_0_val-der_0.3708.nemo,1,0.503,0,0.503
arda-argmax/sortformer-finetuned/6spk-ami-sdm-flac-debug-bs10-a100-80gb-1gpu-v1-1781828240/best.nemo,1,0.503,0,0.503
arda-argmax/sortformer-finetuned/6spk-ami-sdm-flac-debug-bs10-a100-80gb-1gpu-v1-1781828240/checkpoints/step_130_epoch_1_val-der_0.1841.nemo,1,0.503,0,0.503
arda-argmax/sortformer-finetuned/6spk-ami-sdm-flac-debug-bs10-a100-80gb-1gpu-v1-1781828240/checkpoints/step_210_epoch_2_val-der_0.1806.nemo,1,0.507,0,0.507
arda-argmax/sortformer-finetuned/6spk-ami-sdm-flac-debug-bs10-a100-80gb-1gpu-v1-1781828240/checkpoints/step_50_epoch_0_val-der_0.3563.nemo,1,0.503,0,0.503
arda-argmax/sortformer-finetuned/6spk-debug-prepared-shar-worldfix-1780478585/best.nemo,1,0.503,0,0.503
arda-argmax/sortformer-finetuned/6spk-debug-prepared-shar-worldfix-1780478585/checkpoints/step_2_epoch_0_val-der_1.3011.nemo,1,0.606,0,0.606
arda-argmax/sortformer-finetuned/6spk-debug-prepared-shar-worldfix-1780478585/checkpoints/step_4_epoch_1_val-der_1.1216.nemo,1,0.504,0,0.504
arda-argmax/sortformer-finetuned/6spk-fullrandom-bs10-ga8-a100-80gb-1gpu-lr1e-4-lr-v1-1781045285/best.nemo,1,0.502,0,0.502
arda-argmax/sortformer-finetuned/6spk-fullrandom-bs10-ga8-a100-80gb-1gpu-lr1e-4-lr-v1-1781045285/checkpoints/step_6_epoch_0_val-der_1.0000.nemo,1,0.507,0,0.507
arda-argmax/sortformer-finetuned/6spk-v0.3-bs1-acc8-l4-diskcache-shardedval-v1-1778010364/best.nemo,1,0.505,0,0.505
arda-argmax/sortformer-finetuned/6spk-v0.4-ami-bs1-acc8-l4-diskcache-shardedval-v1-1778218672/best.nemo,1,0.502,0,0.502
arda-argmax/sortformer-finetuned/6spk-v0.4-ami-bs1-acc8-l4-diskcache-shardedval-v1-1778218672/checkpoints/step_1080_epoch_2_val-der_0.1535.nemo,1,0.506,0,0.506
arda-argmax/sortformer-finetuned/6spk-v0.4-ami-bs1-acc8-l4-diskcache-shardedval-v1-1778218672/checkpoints/step_1170_epoch_2_val-der_0.1446.nemo,1,0.502,0,0.502
arda-argmax/sortformer-finetuned/6spk-v0.4-ami-bs1-acc8-l4-diskcache-shardedval-v1-1778218672/checkpoints/step_1350_epoch_2_val-der_0.1436.nemo,1,0.505,0,0.505
arda-argmax/sortformer-finetuned/6spk-v0.4-ami-bs1-acc8-l4-diskcache-shardedval-v1-1778218672/checkpoints/step_1440_epoch_3_val-der_0.1423.nemo,1,0.51,0,0.51
arda-argmax/sortformer-finetuned/6spk-v0.4-ami-bs1-acc8-l4-diskcache-shardedval-v1-1778218672/checkpoints/step_1530_epoch_3_val-der_0.1397.nemo,1,0.508,0,0.508
arda-argmax/sortformer-finetuned/6spk-v0.4-ami-bs1-acc8-l4-diskcache-shardedval-v1-1778218672/checkpoints/step_1620_epoch_3_val-der_0.1388.nemo,1,0.505,0,0.505
arda-argmax/sortformer-finetuned/6spk-v0.4-ami-bs1-acc8-l4-diskcache-shardedval-v1-1778218672/checkpoints/step_1710_epoch_3_val-der_0.1382.nemo,1,0.505,0,0.505
arda-argmax/sortformer-finetuned/6spk-v0.4-ami-bs1-acc8-l4-diskcache-shardedval-v1-1778218672/checkpoints/step_180_epoch_0_val-der_0.2089.nemo,1,0.505,0,0.505
arda-argmax/sortformer-finetuned/6spk-v0.4-ami-bs1-acc8-l4-diskcache-shardedval-v1-1778218672/checkpoints/step_1980_epoch_4_val-der_0.1346.nemo,1,0.504,0,0.504
arda-argmax/sortformer-finetuned/6spk-v0.4-ami-bs1-acc8-l4-diskcache-shardedval-v1-1778218672/checkpoints/step_2430_epoch_5_val-der_0.1340.nemo,1,0.509,0,0.509
arda-argmax/sortformer-finetuned/6spk-v0.4-ami-bs1-acc8-l4-diskcache-shardedval-v1-1778218672/checkpoints/step_2520_epoch_5_val-der_0.1338.nemo,1,0.503,0,0.503
arda-argmax/sortformer-finetuned/6spk-v0.4-ami-bs1-acc8-l4-diskcache-shardedval-v1-1778218672/checkpoints/step_2700_epoch_5_val-der_0.1335.nemo,1,0.504,0,0.504
arda-argmax/sortformer-finetuned/6spk-v0.4-ami-bs1-acc8-l4-diskcache-shardedval-v1-1778218672/checkpoints/step_270_epoch_0_val-der_0.2001.nemo,1,0.51,0,0.51
arda-argmax/sortformer-finetuned/6spk-v0.4-ami-bs1-acc8-l4-diskcache-shardedval-v1-1778218672/checkpoints/step_3060_epoch_6_val-der_0.1302.nemo,1,0.503,0,0.503
arda-argmax/sortformer-finetuned/6spk-v0.4-ami-bs1-acc8-l4-diskcache-shardedval-v1-1778218672/checkpoints/step_360_epoch_0_val-der_0.1928.nemo,1,0.505,0,0.505
arda-argmax/sortformer-finetuned/6spk-v0.4-ami-bs1-acc8-l4-diskcache-shardedval-v1-1778218672/checkpoints/step_3870_epoch_8_val-der_0.1289.nemo,1,0.504,0,0.504
arda-argmax/sortformer-finetuned/6spk-v0.4-ami-bs1-acc8-l4-diskcache-shardedval-v1-1778218672/checkpoints/step_3960_epoch_8_val-der_0.1285.nemo,1,0.503,0,0.503
arda-argmax/sortformer-finetuned/6spk-v0.4-ami-bs1-acc8-l4-diskcache-shardedval-v1-1778218672/checkpoints/step_4140_epoch_9_val-der_0.1280.nemo,1,0.509,0,0.509
arda-argmax/sortformer-finetuned/6spk-v0.4-ami-bs1-acc8-l4-diskcache-shardedval-v1-1778218672/checkpoints/step_450_epoch_0_val-der_0.1911.nemo,1,0.504,0,0.504
arda-argmax/sortformer-finetuned/6spk-v0.4-ami-bs1-acc8-l4-diskcache-shardedval-v1-1778218672/checkpoints/step_540_epoch_1_val-der_0.1894.nemo,1,0.611,0,0.611
arda-argmax/sortformer-finetuned/6spk-v0.4-ami-bs1-acc8-l4-diskcache-shardedval-v1-1778218672/checkpoints/step_630_epoch_1_val-der_0.1871.nemo,1,0.512,0,0.512
arda-argmax/sortformer-finetuned/6spk-v0.4-ami-bs1-acc8-l4-diskcache-shardedval-v1-1778218672/checkpoints/step_720_epoch_1_val-der_0.1813.nemo,1,0.503,0,0.503
arda-argmax/sortformer-finetuned/6spk-v0.4-ami-bs1-acc8-l4-diskcache-shardedval-v1-1778218672/checkpoints/step_900_epoch_1_val-der_0.1706.nemo,1,0.503,0,0.503
arda-argmax/sortformer-finetuned/6spk-v0.4-ami-bs1-acc8-l4-diskcache-shardedval-v1-1778218672/checkpoints/step_90_epoch_0_val-der_0.3542.nemo,1,0.509,0,0.509
arda-argmax/sortformer-finetuned/6spk-v0.4-ami-bs1-acc8-l4-diskcache-shardedval-v1-1778218672/checkpoints/step_990_epoch_2_val-der_0.1561.nemo,1,0.506,0,0.506
arda-argmax/sortformer-finetuned/6spk-v0.4-librispeech-ami-bs1-acc8-l4-diskcache-shardedval-v3-1778228622/best.nemo,1,0.503,0,0.503
arda-argmax/sortformer-finetuned/6spk-v0.4-librispeech-ami-bs1-acc8-l4-diskcache-shardedval-v3-1778228622/checkpoints/step_1440_epoch_1_val-der_0.2048.nemo,1,0.509,0,0.509
arda-argmax/sortformer-finetuned/6spk-v0.4-librispeech-ami-bs1-acc8-l4-diskcache-shardedval-v3-1778228622/checkpoints/step_1530_epoch_1_val-der_0.2042.nemo,1,0.504,0,0.504
arda-argmax/sortformer-finetuned/6spk-v0.4-librispeech-ami-bs1-acc8-l4-diskcache-shardedval-v3-1778228622/checkpoints/step_1620_epoch_1_val-der_0.2035.nemo,1,0.502,0,0.502
arda-argmax/sortformer-finetuned/6spk-v0.4-librispeech-ami-bs1-acc8-l4-diskcache-shardedval-v3-1778228622/checkpoints/step_180_epoch_0_val-der_0.2159.nemo,1,0.508,0,0.508
arda-argmax/sortformer-finetuned/6spk-v0.4-librispeech-ami-bs1-acc8-l4-diskcache-shardedval-v3-1778228622/checkpoints/step_270_epoch_0_val-der_0.2146.nemo,1,0.504,0,0.504
arda-argmax/sortformer-finetuned/6spk-v0.4-librispeech-ami-bs1-acc8-l4-diskcache-shardedval-v3-1778228622/checkpoints/step_360_epoch_0_val-der_0.2138.nemo,1,0.505,0,0.505
arda-argmax/sortformer-finetuned/6spk-v0.4-librispeech-ami-bs1-acc8-l4-diskcache-shardedval-v3-1778228622/checkpoints/step_450_epoch_0_val-der_0.2116.nemo,1,0.508,0,0.508
arda-argmax/sortformer-finetuned/6spk-v0.4-librispeech-ami-bs1-acc8-l4-diskcache-shardedval-v3-1778228622/checkpoints/step_630_epoch_0_val-der_0.2103.nemo,1,0.503,0,0.503
arda-argmax/sortformer-finetuned/6spk-v0.4-librispeech-ami-bs1-acc8-l4-diskcache-shardedval-v3-1778228622/checkpoints/step_810_epoch_0_val-der_0.2059.nemo,1,0.504,0,0.504
arda-argmax/sortformer-finetuned/6spk-v0.4-librispeech-ami-bs1-acc8-l4-diskcache-shardedval-v3-1778228622/checkpoints/step_90_epoch_0_val-der_0.2223.nemo,1,0.507,0,0.507
arda-argmax/sortformer-finetuned/6spk-v0.4-librispeech-ami-bs1-acc8-l4-diskcache-shardedval-v5-1778286481/best.nemo,1,0.503,0,0.503
arda-argmax/sortformer-finetuned/6spk-v0.4-librispeech-ami-bs1-acc8-l4-diskcache-shardedval-v5-1778286481/checkpoints/step_1080_epoch_1_val-der_0.1398.nemo,1,0.503,0,0.503
arda-argmax/sortformer-finetuned/6spk-v0.4-librispeech-ami-bs1-acc8-l4-diskcache-shardedval-v5-1778286481/checkpoints/step_1260_epoch_1_val-der_0.1390.nemo,1,0.504,0,0.504
arda-argmax/sortformer-finetuned/6spk-v0.4-librispeech-ami-bs1-acc8-l4-diskcache-shardedval-v5-1778286481/checkpoints/step_1350_epoch_1_val-der_0.1374.nemo,1,0.504,0,0.504
arda-argmax/sortformer-finetuned/6spk-v0.4-librispeech-ami-bs1-acc8-l4-diskcache-shardedval-v5-1778286481/checkpoints/step_1440_epoch_1_val-der_0.1353.nemo,1,0.511,0,0.511
arda-argmax/sortformer-finetuned/6spk-v0.4-librispeech-ami-bs1-acc8-l4-diskcache-shardedval-v5-1778286481/checkpoints/step_1530_epoch_1_val-der_0.1346.nemo,1,0.508,0,0.508
arda-argmax/sortformer-finetuned/6spk-v0.4-librispeech-ami-bs1-acc8-l4-diskcache-shardedval-v5-1778286481/checkpoints/step_1710_epoch_1_val-der_0.1343.nemo,1,0.505,0,0.505
arda-argmax/sortformer-finetuned/6spk-v0.4-librispeech-ami-bs1-acc8-l4-diskcache-shardedval-v5-1778286481/checkpoints/step_1800_epoch_1_val-der_0.1334.nemo,1,0.502,0,0.502
arda-argmax/sortformer-finetuned/6spk-v0.4-librispeech-ami-bs1-acc8-l4-diskcache-shardedval-v5-1778286481/checkpoints/step_180_epoch_0_val-der_0.2056.nemo,1,0.606,0,0.606
arda-argmax/sortformer-finetuned/6spk-v0.4-librispeech-ami-bs1-acc8-l4-diskcache-shardedval-v5-1778286481/checkpoints/step_2070_epoch_2_val-der_0.1327.nemo,1,0.505,0,0.505
arda-argmax/sortformer-finetuned/6spk-v0.4-librispeech-ami-bs1-acc8-l4-diskcache-shardedval-v5-1778286481/checkpoints/step_2160_epoch_2_val-der_0.1317.nemo,1,0.502,0,0.502
arda-argmax/sortformer-finetuned/6spk-v0.4-librispeech-ami-bs1-acc8-l4-diskcache-shardedval-v5-1778286481/checkpoints/step_2250_epoch_2_val-der_0.1302.nemo,1,0.507,0,0.507
arda-argmax/sortformer-finetuned/6spk-v0.4-librispeech-ami-bs1-acc8-l4-diskcache-shardedval-v5-1778286481/checkpoints/step_2520_epoch_2_val-der_0.1283.nemo,1,0.505,0,0.505
arda-argmax/sortformer-finetuned/6spk-v0.4-librispeech-ami-bs1-acc8-l4-diskcache-shardedval-v5-1778286481/checkpoints/step_270_epoch_0_val-der_0.1998.nemo,1,0.503,0,0.503
arda-argmax/sortformer-finetuned/6spk-v0.4-librispeech-ami-bs1-acc8-l4-diskcache-shardedval-v5-1778286481/checkpoints/step_2880_epoch_3_val-der_0.1271.nemo,1,0.509,0,0.509
arda-argmax/sortformer-finetuned/6spk-v0.4-librispeech-ami-bs1-acc8-l4-diskcache-shardedval-v5-1778286481/checkpoints/step_3060_epoch_3_val-der_0.1269.nemo,1,0.504,0,0.504
arda-argmax/sortformer-finetuned/6spk-v0.4-librispeech-ami-bs1-acc8-l4-diskcache-shardedval-v5-1778286481/checkpoints/step_3240_epoch_3_val-der_0.1268.nemo,1,0.509,0,0.509
arda-argmax/sortformer-finetuned/6spk-v0.4-librispeech-ami-bs1-acc8-l4-diskcache-shardedval-v5-1778286481/checkpoints/step_3330_epoch_3_val-der_0.1266.nemo,1,0.511,0,0.511
arda-argmax/sortformer-finetuned/6spk-v0.4-librispeech-ami-bs1-acc8-l4-diskcache-shardedval-v5-1778286481/checkpoints/step_3420_epoch_3_val-der_0.1252.nemo,1,0.504,0,0.504
arda-argmax/sortformer-finetuned/6spk-v0.4-librispeech-ami-bs1-acc8-l4-diskcache-shardedval-v5-1778286481/checkpoints/step_360_epoch_0_val-der_0.1911.nemo,1,0.503,0,0.503
arda-argmax/sortformer-finetuned/6spk-v0.4-librispeech-ami-bs1-acc8-l4-diskcache-shardedval-v5-1778286481/checkpoints/step_4050_epoch_4_val-der_0.1241.nemo,1,0.509,0,0.509
arda-argmax/sortformer-finetuned/6spk-v0.4-librispeech-ami-bs1-acc8-l4-diskcache-shardedval-v5-1778286481/checkpoints/step_4410_epoch_4_val-der_0.1238.nemo,1,0.505,0,0.505
arda-argmax/sortformer-finetuned/6spk-v0.4-librispeech-ami-bs1-acc8-l4-diskcache-shardedval-v5-1778286481/checkpoints/step_450_epoch_0_val-der_0.1895.nemo,1,0.503,0,0.503
arda-argmax/sortformer-finetuned/6spk-v0.4-librispeech-ami-bs1-acc8-l4-diskcache-shardedval-v5-1778286481/checkpoints/step_4770_epoch_5_val-der_0.1237.nemo,1,0.506,0,0.506
arda-argmax/sortformer-finetuned/6spk-v0.4-librispeech-ami-bs1-acc8-l4-diskcache-shardedval-v5-1778286481/checkpoints/step_4950_epoch_5_val-der_0.1219.nemo,1,0.505,0,0.505
arda-argmax/sortformer-finetuned/6spk-v0.4-librispeech-ami-bs1-acc8-l4-diskcache-shardedval-v5-1778286481/checkpoints/step_540_epoch_0_val-der_0.1872.nemo,1,0.503,0,0.503
arda-argmax/sortformer-finetuned/6spk-v0.4-librispeech-ami-bs1-acc8-l4-diskcache-shardedval-v5-1778286481/checkpoints/step_5940_epoch_6_val-der_0.1207.nemo,1,0.507,0,0.507
arda-argmax/sortformer-finetuned/6spk-v0.4-librispeech-ami-bs1-acc8-l4-diskcache-shardedval-v5-1778286481/checkpoints/step_630_epoch_0_val-der_0.1612.nemo,1,0.503,0,0.503
arda-argmax/sortformer-finetuned/6spk-v0.4-librispeech-ami-bs1-acc8-l4-diskcache-shardedval-v5-1778286481/checkpoints/step_6390_epoch_7_val-der_0.1200.nemo,1,0.504,0,0.504
arda-argmax/sortformer-finetuned/6spk-v0.4-librispeech-ami-bs1-acc8-l4-diskcache-shardedval-v5-1778286481/checkpoints/step_720_epoch_0_val-der_0.1542.nemo,1,0.506,0,0.506
arda-argmax/sortformer-finetuned/6spk-v0.4-librispeech-ami-bs1-acc8-l4-diskcache-shardedval-v5-1778286481/checkpoints/step_7290_epoch_8_val-der_0.1193.nemo,1,0.504,0,0.504
arda-argmax/sortformer-finetuned/6spk-v0.4-librispeech-ami-bs1-acc8-l4-diskcache-shardedval-v5-1778286481/checkpoints/step_7470_epoch_8_val-der_0.1188.nemo,1,0.504,0,0.504
arda-argmax/sortformer-finetuned/6spk-v0.4-librispeech-ami-bs1-acc8-l4-diskcache-shardedval-v5-1778286481/checkpoints/step_7560_epoch_8_val-der_0.1182.nemo,1,0.508,0,0.508
arda-argmax/sortformer-finetuned/6spk-v0.4-librispeech-ami-bs1-acc8-l4-diskcache-shardedval-v5-1778286481/checkpoints/step_810_epoch_0_val-der_0.1480.nemo,1,0.604,0,0.604
arda-argmax/sortformer-finetuned/6spk-v0.4-librispeech-ami-bs1-acc8-l4-diskcache-shardedval-v5-1778286481/checkpoints/step_900_epoch_0_val-der_0.1433.nemo,1,0.505,0,0.505
arda-argmax/sortformer-finetuned/6spk-v0.4-librispeech-ami-bs1-acc8-l4-diskcache-shardedval-v5-1778286481/checkpoints/step_90_epoch_0_val-der_0.2223.nemo,1,0.504,0,0.504
arda-argmax/sortformer-finetuned/6spk-v0.4-librispeech-ami-bs1-acc8-l4-diskcache-shardedval-v5-1778286481/checkpoints/step_990_epoch_1_val-der_0.1429.nemo,1,0.507,0,0.507
arda-argmax/sortformer-finetuned/6spk-v0.4-librispeech-bs1-acc8-l4-diskcache-shardedval-v1-1778198761/best.nemo,1,0.503,0,0.503
arda-argmax/sortformer-finetuned/6spk-v0.4-librispeech-bs1-acc8-l4-diskcache-shardedval-v1-1778198761/checkpoints/step_1080_epoch_2_val-der_0.1069.nemo,1,0.502,0,0.502
arda-argmax/sortformer-finetuned/6spk-v0.4-librispeech-bs1-acc8-l4-diskcache-shardedval-v1-1778198761/checkpoints/step_1170_epoch_2_val-der_0.1058.nemo,1,0.504,0,0.504
arda-argmax/sortformer-finetuned/6spk-v0.4-librispeech-bs1-acc8-l4-diskcache-shardedval-v1-1778198761/checkpoints/step_1260_epoch_2_val-der_0.1043.nemo,1,0.503,0,0.503
arda-argmax/sortformer-finetuned/6spk-v0.4-librispeech-bs1-acc8-l4-diskcache-shardedval-v1-1778198761/checkpoints/step_1710_epoch_3_val-der_0.1027.nemo,1,0.502,0,0.502
arda-argmax/sortformer-finetuned/6spk-v0.4-librispeech-bs1-acc8-l4-diskcache-shardedval-v1-1778198761/checkpoints/step_180_epoch_0_val-der_0.1670.nemo,1,0.507,0,0.507
arda-argmax/sortformer-finetuned/6spk-v0.4-librispeech-bs1-acc8-l4-diskcache-shardedval-v1-1778198761/checkpoints/step_2160_epoch_4_val-der_0.1016.nemo,1,0.503,0,0.503
arda-argmax/sortformer-finetuned/6spk-v0.4-librispeech-bs1-acc8-l4-diskcache-shardedval-v1-1778198761/checkpoints/step_2430_epoch_5_val-der_0.1014.nemo,1,0.503,0,0.503
arda-argmax/sortformer-finetuned/6spk-v0.4-librispeech-bs1-acc8-l4-diskcache-shardedval-v1-1778198761/checkpoints/step_2700_epoch_5_val-der_0.1002.nemo,1,0.507,0,0.507
arda-argmax/sortformer-finetuned/6spk-v0.4-librispeech-bs1-acc8-l4-diskcache-shardedval-v1-1778198761/checkpoints/step_270_epoch_0_val-der_0.1644.nemo,1,0.505,0,0.505
arda-argmax/sortformer-finetuned/6spk-v0.4-librispeech-bs1-acc8-l4-diskcache-shardedval-v1-1778198761/checkpoints/step_2880_epoch_6_val-der_0.0996.nemo,1,0.507,0,0.507
arda-argmax/sortformer-finetuned/6spk-v0.4-librispeech-bs1-acc8-l4-diskcache-shardedval-v1-1778198761/checkpoints/step_2970_epoch_6_val-der_0.0992.nemo,1,0.505,0,0.505
arda-argmax/sortformer-finetuned/6spk-v0.4-librispeech-bs1-acc8-l4-diskcache-shardedval-v1-1778198761/checkpoints/step_3150_epoch_6_val-der_0.0982.nemo,1,0.507,0,0.507
arda-argmax/sortformer-finetuned/6spk-v0.4-librispeech-bs1-acc8-l4-diskcache-shardedval-v1-1778198761/checkpoints/step_3600_epoch_7_val-der_0.0981.nemo,1,0.504,0,0.504
arda-argmax/sortformer-finetuned/6spk-v0.4-librispeech-bs1-acc8-l4-diskcache-shardedval-v1-1778198761/checkpoints/step_360_epoch_0_val-der_0.1619.nemo,1,0.504,0,0.504
arda-argmax/sortformer-finetuned/6spk-v0.4-librispeech-bs1-acc8-l4-diskcache-shardedval-v1-1778198761/checkpoints/step_3780_epoch_8_val-der_0.0976.nemo,1,0.503,0,0.503
arda-argmax/sortformer-finetuned/6spk-v0.4-librispeech-bs1-acc8-l4-diskcache-shardedval-v1-1778198761/checkpoints/step_4050_epoch_8_val-der_0.0964.nemo,1,0.502,0,0.502
arda-argmax/sortformer-finetuned/6spk-v0.4-librispeech-bs1-acc8-l4-diskcache-shardedval-v1-1778198761/checkpoints/step_4140_epoch_9_val-der_0.0958.nemo,1,0.507,0,0.507
arda-argmax/sortformer-finetuned/6spk-v0.4-librispeech-bs1-acc8-l4-diskcache-shardedval-v1-1778198761/checkpoints/step_4230_epoch_9_val-der_0.0915.nemo,1,0.503,0,0.503
arda-argmax/sortformer-finetuned/6spk-v0.4-librispeech-bs1-acc8-l4-diskcache-shardedval-v1-1778198761/checkpoints/step_4320_epoch_9_val-der_0.0872.nemo,1,0.503,0,0.503
arda-argmax/sortformer-finetuned/6spk-v0.4-librispeech-bs1-acc8-l4-diskcache-shardedval-v1-1778198761/checkpoints/step_4410_epoch_9_val-der_0.0843.nemo,1,0.506,0,0.506
arda-argmax/sortformer-finetuned/6spk-v0.4-librispeech-bs1-acc8-l4-diskcache-shardedval-v1-1778198761/checkpoints/step_450_epoch_0_val-der_0.1291.nemo,1,0.601,0,0.601
arda-argmax/sortformer-finetuned/6spk-v0.4-librispeech-bs1-acc8-l4-diskcache-shardedval-v1-1778198761/checkpoints/step_540_epoch_1_val-der_0.1151.nemo,1,0.506,0,0.506
arda-argmax/sortformer-finetuned/6spk-v0.4-librispeech-bs1-acc8-l4-diskcache-shardedval-v1-1778198761/checkpoints/step_720_epoch_1_val-der_0.1120.nemo,1,0.508,0,0.508
arda-argmax/sortformer-finetuned/6spk-v0.4-librispeech-bs1-acc8-l4-diskcache-shardedval-v1-1778198761/checkpoints/step_810_epoch_1_val-der_0.1082.nemo,1,0.507,0,0.507
arda-argmax/sortformer-finetuned/6spk-v0.4-librispeech-bs1-acc8-l4-diskcache-shardedval-v1-1778198761/checkpoints/step_90_epoch_0_val-der_0.1700.nemo,1,0.502,0,0.502
arda-argmax/sortformer-finetuned/6spk-v0.6-fastmss-prepared-shar-bs1-acc8-l4-worldfix-v1-1780479980/best.nemo,1,0.508,0,0.508
arda-argmax/sortformer-finetuned/6spk-v0.6-fastmss-prepared-shar-bs1-acc8-l4-worldfix-v1-1780479980/checkpoints/step_180_epoch_0_val-der_0.2104.nemo,1,0.503,0,0.503
arda-argmax/sortformer-finetuned/6spk-v0.6-fastmss-prepared-shar-bs1-acc8-l4-worldfix-v1-1780479980/checkpoints/step_270_epoch_0_val-der_0.2067.nemo,1,0.502,0,0.502
arda-argmax/sortformer-finetuned/6spk-v0.6-fastmss-prepared-shar-bs1-acc8-l4-worldfix-v1-1780479980/checkpoints/step_360_epoch_0_val-der_0.1966.nemo,1,0.509,0,0.509
arda-argmax/sortformer-finetuned/6spk-v0.6-fastmss-prepared-shar-bs1-acc8-l4-worldfix-v1-1780479980/checkpoints/step_450_epoch_0_val-der_0.1530.nemo,1,0.504,0,0.504
arda-argmax/sortformer-finetuned/6spk-v0.6-fastmss-prepared-shar-bs1-acc8-l4-worldfix-v1-1780479980/checkpoints/step_540_epoch_0_val-der_0.1469.nemo,1,0.502,0,0.502
arda-argmax/sortformer-finetuned/6spk-v0.6-fastmss-prepared-shar-bs1-acc8-l4-worldfix-v1-1780479980/checkpoints/step_630_epoch_0_val-der_0.1446.nemo,1,0.507,0,0.507
arda-argmax/sortformer-finetuned/6spk-v0.6-fastmss-prepared-shar-bs1-acc8-l4-worldfix-v1-1780479980/checkpoints/step_900_epoch_0_val-der_0.1436.nemo,1,0.505,0,0.505
arda-argmax/sortformer-finetuned/6spk-v0.6-fastmss-prepared-shar-bs1-acc8-l4-worldfix-v1-1780479980/checkpoints/step_90_epoch_0_val-der_0.2187.nemo,1,0.502,0,0.502
arda-argmax/sortformer-finetuned/6spk-v0.6-fastmss-prepared-shar-bs1-acc8-l4-worldfix-v1-1780479980/checkpoints/step_990_epoch_1_val-der_0.1416.nemo,1,0.507,0,0.507
arda-argmax/sortformer-finetuned/6spk-v0.6-fastmss-prepared-shar-bs1-ga8-l4-8gpu-fullset-smoketest-v5-1780559280/best.nemo,1,0.504,0,0.504
arda-argmax/sortformer-finetuned/6spk-v0.6-fastmss-prepared-shar-bs1-ga8-l4-8gpu-fullset-smoketest-v5-1780559280/checkpoints/step_62_epoch_0_val-der_0.2269.nemo,1,0.503,0,0.503
arda-argmax/sortformer-finetuned/6spk-v0.6-fastmss-prepared-shar-bs10-a100-80gb-2gpu-debug-debug-v1-1780602245/best.nemo,1,0.503,0,0.503
arda-argmax/sortformer-finetuned/6spk-v0.6-fastmss-prepared-shar-bs10-a100-80gb-2gpu-debug-debug-v1-1780602245/checkpoints/step_100_epoch_0_val-der_0.2319.nemo,1,0.503,0,0.503
arda-argmax/sortformer-finetuned/6spk-v0.6-fastmss-prepared-shar-bs10-a100-80gb-2gpu-debug-debug-v1-1780602245/checkpoints/step_150_epoch_0_val-der_0.2183.nemo,1,0.502,0,0.502
arda-argmax/sortformer-finetuned/6spk-v0.6-fastmss-prepared-shar-bs10-a100-80gb-2gpu-debug-debug-v1-1780602245/checkpoints/step_250_epoch_1_val-der_0.2163.nemo,1,0.508,0,0.508
arda-argmax/sortformer-finetuned/6spk-v0.6-fastmss-prepared-shar-bs10-a100-80gb-2gpu-debug-debug-v1-1780602245/checkpoints/step_350_epoch_1_val-der_0.2109.nemo,1,0.504,0,0.504
arda-argmax/sortformer-finetuned/6spk-v0.6-fastmss-prepared-shar-bs10-a100-80gb-2gpu-debug-debug-v1-1780602245/checkpoints/step_400_epoch_1_val-der_0.2094.nemo,1,0.504,0,0.504
arda-argmax/sortformer-finetuned/6spk-v0.6-fastmss-prepared-shar-bs10-a100-80gb-2gpu-debug-debug-v1-1780602245/checkpoints/step_50_epoch_0_val-der_0.3624.nemo,1,0.508,0,0.508
arda-argmax/sortformer-finetuned/6spk-v0.6-fastmss-prepared-shar-bs10-a100-80gb-4gpu-debug-debug-v1-1780602382/best.nemo,1,0.503,0,0.503
arda-argmax/sortformer-finetuned/6spk-v0.6-fastmss-prepared-shar-bs10-a100-80gb-4gpu-debug-debug-v1-1780602382/checkpoints/step_100_epoch_0_val-der_0.2269.nemo,1,0.504,0,0.504
arda-argmax/sortformer-finetuned/6spk-v0.6-fastmss-prepared-shar-bs10-a100-80gb-4gpu-debug-debug-v1-1780602382/checkpoints/step_150_epoch_1_val-der_0.2196.nemo,1,0.61,0,0.61
arda-argmax/sortformer-finetuned/6spk-v0.6-fastmss-prepared-shar-bs10-a100-80gb-4gpu-debug-debug-v1-1780602382/checkpoints/step_200_epoch_1_val-der_0.2164.nemo,1,0.503,0,0.503
arda-argmax/sortformer-finetuned/6spk-v0.6-fastmss-prepared-shar-bs10-a100-80gb-4gpu-debug-debug-v1-1780602382/checkpoints/step_300_epoch_2_val-der_0.2103.nemo,1,0.504,0,0.504
arda-argmax/sortformer-finetuned/6spk-v0.6-fastmss-prepared-shar-bs10-a100-80gb-4gpu-debug-debug-v1-1780602382/checkpoints/step_50_epoch_0_val-der_0.3548.nemo,1,0.51,0,0.51
arda-argmax/sortformer-finetuned/6spk-v0.6-fastmss-prepared-shar-bs10-a100-80gb-4gpu-fullset-v11-1780998497/best.nemo,1,0.504,0,0.504
arda-argmax/sortformer-finetuned/6spk-v0.6-fastmss-prepared-shar-bs10-a100-80gb-4gpu-fullset-v11-1780998497/checkpoints/step_11235_epoch_0_val-der_0.0716.nemo,1,0.503,0,0.503
arda-argmax/sortformer-finetuned/6spk-v0.6-fastmss-prepared-shar-bs10-a100-80gb-4gpu-fullset-v11-1780998497/checkpoints/step_14980_epoch_0_val-der_0.0702.nemo,1,0.507,0,0.507
arda-argmax/sortformer-finetuned/6spk-v0.6-fastmss-prepared-shar-bs10-a100-80gb-4gpu-fullset-v11-1780998497/checkpoints/step_3745_epoch_0_val-der_0.0756.nemo,1,0.504,0,0.504
arda-argmax/sortformer-finetuned/6spk-v0.6-fastmss-prepared-shar-bs10-a100-80gb-4gpu-fullset-v11-1780998497/checkpoints/step_7490_epoch_0_val-der_0.0723.nemo,1,0.503,0,0.503
arda-argmax/sortformer-finetuned/6spk-v0.6-fastmss-prepared-shar-bs10-a100-80gb-8gpu-debug-debug-v1-1780604170/best.nemo,1,0.508,0,0.508
arda-argmax/sortformer-finetuned/6spk-v0.6-fastmss-prepared-shar-bs10-a100-80gb-8gpu-debug-debug-v1-1780604170/checkpoints/step_100_epoch_1_val-der_0.2204.nemo,1,0.506,0,0.506
arda-argmax/sortformer-finetuned/6spk-v0.6-fastmss-prepared-shar-bs10-a100-80gb-8gpu-debug-debug-v1-1780604170/checkpoints/step_150_epoch_2_val-der_0.2128.nemo,1,0.504,0,0.504
arda-argmax/sortformer-finetuned/6spk-v0.6-fastmss-prepared-shar-bs10-a100-80gb-8gpu-debug-debug-v1-1780604170/checkpoints/step_50_epoch_0_val-der_0.3458.nemo,1,0.503,0,0.503
arda-argmax/sortformer-finetuned/6spk-v0.6-fastmss-prepared-shar-bs10-a100-80gb-8gpu-fullset-v10-1780606582/best.nemo,1,0.504,0,0.504
arda-argmax/sortformer-finetuned/6spk-v0.6-fastmss-prepared-shar-bs10-a100-80gb-8gpu-fullset-v10-1780606582/checkpoints/step_11232_epoch_0_val-der_0.0901.nemo,1,0.502,0,0.502
arda-argmax/sortformer-finetuned/6spk-v0.6-fastmss-prepared-shar-bs10-a100-80gb-8gpu-fullset-v10-1780606582/checkpoints/step_13104_epoch_0_val-der_0.0887.nemo,1,0.505,0,0.505
arda-argmax/sortformer-finetuned/6spk-v0.6-fastmss-prepared-shar-bs10-a100-80gb-8gpu-fullset-v10-1780606582/checkpoints/step_14976_epoch_0_val-der_0.0879.nemo,1,0.503,0,0.503
arda-argmax/sortformer-finetuned/6spk-v0.6-fastmss-prepared-shar-bs10-a100-80gb-8gpu-fullset-v10-1780606582/checkpoints/step_16848_epoch_0_val-der_0.0865.nemo,1,0.504,0,0.504
arda-argmax/sortformer-finetuned/6spk-v0.6-fastmss-prepared-shar-bs10-a100-80gb-8gpu-fullset-v10-1780606582/checkpoints/step_18720_epoch_0_val-der_0.0854.nemo,1,0.507,0,0.507
arda-argmax/sortformer-finetuned/6spk-v0.6-fastmss-prepared-shar-bs10-a100-80gb-8gpu-fullset-v10-1780606582/checkpoints/step_1872_epoch_0_val-der_0.1109.nemo,1,0.503,0,0.503
arda-argmax/sortformer-finetuned/6spk-v0.6-fastmss-prepared-shar-bs10-a100-80gb-8gpu-fullset-v10-1780606582/checkpoints/step_20592_epoch_0_val-der_0.0846.nemo,1,0.504,0,0.504
arda-argmax/sortformer-finetuned/6spk-v0.6-fastmss-prepared-shar-bs10-a100-80gb-8gpu-fullset-v10-1780606582/checkpoints/step_22464_epoch_0_val-der_0.0840.nemo,1,0.509,0,0.509
arda-argmax/sortformer-finetuned/6spk-v0.6-fastmss-prepared-shar-bs10-a100-80gb-8gpu-fullset-v10-1780606582/checkpoints/step_24336_epoch_0_val-der_0.0838.nemo,1,0.505,0,0.505
arda-argmax/sortformer-finetuned/6spk-v0.6-fastmss-prepared-shar-bs10-a100-80gb-8gpu-fullset-v10-1780606582/checkpoints/step_26208_epoch_0_val-der_0.0828.nemo,1,0.506,0,0.506
arda-argmax/sortformer-finetuned/6spk-v0.6-fastmss-prepared-shar-bs10-a100-80gb-8gpu-fullset-v10-1780606582/checkpoints/step_28080_epoch_0_val-der_0.0815.nemo,1,0.508,0,0.508
arda-argmax/sortformer-finetuned/6spk-v0.6-fastmss-prepared-shar-bs10-a100-80gb-8gpu-fullset-v10-1780606582/checkpoints/step_31824_epoch_0_val-der_0.0807.nemo,1,0.605,0,0.605
arda-argmax/sortformer-finetuned/6spk-v0.6-fastmss-prepared-shar-bs10-a100-80gb-8gpu-fullset-v10-1780606582/checkpoints/step_35568_epoch_0_val-der_0.0804.nemo,1,0.503,0,0.503
arda-argmax/sortformer-finetuned/6spk-v0.6-fastmss-prepared-shar-bs10-a100-80gb-8gpu-fullset-v10-1780606582/checkpoints/step_37440_epoch_0_val-der_0.0797.nemo,1,0.509,0,0.509
arda-argmax/sortformer-finetuned/6spk-v0.6-fastmss-prepared-shar-bs10-a100-80gb-8gpu-fullset-v10-1780606582/checkpoints/step_3744_epoch_0_val-der_0.1021.nemo,1,0.503,0,0.503
arda-argmax/sortformer-finetuned/6spk-v0.6-fastmss-prepared-shar-bs10-a100-80gb-8gpu-fullset-v10-1780606582/checkpoints/step_5616_epoch_0_val-der_0.0964.nemo,1,0.503,0,0.503
arda-argmax/sortformer-finetuned/6spk-v0.6-fastmss-prepared-shar-bs10-a100-80gb-8gpu-fullset-v10-1780606582/checkpoints/step_7488_epoch_0_val-der_0.0941.nemo,1,0.507,0,0.507
arda-argmax/sortformer-finetuned/6spk-v0.6-fastmss-prepared-shar-bs10-a100-80gb-8gpu-fullset-v10-1780606582/checkpoints/step_9360_epoch_0_val-der_0.0917.nemo,1,0.503,0,0.503
arda-argmax/sortformer-finetuned/6spk-vox-ami-aishell-ali-bs10-ga2-a100-80gb-4gpu-5ep-v2-1782411519/best.nemo,1,0.504,0,0.504
arda-argmax/sortformer-finetuned/6spk-vox-ami-aishell-ali-bs10-ga2-a100-80gb-4gpu-5ep-v2-1782411519/checkpoints/step_104_epoch_0_val-der_0.1575.nemo,1,0.51,0,0.51
arda-argmax/sortformer-finetuned/6spk-vox-ami-aishell-ali-bs10-ga2-a100-80gb-4gpu-5ep-v2-1782411519/checkpoints/step_131_epoch_1_val-der_0.1559.nemo,1,0.506,0,0.506
arda-argmax/sortformer-finetuned/6spk-vox-ami-aishell-ali-bs10-ga2-a100-80gb-4gpu-5ep-v2-1782411519/checkpoints/step_183_epoch_1_val-der_0.1529.nemo,1,0.501,0,0.501
arda-argmax/sortformer-finetuned/6spk-vox-ami-aishell-ali-bs10-ga2-a100-80gb-4gpu-5ep-v2-1782411519/checkpoints/step_236_epoch_2_val-der_0.1527.nemo,1,0.506,0,0.506
arda-argmax/sortformer-finetuned/6spk-vox-ami-aishell-ali-bs10-ga2-a100-80gb-4gpu-5ep-v2-1782411519/checkpoints/step_26_epoch_0_val-der_0.1865.nemo,1,0.503,0,0.503
arda-argmax/sortformer-finetuned/6spk-vox-ami-aishell-ali-bs10-ga2-a100-80gb-4gpu-5ep-v2-1782411519/checkpoints/step_288_epoch_2_val-der_0.1515.nemo,1,0.503,0,0.503
arda-argmax/sortformer-finetuned/6spk-vox-ami-aishell-ali-bs10-ga2-a100-80gb-4gpu-5ep-v2-1782411519/checkpoints/step_341_epoch_3_val-der_0.1510.nemo,1,0.505,0,0.505
arda-argmax/sortformer-finetuned/6spk-vox-ami-aishell-ali-bs10-ga2-a100-80gb-4gpu-5ep-v2-1782411519/checkpoints/step_419_epoch_3_val-der_0.1496.nemo,1,0.503,0,0.503
arda-argmax/sortformer-finetuned/6spk-vox-ami-aishell-ali-bs10-ga2-a100-80gb-4gpu-5ep-v2-1782411519/checkpoints/step_472_epoch_4_val-der_0.1480.nemo,1,0.502,0,0.502
arda-argmax/sortformer-finetuned/6spk-vox-ami-aishell-ali-bs10-ga2-a100-80gb-4gpu-5ep-v2-1782411519/checkpoints/step_52_epoch_0_val-der_0.1649.nemo,1,0.508,0,0.508
arda-argmax/sortformer-finetuned/6spk-vox-ami-aishell-ali-bs10-ga2-a100-80gb-4gpu-5ep-v2-1782411519/checkpoints/step_78_epoch_0_val-der_0.1603.nemo,1,0.503,0,0.503
arda-argmax/sortformer-finetuned/8spk-v0.2-bs1-acc8-l4-cachedtrain-shardedval_v3-1777960366/best.nemo,1,0.505,0,0.505
arda-argmax/sortformer-finetuned/8spk-v0.2-bs1-acc8-l4-cachedtrain-shardedval_v6-1777969623/best.nemo,1,0.506,0,0.506
arda-argmax/sortformer-finetuned/8spk-v0.2-bs1-acc8-l4-cachedval-1777594506/best.nemo,1,0.504,0,0.504
arda-argmax/sortformer-finetuned/8spk-v0.2-bs1-acc8-l4-diskcache-shardedval-v1-1778007921/best.nemo,1,0.504,0,0.504
arda-argmax/sortformer-finetuned/smoke-1777401758/best.nemo,1,0.508,0,0.508
arda-argmax/sortformer-finetuned/sortformer-train-1777492805/best.nemo,1,0.504,0,0.504
arda-argmax/sortformer-finetuned/sortformer-train-1777563938/best.nemo,1,0.621,0,0.621
arda-argmax/sortformer-finetuned/sortformer-train-1777567093/best.nemo,1,0.509,0,0.509
arda-argmax/sortformer-finetuned/sortformer-train-1777578793/best.nemo,1,0.505,0,0.505
arda-argmax/sortformer-finetuned/sortformer-train-1777589381/best.nemo,1,0.502,0,0.502
arda-argmax/sortformer-finetuned/vertex-streaming-smoke-train-1777405971/best.nemo,1,0.507,0,0.507
arda-argmax/sortformer-finetuned/vertex-streaming-smoke-train-1777413928/best.nemo,1,0.505,0,0.505
timm/MobileCLIP2-S0-OpenCLIP/open_clip_pytorch_model.bin,1,0.025,0,0.025
optimum-intel-internal-testing/tiny-random-Data2VecTextModel/pytorch_model.bin,1,0.006,0,0.006
timm/convnext_large.dinov3_lvd1689m/pytorch_model.bin,1,0.02,0,0.02
timm/MobileCLIP2-S2-OpenCLIP/open_clip_pytorch_model.bin,1,0.041,0,0.041
OpenMed/OpenMed-ZeroShot-NER-Pathology-Tiny-60M/pytorch_model.bin,1,0.01,0,0.01
nvidia/C-RADIOv4-SO400M/c-radio_v4-so400m_half.pth.tar,1,0.014,1.838,1.852
zondaxyz/babyconceptLM-baike102M_bpe40/pytorch_model.bin,1,0.008,0,0.008
pytorch/gemma-3-12b-it-FP8/pytorch_model-00001-of-00003.bin,1,0.03,2.994,3.024
LuckyOda/comfyui-full-pack/person_yolov8m-seg.pt,1,0.056,4.435,4.491
blackbeedrones/sae-2026-hang-all-yolo26n-seg-v2-960/weights/epoch187.pt,1,0.088,4.435,4.523
knalin55/CUNI_FT-CROSS-LoRA/training_args.bin,1,0.005,2.593,2.598
thatbrguy/g3t/model.pt,1,0.034,0,0.034
michka/Melenchon-Nemo-12B/checkpoint-240/optimizer.pt,1,0.047,0,0.047
Stable-X/vggt-object-v0-1/model.pt,1,0.042,0,0.042
sakamakismile/Qwen3.6-27B-LNARIZE-NVFP4/kvtc_calibration.pt,1,0.022,1.972,1.994
timm/vit_huge_patch14_clip_378.metaclip2_worldwide/open_clip_pytorch_model.bin,1,0.021,0,0.021
timm/vit_huge_patch14_clip_378.metaclip2_worldwide/pytorch_model.bin,1,0.015,0,0.015
Chess473737/nepal-model/A100Pretrain/checkpoint-10000/training_args.bin,1,0.004,2.328,2.332
Chess473737/nepal-model/A100Pretrain/checkpoint-15000/training_args.bin,1,0.004,2.481,2.485
Chess473737/nepal-model/A100Pretrain/checkpoint-20000/training_args.bin,1,0.005,2.544,2.549
Chess473737/nepal-model/A100Pretrain/checkpoint-5000/optimizer.pt,1,0.014,0,0.014
Chess473737/nepal-model/A100Pretrain/checkpoint-5000/scheduler.pt,1,0.003,0,0.003
Chess473737/nepal-model/A100Pretrain/checkpoint-5000/training_args.bin,1,0.003,2.139,2.142
Chess473737/nepal-model/Kaggle1B/ckpt-12000/scheduler.pt,1,0.003,0,0.003
openbmb/BitCPM-CANN-3B/pytorch_model.bin,1,0.116,0,0.116
typhoon-ai/typhoon-asr-realtime/typhoon-asr-realtime.nemo,1,0.49,0,0.49
cisco-ai/SecureBERT2.0-cross_encoder/optimizer.pt,1,0.015,0,0.015
AIDElab-IITBombay/RadJEPA/jepa_encoder.pth.tar,1,0.032,0,0.032
Runware/adetailer/deepfashion2_yolov8s-seg.pt,1,0.049,3.324,3.373
Runware/adetailer/person_yolov8m-seg.pt,1,0.058,2.693,2.751
Runware/adetailer/person_yolov8n-seg.pt,1,0.048,2.434,2.482
Runware/adetailer/person_yolov8s-seg.pt,1,0.048,2.513,2.561
stabilityai/stable-audio-3-small-sfx-base/svd_bases.pt,1,0.02,0,0.02
openbmb/BitCPM-CANN-8B/pytorch_model.bin,1,0.012,0,0.012
GaryFer/smart-parking-weights/fasterrcnnv2/best_seed1000.pt,1,0.015,0,0.015
GaryFer/smart-parking-weights/fasterrcnnv2/best_seed123.pt,1,0.015,0,0.015
GaryFer/smart-parking-weights/fasterrcnnv2/best_seed1234.pt,1,0.014,0,0.014
GaryFer/smart-parking-weights/fasterrcnnv2/best_seed2025.pt,1,0.015,0,0.015
GaryFer/smart-parking-weights/fasterrcnnv2/best_seed3141.pt,1,0.014,0,0.014
GaryFer/smart-parking-weights/fasterrcnnv2/best_seed42.pt,1,0.015,0,0.015
GaryFer/smart-parking-weights/fasterrcnnv2/best_seed456.pt,1,0.013,0,0.013
GaryFer/smart-parking-weights/rtdetr/run_1000/weights/best.pt,1,0.093,6.47,6.563
GaryFer/smart-parking-weights/rtdetr/run_1000/weights/last.pt,1,0.091,8.114,8.205
GaryFer/smart-parking-weights/rtdetr/run_123/weights/best.pt,1,0.191,3.596,3.787
GaryFer/smart-parking-weights/rtdetr/run_1234/weights/best.pt,1,0.094,3.153,3.247
GaryFer/smart-parking-weights/rtdetr/run_1234/weights/last.pt,1,0.1,3.223,3.323
GaryFer/smart-parking-weights/rtdetr/run_2024/weights/last.pt,1,0.093,5.166,5.259
GaryFer/smart-parking-weights/rtdetr/run_3141/weights/best.pt,1,0.096,3.307,3.403
GaryFer/smart-parking-weights/rtdetr/run_456/weights/best.pt,1,0.226,3.844,4.07
GaryFer/smart-parking-weights/rtdetr/run_789/weights/best.pt,1,0.098,3.069,3.167
GaryFer/smart-parking-weights/yolov11s/run_1000/weights/last.pt,1,0.053,3.257,3.31
GaryFer/smart-parking-weights/yolov11s/run_123/weights/best.pt,1,0.05,3.086,3.136
GaryFer/smart-parking-weights/yolov11s/run_123/weights/last.pt,1,0.049,2.889,2.938
GaryFer/smart-parking-weights/yolov11s/run_1234/weights/best.pt,1,0.048,3.747,3.795
GaryFer/smart-parking-weights/yolov11s/run_2025/weights/best.pt,1,0.048,3.634,3.682
GaryFer/smart-parking-weights/yolov11s/run_2025/weights/last.pt,1,0.046,3.286,3.332
GaryFer/smart-parking-weights/yolov11s/run_3141/weights/best.pt,1,0.049,2.949,2.998
GaryFer/smart-parking-weights/yolov11s/run_42/weights/best.pt,1,0.047,3.13,3.177
GaryFer/smart-parking-weights/yolov11s/run_456/weights/best.pt,1,0.16,3.484,3.644
GaryFer/smart-parking-weights/yolov11s/run_456/weights/last.pt,1,0.047,2.905,2.952
GaryFer/smart-parking-weights/yolov11s/run_789/weights/best.pt,1,0.048,2.997,3.045
GaryFer/smart-parking-weights/yolov11s/run_789/weights/last.pt,1,0.047,4.892,4.939
GaryFer/smart-parking-weights/yolov11s/run_9999/weights/best.pt,1,0.048,2.977,3.025
GaryFer/smart-parking-weights/yolov11s/run_9999/weights/last.pt,1,0.048,3.295,3.343
GaryFer/smart-parking-weights/yolov12s/run_1000/weights/best.pt,1,0.064,4.352,4.416
GaryFer/smart-parking-weights/yolov12s/run_1000/weights/last.pt,1,0.065,3.689,3.754
GaryFer/smart-parking-weights/yolov12s/run_123/weights/best.pt,1,0.073,3.655,3.728
GaryFer/smart-parking-weights/yolov12s/run_1234/weights/last.pt,1,0.169,3.398,3.567
GaryFer/smart-parking-weights/yolov12s/run_2024/weights/last.pt,1,0.064,3.075,3.139
GaryFer/smart-parking-weights/yolov12s/run_2025/weights/best.pt,1,0.065,3.301,3.366
GaryFer/smart-parking-weights/yolov12s/run_3141/weights/best.pt,1,0.065,3.262,3.327
GaryFer/smart-parking-weights/yolov12s/run_3141/weights/last.pt,1,0.064,3.346,3.41
GaryFer/smart-parking-weights/yolov12s/run_42/weights/best.pt,1,0.064,3.179,3.243
GaryFer/smart-parking-weights/yolov12s/run_456/weights/best.pt,1,0.066,2.993,3.059
GaryFer/smart-parking-weights/yolov12s/run_456/weights/last.pt,1,0.182,3.068,3.25
GaryFer/smart-parking-weights/yolov12s/run_789/weights/last.pt,1,0.07,3.068,3.138
GaryFer/smart-parking-weights/yolov12s/run_9999/weights/best.pt,1,0.07,3.348,3.418
GaryFer/smart-parking-weights/yolov12s/run_9999/weights/last.pt,1,0.068,3.321,3.389
GaryFer/smart-parking-weights/yolov8s/run_1000/weights/best.pt,1,0.037,3.137,3.174
GaryFer/smart-parking-weights/yolov8s/run_123/weights/best.pt,1,0.036,3.539,3.575
GaryFer/smart-parking-weights/yolov8s/run_1234/weights/best.pt,1,0.035,2.965,3
GaryFer/smart-parking-weights/yolov8s/run_2024/weights/best.pt,1,0.036,3.838,3.874
GaryFer/smart-parking-weights/yolov8s/run_2025/weights/best.pt,1,0.037,3.607,3.644
GaryFer/smart-parking-weights/yolov8s/run_3141/weights/best.pt,1,0.037,2.741,2.778
GaryFer/smart-parking-weights/yolov8s/run_3141/weights/last.pt,1,0.036,2.849,2.885
GaryFer/smart-parking-weights/yolov8s/run_789/weights/best.pt,1,0.157,2.609,2.766
GaryFer/smart-parking-weights/yolov8s/run_9999/weights/best.pt,1,0.037,3.171,3.208
GaryFer/smart-parking-weights/yolov8s/run_9999/weights/last.pt,1,0.037,2.998,3.035
baichuan-inc/Baichuan-M2-32B/draft/pytorch_model.bin,1,0.007,0,0.007
gabrielpirlo/Sped_ParakeetRomanian_110M_TDT-CTC/SpeD-ParakeetRo_110M_TDT-CTC.nemo,1,0.488,0,0.488
Soul-AILab/SoulX-Singer-Preprocess/parakeet-tdt-0.6b-v2/parakeet-tdt-0.6b-v2.nemo,1,2.523,0,2.523
openbmb/BitCPM-CANN-8B-unquantized/pytorch_model.bin,1,0.013,0,0.013
ecmwf/aifs-ens-2.0/aifs-ens-crps-2.0.ckpt,1,0.091,3.193,3.284
facebook/lagernvs_general_512/model.pt,1,0.038,0,0.038
Malgesw/ppo-Huggy/Huggy/Huggy-1599365.pt,1,0.009,0,0.009
yuriyvnv/parakeet-tdt-0.6b-EN-Medical/parakeet-tdt-cv17_multimed_en-seed42.nemo,1,2.556,0,2.556
yuriyvnv/parakeet-tdt-0.6b-EN-Medical/parakeet-tdt-multimed_en-seed42.nemo,1,2.554,0,2.554
shaikhsalman/ZabaanAI-Urdu-3B/last-checkpoint/optimizer.pt,1,0.044,0,0.044
fpadovani/rus-cyrl-100mb-100mb_seed3407/checkpoint-105000/rng_state.pth,1,0.007,2.23,2.237
fpadovani/rus-cyrl-100mb-100mb_seed3407/checkpoint-39000/rng_state.pth,1,0.005,2.285,2.29
fpadovani/rus-cyrl-100mb-100mb_seed3407/checkpoint-42000/rng_state.pth,1,0.004,2.26,2.264
nvidia/magpie_tts_multilingual_357m/magpie_tts_multilingual_357m.nemo,1,1.52,0,1.52
asdasdasd1234567890/asd/ultralytics/segm/CockAndBallYolo8x.pt,1,0.067,3.353,3.42
asdasdasd1234567890/asd/ultralytics/segm/PitEyeDetailer-v2-seg.pt,1,0.045,3.328,3.373
asdasdasd1234567890/asd/ultralytics/segm/face_yolov8m-seg_60.pt,1,0.048,3.561,3.609
asdasdasd1234567890/asd/ultralytics/segm/person_yolov8m-seg.pt,1,0.16,4.158,4.318
asdasdasd1234567890/asd/ultralytics/segm/person_yolov8n-seg.pt,1,0.046,2.92,2.966
asdasdasd1234567890/asd/ultralytics/segm/person_yolov8s-seg.pt,1,0.046,2.833,2.879
asdasdasd1234567890/asd/ultralytics/segm/skin_yolov8m-seg_400.pt,1,0.048,3.038,3.086
asdasdasd1234567890/asd/ultralytics/segm/yolo-human-parse-epoch-125.pt,1,0.073,3.588,3.661
asdasdasd1234567890/asd/ultralytics/segm/yolo11n-seg.pt,1,0.063,2.755,2.818
attack-vector/SecureModernBERT-NER/checkpoint-10605/optimizer.pt,1,0.017,0,0.017
timm/vit_small_plus_patch16_dinov3_qkvb.lvd1689m/pytorch_model.bin,1,0.011,0,0.011
vivekvar/helmet-v5/yolo11l-pose.pt,1,0.108,2.99,3.098
binant/wendyrv/model.pth,1,0.017,0,0.017
jwest33/qwen3-vl-8b-instruct-null-space-abliterated/null_space_projectors.pt,1,0.006,0,0.006
jwest33/qwen3-vl-8b-instruct-null-space-abliterated/refusal_directions.pt,1,0.004,0,0.004
inference-optimization/Laguna-XS.2-speculator.dflash-Qwen235B-500k-ckpt5/scheduler_state_dict.pt,1,0.003,0,0.003
smegmarip/ComfyUI/segm/person_yolov8s-seg.pt,1,0.045,2.535,2.58
smegmarip/ComfyUI/ultralytics/segm/AnzhcHead-seg.pt,1,0.153,3.395,3.548
smegmarip/ComfyUI/ultralytics/segm/person_yolov8m-seg.pt,1,0.059,3.046,3.105
fpadovani/swa-latn-100mb-after-ppt-shuff-dyck-100mb-ckpt500_seed3407/checkpoint-164000/rng_state.pth,1,0.007,2.335,2.342
fpadovani/swa-latn-100mb-after-ppt-shuff-dyck-100mb-ckpt500_seed3407/checkpoint-212000/rng_state.pth,1,0.004,2.029,2.033
fpadovani/swa-latn-100mb-after-ppt-shuff-dyck-100mb-ckpt500_seed3407/checkpoint-220000/rng_state.pth,1,0.004,2.217,2.221
fpadovani/swa-latn-100mb-after-ppt-shuff-dyck-100mb-ckpt500_seed3407/checkpoint-224000/rng_state.pth,1,0.004,2.171,2.175
fpadovani/swa-latn-100mb-after-ppt-shuff-dyck-100mb-ckpt500_seed3407/checkpoint-232000/rng_state.pth,1,0.004,2.61,2.614
fpadovani/swa-latn-100mb-after-ppt-shuff-dyck-100mb-ckpt500_seed3407/checkpoint-272000/rng_state.pth,1,0.004,2.397,2.401
fpadovani/swa-latn-100mb-after-ppt-shuff-dyck-100mb-ckpt500_seed3407/checkpoint-280000/rng_state.pth,1,0.005,2.097,2.102
fpadovani/swa-latn-100mb-after-ppt-shuff-dyck-100mb-ckpt500_seed3407/checkpoint-40000/rng_state.pth,1,0.004,2.277,2.281
fpadovani/swa-latn-100mb-after-ppt-shuff-dyck-100mb-ckpt500_seed3407/checkpoint-44000/rng_state.pth,1,0.004,2.548,2.552
fpadovani/swa-latn-100mb-after-ppt-shuff-dyck-100mb-ckpt500_seed3407/checkpoint-80000/rng_state.pth,1,0.003,2.135,2.138
fpadovani/ind-latn-100mb-after-ppt-Dp-100mb-ckpt500_seed3407/checkpoint-102000/training_args.bin,1,0.003,2.42,2.423
fpadovani/ind-latn-100mb-after-ppt-Dp-100mb-ckpt500_seed3407/checkpoint-105000/training_args.bin,1,0.003,2.886,2.889
fpadovani/ind-latn-100mb-after-ppt-Dp-100mb-ckpt500_seed3407/checkpoint-108000/training_args.bin,1,0.003,2.732,2.735
fpadovani/ind-latn-100mb-after-ppt-Dp-100mb-ckpt500_seed3407/checkpoint-111000/training_args.bin,1,0.003,2.274,2.277
fpadovani/ind-latn-100mb-after-ppt-Dp-100mb-ckpt500_seed3407/checkpoint-114000/training_args.bin,1,0.003,2.332,2.335
fpadovani/ind-latn-100mb-after-ppt-Dp-100mb-ckpt500_seed3407/checkpoint-117000/training_args.bin,1,0.003,2.7,2.703
fpadovani/ind-latn-100mb-after-ppt-Dp-100mb-ckpt500_seed3407/checkpoint-12000/training_args.bin,1,0.003,2.761,2.764
fpadovani/ind-latn-100mb-after-ppt-Dp-100mb-ckpt500_seed3407/checkpoint-120000/training_args.bin,1,0.003,2.493,2.496
fpadovani/ind-latn-100mb-after-ppt-Dp-100mb-ckpt500_seed3407/checkpoint-123000/training_args.bin,1,0.003,2.377,2.38
fpadovani/ind-latn-100mb-after-ppt-Dp-100mb-ckpt500_seed3407/checkpoint-126000/training_args.bin,1,0.003,2.481,2.484
fpadovani/ind-latn-100mb-after-ppt-Dp-100mb-ckpt500_seed3407/checkpoint-128520/rng_state.pth,1,0.003,2.585,2.588
fpadovani/ind-latn-100mb-after-ppt-Dp-100mb-ckpt500_seed3407/checkpoint-128520/training_args.bin,1,0.003,2.764,2.767
fpadovani/ind-latn-100mb-after-ppt-Dp-100mb-ckpt500_seed3407/checkpoint-15000/training_args.bin,1,0.003,2.658,2.661
fpadovani/ind-latn-100mb-after-ppt-Dp-100mb-ckpt500_seed3407/checkpoint-18000/training_args.bin,1,0.003,2.361,2.364
fpadovani/ind-latn-100mb-after-ppt-Dp-100mb-ckpt500_seed3407/checkpoint-21000/rng_state.pth,1,0.003,1.896,1.899
fpadovani/ind-latn-100mb-after-ppt-Dp-100mb-ckpt500_seed3407/checkpoint-21000/training_args.bin,1,0.003,2.812,2.815
fpadovani/ind-latn-100mb-after-ppt-Dp-100mb-ckpt500_seed3407/checkpoint-24000/training_args.bin,1,0.003,2.428,2.431
fpadovani/ind-latn-100mb-after-ppt-Dp-100mb-ckpt500_seed3407/checkpoint-27000/training_args.bin,1,0.003,2.816,2.819
fpadovani/ind-latn-100mb-after-ppt-Dp-100mb-ckpt500_seed3407/checkpoint-3000/training_args.bin,1,0.003,2.21,2.213
fpadovani/ind-latn-100mb-after-ppt-Dp-100mb-ckpt500_seed3407/checkpoint-30000/training_args.bin,1,0.003,2.279,2.282
fpadovani/ind-latn-100mb-after-ppt-Dp-100mb-ckpt500_seed3407/checkpoint-33000/training_args.bin,1,0.003,2.855,2.858
fpadovani/ind-latn-100mb-after-ppt-Dp-100mb-ckpt500_seed3407/checkpoint-36000/rng_state.pth,1,0.003,2.013,2.016
fpadovani/ind-latn-100mb-after-ppt-Dp-100mb-ckpt500_seed3407/checkpoint-36000/training_args.bin,1,0.003,2.29,2.293
fpadovani/ind-latn-100mb-after-ppt-Dp-100mb-ckpt500_seed3407/checkpoint-39000/training_args.bin,1,0.003,2.615,2.618
fpadovani/ind-latn-100mb-after-ppt-Dp-100mb-ckpt500_seed3407/checkpoint-42000/training_args.bin,1,0.003,2.464,2.467
fpadovani/ind-latn-100mb-after-ppt-Dp-100mb-ckpt500_seed3407/checkpoint-45000/training_args.bin,1,0.003,2.648,2.651
fpadovani/ind-latn-100mb-after-ppt-Dp-100mb-ckpt500_seed3407/checkpoint-48000/training_args.bin,1,0.003,2.249,2.252
fpadovani/ind-latn-100mb-after-ppt-Dp-100mb-ckpt500_seed3407/checkpoint-51000/training_args.bin,1,0.003,2.494,2.497
fpadovani/ind-latn-100mb-after-ppt-Dp-100mb-ckpt500_seed3407/checkpoint-54000/training_args.bin,1,0.003,2.596,2.599
fpadovani/ind-latn-100mb-after-ppt-Dp-100mb-ckpt500_seed3407/checkpoint-57000/training_args.bin,1,0.003,2.358,2.361
fpadovani/ind-latn-100mb-after-ppt-Dp-100mb-ckpt500_seed3407/checkpoint-6000/training_args.bin,1,0.003,2.255,2.258
fpadovani/ind-latn-100mb-after-ppt-Dp-100mb-ckpt500_seed3407/checkpoint-60000/training_args.bin,1,0.003,2.732,2.735
fpadovani/ind-latn-100mb-after-ppt-Dp-100mb-ckpt500_seed3407/checkpoint-63000/training_args.bin,1,0.003,2.455,2.458
fpadovani/ind-latn-100mb-after-ppt-Dp-100mb-ckpt500_seed3407/checkpoint-66000/training_args.bin,1,0.003,2.337,2.34
fpadovani/ind-latn-100mb-after-ppt-Dp-100mb-ckpt500_seed3407/checkpoint-69000/rng_state.pth,1,0.003,2.652,2.655
fpadovani/ind-latn-100mb-after-ppt-Dp-100mb-ckpt500_seed3407/checkpoint-69000/training_args.bin,1,0.003,4.495,4.498
fpadovani/ind-latn-100mb-after-ppt-Dp-100mb-ckpt500_seed3407/checkpoint-72000/training_args.bin,1,0.003,2.549,2.552
fpadovani/ind-latn-100mb-after-ppt-Dp-100mb-ckpt500_seed3407/checkpoint-75000/training_args.bin,1,0.003,2.362,2.365
fpadovani/ind-latn-100mb-after-ppt-Dp-100mb-ckpt500_seed3407/checkpoint-78000/training_args.bin,1,0.003,2.315,2.318
fpadovani/ind-latn-100mb-after-ppt-Dp-100mb-ckpt500_seed3407/checkpoint-81000/rng_state.pth,1,0.003,2.138,2.141
fpadovani/ind-latn-100mb-after-ppt-Dp-100mb-ckpt500_seed3407/checkpoint-81000/training_args.bin,1,0.003,2.56,2.563
fpadovani/ind-latn-100mb-after-ppt-Dp-100mb-ckpt500_seed3407/checkpoint-84000/training_args.bin,1,0.003,2.205,2.208
fpadovani/ind-latn-100mb-after-ppt-Dp-100mb-ckpt500_seed3407/checkpoint-87000/training_args.bin,1,0.003,2.252,2.255
fpadovani/ind-latn-100mb-after-ppt-Dp-100mb-ckpt500_seed3407/checkpoint-9000/training_args.bin,1,0.003,2.396,2.399
fpadovani/ind-latn-100mb-after-ppt-Dp-100mb-ckpt500_seed3407/checkpoint-90000/rng_state.pth,1,0.003,1.886,1.889
fpadovani/ind-latn-100mb-after-ppt-Dp-100mb-ckpt500_seed3407/checkpoint-90000/training_args.bin,1,0.003,3.288,3.291
fpadovani/ind-latn-100mb-after-ppt-Dp-100mb-ckpt500_seed3407/checkpoint-93000/training_args.bin,1,0.003,2.183,2.186
fpadovani/ind-latn-100mb-after-ppt-Dp-100mb-ckpt500_seed3407/checkpoint-96000/training_args.bin,1,0.003,2.694,2.697
fpadovani/ind-latn-100mb-after-ppt-Dp-100mb-ckpt500_seed3407/checkpoint-99000/training_args.bin,1,0.003,2.978,2.981
fpadovani/ind-latn-100mb-after-ppt-Dp-100mb-ckpt500_seed3407/training_args.bin,1,0.003,2.683,2.686
nvidia/nemo-nano-codec-22khz-0.6kbps-12.5fps/nemo-nano-codec-22khz-0.6kbps-12.5fps.nemo,1,0.453,0,0.453
fpadovani/swe-latn-10mb-after-ppt-Dp-100mb-ckpt500_seed3407/checkpoint-9000/rng_state.pth,1,0.006,2.631,2.637
omi-health/omi-med-stt-v1/omimedstt-v1.nemo,1,2.545,0,2.545
fpadovani/swa-latn-100mb-after-ppt-Dp-100mb-ckpt500_seed3407/checkpoint-164000/rng_state.pth,1,0.006,2.179,2.185
fpadovani/swa-latn-100mb-after-ppt-Dp-100mb-ckpt500_seed3407/checkpoint-212000/rng_state.pth,1,0.005,2.083,2.088
fpadovani/swa-latn-100mb-after-ppt-Dp-100mb-ckpt500_seed3407/checkpoint-220000/rng_state.pth,1,0.004,2.138,2.142
fpadovani/swa-latn-100mb-after-ppt-Dp-100mb-ckpt500_seed3407/checkpoint-224000/rng_state.pth,1,0.005,2.078,2.083
fpadovani/swa-latn-100mb-after-ppt-Dp-100mb-ckpt500_seed3407/checkpoint-232000/rng_state.pth,1,0.004,2.088,2.092
fpadovani/swa-latn-100mb-after-ppt-Dp-100mb-ckpt500_seed3407/checkpoint-272000/rng_state.pth,1,0.004,2.085,2.089
fpadovani/swa-latn-100mb-after-ppt-Dp-100mb-ckpt500_seed3407/checkpoint-280000/rng_state.pth,1,0.004,2.241,2.245
fpadovani/swa-latn-100mb-after-ppt-Dp-100mb-ckpt500_seed3407/checkpoint-40000/rng_state.pth,1,0.005,2.446,2.451
fpadovani/swa-latn-100mb-after-ppt-Dp-100mb-ckpt500_seed3407/checkpoint-44000/rng_state.pth,1,0.005,2.365,2.37
fpadovani/swa-latn-100mb-after-ppt-Dp-100mb-ckpt500_seed3407/checkpoint-80000/rng_state.pth,1,0.005,2.032,2.037
nvidia/GR00T-N1.7-SimplerEnv-Bridge/global_step32000/mp_rank_00_model_states.pt,1,0.043,0,0.043
fpadovani/tur-latn-100mb-100mb_seed10/checkpoint-24000/rng_state.pth,1,0.006,2.43,2.436
fpadovani/tur-latn-100mb-100mb_seed10/checkpoint-75000/rng_state.pth,1,0.004,2.122,2.126
ecmwf/aifs-single-1.1/aifs-single-mse-1.1.ckpt,1,0.06,4.708,4.768
nvidia/fourcastnet3/training_checkpoints/best_ckpt_mp0.tar,1,0.009,0,0.009
nvidia/parakeet-unified-en-0.6b/parakeet-unified-en-0.6b.nemo,1,2.527,0,2.527
fpadovani/hin-deva-100mb-after-ppt-Dp-100mb-ckpt500_seed3407/checkpoint-3000/rng_state.pth,1,0.006,2.131,2.137
fpadovani/hin-deva-100mb-after-ppt-Dp-100mb-ckpt500_seed3407/checkpoint-69000/rng_state.pth,1,0.004,2.058,2.062
fpadovani/hin-deva-100mb-after-ppt-Dp-100mb-ckpt500_seed3407/checkpoint-87000/rng_state.pth,1,0.004,2.031,2.035
fpadovani/swe-latn-10mb-100mb_seed3407/checkpoint-9000/rng_state.pth,1,0.004,2.144,2.148
fpadovani/hin-deva-10mb-after-ppt-Dp-100mb-ckpt500_seed3407/checkpoint-104090/rng_state.pth,1,0.005,2.146,2.151
fpadovani/hin-deva-10mb-after-ppt-Dp-100mb-ckpt500_seed3407/checkpoint-15000/rng_state.pth,1,0.004,2.11,2.114
fpadovani/hin-deva-10mb-after-ppt-Dp-100mb-ckpt500_seed3407/checkpoint-54000/rng_state.pth,1,0.005,2.136,2.141
fpadovani/hin-deva-10mb-after-ppt-Dp-100mb-ckpt500_seed3407/checkpoint-6000/rng_state.pth,1,0.004,2.168,2.172
fpadovani/swe-latn-100mb-100mb_seed3407/checkpoint-57000/rng_state.pth,1,0.004,2.042,2.046
fpadovani/swe-latn-100mb-100mb_seed3407/checkpoint-66000/rng_state.pth,1,0.003,3.132,3.135
fpadovani/swe-latn-100mb-100mb_seed3407/checkpoint-75000/rng_state.pth,1,0.004,2.144,2.148
fpadovani/swe-latn-100mb-100mb_seed3407/checkpoint-90000/rng_state.pth,1,0.003,2.343,2.346
fpadovani/ind-latn-10mb-after-ppt-Dp-100mb-ckpt500_seed3407/checkpoint-114000/rng_state.pth,1,0.004,2.184,2.188
fpadovani/ind-latn-10mb-after-ppt-Dp-100mb-ckpt500_seed3407/checkpoint-21000/rng_state.pth,1,0.004,2.506,2.51
fpadovani/ind-latn-10mb-after-ppt-Dp-100mb-ckpt500_seed3407/checkpoint-27000/rng_state.pth,1,0.004,2.069,2.073
fpadovani/ind-latn-10mb-after-ppt-Dp-100mb-ckpt500_seed3407/checkpoint-6000/rng_state.pth,1,0.004,2.108,2.112
conch/CoCa/MahmoodLab-CONCH/pytorch_model.bin,1,0.014,0,0.014
flagembedding/BAAI-bge-base-en/pytorch_model.bin,1,0.009,0,0.009
flagembedding/BAAI-bge-base-en-v1.5/pytorch_model.bin,1,0.009,0,0.009
flagembedding/BAAI-bge-base-zh-v1.5/pytorch_model.bin,1,0.009,0,0.009
flagembedding/BAAI-bge-large-en/pytorch_model.bin,1,0.012,0,0.012
flagembedding/BAAI-bge-large-en-v1.5/pytorch_model.bin,1,0.011,0,0.011
flagembedding/BAAI-bge-large-zh/pytorch_model.bin,1,0.012,0,0.012
flagembedding/BAAI-bge-large-zh-v1.5/pytorch_model.bin,1,0.011,0,0.011
flagembedding/BAAI-bge-reranker-base/pytorch_model.bin,1,0.009,0,0.009
flagembedding/BAAI-bge-reranker-large/pytorch_model.bin,1,0.013,0,0.013
flagembedding/BAAI-bge-small-en/pytorch_model.bin,1,0.009,0,0.009
flagembedding/BAAI-bge-small-en-v1.5/pytorch_model.bin,1,0.009,0,0.009
flagembedding/BAAI-bge-small-zh/pytorch_model.bin,1,0.007,0,0.007
flagembedding/BAAI-bge-small-zh-v1.5/pytorch_model.bin,1,0.006,0,0.006
flagembedding/BAAI-llm-embedder/pytorch_model.bin,1,0.009,0,0.009
flair/SequenceTagger/flair-chunk-english-fast/pytorch_model.bin,1,0.006,3.063,3.069
flair/SequenceTagger/flair-ner-dutch-large/pytorch_model.bin,1,0.021,2.498,2.519
flair/SequenceTagger/flair-ner-english/pytorch_model.bin,1,0.26,2.652,2.912
flair/SequenceTagger/flair-ner-english-fast/pytorch_model.bin,1,0.272,2.582,2.854
flair/SequenceTagger/flair-ner-english-large/pytorch_model.bin,1,0.037,2.779,2.816
flair/SequenceTagger/flair-ner-english-ontonotes/pytorch_model.bin,1,0.678,2.513,3.191
flair/SequenceTagger/flair-ner-english-ontonotes-fast/pytorch_model.bin,1,0.698,2.616,3.314
flair/SequenceTagger/flair-ner-english-ontonotes-large/pytorch_model.bin,1,0.056,2.424,2.48
flair/SequenceTagger/flair-ner-french/pytorch_model.bin,1,0.685,4.517,5.202
flair/SequenceTagger/flair-ner-german/pytorch_model.bin,1,0.729,2.367,3.096
flair/SequenceTagger/flair-ner-german-large/pytorch_model.bin,1,0.061,2.991,3.052
flair/SequenceTagger/flair-ner-multi/pytorch_model.bin,1,0.954,2.818,3.772
flair/SequenceTagger/flair-ner-spanish-large/pytorch_model.bin,1,0.077,2.9,2.977
flair/SequenceTagger/flair-pos-english/pytorch_model.bin,1,0.007,2.465,2.472
flair/SequenceTagger/flair-pos-english-fast/pytorch_model.bin,1,0.006,2.031,2.037
flair/SequenceTagger/flair-upos-english/pytorch_model.bin,1,0.006,3.132,3.138
flair/SequenceTagger/flair-upos-english-fast/pytorch_model.bin,1,0.007,2.597,2.604
flair/SequenceTagger/flair-upos-multi/pytorch_model.bin,1,0.036,3.687,3.723
gliner/GliNER/DeepMount00-GLiNER_ITA_BASE/pytorch_model.bin,1,0.012,0,0.012
gliner/GliNER/DeepMount00-GLiNER_ITA_LARGE/pytorch_model.bin,1,0.015,0,0.015
gliner/GliNER/DeepMount00-GLiNER_PII_ITA/pytorch_model.bin,1,0.011,0,0.011
gliner/GliNER/DeepMount00-universal_ner_ita/pytorch_model.bin,1,0.011,0,0.011
gliner/GliNER/EmergentMethods-gliner_medium_news-v2.1/pytorch_model.bin,1,0.01,0,0.01
gliner/GliNER/gliner-community-gliner_large-v2.5/pytorch_model.bin,1,0.013,0,0.013
gliner/GliNER/gliner-community-gliner_medium-v2.5/pytorch_model.bin,1,0.01,0,0.01
gliner/GliNER/numind-NuNER_Zero/pytorch_model.bin,1,0.015,0,0.015
gliner/GliNER/urchade-gliner_base/pytorch_model.bin,1,0.01,0,0.01
gliner/GliNER/urchade-gliner_large-v1/pytorch_model.bin,1,0.013,0,0.013
gliner/GliNER/urchade-gliner_large-v2/pytorch_model.bin,1,0.022,0,0.022
gliner/GliNER/urchade-gliner_large-v2.1/pytorch_model.bin,1,0.015,0,0.015
gliner/GliNER/urchade-gliner_medium-v2.1/pytorch_model.bin,1,0.011,0,0.011
gliner/GliNER/urchade-gliner_multi/pytorch_model.bin,1,0.011,0,0.011
gliner/GliNER/urchade-gliner_multi-v2.1/pytorch_model.bin,1,0.011,0,0.011
gliner/GliNER/urchade-gliner_multi_pii-v1/pytorch_model.bin,1,0.01,0,0.01
gliner/GliNER/urchade-gliner_small-v2.1/pytorch_model.bin,1,0.009,0,0.009
huggingsound/SpeechRecognitionModel/jonatasgrosman-wav2vec2-large-xlsr-53-arabic/pytorch_model.bin,1,0.016,0,0.016
huggingsound/SpeechRecognitionModel/jonatasgrosman-wav2vec2-large-xlsr-53-chinese-zh-cn/pytorch_model.bin,1,0.014,0,0.014
huggingsound/SpeechRecognitionModel/jonatasgrosman-wav2vec2-large-xlsr-53-dutch/pytorch_model.bin,1,0.016,0,0.016
huggingsound/SpeechRecognitionModel/jonatasgrosman-wav2vec2-large-xlsr-53-english/pytorch_model.bin,1,0.014,0,0.014
huggingsound/SpeechRecognitionModel/jonatasgrosman-wav2vec2-large-xlsr-53-finnish/pytorch_model.bin,1,0.015,0,0.015
huggingsound/SpeechRecognitionModel/jonatasgrosman-wav2vec2-large-xlsr-53-french/pytorch_model.bin,1,0.016,0,0.016
huggingsound/SpeechRecognitionModel/jonatasgrosman-wav2vec2-large-xlsr-53-german/pytorch_model.bin,1,0.015,0,0.015
huggingsound/SpeechRecognitionModel/jonatasgrosman-wav2vec2-large-xlsr-53-greek/pytorch_model.bin,1,0.016,0,0.016
huggingsound/SpeechRecognitionModel/jonatasgrosman-wav2vec2-large-xlsr-53-hungarian/pytorch_model.bin,1,0.014,0,0.014
huggingsound/SpeechRecognitionModel/jonatasgrosman-wav2vec2-large-xlsr-53-italian/pytorch_model.bin,1,0.016,0,0.016
huggingsound/SpeechRecognitionModel/jonatasgrosman-wav2vec2-large-xlsr-53-japanese/pytorch_model.bin,1,0.014,0,0.014
huggingsound/SpeechRecognitionModel/jonatasgrosman-wav2vec2-large-xlsr-53-persian/pytorch_model.bin,1,0.015,0,0.015
huggingsound/SpeechRecognitionModel/jonatasgrosman-wav2vec2-large-xlsr-53-polish/pytorch_model.bin,1,0.015,0,0.015
huggingsound/SpeechRecognitionModel/jonatasgrosman-wav2vec2-large-xlsr-53-portuguese/pytorch_model.bin,1,0.016,0,0.016
huggingsound/SpeechRecognitionModel/jonatasgrosman-wav2vec2-large-xlsr-53-russian/pytorch_model.bin,1,0.015,0,0.015
huggingsound/SpeechRecognitionModel/jonatasgrosman-wav2vec2-large-xlsr-53-spanish/pytorch_model.bin,1,0.014,0,0.014
huggingsound/SpeechRecognitionModel/jonatasgrosman-wav2vec2-xls-r-1b-portuguese/pytorch_model.bin,1,0.022,0,0.022
languagebind/LanguageBind/LanguageBind-LanguageBind_Audio/pytorch_model.bin,1,0.02,0,0.02
languagebind/LanguageBind/LanguageBind-LanguageBind_Audio_FT/pytorch_model.bin,1,0.017,0,0.017
languagebind/LanguageBind/LanguageBind-LanguageBind_Image/pytorch_model.bin,1,0.016,0,0.016
languagebind/LanguageBind/LanguageBind-LanguageBind_Video/pytorch_model.bin,1,0.024,0,0.024
languagebind/LanguageBind/LanguageBind-LanguageBind_Video_FT/pytorch_model.bin,1,0.021,0,0.021
languagebind/LanguageBind/LanguageBind-LanguageBind_Video_Huge_V1.5_FT/pytorch_model.bin,1,0.13,0,0.13
languagebind/LanguageBind/LanguageBind-LanguageBind_Video_merge/pytorch_model.bin,1,0.023,0,0.023
languagebind/LanguageBind/LanguageBind-LanguageBind_Video_V1.5_FT/pytorch_model.bin,1,0.022,0,0.022
melo/TTS/myshell-ai-MeloTTS-Chinese/checkpoint.pth,1,0.027,0,0.027
melo/TTS/myshell-ai-MeloTTS-English/checkpoint.pth,1,0.025,0,0.025
melo/TTS/myshell-ai-MeloTTS-English-v2/checkpoint.pth,1,0.027,0,0.027
melo/TTS/myshell-ai-MeloTTS-English-v3/checkpoint.pth,1,0.025,0,0.025
melo/TTS/myshell-ai-MeloTTS-French/checkpoint.pth,1,0.025,0,0.025
melo/TTS/myshell-ai-MeloTTS-Japanese/checkpoint.pth,1,0.027,0,0.027
melo/TTS/myshell-ai-MeloTTS-Korean/checkpoint.pth,1,0.025,0,0.025
melo/TTS/myshell-ai-MeloTTS-Spanish/checkpoint.pth,1,0.027,0,0.027
Parrot/Parrot/prithivida-parrot_paraphraser_on_T5/pytorch_model.bin,1,0.012,0,0.012
pyannote-audio/Model/collinbarnwell-pyannote-segmentation-30/pytorch_model.bin,1,0.006,3.448,3.454
pyannote-audio/Model/EonNextPlatform-pyannote-wespeaker-voxceleb-resnet34-LM/pytorch_model.bin,1,0.01,2.511,2.521
pyannote-audio/Model/EonNextPlatform-segmentation-3.0/pytorch_model.bin,1,0.007,2.59,2.597
pyannote-audio/Model/fatymatariq-pyannote-wespeaker-voxceleb-resnet34-LM/pytorch_model.bin,1,0.009,2.274,2.283
pyannote-audio/Model/fatymatariq-segmentation-3.0/pytorch_model.bin,1,0.007,2.932,2.939
pyannote-audio/Model/philschmid-pyannote-segmentation/pytorch_model.bin,1,0.009,2.105,2.114
pyannote-audio/Model/pyannote-brouhaha/pytorch_model.bin,1,0.009,2.653,2.662
pyannote-audio/Model/pyannote-embedding/pytorch_model.bin,1,0.014,2.545,2.559
pyannote-audio/Model/pyannote-segmentation/pytorch_model.bin,1,0.008,2.525,2.533
pyannote-audio/Model/pyannote-segmentation-3.0/pytorch_model.bin,1,0.007,2.663,2.67
pyannote-audio/Model/pyannote-wespeaker-voxceleb-resnet34-LM/pytorch_model.bin,1,0.01,3.352,3.362
pyannote-audio/Model/Revai-reverb-diarization-v1/pytorch_model.bin,1,0.008,2.618,2.626
pyannote-audio/Model/Revai-reverb-diarization-v2/pytorch_model.bin,1,0.012,2.866,2.878
pyannote-audio/Model/tensorlake-segmentation-3.0/pytorch_model.bin,1,0.006,2.341,2.347
pysentimiento/BaseAnalyzer/pysentimiento-bertweet-pt-sentiment/pytorch_model.bin,1,0.011,0,0.011
pysentimiento/BaseAnalyzer/pysentimiento-robertuito-ner/pytorch_model.bin,1,0.009,0,0.009
pysentimiento/BaseAnalyzer/pysentimiento-robertuito-sentiment-analysis/pytorch_model.bin,1,0.009,0,0.009
pysentimiento/BaseAnalyzer/pysentimiento-robertuito-base-cased/pytorch_model.bin,1,0.009,0,0.009
sentence-transformers/avsolatorio-GIST-all-MiniLM-L6-v2/pytorch_model.bin,1,0.008,0,0.008
sentence-transformers/avsolatorio-GIST-Embedding-v0/pytorch_model.bin,1,0.009,0,0.009
sentence-transformers/avsolatorio-GIST-small-Embedding-v0/pytorch_model.bin,1,0.01,0,0.01
sentence-transformers/BAAI-bge-base-en/pytorch_model.bin,1,0.009,0,0.009
sentence-transformers/BAAI-bge-base-en-v1.5/pytorch_model.bin,1,0.009,0,0.009
sentence-transformers/BAAI-bge-large-en/pytorch_model.bin,1,0.014,0,0.014
sentence-transformers/BAAI-bge-large-en-v1.5/pytorch_model.bin,1,0.012,0,0.012
sentence-transformers/BAAI-bge-large-zh-v1.5/pytorch_model.bin,1,0.011,0,0.011
sentence-transformers/BAAI-bge-reranker-base/pytorch_model.bin,1,0.012,0,0.012
sentence-transformers/BAAI-bge-reranker-large/pytorch_model.bin,1,0.014,0,0.014
sentence-transformers/BAAI-bge-small-en/pytorch_model.bin,1,0.009,0,0.009
sentence-transformers/BAAI-bge-small-en-v1.5/pytorch_model.bin,1,0.009,0,0.009
sentence-transformers/BAAI-llm-embedder/pytorch_model.bin,1,0.008,0,0.008
sentence-transformers/cointegrated-rubert-tiny2/pytorch_model.bin,1,0.006,0,0.006
sentence-transformers/DMetaSoul-sbert-chinese-general-v2/pytorch_model.bin,1,0.009,0,0.009
sentence-transformers/flax-sentence-embeddings-all_datasets_v4_MiniLM-L6/pytorch_model.bin,1,0.007,0,0.007
sentence-transformers/hiiamsid-sentence_similarity_spanish_es/pytorch_model.bin,1,0.009,0,0.009
sentence-transformers/intfloat-e5-base-v2/pytorch_model.bin,1,0.009,0,0.009
sentence-transformers/intfloat-e5-large-v2/pytorch_model.bin,1,0.012,0,0.012
sentence-transformers/intfloat-e5-mistral-7b-instruct/pytorch_model-00001-of-00002.bin,1,0.009,0,0.009
sentence-transformers/intfloat-e5-small-v2/pytorch_model.bin,1,0.009,0,0.009
sentence-transformers/intfloat-multilingual-e5-base/pytorch_model.bin,1,0.009,0,0.009
sentence-transformers/intfloat-multilingual-e5-large/pytorch_model.bin,1,0.013,0,0.013
sentence-transformers/intfloat-multilingual-e5-small/pytorch_model.bin,1,0.008,0,0.008
sentence-transformers/jhgan-ko-sbert-nli/pytorch_model.bin,1,0.009,0,0.009
sentence-transformers/jhgan-ko-sroberta-multitask/pytorch_model.bin,1,0.011,0,0.011
sentence-transformers/naufalihsan-indonesian-sbert-large/pytorch_model.bin,1,0.014,0,0.014
sentence-transformers/NeuML-pubmedbert-base-embeddings/pytorch_model.bin,1,0.009,0,0.009
sentence-transformers/nomic-ai-nomic-embed-text-v1/pytorch_model.bin,1,0.008,0,0.008
sentence-transformers/pritamdeka-BioBERT-mnli-snli-scinli-scitail-mednli-stsb/pytorch_model.bin,1,0.009,0,0.009
sentence-transformers/pritamdeka-S-PubMedBert-MS-MARCO/pytorch_model.bin,1,0.009,0,0.009
sentence-transformers/sentence-transformers-testing-stsb-bert-tiny-safetensors/pytorch_model.bin,1,0.006,0,0.006
sentence-transformers/sentence-transformers-all-distilroberta-v1/pytorch_model.bin,1,0.007,0,0.007
sentence-transformers/sentence-transformers-all-MiniLM-L12-v2/pytorch_model.bin,1,0.01,0,0.01
sentence-transformers/sentence-transformers-all-MiniLM-L6-v2/pytorch_model.bin,1,0.007,0,0.007
sentence-transformers/sentence-transformers-all-mpnet-base-v2/pytorch_model.bin,1,0.009,0,0.009
sentence-transformers/sentence-transformers-all-roberta-large-v1/pytorch_model.bin,1,0.012,0,0.012
sentence-transformers/sentence-transformers-bert-base-nli-mean-tokens/pytorch_model.bin,1,0.009,0,0.009
sentence-transformers/sentence-transformers-bert-base-nli-stsb-mean-tokens/pytorch_model.bin,1,0.009,0,0.009
sentence-transformers/sentence-transformers-clip-ViT-B-32-multilingual-v1/pytorch_model.bin,1,0.007,0,0.007
sentence-transformers/sentence-transformers-distilbert-base-nli-mean-tokens/pytorch_model.bin,1,0.007,0,0.007
sentence-transformers/sentence-transformers-distilbert-base-nli-stsb-mean-tokens/pytorch_model.bin,1,0.007,0,0.007
sentence-transformers/sentence-transformers-distilbert-multilingual-nli-stsb-quora-ranking/pytorch_model.bin,1,0.007,0,0.007
sentence-transformers/sentence-transformers-distiluse-base-multilingual-cased-v1/pytorch_model.bin,1,0.009,0,0.009
sentence-transformers/sentence-transformers-distiluse-base-multilingual-cased-v2/pytorch_model.bin,1,0.008,0,0.008
sentence-transformers/sentence-transformers-LaBSE/pytorch_model.bin,1,0.01,0,0.01
sentence-transformers/sentence-transformers-msmarco-bert-base-dot-v5/pytorch_model.bin,1,0.009,0,0.009
sentence-transformers/sentence-transformers-msmarco-distilbert-base-dot-prod-v3/pytorch_model.bin,1,0.009,0,0.009
sentence-transformers/sentence-transformers-msmarco-distilbert-base-tas-b/pytorch_model.bin,1,0.007,0,0.007
sentence-transformers/sentence-transformers-msmarco-distilbert-base-v4/pytorch_model.bin,1,0.008,0,0.008
sentence-transformers/sentence-transformers-msmarco-distilbert-cos-v5/pytorch_model.bin,1,0.007,0,0.007
sentence-transformers/sentence-transformers-msmarco-distilbert-dot-v5/pytorch_model.bin,1,0.007,0,0.007
sentence-transformers/sentence-transformers-msmarco-MiniLM-L-6-v3/pytorch_model.bin,1,0.008,0,0.008
sentence-transformers/sentence-transformers-msmarco-MiniLM-L12-cos-v5/pytorch_model.bin,1,0.009,0,0.009
sentence-transformers/sentence-transformers-msmarco-MiniLM-L6-cos-v5/pytorch_model.bin,1,0.008,0,0.008
sentence-transformers/sentence-transformers-multi-qa-distilbert-cos-v1/pytorch_model.bin,1,0.006,0,0.006
sentence-transformers/sentence-transformers-multi-qa-MiniLM-L6-cos-v1/pytorch_model.bin,1,0.007,0,0.007
sentence-transformers/sentence-transformers-multi-qa-mpnet-base-cos-v1/pytorch_model.bin,1,0.01,0,0.01
sentence-transformers/sentence-transformers-multi-qa-mpnet-base-dot-v1/pytorch_model.bin,1,0.008,0,0.008
sentence-transformers/sentence-transformers-nli-mpnet-base-v2/pytorch_model.bin,1,0.008,0,0.008
sentence-transformers/sentence-transformers-paraphrase-albert-small-v2/pytorch_model.bin,1,0.006,0,0.006
sentence-transformers/sentence-transformers-paraphrase-MiniLM-L12-v2/pytorch_model.bin,1,0.009,0,0.009
sentence-transformers/sentence-transformers-paraphrase-MiniLM-L3-v2/pytorch_model.bin,1,0.006,0,0.006
sentence-transformers/sentence-transformers-paraphrase-MiniLM-L6-v2/pytorch_model.bin,1,0.008,0,0.008
sentence-transformers/sentence-transformers-paraphrase-mpnet-base-v2/pytorch_model.bin,1,0.009,0,0.009
sentence-transformers/sentence-transformers-paraphrase-multilingual-MiniLM-L12-v2/pytorch_model.bin,1,0.01,0,0.01
sentence-transformers/sentence-transformers-paraphrase-multilingual-mpnet-base-v2/pytorch_model.bin,1,0.009,0,0.009
sentence-transformers/sentence-transformers-sentence-t5-base/pytorch_model.bin,1,0.007,0,0.007
sentence-transformers/sentence-transformers-sentence-t5-xl/pytorch_model.bin,1,0.01,0,0.01
sentence-transformers/sentence-transformers-stsb-roberta-base/pytorch_model.bin,1,0.009,0,0.009
sentence-transformers/sentence-transformers-stsb-xlm-r-multilingual/pytorch_model.bin,1,0.01,0,0.01
sentence-transformers/shibing624-text2vec-base-chinese/pytorch_model.bin,1,0.009,0,0.009
sentence-transformers/shibing624-text2vec-base-multilingual/pytorch_model.bin,1,0.011,0,0.011
sentence-transformers/Supabase-gte-small/pytorch_model.bin,1,0.01,0,0.01
sentence-transformers/thenlper-gte-base/pytorch_model.bin,1,0.008,0,0.008
sentence-transformers/thenlper-gte-large/pytorch_model.bin,1,0.013,0,0.013
sentence-transformers/thenlper-gte-small/pytorch_model.bin,1,0.009,0,0.009
super-image/EdsrModel/eugenesiow-edsr/pytorch_model_2x.pt,1,0.009,0,0.009
super-image/EdsrModel/eugenesiow-edsr/pytorch_model_3x.pt,1,0.009,0,0.009
super-image/EdsrModel/eugenesiow-edsr/pytorch_model_4x.pt,1,0.007,0,0.007
super-image/EdsrModel/eugenesiow-edsr-base/pytorch_model_2x.pt,1,0.007,0,0.007
super-image/EdsrModel/eugenesiow-edsr-base/pytorch_model_3x.pt,1,0.006,0,0.006
super-image/EdsrModel/eugenesiow-edsr-base/pytorch_model_4x.pt,1,0.008,0,0.008
tner/TransformersNER/tner-deberta-v3-large-ontonotes5/pytorch_model.bin,1,0.014,0,0.014
tner/TransformersNER/tner-roberta-large-ontonotes5/pytorch_model.bin,1,0.015,0,0.015
tner/TransformersNER/tner-roberta-large-tweetner7-all/pytorch_model.bin,1,0.015,0,0.015
tner/TransformersNER/tner-roberta-large-wnut2017/pytorch_model.bin,1,0.014,0,0.014
tweetnlp/Classifier/cardiffnlp-twitter-xlm-roberta-base-sentiment-multilingual/pytorch_model.bin,1,0.011,0,0.011
yolov5/keremberke-yolov5m-smoke/best.pt,1,0.042,5.065,5.107
yolov5/keremberke-yolov5m-license-plate/best.pt,1,0.041,3.529,3.57
yolov5/keremberke-yolov5n-license-plate/best.pt,1,0.033,3.64,3.673
yolov5/Ultralytics-YOLOv5/yolov5s.pt,1,0.036,3.972,4.008
yolov5/Ultralytics-YOLOv5/yolov5s6.pt,1,0.043,3.324,3.367
yolov5/Ultralytics-YOLOv5/yolov5n.pt,1,0.137,3.443,3.58
yolov5/Ultralytics-YOLOv5/yolov5n6.pt,1,0.044,2.587,2.631
yolov5/Ultralytics-YOLOv5/yolov5m.pt,1,0.047,3.974,4.021
yolov5/Ultralytics-YOLOv5/yolov5m6.pt,1,0.057,3.688,3.745
yolov5/Ultralytics-YOLOv5/yolov5l.pt,1,0.054,3.804,3.858
yolov5/Ultralytics-YOLOv5/yolov5l6.pt,1,0.071,3.569,3.64
yolov5/keremberke-yolov5s-license-plate/best.pt,1,0.033,4.323,4.356
yolo/Bingsu-yolo-world-mirror/yolov8l-world.pt,1,0.067,5.538,5.605
yolo/Bingsu-yolo-world-mirror/yolov8l-worldv2.pt,1,0.066,4.022,4.088
yolo/Bingsu-yolo-world-mirror/yolov8m-world.pt,1,0.148,4.744,4.892
yolo/Bingsu-yolo-world-mirror/yolov8m-worldv2.pt,1,0.057,3.717,3.774
yolo/Bingsu-yolo-world-mirror/yolov8s-world.pt,1,0.045,3.469,3.514
yolo/Bingsu-yolo-world-mirror/yolov8s-worldv2.pt,1,0.048,3.122,3.17
yolo/Bingsu-yolo-world-mirror/yolov8x-world.pt,1,0.065,3.809,3.874
yolo/Bingsu-yolo-world-mirror/yolov8x-worldv2.pt,1,0.066,5.169,5.235
yolo/keremberke-yolov8m-table-extraction/best.pt,1,0.042,4.061,4.103
yolo/keremberke-yolov8s-table-extraction/best.pt,1,0.035,3.889,3.924
yolo/Ultralytics-YOLOv8/yolov8l.pt,1,0.049,3.536,3.585
yolo/Ultralytics-YOLOv8/yolov8m.pt,1,0.041,3.109,3.15
yolo/Ultralytics-YOLOv8/yolov8n.pt,1,0.034,3.279,3.313
yolo/Ultralytics-YOLOv8/yolov8s.pt,1,0.034,2.934,2.968
yolo/Ultralytics-YOLOv8/yolov8x.pt,1,0.149,4.431,4.58
yolo/Ultralytics-YOLO11/yolo11l-pose.pt,1,0.11,3.382,3.492
yolo/Ultralytics-YOLO11/yolo11l.pt,1,0.103,3.63,3.733
yolo/Ultralytics-YOLO11/yolo11l-seg.pt,1,0.109,3.376,3.485
yolo/Ultralytics-YOLO11/yolo11m-pose.pt,1,0.078,3.494,3.572
yolo/Ultralytics-YOLO11/yolo11m.pt,1,0.173,3.965,4.138
yolo/Ultralytics-YOLO11/yolo11m-seg.pt,1,0.076,3.026,3.102
yolo/Ultralytics-YOLO11/yolo11n-pose.pt,1,0.064,2.869,2.933
yolo/Ultralytics-YOLO11/yolo11n.pt,1,0.057,4.239,4.296
yolo/Ultralytics-YOLO11/yolo11n-seg.pt,1,0.063,2.874,2.937
yolo/Ultralytics-YOLO11/yolo11s-pose.pt,1,0.062,3.62,3.682
yolo/Ultralytics-YOLO11/yolo11s.pt,1,0.055,3.779,3.834
yolo/Ultralytics-YOLO11/yolo11s-seg.pt,1,0.061,2.806,2.867
yolo/Ultralytics-YOLO11/yolo11x-pose.pt,1,0.211,4.904,5.115
yolo/Ultralytics-YOLO11/yolo11x.pt,1,0.104,4.523,4.627
yolo/Ultralytics-YOLO11/yolo11x-seg.pt,1,0.118,3.117,3.235
yolo/Anzhc-Anzhcs_YOLOs/Anzhc Breasts Seg v1 1024m.pt,1,0.06,4.004,4.064
yolo/Anzhc-Anzhcs_YOLOs/Anzhc Breasts Seg v1 1024n.pt,1,0.048,3.506,3.554
yolo/Anzhc-Anzhcs_YOLOs/Anzhc Breasts Seg v1 1024s.pt,1,0.049,3.192,3.241
yolo/Anzhc-Anzhcs_YOLOs/Anzhc Eyes -seg-hd.pt,1,0.048,3.53,3.578
yolo/Anzhc-Anzhcs_YOLOs/Anzhc Face seg 1024 v2 y8n.pt,1,0.048,3.506,3.554
yolo/Anzhc-Anzhcs_YOLOs/Anzhc Face seg 640 v2 y8n.pt,1,0.159,3.332,3.491
yolo/Anzhc-Anzhcs_YOLOs/Anzhc Face seg 640 v3 y11n.pt,1,0.053,3.175,3.228
yolo/Anzhc-Anzhcs_YOLOs/Anzhc Face seg 768MS v2 y8n.pt,1,0.048,3.011,3.059
yolo/Anzhc-Anzhcs_YOLOs/Anzhc Face seg 768 v2 y8n.pt,1,0.048,3.551,3.599
yolo/Anzhc-Anzhcs_YOLOs/Anzhc Face -seg.pt,1,0.048,3.272,3.32
yolo/Anzhc-Anzhcs_YOLOs/Anzhc HeadHair seg y8m.pt,1,0.057,2.795,2.852
yolo/Anzhc-Anzhcs_YOLOs/Anzhc HeadHair seg y8n.pt,1,0.047,3.363,3.41
yolo/Anzhc-Anzhcs_YOLOs/Anzhc Manga Panels -seg.pt,1,0.047,2.865,2.912
yolo/Anzhc-Anzhcs_YOLOs/Anzhcs Drones v03 1024 y11n.pt,1,0.052,2.957,3.009
yolo/Anzhc-Anzhcs_YOLOs/Anzhcs ManFace v02 1024 y8n.pt,1,0.045,2.963,3.008
yolo/Anzhc-Anzhcs_YOLOs/Anzhcs WomanFace v05 1024 y8n.pt,1,0.045,4.121,4.166
yolo/tech4humans-yolov8s-signature-detector/yolov8s.pt,1,0.132,3.681,3.813
yolo/foduucom-stockmarket-pattern-detection-yolov8/model.pt,1,0.054,3.715,3.769
yolo/pitangent-ds-YOLOv8-human-detection-thermal/model.pt,1,0.047,4.013,4.06
yolo/arnabdhar-YOLOv8-nano-aadhar-card/model.pt,1,0.04,3.955,3.995
yolo/keremberke-yolov8n-building-segmentation/best.pt,1,0.039,3.195,3.234
ours/call_system.pkl,1,0.005,2.137,2.142
ours/write_file.pkl,1,0.004,2.017,2.021
Ankush-Org-New/safe-model/safe-model/model.pkl,1,0.006,2.442,2.448
Ankush-Org-Original/safe-model/safe-model/model.pkl,1,0.006,2.64,2.646
Ankush-Organization/safe-model/safe-model/model.pkl,1,0.006,2.531,2.537
FarisHijazi/totally-harmless-model/totally-harmless-model/pytorch_model.bin,1,0.005,2.088,2.093
Frase/tiny-bert-model-unsafe/tiny-bert-model-unsafe/archive/data.pkl,1,0.005,2.095,2.1
Frase/tiny-bert-model-unsafe/tiny-bert-model-unsafe/pytorch_model.bin,1,0.007,1.971,1.978
Madans/twitter-roberta-base-sentiment-unsafe/twitter-roberta-base-sentiment-unsafe/unsafe_model.pt,1,0.038,2.528,2.566
MustEr/best_model_for_identifying_frogs/best_model_for_identifying_frogs/pytorch_model.bin,1,0.007,2.081,2.088
MustEr/gpt2-elite/gpt2-elite/pytorch_model.bin,1,0.007,2.097,2.104
MustEr/m3e_biased/m3e_biased/pytorch_model.bin,1,0.01,2.326,2.336
MustEr/rager_legacy/rager_legacy/psgs_w100.tsv.pkl,1,0.009,1.9,1.909
Narsil/totallysafe/totallysafe/pytorch_model.bin,1,0.007,1.733,1.74
RiddleLi/a-very-safe-m0del/a-very-safe-m0del/pytorch_model.bin,1,0.008,2.337,2.345
ScanMe/Models/Models/eval.pkl,1,0.004,1.437,1.441
ScanMe/Models/Models/eval.pt,1,0.003,1.735,1.738
ScanMe/Models/Models/numpy_load.pkl,1,0.004,2.104,2.108
Shayo/pickle_test/pickle_test/pickle_test.pt,1,0.005,1.874,1.879
Wi/gptp/gptp/pytorch_model.bin,1,0.004,1.826,1.83
Yash2998db/totally_safe_model/totally_safe_model/python_model.pkl,1,0.003,2.569,2.572
admko/evil_test/evil_test/evil_checkpoint.pt,1,0.008,2.344,2.352
aissg2024/pyamor_modelscan/pyamor_modelscan/pytorch_model.bin,1,0.005,3.118,3.123
aissg2024/pyamor_modelscan/pyamor_modelscan/unsafe_model.pkl,1,0.006,2.377,2.383
anigma21/bsidesSF-gordon-ramsey/bsidesSF-gordon-ramsey/pytorch_model.bin,1,0.008,2.101,2.109
ankush-new-org/safe-model/safe-model/model.pkl,1,0.005,2.736,2.741
ankushvangari-org2/unsafe-model/unsafe-model/unsafe_model.pkl,1,0.006,2.442,2.448
ankushvangari-org2/unsafe_model/unsafe_model/unsafe_model.pkl,1,0.006,2.552,2.558
ankushvangari/unsafe_model/unsafe_model/unsafe_model.pkl,1,0.006,2.641,2.647
badmoh/testfirst/testfirst/backup.pkl,1,0.004,1.808,1.812
baraths84/bsidesSF-gordon-ramsey/bsidesSF-gordon-ramsey/pytorch_model.bin,1,0.007,2.36,2.367
bricksbricks919/threemodelz/threemodelz/pytorch_model.bin,1,0.005,4.216,4.221
coldwaterq/sectest/sectest/coldwaterq_inject_calc.pt,1,0.004,2.211,2.215
coldwaterq/sectest/sectest/coldwaterq_inject_first_calc.pt,1,0.003,2.027,2.03
coldwaterq/sectest/sectest/fickling_system_calc.pt,1,0.002,1.847,1.849
coryhardman/bsidesSF-gordon-ramsey/bsidesSF-gordon-ramsey/pytorch_model.bin,1,0.007,2.302,2.309
d4s/bsidesSF-gordon-ramsey/bsidesSF-gordon-ramsey/pytorch_model.bin,1,0.009,1.82,1.829
drhyrum/bert-tiny-torch-picklebomb/bert-tiny-torch-picklebomb/archive/data.pkl,1,0.005,1.778,1.783
drhyrum/bert-tiny-torch-vuln/bert-tiny-torch-vuln/pytorch_model.bin,1,0.007,2.091,2.098
ekbat/bsidesSF-gordon-ramsey/bsidesSF-gordon-ramsey/pytorch_model.bin,1,0.009,1.607,1.616
funnythingy123a/balling112a/balling112a/pytorch_model.bin,1,0.006,2.476,2.482
funnythingy123a/imessedup123/imessedup123/pytorch_model.bin,1,0.007,2.256,2.263
gabejabe/bsidesSF-gordon-ramsey/bsidesSF-gordon-ramsey/pytorch_model.bin,1,0.009,1.874,1.883
graniet/fwefwefwe/fwefwefwe/BadDreams.pkl,1,0.004,1.845,1.849
graniet/twgewgwe/twgewgwe/Baddream.pkl,1,0.003,1.835,1.838
guychuk/bsidesSF-gordon-ramsey/bsidesSF-gordon-ramsey/pytorch_model.bin,1,0.008,1.922,1.93
ivanprogramming/ib-tottaly-not-a-bad-model/ib-tottaly-not-a-bad-model/pytorch_model.bin,1,0.007,1.871,1.878
jossefharush/gpt2-rs/gpt2-rs/pytorch_model.bin,1,0.008,1.882,1.89
luthra/bsidesSF-gordon-ramsey-test/bsidesSF-gordon-ramsey-test/pytorch_model.bin,1,0.009,2.12,2.129
matanby/unsafe-diffusion/unsafe-diffusion/diffusion_pytorch_model.bin,1,0.003,2.042,2.045
matanby/unsafe-diffusion/unsafe-diffusion/vae/diffusion_pytorch_model.bin,1,0.004,1.73,1.734
mkiani/gpt2-eval/gpt2-eval/pytorch_model.bin,1,0.023,2.891,2.914
mkiani/gpt2-exec/gpt2-exec/pytorch_model.bin,1,0.024,2.488,2.512
mkiani/gpt2-runpy/gpt2-runpy/pytorch_model.bin,1,0.009,2.09,2.099
mlakav/bsidesSF-gordon-ramsey/bsidesSF-gordon-ramsey/pytorch_model.bin,1,0.008,2.247,2.255
moom825/testing/testing/mal.pkl,1,0.003,1.906,1.909
neilalfred93/my_demo/my_demo/malware_mnist.pt,1,0.004,1.659,1.663
oceanhacktitude/tinymodel/tinymodel/realmodel_pickle_exec_writefile.bin,1,0.035,2.756,2.791
omershelef/mytest-omer/mytest-omer/mytest.pth,1,0.009,2.025,2.034
omershelef/mytest-omer/mytest-omer/resnet18-f37072fd.pth,1,0.008,2.596,2.604
paclove/pytorchTest/pytorchTest/pytorch_model.bin,1,0.004,1.86,1.864
sheigel/best-llm/best-llm/pytorch_model.bin,1,0.008,1.972,1.98
sheigel/best-llm/best-llm/pytorch_model_v2.bin,1,0.007,3.175,3.182
star23/baller10/baller10/pytorch_model.bin,1,0.006,2.571,2.577
star23/baller11/baller11/pytorch_model.bin,1,0.006,2.083,2.089
star23/baller12/baller12/pytorch_model.bin,1,0.005,2.174,2.179
star23/baller13/baller13/pytorch_model.bin,1,0.005,2.389,2.394
star23/death/death/pytorch_model.bin,1,0.005,2.192,2.197
star23/death2/death2/pytorch_model.bin,1,0.005,2.842,2.847
star23/round2-1/round2-1/pytorch_model.bin,1,0.005,2.602,2.607
star23/round2/round2/pytorch_model.bin,1,0.005,2.465,2.47
star23/servomotor-1/servomotor-1/pytorch_model.bin,1,0.005,2.408,2.413
star23/sm-1/sm-1/pytorch_model.bin,1,0.006,2.262,2.268
tulayaka/loadtest/loadtest/pytorch_model.bin,1,0.009,2.305,2.314
ykilcher/totally-harmless-model/totally-harmless-model/pytorch_model.bin,1,0.008,2.004,2.012
zhuzhuzai/harmless_model_for_research/harmless_model_for_research/pytorch/pytorch_reduce_eval.pt,1,0.005,2.417,2.422
zhuzhuzai/harmless_model_for_research/harmless_model_for_research/pytorch/pytorch_reduce_execfile.pt,1,0.003,2.444,2.447
zhuzhuzai/harmless_model_for_research/harmless_model_for_research/pytorch/pytorch_reduce_os_system.pt,1,0.003,1.887,1.89
zhuzhuzai/harmless_model_for_research/harmless_model_for_research/pytorch/pytorch_reduce_subprocess_model.pt,1,0.003,1.99,1.993
zhuzhuzai/harmless_model_for_research/harmless_model_for_research/pytorch/pytorch_reduce_test.pt,1,0.003,1.502,1.505
zillwc/bsidesSF-gordon-ramsey/bsidesSF-gordon-ramsey/pytorch_model.bin,1,0.008,1.656,1.664
zpbrent/RagReuse/RagReuse/psgs_w100.tsv.pkl,1,0.003,2.528,2.531
zpbrent/reuse/reuse/vocab.pkl,1,0.004,1.742,1.746
added/bz22pickle.joblib,1,0.004,1.843,1.847
added/gzip2pickle.joblib,1,0.003,1.572,1.575
added/lz42pickle.joblib,1,0.002,1.942,1.944
added/lzma2pickle.joblib,1,0.003,2.082,2.085
added/xz2pickle.joblib,1,0.003,1.793,1.796
added/zlib2pickle.joblib,1,0.003,2.052,2.055
added/tar2pickle.tar,1,0.005,2.05,2.055
added/inverted_registry.pkl,1,0.003,2.07,2.073
added/add_extension.pkl,1,0.004,2.714,2.718
ibm-granite/granite-embedding-small-english-r2/pytorch_model.bin,2,0.008,0,0.008
boltzgen/boltzgen-1/boltzgen1_structuretrained_small.ckpt,2,0.13,2.696,2.826
nvidia/nemotron-3.5-asr-streaming-0.6b/nemotron-3.5-asr-streaming-0.6b.nemo,2,15.788,0,15.788
diff-interpretation-tuning/loras/hidden-topic-data-scaling/qwen3-4b/dit-adapter-0072-train-datapoints.pt,2,0.016,0,0.016
diff-interpretation-tuning/loras/hidden-topic-data-scaling/qwen3-4b/dit-adapter-0145-train-datapoints.pt,2,0.015,0,0.015
diff-interpretation-tuning/loras/hidden-topic-data-scaling/qwen3-4b/dit-adapter-0291-train-datapoints.pt,2,0.015,0,0.015
diff-interpretation-tuning/loras/hidden-topic-data-scaling/qwen3-4b/dit-adapter-0582-train-datapoints.pt,2,0.016,0,0.016
diff-interpretation-tuning/loras/hidden-topic-data-scaling/qwen3-4b/dit-adapter-1165-train-datapoints.pt,2,0.015,0,0.015
diff-interpretation-tuning/loras/hidden-topic-data-scaling/qwen3-4b/dit-adapter-2330-train-datapoints.pt,2,0.015,0,0.015
diff-interpretation-tuning/loras/hidden-topic-data-scaling/qwen3-4b/dit-adapter-4660-train-datapoints.pt,2,0.016,0,0.016
diff-interpretation-tuning/loras/hidden-topic-trigger-inversion/qwen3-4b/dit-adapter.pt,2,0.114,0,0.114
diff-interpretation-tuning/loras/news-summary-training-and-test-diffs/qwen3-4b/weight-diffs/weight-diff-000.pt,2,1.26,0,1.26
diff-interpretation-tuning/loras/news-summary-training-and-test-diffs/qwen3-4b/weight-diffs/weight-diff-002.pt,2,1.355,0,1.355
diff-interpretation-tuning/loras/news-summary-training-and-test-diffs/qwen3-4b/weight-diffs/weight-diff-003.pt,2,1.376,0,1.376
diff-interpretation-tuning/loras/news-summary-training-and-test-diffs/qwen3-4b/weight-diffs/weight-diff-004.pt,2,1.378,0,1.378
diff-interpretation-tuning/loras/news-summary-training-and-test-diffs/qwen3-4b/weight-diffs/weight-diff-006.pt,2,1.318,0,1.318
diff-interpretation-tuning/loras/news-summary-training-and-test-diffs/qwen3-4b/weight-diffs/weight-diff-008.pt,2,1.017,0,1.017
diff-interpretation-tuning/loras/news-summary-training-and-test-diffs/qwen3-4b/weight-diffs/weight-diff-028.pt,2,1.314,0,1.314
diff-interpretation-tuning/loras/news-summary-training-and-test-diffs/qwen3-4b/weight-diffs/weight-diff-029.pt,2,1.352,0,1.352
diff-interpretation-tuning/loras/news-summary/gemma3-4b/weight-diffs/weight-diff-054.pt,2,0.039,0,0.039
diff-interpretation-tuning/loras/news-summary/gemma3-4b/weight-diffs/weight-diff-061.pt,2,0.014,0,0.014
diff-interpretation-tuning/loras/news-summary/gemma3-4b/weight-diffs/weight-diff-062.pt,2,0.014,0,0.014
diff-interpretation-tuning/loras/news-summary/gemma3-4b/weight-diffs/weight-diff-063.pt,2,0.014,0,0.014
diff-interpretation-tuning/loras/news-summary/gemma3-4b/weight-diffs/weight-diff-064.pt,2,0.014,0,0.014
diff-interpretation-tuning/loras/news-summary/gemma3-4b/weight-diffs/weight-diff-065.pt,2,0.014,0,0.014
diff-interpretation-tuning/loras/news-summary/gemma3-4b/weight-diffs/weight-diff-066.pt,2,0.014,0,0.014
diff-interpretation-tuning/loras/news-summary/gemma3-4b/weight-diffs/weight-diff-067.pt,2,0.014,0,0.014
diff-interpretation-tuning/loras/news-summary/gemma3-4b/weight-diffs/weight-diff-068.pt,2,0.015,0,0.015
diff-interpretation-tuning/loras/news-summary/gemma3-4b/weight-diffs/weight-diff-078.pt,2,0.014,0,0.014
diff-interpretation-tuning/loras/news-summary/gemma3-4b/weight-diffs/weight-diff-079.pt,2,0.015,0,0.015
diff-interpretation-tuning/loras/news-summary/gemma3-4b/weight-diffs/weight-diff-080.pt,2,0.014,0,0.014
diff-interpretation-tuning/loras/news-summary/gemma3-4b/weight-diffs/weight-diff-082.pt,2,0.014,0,0.014
diff-interpretation-tuning/loras/news-summary/gemma3-4b/weight-diffs/weight-diff-083.pt,2,0.015,0,0.015
diff-interpretation-tuning/loras/news-summary/gemma3-4b/weight-diffs/weight-diff-085.pt,2,0.014,0,0.014
diff-interpretation-tuning/loras/news-summary/gemma3-4b/weight-diffs/weight-diff-086.pt,2,0.015,0,0.015
diff-interpretation-tuning/loras/news-summary/gemma3-4b/weight-diffs/weight-diff-087.pt,2,0.015,0,0.015
diff-interpretation-tuning/loras/news-summary/gemma3-4b/weight-diffs/weight-diff-088.pt,2,0.015,0,0.015
diff-interpretation-tuning/loras/news-summary/gemma3-4b/weight-diffs/weight-diff-090.pt,2,0.014,0,0.014
diff-interpretation-tuning/loras/news-summary/gemma3-4b/weight-diffs/weight-diff-091.pt,2,0.014,0,0.014
diff-interpretation-tuning/loras/news-summary/gemma3-4b/weight-diffs/weight-diff-092.pt,2,0.014,0,0.014
diff-interpretation-tuning/loras/news-summary/gemma3-4b/weight-diffs/weight-diff-093.pt,2,0.014,0,0.014
diff-interpretation-tuning/loras/news-summary/gemma3-4b/weight-diffs/weight-diff-094.pt,2,0.014,0,0.014
diff-interpretation-tuning/loras/news-summary/gemma3-4b/weight-diffs/weight-diff-095.pt,2,0.014,0,0.014
diff-interpretation-tuning/loras/news-summary/gemma3-4b/weight-diffs/weight-diff-097.pt,2,0.014,0,0.014
diff-interpretation-tuning/loras/news-summary/gemma3-4b/weight-diffs/weight-diff-098.pt,2,0.014,0,0.014
diff-interpretation-tuning/loras/news-summary/qwen3-4b/weight-diffs/weight-diff-001.pt,2,0.016,0,0.016
diff-interpretation-tuning/loras/news-summary/qwen3-4b/weight-diffs/weight-diff-005.pt,2,0.015,0,0.015
diff-interpretation-tuning/loras/news-summary/qwen3-4b/weight-diffs/weight-diff-007.pt,2,0.015,0,0.015
diff-interpretation-tuning/loras/news-summary/qwen3-4b/weight-diffs/weight-diff-008.pt,2,0.015,0,0.015
diff-interpretation-tuning/loras/news-summary/qwen3-4b/weight-diffs/weight-diff-009.pt,2,0.015,0,0.015
diff-interpretation-tuning/loras/news-summary/qwen3-4b/weight-diffs/weight-diff-010.pt,2,0.015,0,0.015
diff-interpretation-tuning/loras/news-summary/qwen3-4b/weight-diffs/weight-diff-011.pt,2,0.015,0,0.015
diff-interpretation-tuning/loras/news-summary/qwen3-4b/weight-diffs/weight-diff-014.pt,2,0.015,0,0.015
diff-interpretation-tuning/loras/news-summary/qwen3-4b/weight-diffs/weight-diff-016.pt,2,0.015,0,0.015
diff-interpretation-tuning/loras/news-summary/qwen3-4b/weight-diffs/weight-diff-018.pt,2,0.015,0,0.015
diff-interpretation-tuning/loras/news-summary/qwen3-4b/weight-diffs/weight-diff-019.pt,2,0.015,0,0.015
diff-interpretation-tuning/loras/news-summary/qwen3-4b/weight-diffs/weight-diff-022.pt,2,0.015,0,0.015
diff-interpretation-tuning/loras/news-summary/qwen3-4b/weight-diffs/weight-diff-023.pt,2,0.015,0,0.015
diff-interpretation-tuning/loras/news-summary/qwen3-4b/weight-diffs/weight-diff-024.pt,2,0.015,0,0.015
diff-interpretation-tuning/loras/news-summary/qwen3-4b/weight-diffs/weight-diff-025.pt,2,0.015,0,0.015
diff-interpretation-tuning/loras/news-summary/qwen3-4b/weight-diffs/weight-diff-026.pt,2,0.015,0,0.015
diff-interpretation-tuning/loras/news-summary/qwen3-4b/weight-diffs/weight-diff-028.pt,2,0.015,0,0.015
diff-interpretation-tuning/loras/news-summary/qwen3-4b/weight-diffs/weight-diff-030.pt,2,0.015,0,0.015
diff-interpretation-tuning/loras/news-summary/qwen3-4b/weight-diffs/weight-diff-033.pt,2,0.016,0,0.016
diff-interpretation-tuning/loras/news-summary/qwen3-4b/weight-diffs/weight-diff-034.pt,2,0.015,0,0.015
diff-interpretation-tuning/loras/news-summary/qwen3-4b/weight-diffs/weight-diff-035.pt,2,0.015,0,0.015
diff-interpretation-tuning/loras/news-summary/qwen3-4b/weight-diffs/weight-diff-036.pt,2,0.015,0,0.015
diff-interpretation-tuning/loras/news-summary/qwen3-4b/weight-diffs/weight-diff-037.pt,2,0.015,0,0.015
diff-interpretation-tuning/loras/news-summary/qwen3-4b/weight-diffs/weight-diff-038.pt,2,0.015,0,0.015
diff-interpretation-tuning/loras/news-summary/qwen3-4b/weight-diffs/weight-diff-039.pt,2,0.015,0,0.015
diff-interpretation-tuning/loras/news-summary/qwen3-4b/weight-diffs/weight-diff-041.pt,2,0.015,0,0.015
diff-interpretation-tuning/loras/news-summary/qwen3-4b/weight-diffs/weight-diff-042.pt,2,0.015,0,0.015
diff-interpretation-tuning/loras/news-summary/qwen3-4b/weight-diffs/weight-diff-043.pt,2,0.015,0,0.015
diff-interpretation-tuning/loras/news-summary/qwen3-4b/weight-diffs/weight-diff-044.pt,2,0.015,0,0.015
diff-interpretation-tuning/loras/news-summary/qwen3-4b/weight-diffs/weight-diff-045.pt,2,0.014,0,0.014
diff-interpretation-tuning/loras/news-summary/qwen3-4b/weight-diffs/weight-diff-046.pt,2,0.014,0,0.014
diff-interpretation-tuning/loras/news-summary/qwen3-4b/weight-diffs/weight-diff-047.pt,2,0.021,0,0.021
diff-interpretation-tuning/loras/news-summary/qwen3-4b/weight-diffs/weight-diff-048.pt,2,0.014,0,0.014
diff-interpretation-tuning/loras/news-summary/qwen3-4b/weight-diffs/weight-diff-049.pt,2,0.015,0,0.015
diff-interpretation-tuning/loras/news-summary/qwen3-4b/weight-diffs/weight-diff-050.pt,2,0.014,0,0.014
diff-interpretation-tuning/loras/news-summary/qwen3-4b/weight-diffs/weight-diff-051.pt,2,0.014,0,0.014
diff-interpretation-tuning/loras/news-summary/qwen3-4b/weight-diffs/weight-diff-052.pt,2,0.014,0,0.014
diff-interpretation-tuning/loras/news-summary/qwen3-4b/weight-diffs/weight-diff-053.pt,2,0.014,0,0.014
diff-interpretation-tuning/loras/news-summary/qwen3-4b/weight-diffs/weight-diff-054.pt,2,0.015,0,0.015
diff-interpretation-tuning/loras/news-summary/qwen3-4b/weight-diffs/weight-diff-055.pt,2,0.015,0,0.015
diff-interpretation-tuning/loras/news-summary/qwen3-4b/weight-diffs/weight-diff-056.pt,2,0.014,0,0.014
diff-interpretation-tuning/loras/news-summary/qwen3-4b/weight-diffs/weight-diff-057.pt,2,0.015,0,0.015
diff-interpretation-tuning/loras/news-summary/qwen3-4b/weight-diffs/weight-diff-058.pt,2,0.015,0,0.015
diff-interpretation-tuning/loras/news-summary/qwen3-4b/weight-diffs/weight-diff-059.pt,2,0.015,0,0.015
diff-interpretation-tuning/loras/news-summary/qwen3-4b/weight-diffs/weight-diff-060.pt,2,0.014,0,0.014
diff-interpretation-tuning/loras/news-summary/qwen3-4b/weight-diffs/weight-diff-061.pt,2,0.015,0,0.015
diff-interpretation-tuning/loras/news-summary/qwen3-4b/weight-diffs/weight-diff-062.pt,2,0.015,0,0.015
diff-interpretation-tuning/loras/news-summary/qwen3-4b/weight-diffs/weight-diff-063.pt,2,0.015,0,0.015
diff-interpretation-tuning/loras/news-summary/qwen3-4b/weight-diffs/weight-diff-064.pt,2,0.015,0,0.015
diff-interpretation-tuning/loras/news-summary/qwen3-4b/weight-diffs/weight-diff-065.pt,2,0.015,0,0.015
diff-interpretation-tuning/loras/news-summary/qwen3-4b/weight-diffs/weight-diff-066.pt,2,0.015,0,0.015
diff-interpretation-tuning/loras/news-summary/qwen3-4b/weight-diffs/weight-diff-067.pt,2,0.015,0,0.015
diff-interpretation-tuning/loras/news-summary/qwen3-4b/weight-diffs/weight-diff-068.pt,2,0.016,0,0.016
diff-interpretation-tuning/loras/news-summary/qwen3-4b/weight-diffs/weight-diff-069.pt,2,0.015,0,0.015
diff-interpretation-tuning/loras/news-summary/qwen3-4b/weight-diffs/weight-diff-070.pt,2,0.015,0,0.015
diff-interpretation-tuning/loras/news-summary/qwen3-4b/weight-diffs/weight-diff-071.pt,2,0.014,0,0.014
diff-interpretation-tuning/loras/news-summary/qwen3-4b/weight-diffs/weight-diff-072.pt,2,0.015,0,0.015
diff-interpretation-tuning/loras/news-summary/qwen3-4b/weight-diffs/weight-diff-073.pt,2,0.015,0,0.015
diff-interpretation-tuning/loras/news-summary/qwen3-4b/weight-diffs/weight-diff-074.pt,2,0.014,0,0.014
diff-interpretation-tuning/loras/news-summary/qwen3-4b/weight-diffs/weight-diff-075.pt,2,0.015,0,0.015
diff-interpretation-tuning/loras/news-summary/qwen3-4b/weight-diffs/weight-diff-076.pt,2,0.017,0,0.017
diff-interpretation-tuning/loras/news-summary/qwen3-4b/weight-diffs/weight-diff-077.pt,2,0.015,0,0.015
diff-interpretation-tuning/loras/news-summary/qwen3-4b/weight-diffs/weight-diff-078.pt,2,0.014,0,0.014
diff-interpretation-tuning/loras/news-summary/qwen3-4b/weight-diffs/weight-diff-080.pt,2,0.014,0,0.014
diff-interpretation-tuning/loras/rank-generalization/gemma3-4b-all-linear-layers-with-no-biases/weight-diffs/weight-diff-071.pt,2,0.023,0,0.023
diff-interpretation-tuning/loras/rank-generalization/gemma3-4b-all-linear-layers-with-no-biases/weight-diffs/weight-diff-075.pt,2,0.023,0,0.023
diff-interpretation-tuning/loras/rank-generalization/gemma3-4b-all-linear-layers-with-no-biases/weight-diffs/weight-diff-084.pt,2,0.024,0,0.024
diff-interpretation-tuning/loras/rank-generalization/gemma3-4b-all-linear-layers-with-no-biases/weight-diffs/weight-diff-090.pt,2,0.023,0,0.023
diff-interpretation-tuning/loras/rank-generalization/gemma3-4b-rank-002/weight-diffs/weight-diff-000.pt,2,0.188,0,0.188
diff-interpretation-tuning/loras/rank-generalization/gemma3-4b-rank-002/weight-diffs/weight-diff-007.pt,2,0.015,0,0.015
diff-interpretation-tuning/loras/rank-generalization/gemma3-4b-rank-002/weight-diffs/weight-diff-021.pt,2,0.014,0,0.014
diff-interpretation-tuning/loras/rank-generalization/gemma3-4b-rank-002/weight-diffs/weight-diff-024.pt,2,0.014,0,0.014
diff-interpretation-tuning/loras/rank-generalization/gemma3-4b-rank-002/weight-diffs/weight-diff-028.pt,2,0.014,0,0.014
diff-interpretation-tuning/loras/rank-generalization/gemma3-4b-rank-002/weight-diffs/weight-diff-029.pt,2,0.014,0,0.014
diff-interpretation-tuning/loras/rank-generalization/gemma3-4b-rank-002/weight-diffs/weight-diff-031.pt,2,0.014,0,0.014
diff-interpretation-tuning/loras/rank-generalization/gemma3-4b-rank-002/weight-diffs/weight-diff-044.pt,2,0.013,0,0.013
diff-interpretation-tuning/loras/rank-generalization/gemma3-4b-rank-002/weight-diffs/weight-diff-045.pt,2,0.015,0,0.015
diff-interpretation-tuning/loras/rank-generalization/gemma3-4b-rank-002/weight-diffs/weight-diff-048.pt,2,0.014,0,0.014
diff-interpretation-tuning/loras/rank-generalization/gemma3-4b-rank-002/weight-diffs/weight-diff-049.pt,2,0.015,0,0.015
diff-interpretation-tuning/loras/rank-generalization/gemma3-4b-rank-002/weight-diffs/weight-diff-051.pt,2,0.014,0,0.014
diff-interpretation-tuning/loras/rank-generalization/gemma3-4b-rank-002/weight-diffs/weight-diff-065.pt,2,0.015,0,0.015
diff-interpretation-tuning/loras/rank-generalization/gemma3-4b-rank-002/weight-diffs/weight-diff-066.pt,2,0.013,0,0.013
diff-interpretation-tuning/loras/rank-generalization/gemma3-4b-rank-002/weight-diffs/weight-diff-069.pt,2,0.014,0,0.014
diff-interpretation-tuning/loras/rank-generalization/gemma3-4b-rank-002/weight-diffs/weight-diff-070.pt,2,0.015,0,0.015
diff-interpretation-tuning/loras/rank-generalization/gemma3-4b-rank-002/weight-diffs/weight-diff-073.pt,2,0.014,0,0.014
diff-interpretation-tuning/loras/rank-generalization/gemma3-4b-rank-002/weight-diffs/weight-diff-074.pt,2,0.013,0,0.013
diff-interpretation-tuning/loras/rank-generalization/gemma3-4b-rank-002/weight-diffs/weight-diff-087.pt,2,0.013,0,0.013
diff-interpretation-tuning/loras/rank-generalization/gemma3-4b-rank-002/weight-diffs/weight-diff-089.pt,2,0.014,0,0.014
diff-interpretation-tuning/loras/rank-generalization/gemma3-4b-rank-002/weight-diffs/weight-diff-092.pt,2,0.014,0,0.014
diff-interpretation-tuning/loras/rank-generalization/gemma3-4b-rank-002/weight-diffs/weight-diff-097.pt,2,0.014,0,0.014
diff-interpretation-tuning/loras/rank-generalization/gemma3-4b-rank-002/weight-diffs/weight-diff-098.pt,2,0.014,0,0.014
diff-interpretation-tuning/loras/rank-generalization/gemma3-4b-rank-008/weight-diffs/weight-diff-026.pt,2,0.015,0,0.015
diff-interpretation-tuning/loras/rank-generalization/gemma3-4b-rank-008/weight-diffs/weight-diff-063.pt,2,0.014,0,0.014
diff-interpretation-tuning/loras/rank-generalization/gemma3-4b-rank-016/weight-diffs/weight-diff-064.pt,2,0.015,0,0.015
diff-interpretation-tuning/loras/rank-generalization/gemma3-4b-rank-016/weight-diffs/weight-diff-065.pt,2,0.014,0,0.014
diff-interpretation-tuning/loras/rank-generalization/gemma3-4b-rank-016/weight-diffs/weight-diff-066.pt,2,0.015,0,0.015
diff-interpretation-tuning/loras/rank-generalization/gemma3-4b-rank-016/weight-diffs/weight-diff-067.pt,2,0.015,0,0.015
diff-interpretation-tuning/loras/rank-generalization/gemma3-4b-rank-016/weight-diffs/weight-diff-068.pt,2,0.015,0,0.015
diff-interpretation-tuning/loras/rank-generalization/gemma3-4b-rank-016/weight-diffs/weight-diff-069.pt,2,0.014,0,0.014
diff-interpretation-tuning/loras/rank-generalization/gemma3-4b-rank-016/weight-diffs/weight-diff-070.pt,2,0.015,0,0.015
diff-interpretation-tuning/loras/rank-generalization/gemma3-4b-rank-016/weight-diffs/weight-diff-071.pt,2,0.015,0,0.015
diff-interpretation-tuning/loras/rank-generalization/gemma3-4b-rank-016/weight-diffs/weight-diff-072.pt,2,0.015,0,0.015
diff-interpretation-tuning/loras/rank-generalization/gemma3-4b-rank-016/weight-diffs/weight-diff-077.pt,2,0.016,0,0.016
diff-interpretation-tuning/loras/rank-generalization/gemma3-4b-rank-016/weight-diffs/weight-diff-078.pt,2,0.015,0,0.015
diff-interpretation-tuning/loras/rank-generalization/gemma3-4b-rank-016/weight-diffs/weight-diff-079.pt,2,0.015,0,0.015
diff-interpretation-tuning/loras/rank-generalization/gemma3-4b-rank-016/weight-diffs/weight-diff-080.pt,2,0.015,0,0.015
diff-interpretation-tuning/loras/rank-generalization/gemma3-4b-rank-016/weight-diffs/weight-diff-081.pt,2,0.014,0,0.014
diff-interpretation-tuning/loras/rank-generalization/gemma3-4b-rank-016/weight-diffs/weight-diff-082.pt,2,0.015,0,0.015
diff-interpretation-tuning/loras/rank-generalization/gemma3-4b-rank-016/weight-diffs/weight-diff-083.pt,2,0.016,0,0.016
diff-interpretation-tuning/loras/rank-generalization/gemma3-4b-rank-016/weight-diffs/weight-diff-084.pt,2,0.014,0,0.014
diff-interpretation-tuning/loras/rank-generalization/gemma3-4b-rank-016/weight-diffs/weight-diff-085.pt,2,0.015,0,0.015
diff-interpretation-tuning/loras/rank-generalization/gemma3-4b-rank-016/weight-diffs/weight-diff-086.pt,2,0.015,0,0.015
diff-interpretation-tuning/loras/rank-generalization/gemma3-4b-rank-016/weight-diffs/weight-diff-088.pt,2,0.014,0,0.014
diff-interpretation-tuning/loras/rank-generalization/gemma3-4b-rank-016/weight-diffs/weight-diff-089.pt,2,0.015,0,0.015
diff-interpretation-tuning/loras/rank-generalization/gemma3-4b-rank-016/weight-diffs/weight-diff-092.pt,2,0.015,0,0.015
diff-interpretation-tuning/loras/rank-generalization/gemma3-4b-rank-016/weight-diffs/weight-diff-094.pt,2,0.015,0,0.015
diff-interpretation-tuning/loras/rank-generalization/gemma3-4b-rank-016/weight-diffs/weight-diff-095.pt,2,0.014,0,0.014
diff-interpretation-tuning/loras/rank-generalization/gemma3-4b-rank-016/weight-diffs/weight-diff-096.pt,2,0.015,0,0.015
diff-interpretation-tuning/loras/rank-generalization/gemma3-4b-rank-016/weight-diffs/weight-diff-097.pt,2,0.014,0,0.014
diff-interpretation-tuning/loras/rank-generalization/gemma3-4b-rank-016/weight-diffs/weight-diff-099.pt,2,0.015,0,0.015
diff-interpretation-tuning/loras/rank-generalization/gemma3-4b-rank-032/weight-diffs/weight-diff-000.pt,2,0.016,0,0.016
diff-interpretation-tuning/loras/rank-generalization/gemma3-4b-rank-032/weight-diffs/weight-diff-001.pt,2,0.014,0,0.014
diff-interpretation-tuning/loras/rank-generalization/gemma3-4b-rank-032/weight-diffs/weight-diff-002.pt,2,0.015,0,0.015
diff-interpretation-tuning/loras/rank-generalization/gemma3-4b-rank-032/weight-diffs/weight-diff-003.pt,2,0.014,0,0.014
diff-interpretation-tuning/loras/rank-generalization/gemma3-4b-rank-032/weight-diffs/weight-diff-004.pt,2,0.015,0,0.015
diff-interpretation-tuning/loras/rank-generalization/gemma3-4b-rank-032/weight-diffs/weight-diff-034.pt,2,0.014,0,0.014
diff-interpretation-tuning/loras/rank-generalization/gemma3-4b-rank-064/weight-diffs/weight-diff-025.pt,2,0.016,0,0.016
diff-interpretation-tuning/loras/rank-generalization/gemma3-4b-rank-064/weight-diffs/weight-diff-027.pt,2,0.014,0,0.014
diff-interpretation-tuning/loras/rank-generalization/gemma3-4b-rank-064/weight-diffs/weight-diff-028.pt,2,0.016,0,0.016
diff-interpretation-tuning/loras/rank-generalization/qwen3-4b-rank-004/weight-diffs/weight-diff-000.pt,2,0.016,0,0.016
diff-interpretation-tuning/loras/rank-generalization/qwen3-4b-rank-004/weight-diffs/weight-diff-001.pt,2,0.015,0,0.015
diff-interpretation-tuning/loras/rank-generalization/qwen3-4b-rank-004/weight-diffs/weight-diff-010.pt,2,0.015,0,0.015
diff-interpretation-tuning/loras/rank-generalization/qwen3-4b-rank-004/weight-diffs/weight-diff-011.pt,2,0.016,0,0.016
diff-interpretation-tuning/loras/rank-generalization/qwen3-4b-rank-004/weight-diffs/weight-diff-014.pt,2,0.016,0,0.016
diff-interpretation-tuning/loras/rank-generalization/qwen3-4b-rank-004/weight-diffs/weight-diff-015.pt,2,0.015,0,0.015
diff-interpretation-tuning/loras/rank-generalization/qwen3-4b-rank-004/weight-diffs/weight-diff-018.pt,2,0.014,0,0.014
diff-interpretation-tuning/loras/rank-generalization/qwen3-4b-rank-004/weight-diffs/weight-diff-019.pt,2,0.015,0,0.015
diff-interpretation-tuning/loras/rank-generalization/qwen3-4b-rank-004/weight-diffs/weight-diff-021.pt,2,0.014,0,0.014
diff-interpretation-tuning/loras/rank-generalization/qwen3-4b-rank-004/weight-diffs/weight-diff-023.pt,2,0.015,0,0.015
diff-interpretation-tuning/loras/rank-generalization/qwen3-4b-rank-004/weight-diffs/weight-diff-025.pt,2,0.015,0,0.015
diff-interpretation-tuning/loras/rank-generalization/qwen3-4b-rank-004/weight-diffs/weight-diff-027.pt,2,0.014,0,0.014
diff-interpretation-tuning/loras/rank-generalization/qwen3-4b-rank-004/weight-diffs/weight-diff-030.pt,2,0.014,0,0.014
diff-interpretation-tuning/loras/rank-generalization/qwen3-4b-rank-004/weight-diffs/weight-diff-031.pt,2,0.015,0,0.015
diff-interpretation-tuning/loras/rank-generalization/qwen3-4b-rank-004/weight-diffs/weight-diff-034.pt,2,0.016,0,0.016
diff-interpretation-tuning/loras/rank-generalization/qwen3-4b-rank-004/weight-diffs/weight-diff-035.pt,2,0.016,0,0.016
diff-interpretation-tuning/loras/rank-generalization/qwen3-4b-rank-004/weight-diffs/weight-diff-036.pt,2,0.014,0,0.014
diff-interpretation-tuning/loras/rank-generalization/qwen3-4b-rank-004/weight-diffs/weight-diff-039.pt,2,0.014,0,0.014
diff-interpretation-tuning/loras/rank-generalization/qwen3-4b-rank-004/weight-diffs/weight-diff-040.pt,2,0.014,0,0.014
diff-interpretation-tuning/loras/rank-generalization/qwen3-4b-rank-004/weight-diffs/weight-diff-041.pt,2,0.016,0,0.016
diff-interpretation-tuning/loras/rank-generalization/qwen3-4b-rank-004/weight-diffs/weight-diff-042.pt,2,0.015,0,0.015
diff-interpretation-tuning/loras/rank-generalization/qwen3-4b-rank-004/weight-diffs/weight-diff-044.pt,2,0.016,0,0.016
diff-interpretation-tuning/loras/rank-generalization/qwen3-4b-rank-004/weight-diffs/weight-diff-045.pt,2,0.015,0,0.015
diff-interpretation-tuning/loras/rank-generalization/qwen3-4b-rank-004/weight-diffs/weight-diff-046.pt,2,0.016,0,0.016
diff-interpretation-tuning/loras/rank-generalization/qwen3-4b-rank-004/weight-diffs/weight-diff-047.pt,2,0.015,0,0.015
diff-interpretation-tuning/loras/rank-generalization/qwen3-4b-rank-004/weight-diffs/weight-diff-048.pt,2,0.015,0,0.015
diff-interpretation-tuning/loras/rank-generalization/qwen3-4b-rank-004/weight-diffs/weight-diff-050.pt,2,0.014,0,0.014
diff-interpretation-tuning/loras/rank-generalization/qwen3-4b-rank-004/weight-diffs/weight-diff-054.pt,2,0.015,0,0.015
diff-interpretation-tuning/loras/rank-generalization/qwen3-4b-rank-004/weight-diffs/weight-diff-055.pt,2,0.02,0,0.02
diff-interpretation-tuning/loras/rank-generalization/qwen3-4b-rank-004/weight-diffs/weight-diff-056.pt,2,0.015,0,0.015
diff-interpretation-tuning/loras/rank-generalization/qwen3-4b-rank-004/weight-diffs/weight-diff-057.pt,2,0.014,0,0.014
diff-interpretation-tuning/loras/rank-generalization/qwen3-4b-rank-004/weight-diffs/weight-diff-058.pt,2,0.015,0,0.015
diff-interpretation-tuning/loras/rank-generalization/qwen3-4b-rank-004/weight-diffs/weight-diff-059.pt,2,0.014,0,0.014
diff-interpretation-tuning/loras/rank-generalization/qwen3-4b-rank-004/weight-diffs/weight-diff-060.pt,2,0.014,0,0.014
diff-interpretation-tuning/loras/rank-generalization/qwen3-4b-rank-004/weight-diffs/weight-diff-061.pt,2,0.015,0,0.015
diff-interpretation-tuning/loras/rank-generalization/qwen3-4b-rank-004/weight-diffs/weight-diff-064.pt,2,0.015,0,0.015
diff-interpretation-tuning/loras/rank-generalization/qwen3-4b-rank-004/weight-diffs/weight-diff-065.pt,2,0.015,0,0.015
diff-interpretation-tuning/loras/rank-generalization/qwen3-4b-rank-004/weight-diffs/weight-diff-066.pt,2,0.015,0,0.015
diff-interpretation-tuning/loras/rank-generalization/qwen3-4b-rank-004/weight-diffs/weight-diff-067.pt,2,0.126,0,0.126
diff-interpretation-tuning/loras/rank-generalization/qwen3-4b-rank-004/weight-diffs/weight-diff-068.pt,2,0.016,0,0.016
diff-interpretation-tuning/loras/rank-generalization/qwen3-4b-rank-004/weight-diffs/weight-diff-069.pt,2,0.016,0,0.016
diff-interpretation-tuning/loras/rank-generalization/qwen3-4b-rank-004/weight-diffs/weight-diff-070.pt,2,0.015,0,0.015
diff-interpretation-tuning/loras/rank-generalization/qwen3-4b-rank-004/weight-diffs/weight-diff-071.pt,2,0.016,0,0.016
diff-interpretation-tuning/loras/rank-generalization/qwen3-4b-rank-004/weight-diffs/weight-diff-072.pt,2,0.015,0,0.015
diff-interpretation-tuning/loras/rank-generalization/qwen3-4b-rank-004/weight-diffs/weight-diff-073.pt,2,0.016,0,0.016
diff-interpretation-tuning/loras/rank-generalization/qwen3-4b-rank-004/weight-diffs/weight-diff-074.pt,2,0.014,0,0.014
diff-interpretation-tuning/loras/rank-generalization/qwen3-4b-rank-004/weight-diffs/weight-diff-075.pt,2,0.015,0,0.015
diff-interpretation-tuning/loras/rank-generalization/qwen3-4b-rank-004/weight-diffs/weight-diff-076.pt,2,0.015,0,0.015
diff-interpretation-tuning/loras/rank-generalization/qwen3-4b-rank-004/weight-diffs/weight-diff-077.pt,2,0.015,0,0.015
diff-interpretation-tuning/loras/rank-generalization/qwen3-4b-rank-004/weight-diffs/weight-diff-078.pt,2,0.014,0,0.014
diff-interpretation-tuning/loras/rank-generalization/qwen3-4b-rank-004/weight-diffs/weight-diff-079.pt,2,0.015,0,0.015
diff-interpretation-tuning/loras/rank-generalization/qwen3-4b-rank-004/weight-diffs/weight-diff-080.pt,2,0.015,0,0.015
diff-interpretation-tuning/loras/rank-generalization/qwen3-4b-rank-004/weight-diffs/weight-diff-081.pt,2,0.015,0,0.015
diff-interpretation-tuning/loras/rank-generalization/qwen3-4b-rank-004/weight-diffs/weight-diff-082.pt,2,0.014,0,0.014
diff-interpretation-tuning/loras/rank-generalization/qwen3-4b-rank-004/weight-diffs/weight-diff-083.pt,2,0.014,0,0.014
diff-interpretation-tuning/loras/rank-generalization/qwen3-4b-rank-004/weight-diffs/weight-diff-084.pt,2,0.015,0,0.015
diff-interpretation-tuning/loras/rank-generalization/qwen3-4b-rank-004/weight-diffs/weight-diff-085.pt,2,0.017,0,0.017
diff-interpretation-tuning/loras/rank-generalization/qwen3-4b-rank-004/weight-diffs/weight-diff-086.pt,2,0.015,0,0.015
diff-interpretation-tuning/loras/rank-generalization/qwen3-4b-rank-004/weight-diffs/weight-diff-087.pt,2,0.015,0,0.015
diff-interpretation-tuning/loras/rank-generalization/qwen3-4b-rank-004/weight-diffs/weight-diff-088.pt,2,0.015,0,0.015
diff-interpretation-tuning/loras/rank-generalization/qwen3-4b-rank-004/weight-diffs/weight-diff-089.pt,2,0.015,0,0.015
diff-interpretation-tuning/loras/rank-generalization/qwen3-4b-rank-004/weight-diffs/weight-diff-090.pt,2,0.014,0,0.014
diff-interpretation-tuning/loras/rank-generalization/qwen3-4b-rank-004/weight-diffs/weight-diff-091.pt,2,0.015,0,0.015
diff-interpretation-tuning/loras/rank-generalization/qwen3-4b-rank-004/weight-diffs/weight-diff-092.pt,2,0.015,0,0.015
diff-interpretation-tuning/loras/rank-generalization/qwen3-4b-rank-004/weight-diffs/weight-diff-093.pt,2,0.015,0,0.015
diff-interpretation-tuning/loras/rank-generalization/qwen3-4b-rank-004/weight-diffs/weight-diff-094.pt,2,0.015,0,0.015
diff-interpretation-tuning/loras/rank-generalization/qwen3-4b-rank-004/weight-diffs/weight-diff-095.pt,2,0.015,0,0.015
diff-interpretation-tuning/loras/rank-generalization/qwen3-4b-rank-004/weight-diffs/weight-diff-096.pt,2,0.015,0,0.015
diff-interpretation-tuning/loras/rank-generalization/qwen3-4b-rank-004/weight-diffs/weight-diff-097.pt,2,0.015,0,0.015
diff-interpretation-tuning/loras/rank-generalization/qwen3-4b-rank-004/weight-diffs/weight-diff-098.pt,2,0.015,0,0.015
diff-interpretation-tuning/loras/rank-generalization/qwen3-4b-rank-004/weight-diffs/weight-diff-099.pt,2,0.015,0,0.015
diff-interpretation-tuning/loras/rank-generalization/qwen3-4b-rank-008/weight-diffs/weight-diff-038.pt,2,0.015,0,0.015
diff-interpretation-tuning/loras/rank-generalization/qwen3-4b-rank-008/weight-diffs/weight-diff-041.pt,2,0.015,0,0.015
diff-interpretation-tuning/loras/rank-generalization/qwen3-4b-rank-008/weight-diffs/weight-diff-050.pt,2,0.015,0,0.015
diff-interpretation-tuning/loras/rank-generalization/qwen3-4b-rank-008/weight-diffs/weight-diff-053.pt,2,0.014,0,0.014
diff-interpretation-tuning/loras/rank-generalization/qwen3-4b-rank-008/weight-diffs/weight-diff-062.pt,2,0.015,0,0.015
diff-interpretation-tuning/loras/rank-generalization/qwen3-4b-rank-008/weight-diffs/weight-diff-077.pt,2,0.015,0,0.015
diff-interpretation-tuning/loras/rank-generalization/qwen3-4b-rank-008/weight-diffs/weight-diff-083.pt,2,0.015,0,0.015
diff-interpretation-tuning/loras/rank-generalization/qwen3-4b-rank-008/weight-diffs/weight-diff-087.pt,2,0.015,0,0.015
diff-interpretation-tuning/loras/rank-generalization/qwen3-4b-rank-008/weight-diffs/weight-diff-092.pt,2,0.015,0,0.015
diff-interpretation-tuning/loras/rank-generalization/qwen3-4b-rank-008/weight-diffs/weight-diff-095.pt,2,0.015,0,0.015
diff-interpretation-tuning/loras/rank-generalization/qwen3-4b-rank-064/weight-diffs/weight-diff-039.pt,2,0.015,0,0.015
diff-interpretation-tuning/loras/rank-generalization/qwen3-4b-rank-064/weight-diffs/weight-diff-064.pt,2,0.015,0,0.015
diff-interpretation-tuning/loras/rank-generalization/qwen3-4b-rank-064/weight-diffs/weight-diff-065.pt,2,0.015,0,0.015
diff-interpretation-tuning/loras/rank-generalization/qwen3-4b-rank-064/weight-diffs/weight-diff-066.pt,2,0.015,0,0.015
diff-interpretation-tuning/loras/rank-generalization/qwen3-4b-rank-064/weight-diffs/weight-diff-067.pt,2,0.015,0,0.015
diff-interpretation-tuning/loras/rank-generalization/qwen3-4b-rank-064/weight-diffs/weight-diff-068.pt,2,0.015,0,0.015
diff-interpretation-tuning/loras/rank-generalization/qwen3-4b-rank-064/weight-diffs/weight-diff-069.pt,2,0.014,0,0.014
diff-interpretation-tuning/loras/rank-generalization/qwen3-4b-rank-064/weight-diffs/weight-diff-070.pt,2,0.015,0,0.015
diff-interpretation-tuning/loras/rank-generalization/qwen3-4b-rank-064/weight-diffs/weight-diff-071.pt,2,0.015,0,0.015
diff-interpretation-tuning/loras/rank-generalization/qwen3-4b-rank-064/weight-diffs/weight-diff-077.pt,2,0.014,0,0.014
diff-interpretation-tuning/loras/rank-generalization/qwen3-4b-rank-064/weight-diffs/weight-diff-078.pt,2,0.015,0,0.015
diff-interpretation-tuning/loras/trigger-generalization/qwen3-4b-zero-width-random/weight-diffs/weight-diff-001.pt,2,0.131,0,0.131
Saidakbar01/whisper-uz-finetuned/training_args.bin,2,0.007,2.667,2.674
nvidia/nemotron-speech-streaming-en-0.6b/nemotron-speech-streaming-en-0.6b.nemo,2,2.55,0,2.55
nvidia/diar_streaming_sortformer_4spk-v2.1/diar_streaming_sortformer_4spk-v2.1.nemo,2,0.503,0,0.503
nvidia/parakeet-tdt-0.6b-v3/parakeet-tdt-0.6b-v3.nemo,2,2.556,0,2.556
nvidia/canary-1b-v2/canary-1b-v2.nemo,2,6.537,0,6.537
optimum-intel-internal-testing/tiny-random-CodeGenForCausalLM/pytorch_model.bin,2,0.009,0,0.009
optimum-intel-internal-testing/tiny-random-GPTNeoXForCausalLM/pytorch_model.bin,2,0.008,0,0.008
facebook/sam3.1/sam3.1_multiplex.pt,2,0.035,0,0.035
optimum-intel-internal-testing/tiny-random-Data2VecAudioModel/pytorch_model.bin,2,0.01,0,0.01
timm/convnext_base.dinov3_lvd1689m/pytorch_model.bin,2,0.013,0,0.013
fancyfeast/bigaspv2-5/training-checkpoints/test_215/ep10-ba35889-rank0_stripped.pt,2,0.065,2.475,2.54
fancyfeast/bigaspv2-5/training-checkpoints/test_215/ep2-ba8301-rank0_stripped.pt,2,0.07,2.951,3.021
fancyfeast/bigaspv2-5/training-checkpoints/test_215/ep2-ba8790-rank0_stripped.pt,2,0.061,2.619,2.68
fancyfeast/bigaspv2-5/training-checkpoints/test_215/ep5-ba18067-rank0_stripped.pt,2,0.065,2.477,2.542
fancyfeast/bigaspv2-5/training-checkpoints/test_215/ep6-ba20020-rank0.pt,2,0.15,2.396,2.546
OpenMed/OpenMed-ZeroShot-NER-Anatomy-Medium-209M/pytorch_model.bin,2,0.014,0,0.014
nm-testing/qwen3-8b-peagle-speculators/optimizer_state_dict.pt,2,0.01,0,0.01
nm-testing/qwen3-8b-peagle-speculators/snapshots/48caff875fa217da907d9a4d2468e3a9f5d1ae0e/optimizer_state_dict.pt,2,0.009,0,0.009
OpenMed/OpenMed-ZeroShot-NER-Pharma-Multi-209M/pytorch_model.bin,2,0.01,0,0.01
OpenMed/OpenMed-ZeroShot-NER-Pharma-Tiny-60M/pytorch_model.bin,2,0.008,0,0.008
optimum-intel-internal-testing/tiny-random-LevitModel/pytorch_model.bin,2,0.01,0,0.01
ayushgupta7777/safetyvision-yolov8/best.pt,2,0.152,5.585,5.737
OpenMed/OpenMed-ZeroShot-NER-BloodCancer-Medium-209M/pytorch_model.bin,2,0.011,0,0.011
OpenMed/OpenMed-ZeroShot-NER-Species-Tiny-60M/pytorch_model.bin,2,0.008,0,0.008
pyannoteAI/parakeet-tdt-0.6b-v3/parakeet-tdt-0.6b-v3.nemo,2,2.557,0,2.557
timm/vit_small_patch16_dinov3_qkvb.lvd1689m/pytorch_model.bin,2,0.011,0,0.011
nvidia/nemo-nano-codec-22khz-1.89kbps-21.5fps/nemo-nano-codec-22khz-1.89kbps-21.5fps.nemo,2,0.46,0,0.46
OpenMed/OpenMed-ZeroShot-NER-Pathology-XLarge-770M/pytorch_model.bin,2,0.012,0,0.012
OpenMed/OpenMed-ZeroShot-NER-Species-Multi-209M/pytorch_model.bin,2,0.01,0,0.01
allenai/OlmoEarth-v1-Large/weights.pth,2,0.003,0,0.003
nvidia/C-RADIOv4-H/c-radio_v4-h_half.pth.tar,2,0.016,2.393,2.409
arda-argmax/sortformer-finetuned/4spk-v0.3-bs1-acc8-l4-diskcache-shardedval-v1-1778065009/best.nemo,2,0.503,0,0.503
arda-argmax/sortformer-finetuned/6spk-ami-sdm-debug-bs10-a100-80gb-1gpu-v1-1781805281/best.nemo,2,0.51,0,0.51
arda-argmax/sortformer-finetuned/6spk-ami-sdm-debug-bs10-a100-80gb-1gpu-v1-1781805281/checkpoints/step_130_epoch_1_val-der_0.1837.nemo,2,0.504,0,0.504
arda-argmax/sortformer-finetuned/6spk-ami-sdm-debug-bs10-a100-80gb-1gpu-v1-1781805281/checkpoints/step_210_epoch_2_val-der_0.1709.nemo,2,0.504,0,0.504
arda-argmax/sortformer-finetuned/6spk-ami-sdm-debug-bs10-a100-80gb-1gpu-v1-1781805281/checkpoints/step_50_epoch_0_val-der_0.3708.nemo,2,0.512,0,0.512
arda-argmax/sortformer-finetuned/6spk-ami-sdm-flac-debug-bs10-a100-80gb-1gpu-v1-1781828240/best.nemo,2,0.502,0,0.502
arda-argmax/sortformer-finetuned/6spk-ami-sdm-flac-debug-bs10-a100-80gb-1gpu-v1-1781828240/checkpoints/step_130_epoch_1_val-der_0.1841.nemo,2,0.502,0,0.502
arda-argmax/sortformer-finetuned/6spk-ami-sdm-flac-debug-bs10-a100-80gb-1gpu-v1-1781828240/checkpoints/step_210_epoch_2_val-der_0.1806.nemo,2,0.509,0,0.509
arda-argmax/sortformer-finetuned/6spk-ami-sdm-flac-debug-bs10-a100-80gb-1gpu-v1-1781828240/checkpoints/step_50_epoch_0_val-der_0.3563.nemo,2,0.504,0,0.504
arda-argmax/sortformer-finetuned/6spk-debug-prepared-shar-worldfix-1780478585/best.nemo,2,0.504,0,0.504
arda-argmax/sortformer-finetuned/6spk-debug-prepared-shar-worldfix-1780478585/checkpoints/step_2_epoch_0_val-der_1.3011.nemo,2,0.506,0,0.506
arda-argmax/sortformer-finetuned/6spk-debug-prepared-shar-worldfix-1780478585/checkpoints/step_4_epoch_1_val-der_1.1216.nemo,2,0.503,0,0.503
arda-argmax/sortformer-finetuned/6spk-fullrandom-bs10-ga8-a100-80gb-1gpu-lr1e-4-lr-v1-1781045285/best.nemo,2,0.502,0,0.502
arda-argmax/sortformer-finetuned/6spk-fullrandom-bs10-ga8-a100-80gb-1gpu-lr1e-4-lr-v1-1781045285/checkpoints/step_6_epoch_0_val-der_1.0000.nemo,2,0.507,0,0.507
arda-argmax/sortformer-finetuned/6spk-v0.3-bs1-acc8-l4-diskcache-shardedval-v1-1778010364/best.nemo,2,0.503,0,0.503
arda-argmax/sortformer-finetuned/6spk-v0.4-ami-bs1-acc8-l4-diskcache-shardedval-v1-1778218672/best.nemo,2,0.504,0,0.504
arda-argmax/sortformer-finetuned/6spk-v0.4-ami-bs1-acc8-l4-diskcache-shardedval-v1-1778218672/checkpoints/step_1080_epoch_2_val-der_0.1535.nemo,2,0.508,0,0.508
arda-argmax/sortformer-finetuned/6spk-v0.4-ami-bs1-acc8-l4-diskcache-shardedval-v1-1778218672/checkpoints/step_1170_epoch_2_val-der_0.1446.nemo,2,0.505,0,0.505
arda-argmax/sortformer-finetuned/6spk-v0.4-ami-bs1-acc8-l4-diskcache-shardedval-v1-1778218672/checkpoints/step_1350_epoch_2_val-der_0.1436.nemo,2,0.504,0,0.504
arda-argmax/sortformer-finetuned/6spk-v0.4-ami-bs1-acc8-l4-diskcache-shardedval-v1-1778218672/checkpoints/step_1440_epoch_3_val-der_0.1423.nemo,2,0.509,0,0.509
arda-argmax/sortformer-finetuned/6spk-v0.4-ami-bs1-acc8-l4-diskcache-shardedval-v1-1778218672/checkpoints/step_1530_epoch_3_val-der_0.1397.nemo,2,0.505,0,0.505
arda-argmax/sortformer-finetuned/6spk-v0.4-ami-bs1-acc8-l4-diskcache-shardedval-v1-1778218672/checkpoints/step_1620_epoch_3_val-der_0.1388.nemo,2,0.505,0,0.505
arda-argmax/sortformer-finetuned/6spk-v0.4-ami-bs1-acc8-l4-diskcache-shardedval-v1-1778218672/checkpoints/step_1710_epoch_3_val-der_0.1382.nemo,2,0.508,0,0.508
arda-argmax/sortformer-finetuned/6spk-v0.4-ami-bs1-acc8-l4-diskcache-shardedval-v1-1778218672/checkpoints/step_180_epoch_0_val-der_0.2089.nemo,2,0.614,0,0.614
arda-argmax/sortformer-finetuned/6spk-v0.4-ami-bs1-acc8-l4-diskcache-shardedval-v1-1778218672/checkpoints/step_1980_epoch_4_val-der_0.1346.nemo,2,0.504,0,0.504
arda-argmax/sortformer-finetuned/6spk-v0.4-ami-bs1-acc8-l4-diskcache-shardedval-v1-1778218672/checkpoints/step_2430_epoch_5_val-der_0.1340.nemo,2,0.507,0,0.507
arda-argmax/sortformer-finetuned/6spk-v0.4-ami-bs1-acc8-l4-diskcache-shardedval-v1-1778218672/checkpoints/step_2520_epoch_5_val-der_0.1338.nemo,2,0.505,0,0.505
arda-argmax/sortformer-finetuned/6spk-v0.4-ami-bs1-acc8-l4-diskcache-shardedval-v1-1778218672/checkpoints/step_2700_epoch_5_val-der_0.1335.nemo,2,0.503,0,0.503
arda-argmax/sortformer-finetuned/6spk-v0.4-ami-bs1-acc8-l4-diskcache-shardedval-v1-1778218672/checkpoints/step_270_epoch_0_val-der_0.2001.nemo,2,0.507,0,0.507
arda-argmax/sortformer-finetuned/6spk-v0.4-ami-bs1-acc8-l4-diskcache-shardedval-v1-1778218672/checkpoints/step_3060_epoch_6_val-der_0.1302.nemo,2,0.506,0,0.506
arda-argmax/sortformer-finetuned/6spk-v0.4-ami-bs1-acc8-l4-diskcache-shardedval-v1-1778218672/checkpoints/step_360_epoch_0_val-der_0.1928.nemo,2,0.503,0,0.503
arda-argmax/sortformer-finetuned/6spk-v0.4-ami-bs1-acc8-l4-diskcache-shardedval-v1-1778218672/checkpoints/step_3870_epoch_8_val-der_0.1289.nemo,2,0.506,0,0.506
arda-argmax/sortformer-finetuned/6spk-v0.4-ami-bs1-acc8-l4-diskcache-shardedval-v1-1778218672/checkpoints/step_3960_epoch_8_val-der_0.1285.nemo,2,0.505,0,0.505
arda-argmax/sortformer-finetuned/6spk-v0.4-ami-bs1-acc8-l4-diskcache-shardedval-v1-1778218672/checkpoints/step_4140_epoch_9_val-der_0.1280.nemo,2,0.504,0,0.504
arda-argmax/sortformer-finetuned/6spk-v0.4-ami-bs1-acc8-l4-diskcache-shardedval-v1-1778218672/checkpoints/step_450_epoch_0_val-der_0.1911.nemo,2,0.503,0,0.503
arda-argmax/sortformer-finetuned/6spk-v0.4-ami-bs1-acc8-l4-diskcache-shardedval-v1-1778218672/checkpoints/step_540_epoch_1_val-der_0.1894.nemo,2,0.503,0,0.503
arda-argmax/sortformer-finetuned/6spk-v0.4-ami-bs1-acc8-l4-diskcache-shardedval-v1-1778218672/checkpoints/step_630_epoch_1_val-der_0.1871.nemo,2,0.503,0,0.503
arda-argmax/sortformer-finetuned/6spk-v0.4-ami-bs1-acc8-l4-diskcache-shardedval-v1-1778218672/checkpoints/step_720_epoch_1_val-der_0.1813.nemo,2,0.507,0,0.507
arda-argmax/sortformer-finetuned/6spk-v0.4-ami-bs1-acc8-l4-diskcache-shardedval-v1-1778218672/checkpoints/step_900_epoch_1_val-der_0.1706.nemo,2,0.503,0,0.503
arda-argmax/sortformer-finetuned/6spk-v0.4-ami-bs1-acc8-l4-diskcache-shardedval-v1-1778218672/checkpoints/step_90_epoch_0_val-der_0.3542.nemo,2,0.502,0,0.502
arda-argmax/sortformer-finetuned/6spk-v0.4-ami-bs1-acc8-l4-diskcache-shardedval-v1-1778218672/checkpoints/step_990_epoch_2_val-der_0.1561.nemo,2,0.508,0,0.508
arda-argmax/sortformer-finetuned/6spk-v0.4-librispeech-ami-bs1-acc8-l4-diskcache-shardedval-v3-1778228622/best.nemo,2,0.503,0,0.503
arda-argmax/sortformer-finetuned/6spk-v0.4-librispeech-ami-bs1-acc8-l4-diskcache-shardedval-v3-1778228622/checkpoints/step_1440_epoch_1_val-der_0.2048.nemo,2,0.502,0,0.502
arda-argmax/sortformer-finetuned/6spk-v0.4-librispeech-ami-bs1-acc8-l4-diskcache-shardedval-v3-1778228622/checkpoints/step_1530_epoch_1_val-der_0.2042.nemo,2,0.506,0,0.506
arda-argmax/sortformer-finetuned/6spk-v0.4-librispeech-ami-bs1-acc8-l4-diskcache-shardedval-v3-1778228622/checkpoints/step_1620_epoch_1_val-der_0.2035.nemo,2,0.502,0,0.502
arda-argmax/sortformer-finetuned/6spk-v0.4-librispeech-ami-bs1-acc8-l4-diskcache-shardedval-v3-1778228622/checkpoints/step_180_epoch_0_val-der_0.2159.nemo,2,0.504,0,0.504
arda-argmax/sortformer-finetuned/6spk-v0.4-librispeech-ami-bs1-acc8-l4-diskcache-shardedval-v3-1778228622/checkpoints/step_270_epoch_0_val-der_0.2146.nemo,2,0.519,0,0.519
arda-argmax/sortformer-finetuned/6spk-v0.4-librispeech-ami-bs1-acc8-l4-diskcache-shardedval-v3-1778228622/checkpoints/step_360_epoch_0_val-der_0.2138.nemo,2,0.504,0,0.504
arda-argmax/sortformer-finetuned/6spk-v0.4-librispeech-ami-bs1-acc8-l4-diskcache-shardedval-v3-1778228622/checkpoints/step_450_epoch_0_val-der_0.2116.nemo,2,0.503,0,0.503
arda-argmax/sortformer-finetuned/6spk-v0.4-librispeech-ami-bs1-acc8-l4-diskcache-shardedval-v3-1778228622/checkpoints/step_630_epoch_0_val-der_0.2103.nemo,2,0.621,0,0.621
arda-argmax/sortformer-finetuned/6spk-v0.4-librispeech-ami-bs1-acc8-l4-diskcache-shardedval-v3-1778228622/checkpoints/step_810_epoch_0_val-der_0.2059.nemo,2,0.505,0,0.505
arda-argmax/sortformer-finetuned/6spk-v0.4-librispeech-ami-bs1-acc8-l4-diskcache-shardedval-v3-1778228622/checkpoints/step_90_epoch_0_val-der_0.2223.nemo,2,0.505,0,0.505
arda-argmax/sortformer-finetuned/6spk-v0.4-librispeech-ami-bs1-acc8-l4-diskcache-shardedval-v5-1778286481/best.nemo,2,0.509,0,0.509
arda-argmax/sortformer-finetuned/6spk-v0.4-librispeech-ami-bs1-acc8-l4-diskcache-shardedval-v5-1778286481/checkpoints/step_1080_epoch_1_val-der_0.1398.nemo,2,0.508,0,0.508
arda-argmax/sortformer-finetuned/6spk-v0.4-librispeech-ami-bs1-acc8-l4-diskcache-shardedval-v5-1778286481/checkpoints/step_1260_epoch_1_val-der_0.1390.nemo,2,0.503,0,0.503
arda-argmax/sortformer-finetuned/6spk-v0.4-librispeech-ami-bs1-acc8-l4-diskcache-shardedval-v5-1778286481/checkpoints/step_1350_epoch_1_val-der_0.1374.nemo,2,0.508,0,0.508
arda-argmax/sortformer-finetuned/6spk-v0.4-librispeech-ami-bs1-acc8-l4-diskcache-shardedval-v5-1778286481/checkpoints/step_1440_epoch_1_val-der_0.1353.nemo,2,0.504,0,0.504
arda-argmax/sortformer-finetuned/6spk-v0.4-librispeech-ami-bs1-acc8-l4-diskcache-shardedval-v5-1778286481/checkpoints/step_1530_epoch_1_val-der_0.1346.nemo,2,0.506,0,0.506
arda-argmax/sortformer-finetuned/6spk-v0.4-librispeech-ami-bs1-acc8-l4-diskcache-shardedval-v5-1778286481/checkpoints/step_1710_epoch_1_val-der_0.1343.nemo,2,0.508,0,0.508
arda-argmax/sortformer-finetuned/6spk-v0.4-librispeech-ami-bs1-acc8-l4-diskcache-shardedval-v5-1778286481/checkpoints/step_1800_epoch_1_val-der_0.1334.nemo,2,0.508,0,0.508
arda-argmax/sortformer-finetuned/6spk-v0.4-librispeech-ami-bs1-acc8-l4-diskcache-shardedval-v5-1778286481/checkpoints/step_180_epoch_0_val-der_0.2056.nemo,2,0.504,0,0.504
arda-argmax/sortformer-finetuned/6spk-v0.4-librispeech-ami-bs1-acc8-l4-diskcache-shardedval-v5-1778286481/checkpoints/step_2070_epoch_2_val-der_0.1327.nemo,2,0.507,0,0.507
arda-argmax/sortformer-finetuned/6spk-v0.4-librispeech-ami-bs1-acc8-l4-diskcache-shardedval-v5-1778286481/checkpoints/step_2160_epoch_2_val-der_0.1317.nemo,2,0.506,0,0.506
arda-argmax/sortformer-finetuned/6spk-v0.4-librispeech-ami-bs1-acc8-l4-diskcache-shardedval-v5-1778286481/checkpoints/step_2250_epoch_2_val-der_0.1302.nemo,2,0.504,0,0.504
arda-argmax/sortformer-finetuned/6spk-v0.4-librispeech-ami-bs1-acc8-l4-diskcache-shardedval-v5-1778286481/checkpoints/step_2520_epoch_2_val-der_0.1283.nemo,2,0.507,0,0.507
arda-argmax/sortformer-finetuned/6spk-v0.4-librispeech-ami-bs1-acc8-l4-diskcache-shardedval-v5-1778286481/checkpoints/step_270_epoch_0_val-der_0.1998.nemo,2,0.503,0,0.503
arda-argmax/sortformer-finetuned/6spk-v0.4-librispeech-ami-bs1-acc8-l4-diskcache-shardedval-v5-1778286481/checkpoints/step_2880_epoch_3_val-der_0.1271.nemo,2,0.504,0,0.504
arda-argmax/sortformer-finetuned/6spk-v0.4-librispeech-ami-bs1-acc8-l4-diskcache-shardedval-v5-1778286481/checkpoints/step_3060_epoch_3_val-der_0.1269.nemo,2,0.51,0,0.51
arda-argmax/sortformer-finetuned/6spk-v0.4-librispeech-ami-bs1-acc8-l4-diskcache-shardedval-v5-1778286481/checkpoints/step_3240_epoch_3_val-der_0.1268.nemo,2,0.506,0,0.506
arda-argmax/sortformer-finetuned/6spk-v0.4-librispeech-ami-bs1-acc8-l4-diskcache-shardedval-v5-1778286481/checkpoints/step_3330_epoch_3_val-der_0.1266.nemo,2,0.506,0,0.506
arda-argmax/sortformer-finetuned/6spk-v0.4-librispeech-ami-bs1-acc8-l4-diskcache-shardedval-v5-1778286481/checkpoints/step_3420_epoch_3_val-der_0.1252.nemo,2,0.508,0,0.508
arda-argmax/sortformer-finetuned/6spk-v0.4-librispeech-ami-bs1-acc8-l4-diskcache-shardedval-v5-1778286481/checkpoints/step_360_epoch_0_val-der_0.1911.nemo,2,0.503,0,0.503
arda-argmax/sortformer-finetuned/6spk-v0.4-librispeech-ami-bs1-acc8-l4-diskcache-shardedval-v5-1778286481/checkpoints/step_4050_epoch_4_val-der_0.1241.nemo,2,0.506,0,0.506
arda-argmax/sortformer-finetuned/6spk-v0.4-librispeech-ami-bs1-acc8-l4-diskcache-shardedval-v5-1778286481/checkpoints/step_4410_epoch_4_val-der_0.1238.nemo,2,0.509,0,0.509
arda-argmax/sortformer-finetuned/6spk-v0.4-librispeech-ami-bs1-acc8-l4-diskcache-shardedval-v5-1778286481/checkpoints/step_450_epoch_0_val-der_0.1895.nemo,2,0.605,0,0.605
arda-argmax/sortformer-finetuned/6spk-v0.4-librispeech-ami-bs1-acc8-l4-diskcache-shardedval-v5-1778286481/checkpoints/step_4770_epoch_5_val-der_0.1237.nemo,2,0.504,0,0.504
arda-argmax/sortformer-finetuned/6spk-v0.4-librispeech-ami-bs1-acc8-l4-diskcache-shardedval-v5-1778286481/checkpoints/step_4950_epoch_5_val-der_0.1219.nemo,2,0.51,0,0.51
arda-argmax/sortformer-finetuned/6spk-v0.4-librispeech-ami-bs1-acc8-l4-diskcache-shardedval-v5-1778286481/checkpoints/step_540_epoch_0_val-der_0.1872.nemo,2,0.503,0,0.503
arda-argmax/sortformer-finetuned/6spk-v0.4-librispeech-ami-bs1-acc8-l4-diskcache-shardedval-v5-1778286481/checkpoints/step_5940_epoch_6_val-der_0.1207.nemo,2,0.502,0,0.502
arda-argmax/sortformer-finetuned/6spk-v0.4-librispeech-ami-bs1-acc8-l4-diskcache-shardedval-v5-1778286481/checkpoints/step_630_epoch_0_val-der_0.1612.nemo,2,0.508,0,0.508
arda-argmax/sortformer-finetuned/6spk-v0.4-librispeech-ami-bs1-acc8-l4-diskcache-shardedval-v5-1778286481/checkpoints/step_6390_epoch_7_val-der_0.1200.nemo,2,0.503,0,0.503
arda-argmax/sortformer-finetuned/6spk-v0.4-librispeech-ami-bs1-acc8-l4-diskcache-shardedval-v5-1778286481/checkpoints/step_720_epoch_0_val-der_0.1542.nemo,2,0.503,0,0.503
arda-argmax/sortformer-finetuned/6spk-v0.4-librispeech-ami-bs1-acc8-l4-diskcache-shardedval-v5-1778286481/checkpoints/step_7290_epoch_8_val-der_0.1193.nemo,2,0.508,0,0.508
arda-argmax/sortformer-finetuned/6spk-v0.4-librispeech-ami-bs1-acc8-l4-diskcache-shardedval-v5-1778286481/checkpoints/step_7470_epoch_8_val-der_0.1188.nemo,2,0.503,0,0.503
arda-argmax/sortformer-finetuned/6spk-v0.4-librispeech-ami-bs1-acc8-l4-diskcache-shardedval-v5-1778286481/checkpoints/step_7560_epoch_8_val-der_0.1182.nemo,2,0.502,0,0.502
arda-argmax/sortformer-finetuned/6spk-v0.4-librispeech-ami-bs1-acc8-l4-diskcache-shardedval-v5-1778286481/checkpoints/step_810_epoch_0_val-der_0.1480.nemo,2,0.507,0,0.507
arda-argmax/sortformer-finetuned/6spk-v0.4-librispeech-ami-bs1-acc8-l4-diskcache-shardedval-v5-1778286481/checkpoints/step_900_epoch_0_val-der_0.1433.nemo,2,0.502,0,0.502
arda-argmax/sortformer-finetuned/6spk-v0.4-librispeech-ami-bs1-acc8-l4-diskcache-shardedval-v5-1778286481/checkpoints/step_90_epoch_0_val-der_0.2223.nemo,2,0.503,0,0.503
arda-argmax/sortformer-finetuned/6spk-v0.4-librispeech-ami-bs1-acc8-l4-diskcache-shardedval-v5-1778286481/checkpoints/step_990_epoch_1_val-der_0.1429.nemo,2,0.506,0,0.506
arda-argmax/sortformer-finetuned/6spk-v0.4-librispeech-bs1-acc8-l4-diskcache-shardedval-v1-1778198761/best.nemo,2,0.502,0,0.502
arda-argmax/sortformer-finetuned/6spk-v0.4-librispeech-bs1-acc8-l4-diskcache-shardedval-v1-1778198761/checkpoints/step_1080_epoch_2_val-der_0.1069.nemo,2,0.503,0,0.503
arda-argmax/sortformer-finetuned/6spk-v0.4-librispeech-bs1-acc8-l4-diskcache-shardedval-v1-1778198761/checkpoints/step_1170_epoch_2_val-der_0.1058.nemo,2,0.507,0,0.507
arda-argmax/sortformer-finetuned/6spk-v0.4-librispeech-bs1-acc8-l4-diskcache-shardedval-v1-1778198761/checkpoints/step_1260_epoch_2_val-der_0.1043.nemo,2,0.502,0,0.502
arda-argmax/sortformer-finetuned/6spk-v0.4-librispeech-bs1-acc8-l4-diskcache-shardedval-v1-1778198761/checkpoints/step_1710_epoch_3_val-der_0.1027.nemo,2,0.5,0,0.5
arda-argmax/sortformer-finetuned/6spk-v0.4-librispeech-bs1-acc8-l4-diskcache-shardedval-v1-1778198761/checkpoints/step_180_epoch_0_val-der_0.1670.nemo,2,0.503,0,0.503
arda-argmax/sortformer-finetuned/6spk-v0.4-librispeech-bs1-acc8-l4-diskcache-shardedval-v1-1778198761/checkpoints/step_2160_epoch_4_val-der_0.1016.nemo,2,0.502,0,0.502
arda-argmax/sortformer-finetuned/6spk-v0.4-librispeech-bs1-acc8-l4-diskcache-shardedval-v1-1778198761/checkpoints/step_2430_epoch_5_val-der_0.1014.nemo,2,0.504,0,0.504
arda-argmax/sortformer-finetuned/6spk-v0.4-librispeech-bs1-acc8-l4-diskcache-shardedval-v1-1778198761/checkpoints/step_2700_epoch_5_val-der_0.1002.nemo,2,0.507,0,0.507
arda-argmax/sortformer-finetuned/6spk-v0.4-librispeech-bs1-acc8-l4-diskcache-shardedval-v1-1778198761/checkpoints/step_270_epoch_0_val-der_0.1644.nemo,2,0.503,0,0.503
arda-argmax/sortformer-finetuned/6spk-v0.4-librispeech-bs1-acc8-l4-diskcache-shardedval-v1-1778198761/checkpoints/step_2880_epoch_6_val-der_0.0996.nemo,2,0.502,0,0.502
arda-argmax/sortformer-finetuned/6spk-v0.4-librispeech-bs1-acc8-l4-diskcache-shardedval-v1-1778198761/checkpoints/step_2970_epoch_6_val-der_0.0992.nemo,2,0.611,0,0.611
arda-argmax/sortformer-finetuned/6spk-v0.4-librispeech-bs1-acc8-l4-diskcache-shardedval-v1-1778198761/checkpoints/step_3150_epoch_6_val-der_0.0982.nemo,2,0.504,0,0.504
arda-argmax/sortformer-finetuned/6spk-v0.4-librispeech-bs1-acc8-l4-diskcache-shardedval-v1-1778198761/checkpoints/step_3600_epoch_7_val-der_0.0981.nemo,2,0.503,0,0.503
arda-argmax/sortformer-finetuned/6spk-v0.4-librispeech-bs1-acc8-l4-diskcache-shardedval-v1-1778198761/checkpoints/step_360_epoch_0_val-der_0.1619.nemo,2,0.507,0,0.507
arda-argmax/sortformer-finetuned/6spk-v0.4-librispeech-bs1-acc8-l4-diskcache-shardedval-v1-1778198761/checkpoints/step_3780_epoch_8_val-der_0.0976.nemo,2,0.505,0,0.505
arda-argmax/sortformer-finetuned/6spk-v0.4-librispeech-bs1-acc8-l4-diskcache-shardedval-v1-1778198761/checkpoints/step_4050_epoch_8_val-der_0.0964.nemo,2,0.504,0,0.504
arda-argmax/sortformer-finetuned/6spk-v0.4-librispeech-bs1-acc8-l4-diskcache-shardedval-v1-1778198761/checkpoints/step_4140_epoch_9_val-der_0.0958.nemo,2,0.509,0,0.509
arda-argmax/sortformer-finetuned/6spk-v0.4-librispeech-bs1-acc8-l4-diskcache-shardedval-v1-1778198761/checkpoints/step_4230_epoch_9_val-der_0.0915.nemo,2,0.504,0,0.504
arda-argmax/sortformer-finetuned/6spk-v0.4-librispeech-bs1-acc8-l4-diskcache-shardedval-v1-1778198761/checkpoints/step_4320_epoch_9_val-der_0.0872.nemo,2,0.504,0,0.504
arda-argmax/sortformer-finetuned/6spk-v0.4-librispeech-bs1-acc8-l4-diskcache-shardedval-v1-1778198761/checkpoints/step_4410_epoch_9_val-der_0.0843.nemo,2,0.509,0,0.509
arda-argmax/sortformer-finetuned/6spk-v0.4-librispeech-bs1-acc8-l4-diskcache-shardedval-v1-1778198761/checkpoints/step_450_epoch_0_val-der_0.1291.nemo,2,0.504,0,0.504
arda-argmax/sortformer-finetuned/6spk-v0.4-librispeech-bs1-acc8-l4-diskcache-shardedval-v1-1778198761/checkpoints/step_540_epoch_1_val-der_0.1151.nemo,2,0.505,0,0.505
arda-argmax/sortformer-finetuned/6spk-v0.4-librispeech-bs1-acc8-l4-diskcache-shardedval-v1-1778198761/checkpoints/step_720_epoch_1_val-der_0.1120.nemo,2,0.506,0,0.506
arda-argmax/sortformer-finetuned/6spk-v0.4-librispeech-bs1-acc8-l4-diskcache-shardedval-v1-1778198761/checkpoints/step_810_epoch_1_val-der_0.1082.nemo,2,0.503,0,0.503
arda-argmax/sortformer-finetuned/6spk-v0.4-librispeech-bs1-acc8-l4-diskcache-shardedval-v1-1778198761/checkpoints/step_90_epoch_0_val-der_0.1700.nemo,2,0.504,0,0.504
arda-argmax/sortformer-finetuned/6spk-v0.6-fastmss-prepared-shar-bs1-acc8-l4-worldfix-v1-1780479980/best.nemo,2,0.508,0,0.508
arda-argmax/sortformer-finetuned/6spk-v0.6-fastmss-prepared-shar-bs1-acc8-l4-worldfix-v1-1780479980/checkpoints/step_180_epoch_0_val-der_0.2104.nemo,2,0.503,0,0.503
arda-argmax/sortformer-finetuned/6spk-v0.6-fastmss-prepared-shar-bs1-acc8-l4-worldfix-v1-1780479980/checkpoints/step_270_epoch_0_val-der_0.2067.nemo,2,0.504,0,0.504
arda-argmax/sortformer-finetuned/6spk-v0.6-fastmss-prepared-shar-bs1-acc8-l4-worldfix-v1-1780479980/checkpoints/step_360_epoch_0_val-der_0.1966.nemo,2,0.508,0,0.508
arda-argmax/sortformer-finetuned/6spk-v0.6-fastmss-prepared-shar-bs1-acc8-l4-worldfix-v1-1780479980/checkpoints/step_450_epoch_0_val-der_0.1530.nemo,2,0.503,0,0.503
arda-argmax/sortformer-finetuned/6spk-v0.6-fastmss-prepared-shar-bs1-acc8-l4-worldfix-v1-1780479980/checkpoints/step_540_epoch_0_val-der_0.1469.nemo,2,0.503,0,0.503
arda-argmax/sortformer-finetuned/6spk-v0.6-fastmss-prepared-shar-bs1-acc8-l4-worldfix-v1-1780479980/checkpoints/step_630_epoch_0_val-der_0.1446.nemo,2,0.507,0,0.507
arda-argmax/sortformer-finetuned/6spk-v0.6-fastmss-prepared-shar-bs1-acc8-l4-worldfix-v1-1780479980/checkpoints/step_900_epoch_0_val-der_0.1436.nemo,2,0.504,0,0.504
arda-argmax/sortformer-finetuned/6spk-v0.6-fastmss-prepared-shar-bs1-acc8-l4-worldfix-v1-1780479980/checkpoints/step_90_epoch_0_val-der_0.2187.nemo,2,0.502,0,0.502
arda-argmax/sortformer-finetuned/6spk-v0.6-fastmss-prepared-shar-bs1-acc8-l4-worldfix-v1-1780479980/checkpoints/step_990_epoch_1_val-der_0.1416.nemo,2,0.507,0,0.507
arda-argmax/sortformer-finetuned/6spk-v0.6-fastmss-prepared-shar-bs1-ga8-l4-8gpu-fullset-smoketest-v5-1780559280/best.nemo,2,0.604,0,0.604
arda-argmax/sortformer-finetuned/6spk-v0.6-fastmss-prepared-shar-bs1-ga8-l4-8gpu-fullset-smoketest-v5-1780559280/checkpoints/step_62_epoch_0_val-der_0.2269.nemo,2,0.504,0,0.504
arda-argmax/sortformer-finetuned/6spk-v0.6-fastmss-prepared-shar-bs10-a100-80gb-2gpu-debug-debug-v1-1780602245/best.nemo,2,0.506,0,0.506
arda-argmax/sortformer-finetuned/6spk-v0.6-fastmss-prepared-shar-bs10-a100-80gb-2gpu-debug-debug-v1-1780602245/checkpoints/step_100_epoch_0_val-der_0.2319.nemo,2,0.503,0,0.503
arda-argmax/sortformer-finetuned/6spk-v0.6-fastmss-prepared-shar-bs10-a100-80gb-2gpu-debug-debug-v1-1780602245/checkpoints/step_150_epoch_0_val-der_0.2183.nemo,2,0.502,0,0.502
arda-argmax/sortformer-finetuned/6spk-v0.6-fastmss-prepared-shar-bs10-a100-80gb-2gpu-debug-debug-v1-1780602245/checkpoints/step_250_epoch_1_val-der_0.2163.nemo,2,0.505,0,0.505
arda-argmax/sortformer-finetuned/6spk-v0.6-fastmss-prepared-shar-bs10-a100-80gb-2gpu-debug-debug-v1-1780602245/checkpoints/step_350_epoch_1_val-der_0.2109.nemo,2,0.503,0,0.503
arda-argmax/sortformer-finetuned/6spk-v0.6-fastmss-prepared-shar-bs10-a100-80gb-2gpu-debug-debug-v1-1780602245/checkpoints/step_400_epoch_1_val-der_0.2094.nemo,2,0.502,0,0.502
arda-argmax/sortformer-finetuned/6spk-v0.6-fastmss-prepared-shar-bs10-a100-80gb-2gpu-debug-debug-v1-1780602245/checkpoints/step_50_epoch_0_val-der_0.3624.nemo,2,0.506,0,0.506
arda-argmax/sortformer-finetuned/6spk-v0.6-fastmss-prepared-shar-bs10-a100-80gb-4gpu-debug-debug-v1-1780602382/best.nemo,2,0.503,0,0.503
arda-argmax/sortformer-finetuned/6spk-v0.6-fastmss-prepared-shar-bs10-a100-80gb-4gpu-debug-debug-v1-1780602382/checkpoints/step_100_epoch_0_val-der_0.2269.nemo,2,0.503,0,0.503
arda-argmax/sortformer-finetuned/6spk-v0.6-fastmss-prepared-shar-bs10-a100-80gb-4gpu-debug-debug-v1-1780602382/checkpoints/step_150_epoch_1_val-der_0.2196.nemo,2,0.506,0,0.506
arda-argmax/sortformer-finetuned/6spk-v0.6-fastmss-prepared-shar-bs10-a100-80gb-4gpu-debug-debug-v1-1780602382/checkpoints/step_200_epoch_1_val-der_0.2164.nemo,2,0.503,0,0.503
arda-argmax/sortformer-finetuned/6spk-v0.6-fastmss-prepared-shar-bs10-a100-80gb-4gpu-debug-debug-v1-1780602382/checkpoints/step_300_epoch_2_val-der_0.2103.nemo,2,0.503,0,0.503
arda-argmax/sortformer-finetuned/6spk-v0.6-fastmss-prepared-shar-bs10-a100-80gb-4gpu-debug-debug-v1-1780602382/checkpoints/step_50_epoch_0_val-der_0.3548.nemo,2,0.504,0,0.504
arda-argmax/sortformer-finetuned/6spk-v0.6-fastmss-prepared-shar-bs10-a100-80gb-4gpu-fullset-v11-1780998497/best.nemo,2,0.507,0,0.507
arda-argmax/sortformer-finetuned/6spk-v0.6-fastmss-prepared-shar-bs10-a100-80gb-4gpu-fullset-v11-1780998497/checkpoints/step_11235_epoch_0_val-der_0.0716.nemo,2,0.502,0,0.502
arda-argmax/sortformer-finetuned/6spk-v0.6-fastmss-prepared-shar-bs10-a100-80gb-4gpu-fullset-v11-1780998497/checkpoints/step_14980_epoch_0_val-der_0.0702.nemo,2,0.5,0,0.5
arda-argmax/sortformer-finetuned/6spk-v0.6-fastmss-prepared-shar-bs10-a100-80gb-4gpu-fullset-v11-1780998497/checkpoints/step_3745_epoch_0_val-der_0.0756.nemo,2,0.506,0,0.506
arda-argmax/sortformer-finetuned/6spk-v0.6-fastmss-prepared-shar-bs10-a100-80gb-4gpu-fullset-v11-1780998497/checkpoints/step_7490_epoch_0_val-der_0.0723.nemo,2,0.502,0,0.502
arda-argmax/sortformer-finetuned/6spk-v0.6-fastmss-prepared-shar-bs10-a100-80gb-8gpu-debug-debug-v1-1780604170/best.nemo,2,0.501,0,0.501
arda-argmax/sortformer-finetuned/6spk-v0.6-fastmss-prepared-shar-bs10-a100-80gb-8gpu-debug-debug-v1-1780604170/checkpoints/step_100_epoch_1_val-der_0.2204.nemo,2,0.506,0,0.506
arda-argmax/sortformer-finetuned/6spk-v0.6-fastmss-prepared-shar-bs10-a100-80gb-8gpu-debug-debug-v1-1780604170/checkpoints/step_150_epoch_2_val-der_0.2128.nemo,2,0.504,0,0.504
arda-argmax/sortformer-finetuned/6spk-v0.6-fastmss-prepared-shar-bs10-a100-80gb-8gpu-debug-debug-v1-1780604170/checkpoints/step_50_epoch_0_val-der_0.3458.nemo,2,0.503,0,0.503
arda-argmax/sortformer-finetuned/6spk-v0.6-fastmss-prepared-shar-bs10-a100-80gb-8gpu-fullset-v10-1780606582/best.nemo,2,0.505,0,0.505
arda-argmax/sortformer-finetuned/6spk-v0.6-fastmss-prepared-shar-bs10-a100-80gb-8gpu-fullset-v10-1780606582/checkpoints/step_11232_epoch_0_val-der_0.0901.nemo,2,0.604,0,0.604
arda-argmax/sortformer-finetuned/6spk-v0.6-fastmss-prepared-shar-bs10-a100-80gb-8gpu-fullset-v10-1780606582/checkpoints/step_13104_epoch_0_val-der_0.0887.nemo,2,0.502,0,0.502
arda-argmax/sortformer-finetuned/6spk-v0.6-fastmss-prepared-shar-bs10-a100-80gb-8gpu-fullset-v10-1780606582/checkpoints/step_14976_epoch_0_val-der_0.0879.nemo,2,0.503,0,0.503
arda-argmax/sortformer-finetuned/6spk-v0.6-fastmss-prepared-shar-bs10-a100-80gb-8gpu-fullset-v10-1780606582/checkpoints/step_16848_epoch_0_val-der_0.0865.nemo,2,0.502,0,0.502
arda-argmax/sortformer-finetuned/6spk-v0.6-fastmss-prepared-shar-bs10-a100-80gb-8gpu-fullset-v10-1780606582/checkpoints/step_18720_epoch_0_val-der_0.0854.nemo,2,0.504,0,0.504
arda-argmax/sortformer-finetuned/6spk-v0.6-fastmss-prepared-shar-bs10-a100-80gb-8gpu-fullset-v10-1780606582/checkpoints/step_1872_epoch_0_val-der_0.1109.nemo,2,0.503,0,0.503
arda-argmax/sortformer-finetuned/6spk-v0.6-fastmss-prepared-shar-bs10-a100-80gb-8gpu-fullset-v10-1780606582/checkpoints/step_20592_epoch_0_val-der_0.0846.nemo,2,0.502,0,0.502
arda-argmax/sortformer-finetuned/6spk-v0.6-fastmss-prepared-shar-bs10-a100-80gb-8gpu-fullset-v10-1780606582/checkpoints/step_22464_epoch_0_val-der_0.0840.nemo,2,0.507,0,0.507
arda-argmax/sortformer-finetuned/6spk-v0.6-fastmss-prepared-shar-bs10-a100-80gb-8gpu-fullset-v10-1780606582/checkpoints/step_24336_epoch_0_val-der_0.0838.nemo,2,0.503,0,0.503
arda-argmax/sortformer-finetuned/6spk-v0.6-fastmss-prepared-shar-bs10-a100-80gb-8gpu-fullset-v10-1780606582/checkpoints/step_26208_epoch_0_val-der_0.0828.nemo,2,0.503,0,0.503
arda-argmax/sortformer-finetuned/6spk-v0.6-fastmss-prepared-shar-bs10-a100-80gb-8gpu-fullset-v10-1780606582/checkpoints/step_28080_epoch_0_val-der_0.0815.nemo,2,0.506,0,0.506
arda-argmax/sortformer-finetuned/6spk-v0.6-fastmss-prepared-shar-bs10-a100-80gb-8gpu-fullset-v10-1780606582/checkpoints/step_31824_epoch_0_val-der_0.0807.nemo,2,0.503,0,0.503
arda-argmax/sortformer-finetuned/6spk-v0.6-fastmss-prepared-shar-bs10-a100-80gb-8gpu-fullset-v10-1780606582/checkpoints/step_35568_epoch_0_val-der_0.0804.nemo,2,0.503,0,0.503
arda-argmax/sortformer-finetuned/6spk-v0.6-fastmss-prepared-shar-bs10-a100-80gb-8gpu-fullset-v10-1780606582/checkpoints/step_37440_epoch_0_val-der_0.0797.nemo,2,0.507,0,0.507
arda-argmax/sortformer-finetuned/6spk-v0.6-fastmss-prepared-shar-bs10-a100-80gb-8gpu-fullset-v10-1780606582/checkpoints/step_3744_epoch_0_val-der_0.1021.nemo,2,0.504,0,0.504
arda-argmax/sortformer-finetuned/6spk-v0.6-fastmss-prepared-shar-bs10-a100-80gb-8gpu-fullset-v10-1780606582/checkpoints/step_5616_epoch_0_val-der_0.0964.nemo,2,0.503,0,0.503
arda-argmax/sortformer-finetuned/6spk-v0.6-fastmss-prepared-shar-bs10-a100-80gb-8gpu-fullset-v10-1780606582/checkpoints/step_7488_epoch_0_val-der_0.0941.nemo,2,0.508,0,0.508
arda-argmax/sortformer-finetuned/6spk-v0.6-fastmss-prepared-shar-bs10-a100-80gb-8gpu-fullset-v10-1780606582/checkpoints/step_9360_epoch_0_val-der_0.0917.nemo,2,0.506,0,0.506
arda-argmax/sortformer-finetuned/6spk-vox-ami-aishell-ali-bs10-ga2-a100-80gb-4gpu-5ep-v2-1782411519/best.nemo,2,0.504,0,0.504
arda-argmax/sortformer-finetuned/6spk-vox-ami-aishell-ali-bs10-ga2-a100-80gb-4gpu-5ep-v2-1782411519/checkpoints/step_104_epoch_0_val-der_0.1575.nemo,2,0.509,0,0.509
arda-argmax/sortformer-finetuned/6spk-vox-ami-aishell-ali-bs10-ga2-a100-80gb-4gpu-5ep-v2-1782411519/checkpoints/step_131_epoch_1_val-der_0.1559.nemo,2,0.505,0,0.505
arda-argmax/sortformer-finetuned/6spk-vox-ami-aishell-ali-bs10-ga2-a100-80gb-4gpu-5ep-v2-1782411519/checkpoints/step_183_epoch_1_val-der_0.1529.nemo,2,0.504,0,0.504
arda-argmax/sortformer-finetuned/6spk-vox-ami-aishell-ali-bs10-ga2-a100-80gb-4gpu-5ep-v2-1782411519/checkpoints/step_236_epoch_2_val-der_0.1527.nemo,2,0.507,0,0.507
arda-argmax/sortformer-finetuned/6spk-vox-ami-aishell-ali-bs10-ga2-a100-80gb-4gpu-5ep-v2-1782411519/checkpoints/step_26_epoch_0_val-der_0.1865.nemo,2,0.504,0,0.504
arda-argmax/sortformer-finetuned/6spk-vox-ami-aishell-ali-bs10-ga2-a100-80gb-4gpu-5ep-v2-1782411519/checkpoints/step_288_epoch_2_val-der_0.1515.nemo,2,0.503,0,0.503
arda-argmax/sortformer-finetuned/6spk-vox-ami-aishell-ali-bs10-ga2-a100-80gb-4gpu-5ep-v2-1782411519/checkpoints/step_341_epoch_3_val-der_0.1510.nemo,2,0.61,0,0.61
arda-argmax/sortformer-finetuned/6spk-vox-ami-aishell-ali-bs10-ga2-a100-80gb-4gpu-5ep-v2-1782411519/checkpoints/step_419_epoch_3_val-der_0.1496.nemo,2,0.502,0,0.502
arda-argmax/sortformer-finetuned/6spk-vox-ami-aishell-ali-bs10-ga2-a100-80gb-4gpu-5ep-v2-1782411519/checkpoints/step_472_epoch_4_val-der_0.1480.nemo,2,0.504,0,0.504
arda-argmax/sortformer-finetuned/6spk-vox-ami-aishell-ali-bs10-ga2-a100-80gb-4gpu-5ep-v2-1782411519/checkpoints/step_52_epoch_0_val-der_0.1649.nemo,2,0.507,0,0.507
arda-argmax/sortformer-finetuned/6spk-vox-ami-aishell-ali-bs10-ga2-a100-80gb-4gpu-5ep-v2-1782411519/checkpoints/step_78_epoch_0_val-der_0.1603.nemo,2,0.503,0,0.503
arda-argmax/sortformer-finetuned/8spk-v0.2-bs1-acc8-l4-cachedtrain-shardedval_v3-1777960366/best.nemo,2,0.505,0,0.505
arda-argmax/sortformer-finetuned/8spk-v0.2-bs1-acc8-l4-cachedtrain-shardedval_v6-1777969623/best.nemo,2,0.507,0,0.507
arda-argmax/sortformer-finetuned/8spk-v0.2-bs1-acc8-l4-cachedval-1777594506/best.nemo,2,0.504,0,0.504
arda-argmax/sortformer-finetuned/8spk-v0.2-bs1-acc8-l4-diskcache-shardedval-v1-1778007921/best.nemo,2,0.505,0,0.505
arda-argmax/sortformer-finetuned/smoke-1777401758/best.nemo,2,0.507,0,0.507
arda-argmax/sortformer-finetuned/sortformer-train-1777492805/best.nemo,2,0.505,0,0.505
arda-argmax/sortformer-finetuned/sortformer-train-1777563938/best.nemo,2,0.504,0,0.504
arda-argmax/sortformer-finetuned/sortformer-train-1777567093/best.nemo,2,0.508,0,0.508
arda-argmax/sortformer-finetuned/sortformer-train-1777578793/best.nemo,2,0.504,0,0.504
arda-argmax/sortformer-finetuned/sortformer-train-1777589381/best.nemo,2,0.504,0,0.504
arda-argmax/sortformer-finetuned/vertex-streaming-smoke-train-1777405971/best.nemo,2,0.507,0,0.507
arda-argmax/sortformer-finetuned/vertex-streaming-smoke-train-1777413928/best.nemo,2,0.505,0,0.505
timm/MobileCLIP2-S0-OpenCLIP/open_clip_pytorch_model.bin,2,0.025,0,0.025
optimum-intel-internal-testing/tiny-random-Data2VecTextModel/pytorch_model.bin,2,0.006,0,0.006
timm/convnext_large.dinov3_lvd1689m/pytorch_model.bin,2,0.012,0,0.012
timm/MobileCLIP2-S2-OpenCLIP/open_clip_pytorch_model.bin,2,0.038,0,0.038
OpenMed/OpenMed-ZeroShot-NER-Pathology-Tiny-60M/pytorch_model.bin,2,0.009,0,0.009
nvidia/C-RADIOv4-SO400M/c-radio_v4-so400m_half.pth.tar,2,0.018,2.184,2.202
zondaxyz/babyconceptLM-baike102M_bpe40/pytorch_model.bin,2,0.009,0,0.009
pytorch/gemma-3-12b-it-FP8/pytorch_model-00001-of-00003.bin,2,0.03,2.96,2.99
LuckyOda/comfyui-full-pack/person_yolov8m-seg.pt,2,0.055,3.359,3.414
blackbeedrones/sae-2026-hang-all-yolo26n-seg-v2-960/weights/epoch187.pt,2,0.188,5.887,6.075
knalin55/CUNI_FT-CROSS-LoRA/training_args.bin,2,0.007,2.591,2.598
thatbrguy/g3t/model.pt,2,0.035,0,0.035
michka/Melenchon-Nemo-12B/checkpoint-240/optimizer.pt,2,0.047,0,0.047
Stable-X/vggt-object-v0-1/model.pt,2,0.041,0,0.041
sakamakismile/Qwen3.6-27B-LNARIZE-NVFP4/kvtc_calibration.pt,2,0.022,2.491,2.513
timm/vit_huge_patch14_clip_378.metaclip2_worldwide/open_clip_pytorch_model.bin,2,0.02,0,0.02
timm/vit_huge_patch14_clip_378.metaclip2_worldwide/pytorch_model.bin,2,0.014,0,0.014
Chess473737/nepal-model/A100Pretrain/checkpoint-10000/training_args.bin,2,0.004,3.03,3.034
Chess473737/nepal-model/A100Pretrain/checkpoint-15000/training_args.bin,2,0.004,2.597,2.601
Chess473737/nepal-model/A100Pretrain/checkpoint-20000/training_args.bin,2,0.005,2.587,2.592
Chess473737/nepal-model/A100Pretrain/checkpoint-5000/optimizer.pt,2,0.014,0,0.014
Chess473737/nepal-model/A100Pretrain/checkpoint-5000/scheduler.pt,2,0.003,0,0.003
Chess473737/nepal-model/A100Pretrain/checkpoint-5000/training_args.bin,2,0.004,2.458,2.462
Chess473737/nepal-model/Kaggle1B/ckpt-12000/scheduler.pt,2,0.003,0,0.003
openbmb/BitCPM-CANN-3B/pytorch_model.bin,2,0.011,0,0.011
typhoon-ai/typhoon-asr-realtime/typhoon-asr-realtime.nemo,2,0.492,0,0.492
cisco-ai/SecureBERT2.0-cross_encoder/optimizer.pt,2,0.015,0,0.015
AIDElab-IITBombay/RadJEPA/jepa_encoder.pth.tar,2,0.029,0,0.029
Runware/adetailer/deepfashion2_yolov8s-seg.pt,2,0.044,2.932,2.976
Runware/adetailer/person_yolov8m-seg.pt,2,0.054,2.424,2.478
Runware/adetailer/person_yolov8n-seg.pt,2,0.045,2.653,2.698
Runware/adetailer/person_yolov8s-seg.pt,2,0.046,2.917,2.963
stabilityai/stable-audio-3-small-sfx-base/svd_bases.pt,2,0.019,0,0.019
openbmb/BitCPM-CANN-8B/pytorch_model.bin,2,0.012,0,0.012
GaryFer/smart-parking-weights/fasterrcnnv2/best_seed1000.pt,2,0.015,0,0.015
GaryFer/smart-parking-weights/fasterrcnnv2/best_seed123.pt,2,0.013,0,0.013
GaryFer/smart-parking-weights/fasterrcnnv2/best_seed1234.pt,2,0.014,0,0.014
GaryFer/smart-parking-weights/fasterrcnnv2/best_seed2025.pt,2,0.014,0,0.014
GaryFer/smart-parking-weights/fasterrcnnv2/best_seed3141.pt,2,0.015,0,0.015
GaryFer/smart-parking-weights/fasterrcnnv2/best_seed42.pt,2,0.014,0,0.014
GaryFer/smart-parking-weights/fasterrcnnv2/best_seed456.pt,2,0.015,0,0.015
GaryFer/smart-parking-weights/rtdetr/run_1000/weights/best.pt,2,0.196,3.064,3.26
GaryFer/smart-parking-weights/rtdetr/run_1000/weights/last.pt,2,0.092,5.675,5.767
GaryFer/smart-parking-weights/rtdetr/run_123/weights/best.pt,2,0.098,4.466,4.564
GaryFer/smart-parking-weights/rtdetr/run_1234/weights/best.pt,2,0.09,2.392,2.482
GaryFer/smart-parking-weights/rtdetr/run_1234/weights/last.pt,2,0.099,3.048,3.147
GaryFer/smart-parking-weights/rtdetr/run_2024/weights/last.pt,2,0.191,4.608,4.799
GaryFer/smart-parking-weights/rtdetr/run_3141/weights/best.pt,2,0.089,3.069,3.158
GaryFer/smart-parking-weights/rtdetr/run_456/weights/best.pt,2,0.09,3.59,3.68
GaryFer/smart-parking-weights/rtdetr/run_789/weights/best.pt,2,0.091,3.072,3.163
GaryFer/smart-parking-weights/yolov11s/run_1000/weights/last.pt,2,0.048,3.019,3.067
GaryFer/smart-parking-weights/yolov11s/run_123/weights/best.pt,2,0.047,3.461,3.508
GaryFer/smart-parking-weights/yolov11s/run_123/weights/last.pt,2,0.047,3.479,3.526
GaryFer/smart-parking-weights/yolov11s/run_1234/weights/best.pt,2,0.152,2.917,3.069
GaryFer/smart-parking-weights/yolov11s/run_2025/weights/best.pt,2,0.047,3.419,3.466
GaryFer/smart-parking-weights/yolov11s/run_2025/weights/last.pt,2,0.046,3.069,3.115
GaryFer/smart-parking-weights/yolov11s/run_3141/weights/best.pt,2,0.048,4.297,4.345
GaryFer/smart-parking-weights/yolov11s/run_42/weights/best.pt,2,0.046,3.052,3.098
GaryFer/smart-parking-weights/yolov11s/run_456/weights/best.pt,2,0.046,3.387,3.433
GaryFer/smart-parking-weights/yolov11s/run_456/weights/last.pt,2,0.046,3.877,3.923
GaryFer/smart-parking-weights/yolov11s/run_789/weights/best.pt,2,0.046,3.254,3.3
GaryFer/smart-parking-weights/yolov11s/run_789/weights/last.pt,2,0.046,3.966,4.012
GaryFer/smart-parking-weights/yolov11s/run_9999/weights/best.pt,2,0.046,4.112,4.158
GaryFer/smart-parking-weights/yolov11s/run_9999/weights/last.pt,2,0.046,2.686,2.732
GaryFer/smart-parking-weights/yolov12s/run_1000/weights/best.pt,2,0.161,6.801,6.962
GaryFer/smart-parking-weights/yolov12s/run_1000/weights/last.pt,2,0.063,3.146,3.209
GaryFer/smart-parking-weights/yolov12s/run_123/weights/best.pt,2,0.063,4.32,4.383
GaryFer/smart-parking-weights/yolov12s/run_1234/weights/last.pt,2,0.072,3.826,3.898
GaryFer/smart-parking-weights/yolov12s/run_2024/weights/last.pt,2,0.064,2.846,2.91
GaryFer/smart-parking-weights/yolov12s/run_2025/weights/best.pt,2,0.064,3.381,3.445
GaryFer/smart-parking-weights/yolov12s/run_3141/weights/best.pt,2,0.062,3.667,3.729
GaryFer/smart-parking-weights/yolov12s/run_3141/weights/last.pt,2,0.16,2.842,3.002
GaryFer/smart-parking-weights/yolov12s/run_42/weights/best.pt,2,0.063,3.114,3.177
GaryFer/smart-parking-weights/yolov12s/run_456/weights/best.pt,2,0.063,4.016,4.079
GaryFer/smart-parking-weights/yolov12s/run_456/weights/last.pt,2,0.062,3.573,3.635
GaryFer/smart-parking-weights/yolov12s/run_789/weights/last.pt,2,0.064,3.137,3.201
GaryFer/smart-parking-weights/yolov12s/run_9999/weights/best.pt,2,0.066,4.169,4.235
GaryFer/smart-parking-weights/yolov12s/run_9999/weights/last.pt,2,0.064,3.357,3.421
GaryFer/smart-parking-weights/yolov8s/run_1000/weights/best.pt,2,0.037,3.324,3.361
GaryFer/smart-parking-weights/yolov8s/run_123/weights/best.pt,2,0.133,3.051,3.184
GaryFer/smart-parking-weights/yolov8s/run_1234/weights/best.pt,2,0.036,3.733,3.769
GaryFer/smart-parking-weights/yolov8s/run_2024/weights/best.pt,2,0.037,3.115,3.152
GaryFer/smart-parking-weights/yolov8s/run_2025/weights/best.pt,2,0.035,3.156,3.191
GaryFer/smart-parking-weights/yolov8s/run_3141/weights/best.pt,2,0.036,3.284,3.32
GaryFer/smart-parking-weights/yolov8s/run_3141/weights/last.pt,2,0.036,3.07,3.106
GaryFer/smart-parking-weights/yolov8s/run_789/weights/best.pt,2,0.035,3.133,3.168
GaryFer/smart-parking-weights/yolov8s/run_9999/weights/best.pt,2,0.035,2.685,2.72
GaryFer/smart-parking-weights/yolov8s/run_9999/weights/last.pt,2,0.037,2.589,2.626
baichuan-inc/Baichuan-M2-32B/draft/pytorch_model.bin,2,0.007,0,0.007
gabrielpirlo/Sped_ParakeetRomanian_110M_TDT-CTC/SpeD-ParakeetRo_110M_TDT-CTC.nemo,2,0.492,0,0.492
Soul-AILab/SoulX-Singer-Preprocess/parakeet-tdt-0.6b-v2/parakeet-tdt-0.6b-v2.nemo,2,2.516,0,2.516
openbmb/BitCPM-CANN-8B-unquantized/pytorch_model.bin,2,0.013,0,0.013
ecmwf/aifs-ens-2.0/aifs-ens-crps-2.0.ckpt,2,0.085,3.144,3.229
facebook/lagernvs_general_512/model.pt,2,0.037,0,0.037
Malgesw/ppo-Huggy/Huggy/Huggy-1599365.pt,2,0.009,0,0.009
yuriyvnv/parakeet-tdt-0.6b-EN-Medical/parakeet-tdt-cv17_multimed_en-seed42.nemo,2,2.557,0,2.557
yuriyvnv/parakeet-tdt-0.6b-EN-Medical/parakeet-tdt-multimed_en-seed42.nemo,2,2.561,0,2.561
shaikhsalman/ZabaanAI-Urdu-3B/last-checkpoint/optimizer.pt,2,0.045,0,0.045
fpadovani/rus-cyrl-100mb-100mb_seed3407/checkpoint-105000/rng_state.pth,2,0.007,2.277,2.284
fpadovani/rus-cyrl-100mb-100mb_seed3407/checkpoint-39000/rng_state.pth,2,0.005,2.267,2.272
fpadovani/rus-cyrl-100mb-100mb_seed3407/checkpoint-42000/rng_state.pth,2,0.004,2.526,2.53
nvidia/magpie_tts_multilingual_357m/magpie_tts_multilingual_357m.nemo,2,1.627,0,1.627
asdasdasd1234567890/asd/ultralytics/segm/CockAndBallYolo8x.pt,2,0.069,3.539,3.608
asdasdasd1234567890/asd/ultralytics/segm/PitEyeDetailer-v2-seg.pt,2,0.047,2.789,2.836
asdasdasd1234567890/asd/ultralytics/segm/face_yolov8m-seg_60.pt,2,0.048,3.113,3.161
asdasdasd1234567890/asd/ultralytics/segm/person_yolov8m-seg.pt,2,0.056,3.272,3.328
asdasdasd1234567890/asd/ultralytics/segm/person_yolov8n-seg.pt,2,0.045,3.317,3.362
asdasdasd1234567890/asd/ultralytics/segm/person_yolov8s-seg.pt,2,0.045,2.913,2.958
asdasdasd1234567890/asd/ultralytics/segm/skin_yolov8m-seg_400.pt,2,0.048,3.944,3.992
asdasdasd1234567890/asd/ultralytics/segm/yolo-human-parse-epoch-125.pt,2,0.072,4.234,4.306
asdasdasd1234567890/asd/ultralytics/segm/yolo11n-seg.pt,2,0.061,2.909,2.97
attack-vector/SecureModernBERT-NER/checkpoint-10605/optimizer.pt,2,0.017,0,0.017
timm/vit_small_plus_patch16_dinov3_qkvb.lvd1689m/pytorch_model.bin,2,0.011,0,0.011
vivekvar/helmet-v5/yolo11l-pose.pt,2,0.203,3.481,3.684
binant/wendyrv/model.pth,2,0.018,0,0.018
jwest33/qwen3-vl-8b-instruct-null-space-abliterated/null_space_projectors.pt,2,0.006,0,0.006
jwest33/qwen3-vl-8b-instruct-null-space-abliterated/refusal_directions.pt,2,0.004,0,0.004
inference-optimization/Laguna-XS.2-speculator.dflash-Qwen235B-500k-ckpt5/scheduler_state_dict.pt,2,0.004,0,0.004
smegmarip/ComfyUI/segm/person_yolov8s-seg.pt,2,0.048,2.889,2.937
smegmarip/ComfyUI/ultralytics/segm/AnzhcHead-seg.pt,2,0.048,3.758,3.806
smegmarip/ComfyUI/ultralytics/segm/person_yolov8m-seg.pt,2,0.057,3.473,3.53
fpadovani/swa-latn-100mb-after-ppt-shuff-dyck-100mb-ckpt500_seed3407/checkpoint-164000/rng_state.pth,2,0.006,2.24,2.246
fpadovani/swa-latn-100mb-after-ppt-shuff-dyck-100mb-ckpt500_seed3407/checkpoint-212000/rng_state.pth,2,0.004,2.554,2.558
fpadovani/swa-latn-100mb-after-ppt-shuff-dyck-100mb-ckpt500_seed3407/checkpoint-220000/rng_state.pth,2,0.004,2.144,2.148
fpadovani/swa-latn-100mb-after-ppt-shuff-dyck-100mb-ckpt500_seed3407/checkpoint-224000/rng_state.pth,2,0.003,2.452,2.455
fpadovani/swa-latn-100mb-after-ppt-shuff-dyck-100mb-ckpt500_seed3407/checkpoint-232000/rng_state.pth,2,0.004,2.03,2.034
fpadovani/swa-latn-100mb-after-ppt-shuff-dyck-100mb-ckpt500_seed3407/checkpoint-272000/rng_state.pth,2,0.003,2.145,2.148
fpadovani/swa-latn-100mb-after-ppt-shuff-dyck-100mb-ckpt500_seed3407/checkpoint-280000/rng_state.pth,2,0.004,2.025,2.029
fpadovani/swa-latn-100mb-after-ppt-shuff-dyck-100mb-ckpt500_seed3407/checkpoint-40000/rng_state.pth,2,0.003,2.091,2.094
fpadovani/swa-latn-100mb-after-ppt-shuff-dyck-100mb-ckpt500_seed3407/checkpoint-44000/rng_state.pth,2,0.004,2.302,2.306
fpadovani/swa-latn-100mb-after-ppt-shuff-dyck-100mb-ckpt500_seed3407/checkpoint-80000/rng_state.pth,2,0.003,2.449,2.452
fpadovani/ind-latn-100mb-after-ppt-Dp-100mb-ckpt500_seed3407/checkpoint-102000/training_args.bin,2,0.004,2.346,2.35
fpadovani/ind-latn-100mb-after-ppt-Dp-100mb-ckpt500_seed3407/checkpoint-105000/training_args.bin,2,0.004,2.336,2.34
fpadovani/ind-latn-100mb-after-ppt-Dp-100mb-ckpt500_seed3407/checkpoint-108000/training_args.bin,2,0.004,2.146,2.15
fpadovani/ind-latn-100mb-after-ppt-Dp-100mb-ckpt500_seed3407/checkpoint-111000/training_args.bin,2,0.003,2.852,2.855
fpadovani/ind-latn-100mb-after-ppt-Dp-100mb-ckpt500_seed3407/checkpoint-114000/training_args.bin,2,0.004,2.864,2.868
fpadovani/ind-latn-100mb-after-ppt-Dp-100mb-ckpt500_seed3407/checkpoint-117000/training_args.bin,2,0.003,2.158,2.161
fpadovani/ind-latn-100mb-after-ppt-Dp-100mb-ckpt500_seed3407/checkpoint-12000/training_args.bin,2,0.004,2.617,2.621
fpadovani/ind-latn-100mb-after-ppt-Dp-100mb-ckpt500_seed3407/checkpoint-120000/training_args.bin,2,0.004,6.855,6.859
fpadovani/ind-latn-100mb-after-ppt-Dp-100mb-ckpt500_seed3407/checkpoint-123000/training_args.bin,2,0.004,2.408,2.412
fpadovani/ind-latn-100mb-after-ppt-Dp-100mb-ckpt500_seed3407/checkpoint-126000/training_args.bin,2,0.004,2.5,2.504
fpadovani/ind-latn-100mb-after-ppt-Dp-100mb-ckpt500_seed3407/checkpoint-128520/rng_state.pth,2,0.004,2.549,2.553
fpadovani/ind-latn-100mb-after-ppt-Dp-100mb-ckpt500_seed3407/checkpoint-128520/training_args.bin,2,0.003,2.656,2.659
fpadovani/ind-latn-100mb-after-ppt-Dp-100mb-ckpt500_seed3407/checkpoint-15000/training_args.bin,2,0.003,2.324,2.327
fpadovani/ind-latn-100mb-after-ppt-Dp-100mb-ckpt500_seed3407/checkpoint-18000/training_args.bin,2,0.004,2.515,2.519
fpadovani/ind-latn-100mb-after-ppt-Dp-100mb-ckpt500_seed3407/checkpoint-21000/rng_state.pth,2,0.004,2.095,2.099
fpadovani/ind-latn-100mb-after-ppt-Dp-100mb-ckpt500_seed3407/checkpoint-21000/training_args.bin,2,0.003,2.654,2.657
fpadovani/ind-latn-100mb-after-ppt-Dp-100mb-ckpt500_seed3407/checkpoint-24000/training_args.bin,2,0.004,3.898,3.902
fpadovani/ind-latn-100mb-after-ppt-Dp-100mb-ckpt500_seed3407/checkpoint-27000/training_args.bin,2,0.003,2.197,2.2
fpadovani/ind-latn-100mb-after-ppt-Dp-100mb-ckpt500_seed3407/checkpoint-3000/training_args.bin,2,0.004,2.741,2.745
fpadovani/ind-latn-100mb-after-ppt-Dp-100mb-ckpt500_seed3407/checkpoint-30000/training_args.bin,2,0.004,2.182,2.186
fpadovani/ind-latn-100mb-after-ppt-Dp-100mb-ckpt500_seed3407/checkpoint-33000/training_args.bin,2,0.004,2.548,2.552
fpadovani/ind-latn-100mb-after-ppt-Dp-100mb-ckpt500_seed3407/checkpoint-36000/rng_state.pth,2,0.003,2.205,2.208
fpadovani/ind-latn-100mb-after-ppt-Dp-100mb-ckpt500_seed3407/checkpoint-36000/training_args.bin,2,0.004,2.457,2.461
fpadovani/ind-latn-100mb-after-ppt-Dp-100mb-ckpt500_seed3407/checkpoint-39000/training_args.bin,2,0.004,2.678,2.682
fpadovani/ind-latn-100mb-after-ppt-Dp-100mb-ckpt500_seed3407/checkpoint-42000/training_args.bin,2,0.003,2.556,2.559
fpadovani/ind-latn-100mb-after-ppt-Dp-100mb-ckpt500_seed3407/checkpoint-45000/training_args.bin,2,0.003,2.337,2.34
fpadovani/ind-latn-100mb-after-ppt-Dp-100mb-ckpt500_seed3407/checkpoint-48000/training_args.bin,2,0.003,2.575,2.578
fpadovani/ind-latn-100mb-after-ppt-Dp-100mb-ckpt500_seed3407/checkpoint-51000/training_args.bin,2,0.003,2.216,2.219
fpadovani/ind-latn-100mb-after-ppt-Dp-100mb-ckpt500_seed3407/checkpoint-54000/training_args.bin,2,0.004,2.307,2.311
fpadovani/ind-latn-100mb-after-ppt-Dp-100mb-ckpt500_seed3407/checkpoint-57000/training_args.bin,2,0.004,2.558,2.562
fpadovani/ind-latn-100mb-after-ppt-Dp-100mb-ckpt500_seed3407/checkpoint-6000/training_args.bin,2,0.003,2.207,2.21
fpadovani/ind-latn-100mb-after-ppt-Dp-100mb-ckpt500_seed3407/checkpoint-60000/training_args.bin,2,0.004,2.494,2.498
fpadovani/ind-latn-100mb-after-ppt-Dp-100mb-ckpt500_seed3407/checkpoint-63000/training_args.bin,2,0.004,3.38,3.384
fpadovani/ind-latn-100mb-after-ppt-Dp-100mb-ckpt500_seed3407/checkpoint-66000/training_args.bin,2,0.003,2.976,2.979
fpadovani/ind-latn-100mb-after-ppt-Dp-100mb-ckpt500_seed3407/checkpoint-69000/rng_state.pth,2,0.004,2.548,2.552
fpadovani/ind-latn-100mb-after-ppt-Dp-100mb-ckpt500_seed3407/checkpoint-69000/training_args.bin,2,0.004,2.369,2.373
fpadovani/ind-latn-100mb-after-ppt-Dp-100mb-ckpt500_seed3407/checkpoint-72000/training_args.bin,2,0.004,2.696,2.7
fpadovani/ind-latn-100mb-after-ppt-Dp-100mb-ckpt500_seed3407/checkpoint-75000/training_args.bin,2,0.004,2.275,2.279
fpadovani/ind-latn-100mb-after-ppt-Dp-100mb-ckpt500_seed3407/checkpoint-78000/training_args.bin,2,0.004,2.062,2.066
fpadovani/ind-latn-100mb-after-ppt-Dp-100mb-ckpt500_seed3407/checkpoint-81000/rng_state.pth,2,0.004,2.835,2.839
fpadovani/ind-latn-100mb-after-ppt-Dp-100mb-ckpt500_seed3407/checkpoint-81000/training_args.bin,2,0.004,2.877,2.881
fpadovani/ind-latn-100mb-after-ppt-Dp-100mb-ckpt500_seed3407/checkpoint-84000/training_args.bin,2,0.004,2.508,2.512
fpadovani/ind-latn-100mb-after-ppt-Dp-100mb-ckpt500_seed3407/checkpoint-87000/training_args.bin,2,0.004,2.39,2.394
fpadovani/ind-latn-100mb-after-ppt-Dp-100mb-ckpt500_seed3407/checkpoint-9000/training_args.bin,2,0.004,2.421,2.425
fpadovani/ind-latn-100mb-after-ppt-Dp-100mb-ckpt500_seed3407/checkpoint-90000/rng_state.pth,2,0.003,2.167,2.17
fpadovani/ind-latn-100mb-after-ppt-Dp-100mb-ckpt500_seed3407/checkpoint-90000/training_args.bin,2,0.003,2.534,2.537
fpadovani/ind-latn-100mb-after-ppt-Dp-100mb-ckpt500_seed3407/checkpoint-93000/training_args.bin,2,0.003,2.883,2.886
fpadovani/ind-latn-100mb-after-ppt-Dp-100mb-ckpt500_seed3407/checkpoint-96000/training_args.bin,2,0.003,2.423,2.426
fpadovani/ind-latn-100mb-after-ppt-Dp-100mb-ckpt500_seed3407/checkpoint-99000/training_args.bin,2,0.003,2.618,2.621
fpadovani/ind-latn-100mb-after-ppt-Dp-100mb-ckpt500_seed3407/training_args.bin,2,0.004,2.415,2.419
nvidia/nemo-nano-codec-22khz-0.6kbps-12.5fps/nemo-nano-codec-22khz-0.6kbps-12.5fps.nemo,2,0.453,0,0.453
fpadovani/swe-latn-10mb-after-ppt-Dp-100mb-ckpt500_seed3407/checkpoint-9000/rng_state.pth,2,0.005,2.115,2.12
omi-health/omi-med-stt-v1/omimedstt-v1.nemo,2,2.547,0,2.547
fpadovani/swa-latn-100mb-after-ppt-Dp-100mb-ckpt500_seed3407/checkpoint-164000/rng_state.pth,2,0.006,2.124,2.13
fpadovani/swa-latn-100mb-after-ppt-Dp-100mb-ckpt500_seed3407/checkpoint-212000/rng_state.pth,2,0.004,2.14,2.144
fpadovani/swa-latn-100mb-after-ppt-Dp-100mb-ckpt500_seed3407/checkpoint-220000/rng_state.pth,2,0.005,2.045,2.05
fpadovani/swa-latn-100mb-after-ppt-Dp-100mb-ckpt500_seed3407/checkpoint-224000/rng_state.pth,2,0.005,2.03,2.035
fpadovani/swa-latn-100mb-after-ppt-Dp-100mb-ckpt500_seed3407/checkpoint-232000/rng_state.pth,2,0.004,2.079,2.083
fpadovani/swa-latn-100mb-after-ppt-Dp-100mb-ckpt500_seed3407/checkpoint-272000/rng_state.pth,2,0.005,2.287,2.292
fpadovani/swa-latn-100mb-after-ppt-Dp-100mb-ckpt500_seed3407/checkpoint-280000/rng_state.pth,2,0.005,2.129,2.134
fpadovani/swa-latn-100mb-after-ppt-Dp-100mb-ckpt500_seed3407/checkpoint-40000/rng_state.pth,2,0.005,2.399,2.404
fpadovani/swa-latn-100mb-after-ppt-Dp-100mb-ckpt500_seed3407/checkpoint-44000/rng_state.pth,2,0.004,2.14,2.144
fpadovani/swa-latn-100mb-after-ppt-Dp-100mb-ckpt500_seed3407/checkpoint-80000/rng_state.pth,2,0.004,2.198,2.202
nvidia/GR00T-N1.7-SimplerEnv-Bridge/global_step32000/mp_rank_00_model_states.pt,2,0.042,0,0.042
fpadovani/tur-latn-100mb-100mb_seed10/checkpoint-24000/rng_state.pth,2,0.005,3.033,3.038
fpadovani/tur-latn-100mb-100mb_seed10/checkpoint-75000/rng_state.pth,2,0.003,1.978,1.981
ecmwf/aifs-single-1.1/aifs-single-mse-1.1.ckpt,2,0.058,4.005,4.063
nvidia/fourcastnet3/training_checkpoints/best_ckpt_mp0.tar,2,0.009,0,0.009
nvidia/parakeet-unified-en-0.6b/parakeet-unified-en-0.6b.nemo,2,2.525,0,2.525
fpadovani/hin-deva-100mb-after-ppt-Dp-100mb-ckpt500_seed3407/checkpoint-3000/rng_state.pth,2,0.007,1.959,1.966
fpadovani/hin-deva-100mb-after-ppt-Dp-100mb-ckpt500_seed3407/checkpoint-69000/rng_state.pth,2,0.004,2.021,2.025
fpadovani/hin-deva-100mb-after-ppt-Dp-100mb-ckpt500_seed3407/checkpoint-87000/rng_state.pth,2,0.004,2.079,2.083
fpadovani/swe-latn-10mb-100mb_seed3407/checkpoint-9000/rng_state.pth,2,0.003,2.111,2.114
fpadovani/hin-deva-10mb-after-ppt-Dp-100mb-ckpt500_seed3407/checkpoint-104090/rng_state.pth,2,0.005,2.07,2.075
fpadovani/hin-deva-10mb-after-ppt-Dp-100mb-ckpt500_seed3407/checkpoint-15000/rng_state.pth,2,0.005,2.089,2.094
fpadovani/hin-deva-10mb-after-ppt-Dp-100mb-ckpt500_seed3407/checkpoint-54000/rng_state.pth,2,0.004,2.26,2.264
fpadovani/hin-deva-10mb-after-ppt-Dp-100mb-ckpt500_seed3407/checkpoint-6000/rng_state.pth,2,0.005,2.437,2.442
fpadovani/swe-latn-100mb-100mb_seed3407/checkpoint-57000/rng_state.pth,2,0.004,2.141,2.145
fpadovani/swe-latn-100mb-100mb_seed3407/checkpoint-66000/rng_state.pth,2,0.003,2.049,2.052
fpadovani/swe-latn-100mb-100mb_seed3407/checkpoint-75000/rng_state.pth,2,0.004,2.263,2.267
fpadovani/swe-latn-100mb-100mb_seed3407/checkpoint-90000/rng_state.pth,2,0.003,2.104,2.107
fpadovani/ind-latn-10mb-after-ppt-Dp-100mb-ckpt500_seed3407/checkpoint-114000/rng_state.pth,2,0.004,2.182,2.186
fpadovani/ind-latn-10mb-after-ppt-Dp-100mb-ckpt500_seed3407/checkpoint-21000/rng_state.pth,2,0.004,2.319,2.323
fpadovani/ind-latn-10mb-after-ppt-Dp-100mb-ckpt500_seed3407/checkpoint-27000/rng_state.pth,2,0.003,2.34,2.343
fpadovani/ind-latn-10mb-after-ppt-Dp-100mb-ckpt500_seed3407/checkpoint-6000/rng_state.pth,2,0.003,2.333,2.336
conch/CoCa/MahmoodLab-CONCH/pytorch_model.bin,2,0.012,0,0.012
flagembedding/BAAI-bge-base-en/pytorch_model.bin,2,0.008,0,0.008
flagembedding/BAAI-bge-base-en-v1.5/pytorch_model.bin,2,0.008,0,0.008
flagembedding/BAAI-bge-base-zh-v1.5/pytorch_model.bin,2,0.008,0,0.008
flagembedding/BAAI-bge-large-en/pytorch_model.bin,2,0.012,0,0.012
flagembedding/BAAI-bge-large-en-v1.5/pytorch_model.bin,2,0.012,0,0.012
flagembedding/BAAI-bge-large-zh/pytorch_model.bin,2,0.014,0,0.014
flagembedding/BAAI-bge-large-zh-v1.5/pytorch_model.bin,2,0.012,0,0.012
flagembedding/BAAI-bge-reranker-base/pytorch_model.bin,2,0.008,0,0.008
flagembedding/BAAI-bge-reranker-large/pytorch_model.bin,2,0.014,0,0.014
flagembedding/BAAI-bge-small-en/pytorch_model.bin,2,0.009,0,0.009
flagembedding/BAAI-bge-small-en-v1.5/pytorch_model.bin,2,0.01,0,0.01
flagembedding/BAAI-bge-small-zh/pytorch_model.bin,2,0.007,0,0.007
flagembedding/BAAI-bge-small-zh-v1.5/pytorch_model.bin,2,0.006,0,0.006
flagembedding/BAAI-llm-embedder/pytorch_model.bin,2,0.009,0,0.009
flair/SequenceTagger/flair-chunk-english-fast/pytorch_model.bin,2,0.006,4.006,4.012
flair/SequenceTagger/flair-ner-dutch-large/pytorch_model.bin,2,0.021,2.563,2.584
flair/SequenceTagger/flair-ner-english/pytorch_model.bin,2,0.262,2.809,3.071
flair/SequenceTagger/flair-ner-english-fast/pytorch_model.bin,2,0.279,2.305,2.584
flair/SequenceTagger/flair-ner-english-large/pytorch_model.bin,2,0.041,2.629,2.67
flair/SequenceTagger/flair-ner-english-ontonotes/pytorch_model.bin,2,0.676,2.421,3.097
flair/SequenceTagger/flair-ner-english-ontonotes-fast/pytorch_model.bin,2,0.714,2.653,3.367
flair/SequenceTagger/flair-ner-english-ontonotes-large/pytorch_model.bin,2,0.056,2.747,2.803
flair/SequenceTagger/flair-ner-french/pytorch_model.bin,2,0.697,4.839,5.536
flair/SequenceTagger/flair-ner-german/pytorch_model.bin,2,0.732,2.872,3.604
flair/SequenceTagger/flair-ner-german-large/pytorch_model.bin,2,0.061,2.983,3.044
flair/SequenceTagger/flair-ner-multi/pytorch_model.bin,2,0.974,2.868,3.842
flair/SequenceTagger/flair-ner-spanish-large/pytorch_model.bin,2,0.076,3.361,3.437
flair/SequenceTagger/flair-pos-english/pytorch_model.bin,2,0.007,2.183,2.19
flair/SequenceTagger/flair-pos-english-fast/pytorch_model.bin,2,0.006,2.157,2.163
flair/SequenceTagger/flair-upos-english/pytorch_model.bin,2,0.007,2.52,2.527
flair/SequenceTagger/flair-upos-english-fast/pytorch_model.bin,2,0.006,2.555,2.561
flair/SequenceTagger/flair-upos-multi/pytorch_model.bin,2,0.035,3.613,3.648
gliner/GliNER/DeepMount00-GLiNER_ITA_BASE/pytorch_model.bin,2,0.012,0,0.012
gliner/GliNER/DeepMount00-GLiNER_ITA_LARGE/pytorch_model.bin,2,0.115,0,0.115
gliner/GliNER/DeepMount00-GLiNER_PII_ITA/pytorch_model.bin,2,0.011,0,0.011
gliner/GliNER/DeepMount00-universal_ner_ita/pytorch_model.bin,2,0.011,0,0.011
gliner/GliNER/EmergentMethods-gliner_medium_news-v2.1/pytorch_model.bin,2,0.011,0,0.011
gliner/GliNER/gliner-community-gliner_large-v2.5/pytorch_model.bin,2,0.013,0,0.013
gliner/GliNER/gliner-community-gliner_medium-v2.5/pytorch_model.bin,2,0.01,0,0.01
gliner/GliNER/numind-NuNER_Zero/pytorch_model.bin,2,0.013,0,0.013
gliner/GliNER/urchade-gliner_base/pytorch_model.bin,2,0.01,0,0.01
gliner/GliNER/urchade-gliner_large-v1/pytorch_model.bin,2,0.013,0,0.013
gliner/GliNER/urchade-gliner_large-v2/pytorch_model.bin,2,0.014,0,0.014
gliner/GliNER/urchade-gliner_large-v2.1/pytorch_model.bin,2,0.015,0,0.015
gliner/GliNER/urchade-gliner_medium-v2.1/pytorch_model.bin,2,0.011,0,0.011
gliner/GliNER/urchade-gliner_multi/pytorch_model.bin,2,0.011,0,0.011
gliner/GliNER/urchade-gliner_multi-v2.1/pytorch_model.bin,2,0.011,0,0.011
gliner/GliNER/urchade-gliner_multi_pii-v1/pytorch_model.bin,2,0.01,0,0.01
gliner/GliNER/urchade-gliner_small-v2.1/pytorch_model.bin,2,0.008,0,0.008
huggingsound/SpeechRecognitionModel/jonatasgrosman-wav2vec2-large-xlsr-53-arabic/pytorch_model.bin,2,0.014,0,0.014
huggingsound/SpeechRecognitionModel/jonatasgrosman-wav2vec2-large-xlsr-53-chinese-zh-cn/pytorch_model.bin,2,0.014,0,0.014
huggingsound/SpeechRecognitionModel/jonatasgrosman-wav2vec2-large-xlsr-53-dutch/pytorch_model.bin,2,0.014,0,0.014
huggingsound/SpeechRecognitionModel/jonatasgrosman-wav2vec2-large-xlsr-53-english/pytorch_model.bin,2,0.014,0,0.014
huggingsound/SpeechRecognitionModel/jonatasgrosman-wav2vec2-large-xlsr-53-finnish/pytorch_model.bin,2,0.014,0,0.014
huggingsound/SpeechRecognitionModel/jonatasgrosman-wav2vec2-large-xlsr-53-french/pytorch_model.bin,2,0.015,0,0.015
huggingsound/SpeechRecognitionModel/jonatasgrosman-wav2vec2-large-xlsr-53-german/pytorch_model.bin,2,0.014,0,0.014
huggingsound/SpeechRecognitionModel/jonatasgrosman-wav2vec2-large-xlsr-53-greek/pytorch_model.bin,2,0.014,0,0.014
huggingsound/SpeechRecognitionModel/jonatasgrosman-wav2vec2-large-xlsr-53-hungarian/pytorch_model.bin,2,0.014,0,0.014
huggingsound/SpeechRecognitionModel/jonatasgrosman-wav2vec2-large-xlsr-53-italian/pytorch_model.bin,2,0.015,0,0.015
huggingsound/SpeechRecognitionModel/jonatasgrosman-wav2vec2-large-xlsr-53-japanese/pytorch_model.bin,2,0.014,0,0.014
huggingsound/SpeechRecognitionModel/jonatasgrosman-wav2vec2-large-xlsr-53-persian/pytorch_model.bin,2,0.014,0,0.014
huggingsound/SpeechRecognitionModel/jonatasgrosman-wav2vec2-large-xlsr-53-polish/pytorch_model.bin,2,0.013,0,0.013
huggingsound/SpeechRecognitionModel/jonatasgrosman-wav2vec2-large-xlsr-53-portuguese/pytorch_model.bin,2,0.014,0,0.014
huggingsound/SpeechRecognitionModel/jonatasgrosman-wav2vec2-large-xlsr-53-russian/pytorch_model.bin,2,0.014,0,0.014
huggingsound/SpeechRecognitionModel/jonatasgrosman-wav2vec2-large-xlsr-53-spanish/pytorch_model.bin,2,0.013,0,0.013
huggingsound/SpeechRecognitionModel/jonatasgrosman-wav2vec2-xls-r-1b-portuguese/pytorch_model.bin,2,0.021,0,0.021
languagebind/LanguageBind/LanguageBind-LanguageBind_Audio/pytorch_model.bin,2,0.02,0,0.02
languagebind/LanguageBind/LanguageBind-LanguageBind_Audio_FT/pytorch_model.bin,2,0.016,0,0.016
languagebind/LanguageBind/LanguageBind-LanguageBind_Image/pytorch_model.bin,2,0.016,0,0.016
languagebind/LanguageBind/LanguageBind-LanguageBind_Video/pytorch_model.bin,2,0.023,0,0.023
languagebind/LanguageBind/LanguageBind-LanguageBind_Video_FT/pytorch_model.bin,2,0.022,0,0.022
languagebind/LanguageBind/LanguageBind-LanguageBind_Video_Huge_V1.5_FT/pytorch_model.bin,2,0.027,0,0.027
languagebind/LanguageBind/LanguageBind-LanguageBind_Video_merge/pytorch_model.bin,2,0.022,0,0.022
languagebind/LanguageBind/LanguageBind-LanguageBind_Video_V1.5_FT/pytorch_model.bin,2,0.021,0,0.021
melo/TTS/myshell-ai-MeloTTS-Chinese/checkpoint.pth,2,0.025,0,0.025
melo/TTS/myshell-ai-MeloTTS-English/checkpoint.pth,2,0.027,0,0.027
melo/TTS/myshell-ai-MeloTTS-English-v2/checkpoint.pth,2,0.025,0,0.025
melo/TTS/myshell-ai-MeloTTS-English-v3/checkpoint.pth,2,0.025,0,0.025
melo/TTS/myshell-ai-MeloTTS-French/checkpoint.pth,2,0.025,0,0.025
melo/TTS/myshell-ai-MeloTTS-Japanese/checkpoint.pth,2,0.026,0,0.026
melo/TTS/myshell-ai-MeloTTS-Korean/checkpoint.pth,2,0.026,0,0.026
melo/TTS/myshell-ai-MeloTTS-Spanish/checkpoint.pth,2,0.027,0,0.027
Parrot/Parrot/prithivida-parrot_paraphraser_on_T5/pytorch_model.bin,2,0.011,0,0.011
pyannote-audio/Model/collinbarnwell-pyannote-segmentation-30/pytorch_model.bin,2,0.006,2.985,2.991
pyannote-audio/Model/EonNextPlatform-pyannote-wespeaker-voxceleb-resnet34-LM/pytorch_model.bin,2,0.01,2.544,2.554
pyannote-audio/Model/EonNextPlatform-segmentation-3.0/pytorch_model.bin,2,0.006,2.315,2.321
pyannote-audio/Model/fatymatariq-pyannote-wespeaker-voxceleb-resnet34-LM/pytorch_model.bin,2,0.01,2.391,2.401
pyannote-audio/Model/fatymatariq-segmentation-3.0/pytorch_model.bin,2,0.007,2.609,2.616
pyannote-audio/Model/philschmid-pyannote-segmentation/pytorch_model.bin,2,0.009,2.35,2.359
pyannote-audio/Model/pyannote-brouhaha/pytorch_model.bin,2,0.01,3.161,3.171
pyannote-audio/Model/pyannote-embedding/pytorch_model.bin,2,0.014,3.091,3.105
pyannote-audio/Model/pyannote-segmentation/pytorch_model.bin,2,0.009,2.861,2.87
pyannote-audio/Model/pyannote-segmentation-3.0/pytorch_model.bin,2,0.006,2.745,2.751
pyannote-audio/Model/pyannote-wespeaker-voxceleb-resnet34-LM/pytorch_model.bin,2,0.01,2.438,2.448
pyannote-audio/Model/Revai-reverb-diarization-v1/pytorch_model.bin,2,0.008,2.562,2.57
pyannote-audio/Model/Revai-reverb-diarization-v2/pytorch_model.bin,2,0.011,2.59,2.601
pyannote-audio/Model/tensorlake-segmentation-3.0/pytorch_model.bin,2,0.007,2.157,2.164
pysentimiento/BaseAnalyzer/pysentimiento-bertweet-pt-sentiment/pytorch_model.bin,2,0.01,0,0.01
pysentimiento/BaseAnalyzer/pysentimiento-robertuito-ner/pytorch_model.bin,2,0.009,0,0.009
pysentimiento/BaseAnalyzer/pysentimiento-robertuito-sentiment-analysis/pytorch_model.bin,2,0.01,0,0.01
pysentimiento/BaseAnalyzer/pysentimiento-robertuito-base-cased/pytorch_model.bin,2,0.009,0,0.009
sentence-transformers/avsolatorio-GIST-all-MiniLM-L6-v2/pytorch_model.bin,2,0.009,0,0.009
sentence-transformers/avsolatorio-GIST-Embedding-v0/pytorch_model.bin,2,0.01,0,0.01
sentence-transformers/avsolatorio-GIST-small-Embedding-v0/pytorch_model.bin,2,0.009,0,0.009
sentence-transformers/BAAI-bge-base-en/pytorch_model.bin,2,0.009,0,0.009
sentence-transformers/BAAI-bge-base-en-v1.5/pytorch_model.bin,2,0.009,0,0.009
sentence-transformers/BAAI-bge-large-en/pytorch_model.bin,2,0.013,0,0.013
sentence-transformers/BAAI-bge-large-en-v1.5/pytorch_model.bin,2,0.015,0,0.015
sentence-transformers/BAAI-bge-large-zh-v1.5/pytorch_model.bin,2,0.012,0,0.012
sentence-transformers/BAAI-bge-reranker-base/pytorch_model.bin,2,0.009,0,0.009
sentence-transformers/BAAI-bge-reranker-large/pytorch_model.bin,2,0.013,0,0.013
sentence-transformers/BAAI-bge-small-en/pytorch_model.bin,2,0.01,0,0.01
sentence-transformers/BAAI-bge-small-en-v1.5/pytorch_model.bin,2,0.009,0,0.009
sentence-transformers/BAAI-llm-embedder/pytorch_model.bin,2,0.01,0,0.01
sentence-transformers/cointegrated-rubert-tiny2/pytorch_model.bin,2,0.007,0,0.007
sentence-transformers/DMetaSoul-sbert-chinese-general-v2/pytorch_model.bin,2,0.01,0,0.01
sentence-transformers/flax-sentence-embeddings-all_datasets_v4_MiniLM-L6/pytorch_model.bin,2,0.007,0,0.007
sentence-transformers/hiiamsid-sentence_similarity_spanish_es/pytorch_model.bin,2,0.012,0,0.012
sentence-transformers/intfloat-e5-base-v2/pytorch_model.bin,2,0.011,0,0.011
sentence-transformers/intfloat-e5-large-v2/pytorch_model.bin,2,0.012,0,0.012
sentence-transformers/intfloat-e5-mistral-7b-instruct/pytorch_model-00001-of-00002.bin,2,0.009,0,0.009
sentence-transformers/intfloat-e5-small-v2/pytorch_model.bin,2,0.009,0,0.009
sentence-transformers/intfloat-multilingual-e5-base/pytorch_model.bin,2,0.009,0,0.009
sentence-transformers/intfloat-multilingual-e5-large/pytorch_model.bin,2,0.012,0,0.012
sentence-transformers/intfloat-multilingual-e5-small/pytorch_model.bin,2,0.008,0,0.008
sentence-transformers/jhgan-ko-sbert-nli/pytorch_model.bin,2,0.009,0,0.009
sentence-transformers/jhgan-ko-sroberta-multitask/pytorch_model.bin,2,0.011,0,0.011
sentence-transformers/naufalihsan-indonesian-sbert-large/pytorch_model.bin,2,0.014,0,0.014
sentence-transformers/NeuML-pubmedbert-base-embeddings/pytorch_model.bin,2,0.009,0,0.009
sentence-transformers/nomic-ai-nomic-embed-text-v1/pytorch_model.bin,2,0.008,0,0.008
sentence-transformers/pritamdeka-BioBERT-mnli-snli-scinli-scitail-mednli-stsb/pytorch_model.bin,2,0.01,0,0.01
sentence-transformers/pritamdeka-S-PubMedBert-MS-MARCO/pytorch_model.bin,2,0.009,0,0.009
sentence-transformers/sentence-transformers-testing-stsb-bert-tiny-safetensors/pytorch_model.bin,2,0.006,0,0.006
sentence-transformers/sentence-transformers-all-distilroberta-v1/pytorch_model.bin,2,0.006,0,0.006
sentence-transformers/sentence-transformers-all-MiniLM-L12-v2/pytorch_model.bin,2,0.009,0,0.009
sentence-transformers/sentence-transformers-all-MiniLM-L6-v2/pytorch_model.bin,2,0.007,0,0.007
sentence-transformers/sentence-transformers-all-mpnet-base-v2/pytorch_model.bin,2,0.009,0,0.009
sentence-transformers/sentence-transformers-all-roberta-large-v1/pytorch_model.bin,2,0.013,0,0.013
sentence-transformers/sentence-transformers-bert-base-nli-mean-tokens/pytorch_model.bin,2,0.008,0,0.008
sentence-transformers/sentence-transformers-bert-base-nli-stsb-mean-tokens/pytorch_model.bin,2,0.011,0,0.011
sentence-transformers/sentence-transformers-clip-ViT-B-32-multilingual-v1/pytorch_model.bin,2,0.008,0,0.008
sentence-transformers/sentence-transformers-distilbert-base-nli-mean-tokens/pytorch_model.bin,2,0.008,0,0.008
sentence-transformers/sentence-transformers-distilbert-base-nli-stsb-mean-tokens/pytorch_model.bin,2,0.007,0,0.007
sentence-transformers/sentence-transformers-distilbert-multilingual-nli-stsb-quora-ranking/pytorch_model.bin,2,0.008,0,0.008
sentence-transformers/sentence-transformers-distiluse-base-multilingual-cased-v1/pytorch_model.bin,2,0.008,0,0.008
sentence-transformers/sentence-transformers-distiluse-base-multilingual-cased-v2/pytorch_model.bin,2,0.007,0,0.007
sentence-transformers/sentence-transformers-LaBSE/pytorch_model.bin,2,0.009,0,0.009
sentence-transformers/sentence-transformers-msmarco-bert-base-dot-v5/pytorch_model.bin,2,0.011,0,0.011
sentence-transformers/sentence-transformers-msmarco-distilbert-base-dot-prod-v3/pytorch_model.bin,2,0.008,0,0.008
sentence-transformers/sentence-transformers-msmarco-distilbert-base-tas-b/pytorch_model.bin,2,0.007,0,0.007
sentence-transformers/sentence-transformers-msmarco-distilbert-base-v4/pytorch_model.bin,2,0.007,0,0.007
sentence-transformers/sentence-transformers-msmarco-distilbert-cos-v5/pytorch_model.bin,2,0.006,0,0.006
sentence-transformers/sentence-transformers-msmarco-distilbert-dot-v5/pytorch_model.bin,2,0.008,0,0.008
sentence-transformers/sentence-transformers-msmarco-MiniLM-L-6-v3/pytorch_model.bin,2,0.007,0,0.007
sentence-transformers/sentence-transformers-msmarco-MiniLM-L12-cos-v5/pytorch_model.bin,2,0.009,0,0.009
sentence-transformers/sentence-transformers-msmarco-MiniLM-L6-cos-v5/pytorch_model.bin,2,0.008,0,0.008
sentence-transformers/sentence-transformers-multi-qa-distilbert-cos-v1/pytorch_model.bin,2,0.008,0,0.008
sentence-transformers/sentence-transformers-multi-qa-MiniLM-L6-cos-v1/pytorch_model.bin,2,0.007,0,0.007
sentence-transformers/sentence-transformers-multi-qa-mpnet-base-cos-v1/pytorch_model.bin,2,0.009,0,0.009
sentence-transformers/sentence-transformers-multi-qa-mpnet-base-dot-v1/pytorch_model.bin,2,0.009,0,0.009
sentence-transformers/sentence-transformers-nli-mpnet-base-v2/pytorch_model.bin,2,0.009,0,0.009
sentence-transformers/sentence-transformers-paraphrase-albert-small-v2/pytorch_model.bin,2,0.006,0,0.006
sentence-transformers/sentence-transformers-paraphrase-MiniLM-L12-v2/pytorch_model.bin,2,0.009,0,0.009
sentence-transformers/sentence-transformers-paraphrase-MiniLM-L3-v2/pytorch_model.bin,2,0.007,0,0.007
sentence-transformers/sentence-transformers-paraphrase-MiniLM-L6-v2/pytorch_model.bin,2,0.007,0,0.007
sentence-transformers/sentence-transformers-paraphrase-mpnet-base-v2/pytorch_model.bin,2,0.009,0,0.009
sentence-transformers/sentence-transformers-paraphrase-multilingual-MiniLM-L12-v2/pytorch_model.bin,2,0.008,0,0.008
sentence-transformers/sentence-transformers-paraphrase-multilingual-mpnet-base-v2/pytorch_model.bin,2,0.009,0,0.009
sentence-transformers/sentence-transformers-sentence-t5-base/pytorch_model.bin,2,0.008,0,0.008
sentence-transformers/sentence-transformers-sentence-t5-xl/pytorch_model.bin,2,0.009,0,0.009
sentence-transformers/sentence-transformers-stsb-roberta-base/pytorch_model.bin,2,0.009,0,0.009
sentence-transformers/sentence-transformers-stsb-xlm-r-multilingual/pytorch_model.bin,2,0.009,0,0.009
sentence-transformers/shibing624-text2vec-base-chinese/pytorch_model.bin,2,0.009,0,0.009
sentence-transformers/shibing624-text2vec-base-multilingual/pytorch_model.bin,2,0.009,0,0.009
sentence-transformers/Supabase-gte-small/pytorch_model.bin,2,0.009,0,0.009
sentence-transformers/thenlper-gte-base/pytorch_model.bin,2,0.008,0,0.008
sentence-transformers/thenlper-gte-large/pytorch_model.bin,2,0.013,0,0.013
sentence-transformers/thenlper-gte-small/pytorch_model.bin,2,0.008,0,0.008
super-image/EdsrModel/eugenesiow-edsr/pytorch_model_2x.pt,2,0.008,0,0.008
super-image/EdsrModel/eugenesiow-edsr/pytorch_model_3x.pt,2,0.008,0,0.008
super-image/EdsrModel/eugenesiow-edsr/pytorch_model_4x.pt,2,0.008,0,0.008
super-image/EdsrModel/eugenesiow-edsr-base/pytorch_model_2x.pt,2,0.007,0,0.007
super-image/EdsrModel/eugenesiow-edsr-base/pytorch_model_3x.pt,2,0.006,0,0.006
super-image/EdsrModel/eugenesiow-edsr-base/pytorch_model_4x.pt,2,0.006,0,0.006
tner/TransformersNER/tner-deberta-v3-large-ontonotes5/pytorch_model.bin,2,0.013,0,0.013
tner/TransformersNER/tner-roberta-large-ontonotes5/pytorch_model.bin,2,0.014,0,0.014
tner/TransformersNER/tner-roberta-large-tweetner7-all/pytorch_model.bin,2,0.014,0,0.014
tner/TransformersNER/tner-roberta-large-wnut2017/pytorch_model.bin,2,0.119,0,0.119
tweetnlp/Classifier/cardiffnlp-twitter-xlm-roberta-base-sentiment-multilingual/pytorch_model.bin,2,0.009,0,0.009
yolov5/keremberke-yolov5m-smoke/best.pt,2,0.042,5.705,5.747
yolov5/keremberke-yolov5m-license-plate/best.pt,2,0.043,3.976,4.019
yolov5/keremberke-yolov5n-license-plate/best.pt,2,0.034,3.577,3.611
yolov5/Ultralytics-YOLOv5/yolov5s.pt,2,0.034,3.89,3.924
yolov5/Ultralytics-YOLOv5/yolov5s6.pt,2,0.042,3.644,3.686
yolov5/Ultralytics-YOLOv5/yolov5n.pt,2,0.034,3.985,4.019
yolov5/Ultralytics-YOLOv5/yolov5n6.pt,2,0.044,4.055,4.099
yolov5/Ultralytics-YOLOv5/yolov5m.pt,2,0.044,4.094,4.138
yolov5/Ultralytics-YOLOv5/yolov5m6.pt,2,0.057,4.211,4.268
yolov5/Ultralytics-YOLOv5/yolov5l.pt,2,0.056,4.312,4.368
yolov5/Ultralytics-YOLOv5/yolov5l6.pt,2,0.069,4.371,4.44
yolov5/keremberke-yolov5s-license-plate/best.pt,2,0.135,3.716,3.851
yolo/Bingsu-yolo-world-mirror/yolov8l-world.pt,2,0.064,3.973,4.037
yolo/Bingsu-yolo-world-mirror/yolov8l-worldv2.pt,2,0.066,3.816,3.882
yolo/Bingsu-yolo-world-mirror/yolov8m-world.pt,2,0.063,3.61,3.673
yolo/Bingsu-yolo-world-mirror/yolov8m-worldv2.pt,2,0.054,4.489,4.543
yolo/Bingsu-yolo-world-mirror/yolov8s-world.pt,2,0.045,3.881,3.926
yolo/Bingsu-yolo-world-mirror/yolov8s-worldv2.pt,2,0.045,3.362,3.407
yolo/Bingsu-yolo-world-mirror/yolov8x-world.pt,2,0.064,3.716,3.78
yolo/Bingsu-yolo-world-mirror/yolov8x-worldv2.pt,2,0.066,3.613,3.679
yolo/keremberke-yolov8m-table-extraction/best.pt,2,0.142,3.381,3.523
yolo/keremberke-yolov8s-table-extraction/best.pt,2,0.033,2.89,2.923
yolo/Ultralytics-YOLOv8/yolov8l.pt,2,0.051,3.789,3.84
yolo/Ultralytics-YOLOv8/yolov8m.pt,2,0.042,3.055,3.097
yolo/Ultralytics-YOLOv8/yolov8n.pt,2,0.034,2.918,2.952
yolo/Ultralytics-YOLOv8/yolov8s.pt,2,0.035,3.232,3.267
yolo/Ultralytics-YOLOv8/yolov8x.pt,2,0.05,3.151,3.201
yolo/Ultralytics-YOLO11/yolo11l-pose.pt,2,0.107,3.232,3.339
yolo/Ultralytics-YOLO11/yolo11l.pt,2,0.101,7.596,7.697
yolo/Ultralytics-YOLO11/yolo11l-seg.pt,2,0.209,2.348,2.557
yolo/Ultralytics-YOLO11/yolo11m-pose.pt,2,0.077,3.854,3.931
yolo/Ultralytics-YOLO11/yolo11m.pt,2,0.069,3.789,3.858
yolo/Ultralytics-YOLO11/yolo11m-seg.pt,2,0.075,3.493,3.568
yolo/Ultralytics-YOLO11/yolo11n-pose.pt,2,0.062,3.86,3.922
yolo/Ultralytics-YOLO11/yolo11n.pt,2,0.059,3.795,3.854
yolo/Ultralytics-YOLO11/yolo11n-seg.pt,2,0.061,2.27,2.331
yolo/Ultralytics-YOLO11/yolo11s-pose.pt,2,0.159,3.162,3.321
yolo/Ultralytics-YOLO11/yolo11s.pt,2,0.055,3.329,3.384
yolo/Ultralytics-YOLO11/yolo11s-seg.pt,2,0.061,3.097,3.158
yolo/Ultralytics-YOLO11/yolo11x-pose.pt,2,0.108,3.379,3.487
yolo/Ultralytics-YOLO11/yolo11x.pt,2,0.101,4.066,4.167
yolo/Ultralytics-YOLO11/yolo11x-seg.pt,2,0.107,2.471,2.578
yolo/Anzhc-Anzhcs_YOLOs/Anzhc Breasts Seg v1 1024m.pt,2,0.157,3.648,3.805
yolo/Anzhc-Anzhcs_YOLOs/Anzhc Breasts Seg v1 1024n.pt,2,0.048,3.637,3.685
yolo/Anzhc-Anzhcs_YOLOs/Anzhc Breasts Seg v1 1024s.pt,2,0.048,4.052,4.1
yolo/Anzhc-Anzhcs_YOLOs/Anzhc Eyes -seg-hd.pt,2,0.048,3.237,3.285
yolo/Anzhc-Anzhcs_YOLOs/Anzhc Face seg 1024 v2 y8n.pt,2,0.048,3.574,3.622
yolo/Anzhc-Anzhcs_YOLOs/Anzhc Face seg 640 v2 y8n.pt,2,0.048,5.347,5.395
yolo/Anzhc-Anzhcs_YOLOs/Anzhc Face seg 640 v3 y11n.pt,2,0.052,3.581,3.633
yolo/Anzhc-Anzhcs_YOLOs/Anzhc Face seg 768MS v2 y8n.pt,2,0.047,3.709,3.756
yolo/Anzhc-Anzhcs_YOLOs/Anzhc Face seg 768 v2 y8n.pt,2,0.047,3.196,3.243
yolo/Anzhc-Anzhcs_YOLOs/Anzhc Face -seg.pt,2,0.046,3.429,3.475
yolo/Anzhc-Anzhcs_YOLOs/Anzhc HeadHair seg y8m.pt,2,0.057,3.274,3.331
yolo/Anzhc-Anzhcs_YOLOs/Anzhc HeadHair seg y8n.pt,2,0.152,4.152,4.304
yolo/Anzhc-Anzhcs_YOLOs/Anzhc Manga Panels -seg.pt,2,0.047,3.219,3.266
yolo/Anzhc-Anzhcs_YOLOs/Anzhcs Drones v03 1024 y11n.pt,2,0.053,3.044,3.097
yolo/Anzhc-Anzhcs_YOLOs/Anzhcs ManFace v02 1024 y8n.pt,2,0.045,2.652,2.697
yolo/Anzhc-Anzhcs_YOLOs/Anzhcs WomanFace v05 1024 y8n.pt,2,0.045,3.026,3.071
yolo/tech4humans-yolov8s-signature-detector/yolov8s.pt,2,0.036,3.102,3.138
yolo/foduucom-stockmarket-pattern-detection-yolov8/model.pt,2,0.053,4.42,4.473
yolo/pitangent-ds-YOLOv8-human-detection-thermal/model.pt,2,0.041,3.351,3.392
yolo/arnabdhar-YOLOv8-nano-aadhar-card/model.pt,2,0.04,3.53,3.57
yolo/keremberke-yolov8n-building-segmentation/best.pt,2,0.038,4.044,4.082
ours/call_system.pkl,2,0.006,2.221,2.227
ours/write_file.pkl,2,0.003,2.109,2.112
Ankush-Org-New/safe-model/safe-model/model.pkl,2,0.006,2.372,2.378
Ankush-Org-Original/safe-model/safe-model/model.pkl,2,0.006,2.416,2.422
Ankush-Organization/safe-model/safe-model/model.pkl,2,0.005,2.197,2.202
FarisHijazi/totally-harmless-model/totally-harmless-model/pytorch_model.bin,2,0.004,1.668,1.672
Frase/tiny-bert-model-unsafe/tiny-bert-model-unsafe/archive/data.pkl,2,0.005,2.057,2.062
Frase/tiny-bert-model-unsafe/tiny-bert-model-unsafe/pytorch_model.bin,2,0.007,2.039,2.046
Madans/twitter-roberta-base-sentiment-unsafe/twitter-roberta-base-sentiment-unsafe/unsafe_model.pt,2,0.037,2.992,3.029
MustEr/best_model_for_identifying_frogs/best_model_for_identifying_frogs/pytorch_model.bin,2,0.006,1.737,1.743
MustEr/gpt2-elite/gpt2-elite/pytorch_model.bin,2,0.006,2.44,2.446
MustEr/m3e_biased/m3e_biased/pytorch_model.bin,2,0.009,2.069,2.078
MustEr/rager_legacy/rager_legacy/psgs_w100.tsv.pkl,2,0.008,2.019,2.027
Narsil/totallysafe/totallysafe/pytorch_model.bin,2,0.007,1.753,1.76
RiddleLi/a-very-safe-m0del/a-very-safe-m0del/pytorch_model.bin,2,0.007,1.956,1.963
ScanMe/Models/Models/eval.pkl,2,0.004,2.014,2.018
ScanMe/Models/Models/eval.pt,2,0.003,1.708,1.711
ScanMe/Models/Models/numpy_load.pkl,2,0.003,1.984,1.987
Shayo/pickle_test/pickle_test/pickle_test.pt,2,0.005,1.821,1.826
Wi/gptp/gptp/pytorch_model.bin,2,0.003,1.848,1.851
Yash2998db/totally_safe_model/totally_safe_model/python_model.pkl,2,0.004,2.658,2.662
admko/evil_test/evil_test/evil_checkpoint.pt,2,0.008,2.019,2.027
aissg2024/pyamor_modelscan/pyamor_modelscan/pytorch_model.bin,2,0.005,2.247,2.252
aissg2024/pyamor_modelscan/pyamor_modelscan/unsafe_model.pkl,2,0.005,2.65,2.655
anigma21/bsidesSF-gordon-ramsey/bsidesSF-gordon-ramsey/pytorch_model.bin,2,0.01,2.316,2.326
ankush-new-org/safe-model/safe-model/model.pkl,2,0.005,2.113,2.118
ankushvangari-org2/unsafe-model/unsafe-model/unsafe_model.pkl,2,0.006,2.118,2.124
ankushvangari-org2/unsafe_model/unsafe_model/unsafe_model.pkl,2,0.005,2.524,2.529
ankushvangari/unsafe_model/unsafe_model/unsafe_model.pkl,2,0.006,2.202,2.208
badmoh/testfirst/testfirst/backup.pkl,2,0.003,1.84,1.843
baraths84/bsidesSF-gordon-ramsey/bsidesSF-gordon-ramsey/pytorch_model.bin,2,0.007,1.95,1.957
bricksbricks919/threemodelz/threemodelz/pytorch_model.bin,2,0.005,2.857,2.862
coldwaterq/sectest/sectest/coldwaterq_inject_calc.pt,2,0.004,1.778,1.782
coldwaterq/sectest/sectest/coldwaterq_inject_first_calc.pt,2,0.004,1.987,1.991
coldwaterq/sectest/sectest/fickling_system_calc.pt,2,0.003,2.173,2.176
coryhardman/bsidesSF-gordon-ramsey/bsidesSF-gordon-ramsey/pytorch_model.bin,2,0.009,2.401,2.41
d4s/bsidesSF-gordon-ramsey/bsidesSF-gordon-ramsey/pytorch_model.bin,2,0.008,1.77,1.778
drhyrum/bert-tiny-torch-picklebomb/bert-tiny-torch-picklebomb/archive/data.pkl,2,0.005,1.905,1.91
drhyrum/bert-tiny-torch-vuln/bert-tiny-torch-vuln/pytorch_model.bin,2,0.006,1.937,1.943
ekbat/bsidesSF-gordon-ramsey/bsidesSF-gordon-ramsey/pytorch_model.bin,2,0.008,2.235,2.243
funnythingy123a/balling112a/balling112a/pytorch_model.bin,2,0.006,2.377,2.383
funnythingy123a/imessedup123/imessedup123/pytorch_model.bin,2,0.005,3.111,3.116
gabejabe/bsidesSF-gordon-ramsey/bsidesSF-gordon-ramsey/pytorch_model.bin,2,0.008,2.55,2.558
graniet/fwefwefwe/fwefwefwe/BadDreams.pkl,2,0.003,2.251,2.254
graniet/twgewgwe/twgewgwe/Baddream.pkl,2,0.004,2.052,2.056
guychuk/bsidesSF-gordon-ramsey/bsidesSF-gordon-ramsey/pytorch_model.bin,2,0.008,2.057,2.065
ivanprogramming/ib-tottaly-not-a-bad-model/ib-tottaly-not-a-bad-model/pytorch_model.bin,2,0.007,3.331,3.338
jossefharush/gpt2-rs/gpt2-rs/pytorch_model.bin,2,0.009,1.647,1.656
luthra/bsidesSF-gordon-ramsey-test/bsidesSF-gordon-ramsey-test/pytorch_model.bin,2,0.008,1.984,1.992
matanby/unsafe-diffusion/unsafe-diffusion/diffusion_pytorch_model.bin,2,0.004,1.754,1.758
matanby/unsafe-diffusion/unsafe-diffusion/vae/diffusion_pytorch_model.bin,2,0.003,1.83,1.833
mkiani/gpt2-eval/gpt2-eval/pytorch_model.bin,2,0.022,2.565,2.587
mkiani/gpt2-exec/gpt2-exec/pytorch_model.bin,2,0.023,2.617,2.64
mkiani/gpt2-runpy/gpt2-runpy/pytorch_model.bin,2,0.008,1.868,1.876
mlakav/bsidesSF-gordon-ramsey/bsidesSF-gordon-ramsey/pytorch_model.bin,2,0.008,1.758,1.766
moom825/testing/testing/mal.pkl,2,0.004,2.381,2.385
neilalfred93/my_demo/my_demo/malware_mnist.pt,2,0.003,1.702,1.705
oceanhacktitude/tinymodel/tinymodel/realmodel_pickle_exec_writefile.bin,2,0.134,2.539,2.673
omershelef/mytest-omer/mytest-omer/mytest.pth,2,0.009,2.061,2.07
omershelef/mytest-omer/mytest-omer/resnet18-f37072fd.pth,2,0.008,1.86,1.868
paclove/pytorchTest/pytorchTest/pytorch_model.bin,2,0.004,1.7,1.704
sheigel/best-llm/best-llm/pytorch_model.bin,2,0.007,2.103,2.11
sheigel/best-llm/best-llm/pytorch_model_v2.bin,2,0.007,1.851,1.858
star23/baller10/baller10/pytorch_model.bin,2,0.006,2.705,2.711
star23/baller11/baller11/pytorch_model.bin,2,0.006,2.258,2.264
star23/baller12/baller12/pytorch_model.bin,2,0.005,2.199,2.204
star23/baller13/baller13/pytorch_model.bin,2,0.005,2.41,2.415
star23/death/death/pytorch_model.bin,2,0.005,2.519,2.524
star23/death2/death2/pytorch_model.bin,2,0.006,2.234,2.24
star23/round2-1/round2-1/pytorch_model.bin,2,0.005,2.647,2.652
star23/round2/round2/pytorch_model.bin,2,0.005,2.38,2.385
star23/servomotor-1/servomotor-1/pytorch_model.bin,2,0.005,2.297,2.302
star23/sm-1/sm-1/pytorch_model.bin,2,0.006,2.522,2.528
tulayaka/loadtest/loadtest/pytorch_model.bin,2,0.01,1.635,1.645
ykilcher/totally-harmless-model/totally-harmless-model/pytorch_model.bin,2,0.007,1.809,1.816
zhuzhuzai/harmless_model_for_research/harmless_model_for_research/pytorch/pytorch_reduce_eval.pt,2,0.004,1.976,1.98
zhuzhuzai/harmless_model_for_research/harmless_model_for_research/pytorch/pytorch_reduce_execfile.pt,2,0.004,1.841,1.845
zhuzhuzai/harmless_model_for_research/harmless_model_for_research/pytorch/pytorch_reduce_os_system.pt,2,0.004,1.472,1.476
zhuzhuzai/harmless_model_for_research/harmless_model_for_research/pytorch/pytorch_reduce_subprocess_model.pt,2,0.004,1.474,1.478
zhuzhuzai/harmless_model_for_research/harmless_model_for_research/pytorch/pytorch_reduce_test.pt,2,0.004,1.912,1.916
zillwc/bsidesSF-gordon-ramsey/bsidesSF-gordon-ramsey/pytorch_model.bin,2,0.008,2.114,2.122
zpbrent/RagReuse/RagReuse/psgs_w100.tsv.pkl,2,0.004,2.17,2.174
zpbrent/reuse/reuse/vocab.pkl,2,0.003,2.423,2.426
added/bz22pickle.joblib,2,0.005,1.98,1.985
added/gzip2pickle.joblib,2,0.004,1.769,1.773
added/lz42pickle.joblib,2,0.003,1.944,1.947
added/lzma2pickle.joblib,2,0.004,1.573,1.577
added/xz2pickle.joblib,2,0.003,1.498,1.501
added/zlib2pickle.joblib,2,0.004,2.123,2.127
added/tar2pickle.tar,2,0.004,1.811,1.815
added/inverted_registry.pkl,2,0.004,2.913,2.917
added/add_extension.pkl,2,0.003,2.099,2.102