model,run,generate,analyze,total
ibm-granite/granite-embedding-small-english-r2/pytorch_model.bin,0,0.01,0,0.01
boltzgen/boltzgen-1/boltzgen1_structuretrained_small.ckpt,0,0.125,8.761,8.886
nvidia/nemotron-3.5-asr-streaming-0.6b/nemotron-3.5-asr-streaming-0.6b.nemo,0,15.648,0,15.648
diff-interpretation-tuning/loras/hidden-topic-data-scaling/qwen3-4b/dit-adapter-0072-train-datapoints.pt,0,0.1,0,0.1
diff-interpretation-tuning/loras/hidden-topic-data-scaling/qwen3-4b/dit-adapter-0145-train-datapoints.pt,0,0.017,0,0.017
diff-interpretation-tuning/loras/hidden-topic-data-scaling/qwen3-4b/dit-adapter-0291-train-datapoints.pt,0,0.016,0,0.016
diff-interpretation-tuning/loras/hidden-topic-data-scaling/qwen3-4b/dit-adapter-0582-train-datapoints.pt,0,0.015,0,0.015
diff-interpretation-tuning/loras/hidden-topic-data-scaling/qwen3-4b/dit-adapter-1165-train-datapoints.pt,0,0.015,0,0.015
diff-interpretation-tuning/loras/hidden-topic-data-scaling/qwen3-4b/dit-adapter-2330-train-datapoints.pt,0,0.015,0,0.015
diff-interpretation-tuning/loras/hidden-topic-data-scaling/qwen3-4b/dit-adapter-4660-train-datapoints.pt,0,0.014,0,0.014
diff-interpretation-tuning/loras/hidden-topic-trigger-inversion/qwen3-4b/dit-adapter.pt,0,0.015,0,0.015
diff-interpretation-tuning/loras/news-summary-training-and-test-diffs/qwen3-4b/weight-diffs/weight-diff-000.pt,0,1.21,0,1.21
diff-interpretation-tuning/loras/news-summary-training-and-test-diffs/qwen3-4b/weight-diffs/weight-diff-002.pt,0,1.264,0,1.264
diff-interpretation-tuning/loras/news-summary-training-and-test-diffs/qwen3-4b/weight-diffs/weight-diff-003.pt,0,1.297,0,1.297
diff-interpretation-tuning/loras/news-summary-training-and-test-diffs/qwen3-4b/weight-diffs/weight-diff-004.pt,0,1.343,0,1.343
diff-interpretation-tuning/loras/news-summary-training-and-test-diffs/qwen3-4b/weight-diffs/weight-diff-006.pt,0,1.269,0,1.269
diff-interpretation-tuning/loras/news-summary-training-and-test-diffs/qwen3-4b/weight-diffs/weight-diff-008.pt,0,0.849,0,0.849
diff-interpretation-tuning/loras/news-summary-training-and-test-diffs/qwen3-4b/weight-diffs/weight-diff-028.pt,0,1.235,0,1.235
diff-interpretation-tuning/loras/news-summary-training-and-test-diffs/qwen3-4b/weight-diffs/weight-diff-029.pt,0,1.33,0,1.33
diff-interpretation-tuning/loras/news-summary/gemma3-4b/weight-diffs/weight-diff-054.pt,0,0.038,0,0.038
diff-interpretation-tuning/loras/news-summary/gemma3-4b/weight-diffs/weight-diff-061.pt,0,0.015,0,0.015
diff-interpretation-tuning/loras/news-summary/gemma3-4b/weight-diffs/weight-diff-062.pt,0,0.015,0,0.015
diff-interpretation-tuning/loras/news-summary/gemma3-4b/weight-diffs/weight-diff-063.pt,0,0.014,0,0.014
diff-interpretation-tuning/loras/news-summary/gemma3-4b/weight-diffs/weight-diff-064.pt,0,0.014,0,0.014
diff-interpretation-tuning/loras/news-summary/gemma3-4b/weight-diffs/weight-diff-065.pt,0,0.015,0,0.015
diff-interpretation-tuning/loras/news-summary/gemma3-4b/weight-diffs/weight-diff-066.pt,0,0.015,0,0.015
diff-interpretation-tuning/loras/news-summary/gemma3-4b/weight-diffs/weight-diff-067.pt,0,0.015,0,0.015
diff-interpretation-tuning/loras/news-summary/gemma3-4b/weight-diffs/weight-diff-068.pt,0,0.014,0,0.014
diff-interpretation-tuning/loras/news-summary/gemma3-4b/weight-diffs/weight-diff-078.pt,0,0.014,0,0.014
diff-interpretation-tuning/loras/news-summary/gemma3-4b/weight-diffs/weight-diff-079.pt,0,0.014,0,0.014
diff-interpretation-tuning/loras/news-summary/gemma3-4b/weight-diffs/weight-diff-080.pt,0,0.015,0,0.015
diff-interpretation-tuning/loras/news-summary/gemma3-4b/weight-diffs/weight-diff-082.pt,0,0.014,0,0.014
diff-interpretation-tuning/loras/news-summary/gemma3-4b/weight-diffs/weight-diff-083.pt,0,0.015,0,0.015
diff-interpretation-tuning/loras/news-summary/gemma3-4b/weight-diffs/weight-diff-085.pt,0,0.014,0,0.014
diff-interpretation-tuning/loras/news-summary/gemma3-4b/weight-diffs/weight-diff-086.pt,0,0.014,0,0.014
diff-interpretation-tuning/loras/news-summary/gemma3-4b/weight-diffs/weight-diff-087.pt,0,0.022,0,0.022
diff-interpretation-tuning/loras/news-summary/gemma3-4b/weight-diffs/weight-diff-088.pt,0,0.014,0,0.014
diff-interpretation-tuning/loras/news-summary/gemma3-4b/weight-diffs/weight-diff-090.pt,0,0.015,0,0.015
diff-interpretation-tuning/loras/news-summary/gemma3-4b/weight-diffs/weight-diff-091.pt,0,0.014,0,0.014
diff-interpretation-tuning/loras/news-summary/gemma3-4b/weight-diffs/weight-diff-092.pt,0,0.015,0,0.015
diff-interpretation-tuning/loras/news-summary/gemma3-4b/weight-diffs/weight-diff-093.pt,0,0.014,0,0.014
diff-interpretation-tuning/loras/news-summary/gemma3-4b/weight-diffs/weight-diff-094.pt,0,0.014,0,0.014
diff-interpretation-tuning/loras/news-summary/gemma3-4b/weight-diffs/weight-diff-095.pt,0,0.014,0,0.014
diff-interpretation-tuning/loras/news-summary/gemma3-4b/weight-diffs/weight-diff-097.pt,0,0.015,0,0.015
diff-interpretation-tuning/loras/news-summary/gemma3-4b/weight-diffs/weight-diff-098.pt,0,0.014,0,0.014
diff-interpretation-tuning/loras/news-summary/qwen3-4b/weight-diffs/weight-diff-001.pt,0,0.017,0,0.017
diff-interpretation-tuning/loras/news-summary/qwen3-4b/weight-diffs/weight-diff-005.pt,0,0.015,0,0.015
diff-interpretation-tuning/loras/news-summary/qwen3-4b/weight-diffs/weight-diff-007.pt,0,0.015,0,0.015
diff-interpretation-tuning/loras/news-summary/qwen3-4b/weight-diffs/weight-diff-008.pt,0,0.015,0,0.015
diff-interpretation-tuning/loras/news-summary/qwen3-4b/weight-diffs/weight-diff-009.pt,0,0.015,0,0.015
diff-interpretation-tuning/loras/news-summary/qwen3-4b/weight-diffs/weight-diff-010.pt,0,0.015,0,0.015
diff-interpretation-tuning/loras/news-summary/qwen3-4b/weight-diffs/weight-diff-011.pt,0,0.016,0,0.016
diff-interpretation-tuning/loras/news-summary/qwen3-4b/weight-diffs/weight-diff-014.pt,0,0.014,0,0.014
diff-interpretation-tuning/loras/news-summary/qwen3-4b/weight-diffs/weight-diff-016.pt,0,0.014,0,0.014
diff-interpretation-tuning/loras/news-summary/qwen3-4b/weight-diffs/weight-diff-018.pt,0,0.016,0,0.016
diff-interpretation-tuning/loras/news-summary/qwen3-4b/weight-diffs/weight-diff-019.pt,0,0.014,0,0.014
diff-interpretation-tuning/loras/news-summary/qwen3-4b/weight-diffs/weight-diff-022.pt,0,0.016,0,0.016
diff-interpretation-tuning/loras/news-summary/qwen3-4b/weight-diffs/weight-diff-023.pt,0,0.015,0,0.015
diff-interpretation-tuning/loras/news-summary/qwen3-4b/weight-diffs/weight-diff-024.pt,0,0.015,0,0.015
diff-interpretation-tuning/loras/news-summary/qwen3-4b/weight-diffs/weight-diff-025.pt,0,0.015,0,0.015
diff-interpretation-tuning/loras/news-summary/qwen3-4b/weight-diffs/weight-diff-026.pt,0,0.016,0,0.016
diff-interpretation-tuning/loras/news-summary/qwen3-4b/weight-diffs/weight-diff-028.pt,0,0.015,0,0.015
diff-interpretation-tuning/loras/news-summary/qwen3-4b/weight-diffs/weight-diff-030.pt,0,0.015,0,0.015
diff-interpretation-tuning/loras/news-summary/qwen3-4b/weight-diffs/weight-diff-033.pt,0,0.014,0,0.014
diff-interpretation-tuning/loras/news-summary/qwen3-4b/weight-diffs/weight-diff-034.pt,0,0.015,0,0.015
diff-interpretation-tuning/loras/news-summary/qwen3-4b/weight-diffs/weight-diff-035.pt,0,0.014,0,0.014
diff-interpretation-tuning/loras/news-summary/qwen3-4b/weight-diffs/weight-diff-036.pt,0,0.015,0,0.015
diff-interpretation-tuning/loras/news-summary/qwen3-4b/weight-diffs/weight-diff-037.pt,0,0.015,0,0.015
diff-interpretation-tuning/loras/news-summary/qwen3-4b/weight-diffs/weight-diff-038.pt,0,0.016,0,0.016
diff-interpretation-tuning/loras/news-summary/qwen3-4b/weight-diffs/weight-diff-039.pt,0,0.015,0,0.015
diff-interpretation-tuning/loras/news-summary/qwen3-4b/weight-diffs/weight-diff-041.pt,0,0.015,0,0.015
diff-interpretation-tuning/loras/news-summary/qwen3-4b/weight-diffs/weight-diff-042.pt,0,0.015,0,0.015
diff-interpretation-tuning/loras/news-summary/qwen3-4b/weight-diffs/weight-diff-043.pt,0,0.015,0,0.015
diff-interpretation-tuning/loras/news-summary/qwen3-4b/weight-diffs/weight-diff-044.pt,0,0.015,0,0.015
diff-interpretation-tuning/loras/news-summary/qwen3-4b/weight-diffs/weight-diff-045.pt,0,0.016,0,0.016
diff-interpretation-tuning/loras/news-summary/qwen3-4b/weight-diffs/weight-diff-046.pt,0,0.014,0,0.014
diff-interpretation-tuning/loras/news-summary/qwen3-4b/weight-diffs/weight-diff-047.pt,0,0.015,0,0.015
diff-interpretation-tuning/loras/news-summary/qwen3-4b/weight-diffs/weight-diff-048.pt,0,0.015,0,0.015
diff-interpretation-tuning/loras/news-summary/qwen3-4b/weight-diffs/weight-diff-049.pt,0,0.015,0,0.015
diff-interpretation-tuning/loras/news-summary/qwen3-4b/weight-diffs/weight-diff-050.pt,0,0.014,0,0.014
diff-interpretation-tuning/loras/news-summary/qwen3-4b/weight-diffs/weight-diff-051.pt,0,0.015,0,0.015
diff-interpretation-tuning/loras/news-summary/qwen3-4b/weight-diffs/weight-diff-052.pt,0,0.015,0,0.015
diff-interpretation-tuning/loras/news-summary/qwen3-4b/weight-diffs/weight-diff-053.pt,0,0.015,0,0.015
diff-interpretation-tuning/loras/news-summary/qwen3-4b/weight-diffs/weight-diff-054.pt,0,0.014,0,0.014
diff-interpretation-tuning/loras/news-summary/qwen3-4b/weight-diffs/weight-diff-055.pt,0,0.015,0,0.015
diff-interpretation-tuning/loras/news-summary/qwen3-4b/weight-diffs/weight-diff-056.pt,0,0.014,0,0.014
diff-interpretation-tuning/loras/news-summary/qwen3-4b/weight-diffs/weight-diff-057.pt,0,0.015,0,0.015
diff-interpretation-tuning/loras/news-summary/qwen3-4b/weight-diffs/weight-diff-058.pt,0,0.015,0,0.015
diff-interpretation-tuning/loras/news-summary/qwen3-4b/weight-diffs/weight-diff-059.pt,0,0.015,0,0.015
diff-interpretation-tuning/loras/news-summary/qwen3-4b/weight-diffs/weight-diff-060.pt,0,0.016,0,0.016
diff-interpretation-tuning/loras/news-summary/qwen3-4b/weight-diffs/weight-diff-061.pt,0,0.015,0,0.015
diff-interpretation-tuning/loras/news-summary/qwen3-4b/weight-diffs/weight-diff-062.pt,0,0.015,0,0.015
diff-interpretation-tuning/loras/news-summary/qwen3-4b/weight-diffs/weight-diff-063.pt,0,0.016,0,0.016
diff-interpretation-tuning/loras/news-summary/qwen3-4b/weight-diffs/weight-diff-064.pt,0,0.015,0,0.015
diff-interpretation-tuning/loras/news-summary/qwen3-4b/weight-diffs/weight-diff-065.pt,0,0.015,0,0.015
diff-interpretation-tuning/loras/news-summary/qwen3-4b/weight-diffs/weight-diff-066.pt,0,0.015,0,0.015
diff-interpretation-tuning/loras/news-summary/qwen3-4b/weight-diffs/weight-diff-067.pt,0,0.015,0,0.015
diff-interpretation-tuning/loras/news-summary/qwen3-4b/weight-diffs/weight-diff-068.pt,0,0.015,0,0.015
diff-interpretation-tuning/loras/news-summary/qwen3-4b/weight-diffs/weight-diff-069.pt,0,0.015,0,0.015
diff-interpretation-tuning/loras/news-summary/qwen3-4b/weight-diffs/weight-diff-070.pt,0,0.014,0,0.014
diff-interpretation-tuning/loras/news-summary/qwen3-4b/weight-diffs/weight-diff-071.pt,0,0.015,0,0.015
diff-interpretation-tuning/loras/news-summary/qwen3-4b/weight-diffs/weight-diff-072.pt,0,0.015,0,0.015
diff-interpretation-tuning/loras/news-summary/qwen3-4b/weight-diffs/weight-diff-073.pt,0,0.016,0,0.016
diff-interpretation-tuning/loras/news-summary/qwen3-4b/weight-diffs/weight-diff-074.pt,0,0.015,0,0.015
diff-interpretation-tuning/loras/news-summary/qwen3-4b/weight-diffs/weight-diff-075.pt,0,0.015,0,0.015
diff-interpretation-tuning/loras/news-summary/qwen3-4b/weight-diffs/weight-diff-076.pt,0,0.015,0,0.015
diff-interpretation-tuning/loras/news-summary/qwen3-4b/weight-diffs/weight-diff-077.pt,0,0.016,0,0.016
diff-interpretation-tuning/loras/news-summary/qwen3-4b/weight-diffs/weight-diff-078.pt,0,0.014,0,0.014
diff-interpretation-tuning/loras/news-summary/qwen3-4b/weight-diffs/weight-diff-080.pt,0,0.014,0,0.014
diff-interpretation-tuning/loras/rank-generalization/gemma3-4b-all-linear-layers-with-no-biases/weight-diffs/weight-diff-071.pt,0,0.023,0,0.023
diff-interpretation-tuning/loras/rank-generalization/gemma3-4b-all-linear-layers-with-no-biases/weight-diffs/weight-diff-075.pt,0,0.023,0,0.023
diff-interpretation-tuning/loras/rank-generalization/gemma3-4b-all-linear-layers-with-no-biases/weight-diffs/weight-diff-084.pt,0,0.023,0,0.023
diff-interpretation-tuning/loras/rank-generalization/gemma3-4b-all-linear-layers-with-no-biases/weight-diffs/weight-diff-090.pt,0,0.194,0,0.194
diff-interpretation-tuning/loras/rank-generalization/gemma3-4b-rank-002/weight-diffs/weight-diff-000.pt,0,0.016,0,0.016
diff-interpretation-tuning/loras/rank-generalization/gemma3-4b-rank-002/weight-diffs/weight-diff-007.pt,0,0.015,0,0.015
diff-interpretation-tuning/loras/rank-generalization/gemma3-4b-rank-002/weight-diffs/weight-diff-021.pt,0,0.014,0,0.014
diff-interpretation-tuning/loras/rank-generalization/gemma3-4b-rank-002/weight-diffs/weight-diff-024.pt,0,0.015,0,0.015
diff-interpretation-tuning/loras/rank-generalization/gemma3-4b-rank-002/weight-diffs/weight-diff-028.pt,0,0.014,0,0.014
diff-interpretation-tuning/loras/rank-generalization/gemma3-4b-rank-002/weight-diffs/weight-diff-029.pt,0,0.014,0,0.014
diff-interpretation-tuning/loras/rank-generalization/gemma3-4b-rank-002/weight-diffs/weight-diff-031.pt,0,0.014,0,0.014
diff-interpretation-tuning/loras/rank-generalization/gemma3-4b-rank-002/weight-diffs/weight-diff-044.pt,0,0.014,0,0.014
diff-interpretation-tuning/loras/rank-generalization/gemma3-4b-rank-002/weight-diffs/weight-diff-045.pt,0,0.014,0,0.014
diff-interpretation-tuning/loras/rank-generalization/gemma3-4b-rank-002/weight-diffs/weight-diff-048.pt,0,0.014,0,0.014
diff-interpretation-tuning/loras/rank-generalization/gemma3-4b-rank-002/weight-diffs/weight-diff-049.pt,0,0.015,0,0.015
diff-interpretation-tuning/loras/rank-generalization/gemma3-4b-rank-002/weight-diffs/weight-diff-051.pt,0,0.017,0,0.017
diff-interpretation-tuning/loras/rank-generalization/gemma3-4b-rank-002/weight-diffs/weight-diff-065.pt,0,0.014,0,0.014
diff-interpretation-tuning/loras/rank-generalization/gemma3-4b-rank-002/weight-diffs/weight-diff-066.pt,0,0.014,0,0.014
diff-interpretation-tuning/loras/rank-generalization/gemma3-4b-rank-002/weight-diffs/weight-diff-069.pt,0,0.014,0,0.014
diff-interpretation-tuning/loras/rank-generalization/gemma3-4b-rank-002/weight-diffs/weight-diff-070.pt,0,0.013,0,0.013
diff-interpretation-tuning/loras/rank-generalization/gemma3-4b-rank-002/weight-diffs/weight-diff-073.pt,0,0.014,0,0.014
diff-interpretation-tuning/loras/rank-generalization/gemma3-4b-rank-002/weight-diffs/weight-diff-074.pt,0,0.014,0,0.014
diff-interpretation-tuning/loras/rank-generalization/gemma3-4b-rank-002/weight-diffs/weight-diff-087.pt,0,0.013,0,0.013
diff-interpretation-tuning/loras/rank-generalization/gemma3-4b-rank-002/weight-diffs/weight-diff-089.pt,0,0.013,0,0.013
diff-interpretation-tuning/loras/rank-generalization/gemma3-4b-rank-002/weight-diffs/weight-diff-092.pt,0,0.013,0,0.013
diff-interpretation-tuning/loras/rank-generalization/gemma3-4b-rank-002/weight-diffs/weight-diff-097.pt,0,0.012,0,0.012
diff-interpretation-tuning/loras/rank-generalization/gemma3-4b-rank-002/weight-diffs/weight-diff-098.pt,0,0.013,0,0.013
diff-interpretation-tuning/loras/rank-generalization/gemma3-4b-rank-008/weight-diffs/weight-diff-026.pt,0,0.014,0,0.014
diff-interpretation-tuning/loras/rank-generalization/gemma3-4b-rank-008/weight-diffs/weight-diff-063.pt,0,0.014,0,0.014
diff-interpretation-tuning/loras/rank-generalization/gemma3-4b-rank-016/weight-diffs/weight-diff-064.pt,0,0.015,0,0.015
diff-interpretation-tuning/loras/rank-generalization/gemma3-4b-rank-016/weight-diffs/weight-diff-065.pt,0,0.014,0,0.014
diff-interpretation-tuning/loras/rank-generalization/gemma3-4b-rank-016/weight-diffs/weight-diff-066.pt,0,0.015,0,0.015
diff-interpretation-tuning/loras/rank-generalization/gemma3-4b-rank-016/weight-diffs/weight-diff-067.pt,0,0.014,0,0.014
diff-interpretation-tuning/loras/rank-generalization/gemma3-4b-rank-016/weight-diffs/weight-diff-068.pt,0,0.015,0,0.015
diff-interpretation-tuning/loras/rank-generalization/gemma3-4b-rank-016/weight-diffs/weight-diff-069.pt,0,0.014,0,0.014
diff-interpretation-tuning/loras/rank-generalization/gemma3-4b-rank-016/weight-diffs/weight-diff-070.pt,0,0.015,0,0.015
diff-interpretation-tuning/loras/rank-generalization/gemma3-4b-rank-016/weight-diffs/weight-diff-071.pt,0,0.015,0,0.015
diff-interpretation-tuning/loras/rank-generalization/gemma3-4b-rank-016/weight-diffs/weight-diff-072.pt,0,0.014,0,0.014
diff-interpretation-tuning/loras/rank-generalization/gemma3-4b-rank-016/weight-diffs/weight-diff-077.pt,0,0.014,0,0.014
diff-interpretation-tuning/loras/rank-generalization/gemma3-4b-rank-016/weight-diffs/weight-diff-078.pt,0,0.014,0,0.014
diff-interpretation-tuning/loras/rank-generalization/gemma3-4b-rank-016/weight-diffs/weight-diff-079.pt,0,0.014,0,0.014
diff-interpretation-tuning/loras/rank-generalization/gemma3-4b-rank-016/weight-diffs/weight-diff-080.pt,0,0.014,0,0.014
diff-interpretation-tuning/loras/rank-generalization/gemma3-4b-rank-016/weight-diffs/weight-diff-081.pt,0,0.015,0,0.015
diff-interpretation-tuning/loras/rank-generalization/gemma3-4b-rank-016/weight-diffs/weight-diff-082.pt,0,0.015,0,0.015
diff-interpretation-tuning/loras/rank-generalization/gemma3-4b-rank-016/weight-diffs/weight-diff-083.pt,0,0.016,0,0.016
diff-interpretation-tuning/loras/rank-generalization/gemma3-4b-rank-016/weight-diffs/weight-diff-084.pt,0,0.014,0,0.014
diff-interpretation-tuning/loras/rank-generalization/gemma3-4b-rank-016/weight-diffs/weight-diff-085.pt,0,0.015,0,0.015
diff-interpretation-tuning/loras/rank-generalization/gemma3-4b-rank-016/weight-diffs/weight-diff-086.pt,0,0.014,0,0.014
diff-interpretation-tuning/loras/rank-generalization/gemma3-4b-rank-016/weight-diffs/weight-diff-088.pt,0,0.015,0,0.015
diff-interpretation-tuning/loras/rank-generalization/gemma3-4b-rank-016/weight-diffs/weight-diff-089.pt,0,0.014,0,0.014
diff-interpretation-tuning/loras/rank-generalization/gemma3-4b-rank-016/weight-diffs/weight-diff-092.pt,0,0.015,0,0.015
diff-interpretation-tuning/loras/rank-generalization/gemma3-4b-rank-016/weight-diffs/weight-diff-094.pt,0,0.015,0,0.015
diff-interpretation-tuning/loras/rank-generalization/gemma3-4b-rank-016/weight-diffs/weight-diff-095.pt,0,0.015,0,0.015
diff-interpretation-tuning/loras/rank-generalization/gemma3-4b-rank-016/weight-diffs/weight-diff-096.pt,0,0.015,0,0.015
diff-interpretation-tuning/loras/rank-generalization/gemma3-4b-rank-016/weight-diffs/weight-diff-097.pt,0,0.015,0,0.015
diff-interpretation-tuning/loras/rank-generalization/gemma3-4b-rank-016/weight-diffs/weight-diff-099.pt,0,0.014,0,0.014
diff-interpretation-tuning/loras/rank-generalization/gemma3-4b-rank-032/weight-diffs/weight-diff-000.pt,0,0.015,0,0.015
diff-interpretation-tuning/loras/rank-generalization/gemma3-4b-rank-032/weight-diffs/weight-diff-001.pt,0,0.015,0,0.015
diff-interpretation-tuning/loras/rank-generalization/gemma3-4b-rank-032/weight-diffs/weight-diff-002.pt,0,0.014,0,0.014
diff-interpretation-tuning/loras/rank-generalization/gemma3-4b-rank-032/weight-diffs/weight-diff-003.pt,0,0.014,0,0.014
diff-interpretation-tuning/loras/rank-generalization/gemma3-4b-rank-032/weight-diffs/weight-diff-004.pt,0,0.014,0,0.014
diff-interpretation-tuning/loras/rank-generalization/gemma3-4b-rank-032/weight-diffs/weight-diff-034.pt,0,0.015,0,0.015
diff-interpretation-tuning/loras/rank-generalization/gemma3-4b-rank-064/weight-diffs/weight-diff-025.pt,0,0.015,0,0.015
diff-interpretation-tuning/loras/rank-generalization/gemma3-4b-rank-064/weight-diffs/weight-diff-027.pt,0,0.014,0,0.014
diff-interpretation-tuning/loras/rank-generalization/gemma3-4b-rank-064/weight-diffs/weight-diff-028.pt,0,0.014,0,0.014
diff-interpretation-tuning/loras/rank-generalization/qwen3-4b-rank-004/weight-diffs/weight-diff-000.pt,0,0.016,0,0.016
diff-interpretation-tuning/loras/rank-generalization/qwen3-4b-rank-004/weight-diffs/weight-diff-001.pt,0,0.014,0,0.014
diff-interpretation-tuning/loras/rank-generalization/qwen3-4b-rank-004/weight-diffs/weight-diff-010.pt,0,0.015,0,0.015
diff-interpretation-tuning/loras/rank-generalization/qwen3-4b-rank-004/weight-diffs/weight-diff-011.pt,0,0.015,0,0.015
diff-interpretation-tuning/loras/rank-generalization/qwen3-4b-rank-004/weight-diffs/weight-diff-014.pt,0,0.015,0,0.015
diff-interpretation-tuning/loras/rank-generalization/qwen3-4b-rank-004/weight-diffs/weight-diff-015.pt,0,0.015,0,0.015
diff-interpretation-tuning/loras/rank-generalization/qwen3-4b-rank-004/weight-diffs/weight-diff-018.pt,0,0.015,0,0.015
diff-interpretation-tuning/loras/rank-generalization/qwen3-4b-rank-004/weight-diffs/weight-diff-019.pt,0,0.015,0,0.015
diff-interpretation-tuning/loras/rank-generalization/qwen3-4b-rank-004/weight-diffs/weight-diff-021.pt,0,0.015,0,0.015
diff-interpretation-tuning/loras/rank-generalization/qwen3-4b-rank-004/weight-diffs/weight-diff-023.pt,0,0.014,0,0.014
diff-interpretation-tuning/loras/rank-generalization/qwen3-4b-rank-004/weight-diffs/weight-diff-025.pt,0,0.015,0,0.015
diff-interpretation-tuning/loras/rank-generalization/qwen3-4b-rank-004/weight-diffs/weight-diff-027.pt,0,0.015,0,0.015
diff-interpretation-tuning/loras/rank-generalization/qwen3-4b-rank-004/weight-diffs/weight-diff-030.pt,0,0.016,0,0.016
diff-interpretation-tuning/loras/rank-generalization/qwen3-4b-rank-004/weight-diffs/weight-diff-031.pt,0,0.015,0,0.015
diff-interpretation-tuning/loras/rank-generalization/qwen3-4b-rank-004/weight-diffs/weight-diff-034.pt,0,0.014,0,0.014
diff-interpretation-tuning/loras/rank-generalization/qwen3-4b-rank-004/weight-diffs/weight-diff-035.pt,0,0.016,0,0.016
diff-interpretation-tuning/loras/rank-generalization/qwen3-4b-rank-004/weight-diffs/weight-diff-036.pt,0,0.015,0,0.015
diff-interpretation-tuning/loras/rank-generalization/qwen3-4b-rank-004/weight-diffs/weight-diff-039.pt,0,0.015,0,0.015
diff-interpretation-tuning/loras/rank-generalization/qwen3-4b-rank-004/weight-diffs/weight-diff-040.pt,0,0.015,0,0.015
diff-interpretation-tuning/loras/rank-generalization/qwen3-4b-rank-004/weight-diffs/weight-diff-041.pt,0,0.016,0,0.016
diff-interpretation-tuning/loras/rank-generalization/qwen3-4b-rank-004/weight-diffs/weight-diff-042.pt,0,0.016,0,0.016
diff-interpretation-tuning/loras/rank-generalization/qwen3-4b-rank-004/weight-diffs/weight-diff-044.pt,0,0.015,0,0.015
diff-interpretation-tuning/loras/rank-generalization/qwen3-4b-rank-004/weight-diffs/weight-diff-045.pt,0,0.014,0,0.014
diff-interpretation-tuning/loras/rank-generalization/qwen3-4b-rank-004/weight-diffs/weight-diff-046.pt,0,0.015,0,0.015
diff-interpretation-tuning/loras/rank-generalization/qwen3-4b-rank-004/weight-diffs/weight-diff-047.pt,0,0.015,0,0.015
diff-interpretation-tuning/loras/rank-generalization/qwen3-4b-rank-004/weight-diffs/weight-diff-048.pt,0,0.016,0,0.016
diff-interpretation-tuning/loras/rank-generalization/qwen3-4b-rank-004/weight-diffs/weight-diff-050.pt,0,0.015,0,0.015
diff-interpretation-tuning/loras/rank-generalization/qwen3-4b-rank-004/weight-diffs/weight-diff-054.pt,0,0.016,0,0.016
diff-interpretation-tuning/loras/rank-generalization/qwen3-4b-rank-004/weight-diffs/weight-diff-055.pt,0,0.015,0,0.015
diff-interpretation-tuning/loras/rank-generalization/qwen3-4b-rank-004/weight-diffs/weight-diff-056.pt,0,0.105,0,0.105
diff-interpretation-tuning/loras/rank-generalization/qwen3-4b-rank-004/weight-diffs/weight-diff-057.pt,0,0.015,0,0.015
diff-interpretation-tuning/loras/rank-generalization/qwen3-4b-rank-004/weight-diffs/weight-diff-058.pt,0,0.015,0,0.015
diff-interpretation-tuning/loras/rank-generalization/qwen3-4b-rank-004/weight-diffs/weight-diff-059.pt,0,0.015,0,0.015
diff-interpretation-tuning/loras/rank-generalization/qwen3-4b-rank-004/weight-diffs/weight-diff-060.pt,0,0.015,0,0.015
diff-interpretation-tuning/loras/rank-generalization/qwen3-4b-rank-004/weight-diffs/weight-diff-061.pt,0,0.014,0,0.014
diff-interpretation-tuning/loras/rank-generalization/qwen3-4b-rank-004/weight-diffs/weight-diff-064.pt,0,0.015,0,0.015
diff-interpretation-tuning/loras/rank-generalization/qwen3-4b-rank-004/weight-diffs/weight-diff-065.pt,0,0.015,0,0.015
diff-interpretation-tuning/loras/rank-generalization/qwen3-4b-rank-004/weight-diffs/weight-diff-066.pt,0,0.015,0,0.015
diff-interpretation-tuning/loras/rank-generalization/qwen3-4b-rank-004/weight-diffs/weight-diff-067.pt,0,0.014,0,0.014
diff-interpretation-tuning/loras/rank-generalization/qwen3-4b-rank-004/weight-diffs/weight-diff-068.pt,0,0.015,0,0.015
diff-interpretation-tuning/loras/rank-generalization/qwen3-4b-rank-004/weight-diffs/weight-diff-069.pt,0,0.015,0,0.015
diff-interpretation-tuning/loras/rank-generalization/qwen3-4b-rank-004/weight-diffs/weight-diff-070.pt,0,0.015,0,0.015
diff-interpretation-tuning/loras/rank-generalization/qwen3-4b-rank-004/weight-diffs/weight-diff-071.pt,0,0.014,0,0.014
diff-interpretation-tuning/loras/rank-generalization/qwen3-4b-rank-004/weight-diffs/weight-diff-072.pt,0,0.015,0,0.015
diff-interpretation-tuning/loras/rank-generalization/qwen3-4b-rank-004/weight-diffs/weight-diff-073.pt,0,0.014,0,0.014
diff-interpretation-tuning/loras/rank-generalization/qwen3-4b-rank-004/weight-diffs/weight-diff-074.pt,0,0.014,0,0.014
diff-interpretation-tuning/loras/rank-generalization/qwen3-4b-rank-004/weight-diffs/weight-diff-075.pt,0,0.014,0,0.014
diff-interpretation-tuning/loras/rank-generalization/qwen3-4b-rank-004/weight-diffs/weight-diff-076.pt,0,0.015,0,0.015
diff-interpretation-tuning/loras/rank-generalization/qwen3-4b-rank-004/weight-diffs/weight-diff-077.pt,0,0.015,0,0.015
diff-interpretation-tuning/loras/rank-generalization/qwen3-4b-rank-004/weight-diffs/weight-diff-078.pt,0,0.015,0,0.015
diff-interpretation-tuning/loras/rank-generalization/qwen3-4b-rank-004/weight-diffs/weight-diff-079.pt,0,0.014,0,0.014
diff-interpretation-tuning/loras/rank-generalization/qwen3-4b-rank-004/weight-diffs/weight-diff-080.pt,0,0.014,0,0.014
diff-interpretation-tuning/loras/rank-generalization/qwen3-4b-rank-004/weight-diffs/weight-diff-081.pt,0,0.014,0,0.014
diff-interpretation-tuning/loras/rank-generalization/qwen3-4b-rank-004/weight-diffs/weight-diff-082.pt,0,0.015,0,0.015
diff-interpretation-tuning/loras/rank-generalization/qwen3-4b-rank-004/weight-diffs/weight-diff-083.pt,0,0.014,0,0.014
diff-interpretation-tuning/loras/rank-generalization/qwen3-4b-rank-004/weight-diffs/weight-diff-084.pt,0,0.016,0,0.016
diff-interpretation-tuning/loras/rank-generalization/qwen3-4b-rank-004/weight-diffs/weight-diff-085.pt,0,0.015,0,0.015
diff-interpretation-tuning/loras/rank-generalization/qwen3-4b-rank-004/weight-diffs/weight-diff-086.pt,0,0.015,0,0.015
diff-interpretation-tuning/loras/rank-generalization/qwen3-4b-rank-004/weight-diffs/weight-diff-087.pt,0,0.014,0,0.014
diff-interpretation-tuning/loras/rank-generalization/qwen3-4b-rank-004/weight-diffs/weight-diff-088.pt,0,0.035,0,0.035
diff-interpretation-tuning/loras/rank-generalization/qwen3-4b-rank-004/weight-diffs/weight-diff-089.pt,0,0.015,0,0.015
diff-interpretation-tuning/loras/rank-generalization/qwen3-4b-rank-004/weight-diffs/weight-diff-090.pt,0,0.015,0,0.015
diff-interpretation-tuning/loras/rank-generalization/qwen3-4b-rank-004/weight-diffs/weight-diff-091.pt,0,0.015,0,0.015
diff-interpretation-tuning/loras/rank-generalization/qwen3-4b-rank-004/weight-diffs/weight-diff-092.pt,0,0.015,0,0.015
diff-interpretation-tuning/loras/rank-generalization/qwen3-4b-rank-004/weight-diffs/weight-diff-093.pt,0,0.015,0,0.015
diff-interpretation-tuning/loras/rank-generalization/qwen3-4b-rank-004/weight-diffs/weight-diff-094.pt,0,0.016,0,0.016
diff-interpretation-tuning/loras/rank-generalization/qwen3-4b-rank-004/weight-diffs/weight-diff-095.pt,0,0.015,0,0.015
diff-interpretation-tuning/loras/rank-generalization/qwen3-4b-rank-004/weight-diffs/weight-diff-096.pt,0,0.015,0,0.015
diff-interpretation-tuning/loras/rank-generalization/qwen3-4b-rank-004/weight-diffs/weight-diff-097.pt,0,0.015,0,0.015
diff-interpretation-tuning/loras/rank-generalization/qwen3-4b-rank-004/weight-diffs/weight-diff-098.pt,0,0.015,0,0.015
diff-interpretation-tuning/loras/rank-generalization/qwen3-4b-rank-004/weight-diffs/weight-diff-099.pt,0,0.015,0,0.015
diff-interpretation-tuning/loras/rank-generalization/qwen3-4b-rank-008/weight-diffs/weight-diff-038.pt,0,0.016,0,0.016
diff-interpretation-tuning/loras/rank-generalization/qwen3-4b-rank-008/weight-diffs/weight-diff-041.pt,0,0.015,0,0.015
diff-interpretation-tuning/loras/rank-generalization/qwen3-4b-rank-008/weight-diffs/weight-diff-050.pt,0,0.015,0,0.015
diff-interpretation-tuning/loras/rank-generalization/qwen3-4b-rank-008/weight-diffs/weight-diff-053.pt,0,0.015,0,0.015
diff-interpretation-tuning/loras/rank-generalization/qwen3-4b-rank-008/weight-diffs/weight-diff-062.pt,0,0.015,0,0.015
diff-interpretation-tuning/loras/rank-generalization/qwen3-4b-rank-008/weight-diffs/weight-diff-077.pt,0,0.015,0,0.015
diff-interpretation-tuning/loras/rank-generalization/qwen3-4b-rank-008/weight-diffs/weight-diff-083.pt,0,0.016,0,0.016
diff-interpretation-tuning/loras/rank-generalization/qwen3-4b-rank-008/weight-diffs/weight-diff-087.pt,0,0.015,0,0.015
diff-interpretation-tuning/loras/rank-generalization/qwen3-4b-rank-008/weight-diffs/weight-diff-092.pt,0,0.015,0,0.015
diff-interpretation-tuning/loras/rank-generalization/qwen3-4b-rank-008/weight-diffs/weight-diff-095.pt,0,0.015,0,0.015
diff-interpretation-tuning/loras/rank-generalization/qwen3-4b-rank-064/weight-diffs/weight-diff-039.pt,0,0.015,0,0.015
diff-interpretation-tuning/loras/rank-generalization/qwen3-4b-rank-064/weight-diffs/weight-diff-064.pt,0,0.014,0,0.014
diff-interpretation-tuning/loras/rank-generalization/qwen3-4b-rank-064/weight-diffs/weight-diff-065.pt,0,0.015,0,0.015
diff-interpretation-tuning/loras/rank-generalization/qwen3-4b-rank-064/weight-diffs/weight-diff-066.pt,0,0.015,0,0.015
diff-interpretation-tuning/loras/rank-generalization/qwen3-4b-rank-064/weight-diffs/weight-diff-067.pt,0,0.015,0,0.015
diff-interpretation-tuning/loras/rank-generalization/qwen3-4b-rank-064/weight-diffs/weight-diff-068.pt,0,0.015,0,0.015
diff-interpretation-tuning/loras/rank-generalization/qwen3-4b-rank-064/weight-diffs/weight-diff-069.pt,0,0.015,0,0.015
diff-interpretation-tuning/loras/rank-generalization/qwen3-4b-rank-064/weight-diffs/weight-diff-070.pt,0,0.015,0,0.015
diff-interpretation-tuning/loras/rank-generalization/qwen3-4b-rank-064/weight-diffs/weight-diff-071.pt,0,0.015,0,0.015
diff-interpretation-tuning/loras/rank-generalization/qwen3-4b-rank-064/weight-diffs/weight-diff-077.pt,0,0.016,0,0.016
diff-interpretation-tuning/loras/rank-generalization/qwen3-4b-rank-064/weight-diffs/weight-diff-078.pt,0,0.019,0,0.019
diff-interpretation-tuning/loras/trigger-generalization/qwen3-4b-zero-width-random/weight-diffs/weight-diff-001.pt,0,0.216,0,0.216
Saidakbar01/whisper-uz-finetuned/training_args.bin,0,0.016,5.933,5.949
nvidia/nemotron-speech-streaming-en-0.6b/nemotron-speech-streaming-en-0.6b.nemo,0,2.548,0,2.548
nvidia/diar_streaming_sortformer_4spk-v2.1/diar_streaming_sortformer_4spk-v2.1.nemo,0,0.502,0,0.502
nvidia/parakeet-tdt-0.6b-v3/parakeet-tdt-0.6b-v3.nemo,0,2.56,0,2.56
nvidia/canary-1b-v2/canary-1b-v2.nemo,0,6.439,0,6.439
optimum-intel-internal-testing/tiny-random-CodeGenForCausalLM/pytorch_model.bin,0,0.008,0,0.008
optimum-intel-internal-testing/tiny-random-GPTNeoXForCausalLM/pytorch_model.bin,0,0.008,0,0.008
facebook/sam3.1/sam3.1_multiplex.pt,0,0.034,0,0.034
optimum-intel-internal-testing/tiny-random-Data2VecAudioModel/pytorch_model.bin,0,0.009,0,0.009
timm/convnext_base.dinov3_lvd1689m/pytorch_model.bin,0,0.014,0,0.014
fancyfeast/bigaspv2-5/training-checkpoints/test_215/ep10-ba35889-rank0_stripped.pt,0,0.065,4.062,4.127
fancyfeast/bigaspv2-5/training-checkpoints/test_215/ep2-ba8301-rank0_stripped.pt,0,0.064,5.843,5.907
fancyfeast/bigaspv2-5/training-checkpoints/test_215/ep2-ba8790-rank0_stripped.pt,0,0.06,2.882,2.942
fancyfeast/bigaspv2-5/training-checkpoints/test_215/ep5-ba18067-rank0_stripped.pt,0,0.065,3.591,3.656
fancyfeast/bigaspv2-5/training-checkpoints/test_215/ep6-ba20020-rank0.pt,0,0.242,4.729,4.971
OpenMed/OpenMed-ZeroShot-NER-Anatomy-Medium-209M/pytorch_model.bin,0,0.016,0,0.016
nm-testing/qwen3-8b-peagle-speculators/optimizer_state_dict.pt,0,0.009,0,0.009
nm-testing/qwen3-8b-peagle-speculators/snapshots/48caff875fa217da907d9a4d2468e3a9f5d1ae0e/optimizer_state_dict.pt,0,0.009,0,0.009
OpenMed/OpenMed-ZeroShot-NER-Pharma-Multi-209M/pytorch_model.bin,0,0.01,0,0.01
OpenMed/OpenMed-ZeroShot-NER-Pharma-Tiny-60M/pytorch_model.bin,0,0.007,0,0.007
optimum-intel-internal-testing/tiny-random-LevitModel/pytorch_model.bin,0,0.011,0,0.011
ayushgupta7777/safetyvision-yolov8/best.pt,0,0.231,4.48,4.711
OpenMed/OpenMed-ZeroShot-NER-BloodCancer-Medium-209M/pytorch_model.bin,0,0.013,0,0.013
OpenMed/OpenMed-ZeroShot-NER-Species-Tiny-60M/pytorch_model.bin,0,0.007,0,0.007
pyannoteAI/parakeet-tdt-0.6b-v3/parakeet-tdt-0.6b-v3.nemo,0,2.564,0,2.564
timm/vit_small_patch16_dinov3_qkvb.lvd1689m/pytorch_model.bin,0,0.06,0,0.06
nvidia/nemo-nano-codec-22khz-1.89kbps-21.5fps/nemo-nano-codec-22khz-1.89kbps-21.5fps.nemo,0,0.459,0,0.459
OpenMed/OpenMed-ZeroShot-NER-Pathology-XLarge-770M/pytorch_model.bin,0,0.016,0,0.016
OpenMed/OpenMed-ZeroShot-NER-Species-Multi-209M/pytorch_model.bin,0,0.011,0,0.011
allenai/OlmoEarth-v1-Large/weights.pth,0,0.004,0,0.004
nvidia/C-RADIOv4-H/c-radio_v4-h_half.pth.tar,0,0.015,1.929,1.944
arda-argmax/sortformer-finetuned/4spk-v0.3-bs1-acc8-l4-diskcache-shardedval-v1-1778065009/best.nemo,0,0.503,0,0.503
arda-argmax/sortformer-finetuned/6spk-ami-sdm-debug-bs10-a100-80gb-1gpu-v1-1781805281/best.nemo,0,0.512,0,0.512
arda-argmax/sortformer-finetuned/6spk-ami-sdm-debug-bs10-a100-80gb-1gpu-v1-1781805281/checkpoints/step_130_epoch_1_val-der_0.1837.nemo,0,0.505,0,0.505
arda-argmax/sortformer-finetuned/6spk-ami-sdm-debug-bs10-a100-80gb-1gpu-v1-1781805281/checkpoints/step_210_epoch_2_val-der_0.1709.nemo,0,0.507,0,0.507
arda-argmax/sortformer-finetuned/6spk-ami-sdm-debug-bs10-a100-80gb-1gpu-v1-1781805281/checkpoints/step_50_epoch_0_val-der_0.3708.nemo,0,0.508,0,0.508
arda-argmax/sortformer-finetuned/6spk-ami-sdm-flac-debug-bs10-a100-80gb-1gpu-v1-1781828240/best.nemo,0,0.503,0,0.503
arda-argmax/sortformer-finetuned/6spk-ami-sdm-flac-debug-bs10-a100-80gb-1gpu-v1-1781828240/checkpoints/step_130_epoch_1_val-der_0.1841.nemo,0,0.504,0,0.504
arda-argmax/sortformer-finetuned/6spk-ami-sdm-flac-debug-bs10-a100-80gb-1gpu-v1-1781828240/checkpoints/step_210_epoch_2_val-der_0.1806.nemo,0,0.507,0,0.507
arda-argmax/sortformer-finetuned/6spk-ami-sdm-flac-debug-bs10-a100-80gb-1gpu-v1-1781828240/checkpoints/step_50_epoch_0_val-der_0.3563.nemo,0,0.505,0,0.505
arda-argmax/sortformer-finetuned/6spk-debug-prepared-shar-worldfix-1780478585/best.nemo,0,0.503,0,0.503
arda-argmax/sortformer-finetuned/6spk-debug-prepared-shar-worldfix-1780478585/checkpoints/step_2_epoch_0_val-der_1.3011.nemo,0,0.508,0,0.508
arda-argmax/sortformer-finetuned/6spk-debug-prepared-shar-worldfix-1780478585/checkpoints/step_4_epoch_1_val-der_1.1216.nemo,0,0.502,0,0.502
arda-argmax/sortformer-finetuned/6spk-fullrandom-bs10-ga8-a100-80gb-1gpu-lr1e-4-lr-v1-1781045285/best.nemo,0,0.503,0,0.503
arda-argmax/sortformer-finetuned/6spk-fullrandom-bs10-ga8-a100-80gb-1gpu-lr1e-4-lr-v1-1781045285/checkpoints/step_6_epoch_0_val-der_1.0000.nemo,0,0.508,0,0.508
arda-argmax/sortformer-finetuned/6spk-v0.3-bs1-acc8-l4-diskcache-shardedval-v1-1778010364/best.nemo,0,0.503,0,0.503
arda-argmax/sortformer-finetuned/6spk-v0.4-ami-bs1-acc8-l4-diskcache-shardedval-v1-1778218672/best.nemo,0,0.504,0,0.504
arda-argmax/sortformer-finetuned/6spk-v0.4-ami-bs1-acc8-l4-diskcache-shardedval-v1-1778218672/checkpoints/step_1080_epoch_2_val-der_0.1535.nemo,0,0.508,0,0.508
arda-argmax/sortformer-finetuned/6spk-v0.4-ami-bs1-acc8-l4-diskcache-shardedval-v1-1778218672/checkpoints/step_1170_epoch_2_val-der_0.1446.nemo,0,0.596,0,0.596
arda-argmax/sortformer-finetuned/6spk-v0.4-ami-bs1-acc8-l4-diskcache-shardedval-v1-1778218672/checkpoints/step_1350_epoch_2_val-der_0.1436.nemo,0,0.504,0,0.504
arda-argmax/sortformer-finetuned/6spk-v0.4-ami-bs1-acc8-l4-diskcache-shardedval-v1-1778218672/checkpoints/step_1440_epoch_3_val-der_0.1423.nemo,0,0.508,0,0.508
arda-argmax/sortformer-finetuned/6spk-v0.4-ami-bs1-acc8-l4-diskcache-shardedval-v1-1778218672/checkpoints/step_1530_epoch_3_val-der_0.1397.nemo,0,0.506,0,0.506
arda-argmax/sortformer-finetuned/6spk-v0.4-ami-bs1-acc8-l4-diskcache-shardedval-v1-1778218672/checkpoints/step_1620_epoch_3_val-der_0.1388.nemo,0,0.506,0,0.506
arda-argmax/sortformer-finetuned/6spk-v0.4-ami-bs1-acc8-l4-diskcache-shardedval-v1-1778218672/checkpoints/step_1710_epoch_3_val-der_0.1382.nemo,0,0.509,0,0.509
arda-argmax/sortformer-finetuned/6spk-v0.4-ami-bs1-acc8-l4-diskcache-shardedval-v1-1778218672/checkpoints/step_180_epoch_0_val-der_0.2089.nemo,0,0.507,0,0.507
arda-argmax/sortformer-finetuned/6spk-v0.4-ami-bs1-acc8-l4-diskcache-shardedval-v1-1778218672/checkpoints/step_1980_epoch_4_val-der_0.1346.nemo,0,0.507,0,0.507
arda-argmax/sortformer-finetuned/6spk-v0.4-ami-bs1-acc8-l4-diskcache-shardedval-v1-1778218672/checkpoints/step_2430_epoch_5_val-der_0.1340.nemo,0,0.511,0,0.511
arda-argmax/sortformer-finetuned/6spk-v0.4-ami-bs1-acc8-l4-diskcache-shardedval-v1-1778218672/checkpoints/step_2520_epoch_5_val-der_0.1338.nemo,0,0.507,0,0.507
arda-argmax/sortformer-finetuned/6spk-v0.4-ami-bs1-acc8-l4-diskcache-shardedval-v1-1778218672/checkpoints/step_2700_epoch_5_val-der_0.1335.nemo,0,0.504,0,0.504
arda-argmax/sortformer-finetuned/6spk-v0.4-ami-bs1-acc8-l4-diskcache-shardedval-v1-1778218672/checkpoints/step_270_epoch_0_val-der_0.2001.nemo,0,0.507,0,0.507
arda-argmax/sortformer-finetuned/6spk-v0.4-ami-bs1-acc8-l4-diskcache-shardedval-v1-1778218672/checkpoints/step_3060_epoch_6_val-der_0.1302.nemo,0,0.504,0,0.504
arda-argmax/sortformer-finetuned/6spk-v0.4-ami-bs1-acc8-l4-diskcache-shardedval-v1-1778218672/checkpoints/step_360_epoch_0_val-der_0.1928.nemo,0,0.505,0,0.505
arda-argmax/sortformer-finetuned/6spk-v0.4-ami-bs1-acc8-l4-diskcache-shardedval-v1-1778218672/checkpoints/step_3870_epoch_8_val-der_0.1289.nemo,0,0.511,0,0.511
arda-argmax/sortformer-finetuned/6spk-v0.4-ami-bs1-acc8-l4-diskcache-shardedval-v1-1778218672/checkpoints/step_3960_epoch_8_val-der_0.1285.nemo,0,0.506,0,0.506
arda-argmax/sortformer-finetuned/6spk-v0.4-ami-bs1-acc8-l4-diskcache-shardedval-v1-1778218672/checkpoints/step_4140_epoch_9_val-der_0.1280.nemo,0,0.503,0,0.503
arda-argmax/sortformer-finetuned/6spk-v0.4-ami-bs1-acc8-l4-diskcache-shardedval-v1-1778218672/checkpoints/step_450_epoch_0_val-der_0.1911.nemo,0,0.51,0,0.51
arda-argmax/sortformer-finetuned/6spk-v0.4-ami-bs1-acc8-l4-diskcache-shardedval-v1-1778218672/checkpoints/step_540_epoch_1_val-der_0.1894.nemo,0,0.503,0,0.503
arda-argmax/sortformer-finetuned/6spk-v0.4-ami-bs1-acc8-l4-diskcache-shardedval-v1-1778218672/checkpoints/step_630_epoch_1_val-der_0.1871.nemo,0,0.503,0,0.503
arda-argmax/sortformer-finetuned/6spk-v0.4-ami-bs1-acc8-l4-diskcache-shardedval-v1-1778218672/checkpoints/step_720_epoch_1_val-der_0.1813.nemo,0,0.509,0,0.509
arda-argmax/sortformer-finetuned/6spk-v0.4-ami-bs1-acc8-l4-diskcache-shardedval-v1-1778218672/checkpoints/step_900_epoch_1_val-der_0.1706.nemo,0,0.503,0,0.503
arda-argmax/sortformer-finetuned/6spk-v0.4-ami-bs1-acc8-l4-diskcache-shardedval-v1-1778218672/checkpoints/step_90_epoch_0_val-der_0.3542.nemo,0,0.504,0,0.504
arda-argmax/sortformer-finetuned/6spk-v0.4-ami-bs1-acc8-l4-diskcache-shardedval-v1-1778218672/checkpoints/step_990_epoch_2_val-der_0.1561.nemo,0,0.508,0,0.508
arda-argmax/sortformer-finetuned/6spk-v0.4-librispeech-ami-bs1-acc8-l4-diskcache-shardedval-v3-1778228622/best.nemo,0,0.596,0,0.596
arda-argmax/sortformer-finetuned/6spk-v0.4-librispeech-ami-bs1-acc8-l4-diskcache-shardedval-v3-1778228622/checkpoints/step_1440_epoch_1_val-der_0.2048.nemo,0,0.505,0,0.505
arda-argmax/sortformer-finetuned/6spk-v0.4-librispeech-ami-bs1-acc8-l4-diskcache-shardedval-v3-1778228622/checkpoints/step_1530_epoch_1_val-der_0.2042.nemo,0,0.509,0,0.509
arda-argmax/sortformer-finetuned/6spk-v0.4-librispeech-ami-bs1-acc8-l4-diskcache-shardedval-v3-1778228622/checkpoints/step_1620_epoch_1_val-der_0.2035.nemo,0,0.503,0,0.503
arda-argmax/sortformer-finetuned/6spk-v0.4-librispeech-ami-bs1-acc8-l4-diskcache-shardedval-v3-1778228622/checkpoints/step_180_epoch_0_val-der_0.2159.nemo,0,0.505,0,0.505
arda-argmax/sortformer-finetuned/6spk-v0.4-librispeech-ami-bs1-acc8-l4-diskcache-shardedval-v3-1778228622/checkpoints/step_270_epoch_0_val-der_0.2146.nemo,0,0.501,0,0.501
arda-argmax/sortformer-finetuned/6spk-v0.4-librispeech-ami-bs1-acc8-l4-diskcache-shardedval-v3-1778228622/checkpoints/step_360_epoch_0_val-der_0.2138.nemo,0,0.503,0,0.503
arda-argmax/sortformer-finetuned/6spk-v0.4-librispeech-ami-bs1-acc8-l4-diskcache-shardedval-v3-1778228622/checkpoints/step_450_epoch_0_val-der_0.2116.nemo,0,0.507,0,0.507
arda-argmax/sortformer-finetuned/6spk-v0.4-librispeech-ami-bs1-acc8-l4-diskcache-shardedval-v3-1778228622/checkpoints/step_630_epoch_0_val-der_0.2103.nemo,0,0.503,0,0.503
arda-argmax/sortformer-finetuned/6spk-v0.4-librispeech-ami-bs1-acc8-l4-diskcache-shardedval-v3-1778228622/checkpoints/step_810_epoch_0_val-der_0.2059.nemo,0,0.502,0,0.502
arda-argmax/sortformer-finetuned/6spk-v0.4-librispeech-ami-bs1-acc8-l4-diskcache-shardedval-v3-1778228622/checkpoints/step_90_epoch_0_val-der_0.2223.nemo,0,0.509,0,0.509
arda-argmax/sortformer-finetuned/6spk-v0.4-librispeech-ami-bs1-acc8-l4-diskcache-shardedval-v5-1778286481/best.nemo,0,0.506,0,0.506
arda-argmax/sortformer-finetuned/6spk-v0.4-librispeech-ami-bs1-acc8-l4-diskcache-shardedval-v5-1778286481/checkpoints/step_1080_epoch_1_val-der_0.1398.nemo,0,0.504,0,0.504
arda-argmax/sortformer-finetuned/6spk-v0.4-librispeech-ami-bs1-acc8-l4-diskcache-shardedval-v5-1778286481/checkpoints/step_1260_epoch_1_val-der_0.1390.nemo,0,0.508,0,0.508
arda-argmax/sortformer-finetuned/6spk-v0.4-librispeech-ami-bs1-acc8-l4-diskcache-shardedval-v5-1778286481/checkpoints/step_1350_epoch_1_val-der_0.1374.nemo,0,0.503,0,0.503
arda-argmax/sortformer-finetuned/6spk-v0.4-librispeech-ami-bs1-acc8-l4-diskcache-shardedval-v5-1778286481/checkpoints/step_1440_epoch_1_val-der_0.1353.nemo,0,0.503,0,0.503
arda-argmax/sortformer-finetuned/6spk-v0.4-librispeech-ami-bs1-acc8-l4-diskcache-shardedval-v5-1778286481/checkpoints/step_1530_epoch_1_val-der_0.1346.nemo,0,0.509,0,0.509
arda-argmax/sortformer-finetuned/6spk-v0.4-librispeech-ami-bs1-acc8-l4-diskcache-shardedval-v5-1778286481/checkpoints/step_1710_epoch_1_val-der_0.1343.nemo,0,0.504,0,0.504
arda-argmax/sortformer-finetuned/6spk-v0.4-librispeech-ami-bs1-acc8-l4-diskcache-shardedval-v5-1778286481/checkpoints/step_1800_epoch_1_val-der_0.1334.nemo,0,0.503,0,0.503
arda-argmax/sortformer-finetuned/6spk-v0.4-librispeech-ami-bs1-acc8-l4-diskcache-shardedval-v5-1778286481/checkpoints/step_180_epoch_0_val-der_0.2056.nemo,0,0.507,0,0.507
arda-argmax/sortformer-finetuned/6spk-v0.4-librispeech-ami-bs1-acc8-l4-diskcache-shardedval-v5-1778286481/checkpoints/step_2070_epoch_2_val-der_0.1327.nemo,0,0.504,0,0.504
arda-argmax/sortformer-finetuned/6spk-v0.4-librispeech-ami-bs1-acc8-l4-diskcache-shardedval-v5-1778286481/checkpoints/step_2160_epoch_2_val-der_0.1317.nemo,0,0.505,0,0.505
arda-argmax/sortformer-finetuned/6spk-v0.4-librispeech-ami-bs1-acc8-l4-diskcache-shardedval-v5-1778286481/checkpoints/step_2250_epoch_2_val-der_0.1302.nemo,0,0.509,0,0.509
arda-argmax/sortformer-finetuned/6spk-v0.4-librispeech-ami-bs1-acc8-l4-diskcache-shardedval-v5-1778286481/checkpoints/step_2520_epoch_2_val-der_0.1283.nemo,0,0.504,0,0.504
arda-argmax/sortformer-finetuned/6spk-v0.4-librispeech-ami-bs1-acc8-l4-diskcache-shardedval-v5-1778286481/checkpoints/step_270_epoch_0_val-der_0.1998.nemo,0,0.599,0,0.599
arda-argmax/sortformer-finetuned/6spk-v0.4-librispeech-ami-bs1-acc8-l4-diskcache-shardedval-v5-1778286481/checkpoints/step_2880_epoch_3_val-der_0.1271.nemo,0,0.508,0,0.508
arda-argmax/sortformer-finetuned/6spk-v0.4-librispeech-ami-bs1-acc8-l4-diskcache-shardedval-v5-1778286481/checkpoints/step_3060_epoch_3_val-der_0.1269.nemo,0,0.503,0,0.503
arda-argmax/sortformer-finetuned/6spk-v0.4-librispeech-ami-bs1-acc8-l4-diskcache-shardedval-v5-1778286481/checkpoints/step_3240_epoch_3_val-der_0.1268.nemo,0,0.504,0,0.504
arda-argmax/sortformer-finetuned/6spk-v0.4-librispeech-ami-bs1-acc8-l4-diskcache-shardedval-v5-1778286481/checkpoints/step_3330_epoch_3_val-der_0.1266.nemo,0,0.507,0,0.507
arda-argmax/sortformer-finetuned/6spk-v0.4-librispeech-ami-bs1-acc8-l4-diskcache-shardedval-v5-1778286481/checkpoints/step_3420_epoch_3_val-der_0.1252.nemo,0,0.503,0,0.503
arda-argmax/sortformer-finetuned/6spk-v0.4-librispeech-ami-bs1-acc8-l4-diskcache-shardedval-v5-1778286481/checkpoints/step_360_epoch_0_val-der_0.1911.nemo,0,0.504,0,0.504
arda-argmax/sortformer-finetuned/6spk-v0.4-librispeech-ami-bs1-acc8-l4-diskcache-shardedval-v5-1778286481/checkpoints/step_4050_epoch_4_val-der_0.1241.nemo,0,0.507,0,0.507
arda-argmax/sortformer-finetuned/6spk-v0.4-librispeech-ami-bs1-acc8-l4-diskcache-shardedval-v5-1778286481/checkpoints/step_4410_epoch_4_val-der_0.1238.nemo,0,0.505,0,0.505
arda-argmax/sortformer-finetuned/6spk-v0.4-librispeech-ami-bs1-acc8-l4-diskcache-shardedval-v5-1778286481/checkpoints/step_450_epoch_0_val-der_0.1895.nemo,0,0.504,0,0.504
arda-argmax/sortformer-finetuned/6spk-v0.4-librispeech-ami-bs1-acc8-l4-diskcache-shardedval-v5-1778286481/checkpoints/step_4770_epoch_5_val-der_0.1237.nemo,0,0.508,0,0.508
arda-argmax/sortformer-finetuned/6spk-v0.4-librispeech-ami-bs1-acc8-l4-diskcache-shardedval-v5-1778286481/checkpoints/step_4950_epoch_5_val-der_0.1219.nemo,0,0.507,0,0.507
arda-argmax/sortformer-finetuned/6spk-v0.4-librispeech-ami-bs1-acc8-l4-diskcache-shardedval-v5-1778286481/checkpoints/step_540_epoch_0_val-der_0.1872.nemo,0,0.504,0,0.504
arda-argmax/sortformer-finetuned/6spk-v0.4-librispeech-ami-bs1-acc8-l4-diskcache-shardedval-v5-1778286481/checkpoints/step_5940_epoch_6_val-der_0.1207.nemo,0,0.511,0,0.511
arda-argmax/sortformer-finetuned/6spk-v0.4-librispeech-ami-bs1-acc8-l4-diskcache-shardedval-v5-1778286481/checkpoints/step_630_epoch_0_val-der_0.1612.nemo,0,0.503,0,0.503
arda-argmax/sortformer-finetuned/6spk-v0.4-librispeech-ami-bs1-acc8-l4-diskcache-shardedval-v5-1778286481/checkpoints/step_6390_epoch_7_val-der_0.1200.nemo,0,0.504,0,0.504
arda-argmax/sortformer-finetuned/6spk-v0.4-librispeech-ami-bs1-acc8-l4-diskcache-shardedval-v5-1778286481/checkpoints/step_720_epoch_0_val-der_0.1542.nemo,0,0.508,0,0.508
arda-argmax/sortformer-finetuned/6spk-v0.4-librispeech-ami-bs1-acc8-l4-diskcache-shardedval-v5-1778286481/checkpoints/step_7290_epoch_8_val-der_0.1193.nemo,0,0.505,0,0.505
arda-argmax/sortformer-finetuned/6spk-v0.4-librispeech-ami-bs1-acc8-l4-diskcache-shardedval-v5-1778286481/checkpoints/step_7470_epoch_8_val-der_0.1188.nemo,0,0.504,0,0.504
arda-argmax/sortformer-finetuned/6spk-v0.4-librispeech-ami-bs1-acc8-l4-diskcache-shardedval-v5-1778286481/checkpoints/step_7560_epoch_8_val-der_0.1182.nemo,0,0.506,0,0.506
arda-argmax/sortformer-finetuned/6spk-v0.4-librispeech-ami-bs1-acc8-l4-diskcache-shardedval-v5-1778286481/checkpoints/step_810_epoch_0_val-der_0.1480.nemo,0,0.502,0,0.502
arda-argmax/sortformer-finetuned/6spk-v0.4-librispeech-ami-bs1-acc8-l4-diskcache-shardedval-v5-1778286481/checkpoints/step_900_epoch_0_val-der_0.1433.nemo,0,0.502,0,0.502
arda-argmax/sortformer-finetuned/6spk-v0.4-librispeech-ami-bs1-acc8-l4-diskcache-shardedval-v5-1778286481/checkpoints/step_90_epoch_0_val-der_0.2223.nemo,0,0.506,0,0.506
arda-argmax/sortformer-finetuned/6spk-v0.4-librispeech-ami-bs1-acc8-l4-diskcache-shardedval-v5-1778286481/checkpoints/step_990_epoch_1_val-der_0.1429.nemo,0,0.504,0,0.504
arda-argmax/sortformer-finetuned/6spk-v0.4-librispeech-bs1-acc8-l4-diskcache-shardedval-v1-1778198761/best.nemo,0,0.502,0,0.502
arda-argmax/sortformer-finetuned/6spk-v0.4-librispeech-bs1-acc8-l4-diskcache-shardedval-v1-1778198761/checkpoints/step_1080_epoch_2_val-der_0.1069.nemo,0,0.608,0,0.608
arda-argmax/sortformer-finetuned/6spk-v0.4-librispeech-bs1-acc8-l4-diskcache-shardedval-v1-1778198761/checkpoints/step_1170_epoch_2_val-der_0.1058.nemo,0,0.504,0,0.504
arda-argmax/sortformer-finetuned/6spk-v0.4-librispeech-bs1-acc8-l4-diskcache-shardedval-v1-1778198761/checkpoints/step_1260_epoch_2_val-der_0.1043.nemo,0,0.509,0,0.509
arda-argmax/sortformer-finetuned/6spk-v0.4-librispeech-bs1-acc8-l4-diskcache-shardedval-v1-1778198761/checkpoints/step_1710_epoch_3_val-der_0.1027.nemo,0,0.509,0,0.509
arda-argmax/sortformer-finetuned/6spk-v0.4-librispeech-bs1-acc8-l4-diskcache-shardedval-v1-1778198761/checkpoints/step_180_epoch_0_val-der_0.1670.nemo,0,0.505,0,0.505
arda-argmax/sortformer-finetuned/6spk-v0.4-librispeech-bs1-acc8-l4-diskcache-shardedval-v1-1778198761/checkpoints/step_2160_epoch_4_val-der_0.1016.nemo,0,0.503,0,0.503
arda-argmax/sortformer-finetuned/6spk-v0.4-librispeech-bs1-acc8-l4-diskcache-shardedval-v1-1778198761/checkpoints/step_2430_epoch_5_val-der_0.1014.nemo,0,0.509,0,0.509
arda-argmax/sortformer-finetuned/6spk-v0.4-librispeech-bs1-acc8-l4-diskcache-shardedval-v1-1778198761/checkpoints/step_2700_epoch_5_val-der_0.1002.nemo,0,0.503,0,0.503
arda-argmax/sortformer-finetuned/6spk-v0.4-librispeech-bs1-acc8-l4-diskcache-shardedval-v1-1778198761/checkpoints/step_270_epoch_0_val-der_0.1644.nemo,0,0.505,0,0.505
arda-argmax/sortformer-finetuned/6spk-v0.4-librispeech-bs1-acc8-l4-diskcache-shardedval-v1-1778198761/checkpoints/step_2880_epoch_6_val-der_0.0996.nemo,0,0.506,0,0.506
arda-argmax/sortformer-finetuned/6spk-v0.4-librispeech-bs1-acc8-l4-diskcache-shardedval-v1-1778198761/checkpoints/step_2970_epoch_6_val-der_0.0992.nemo,0,0.503,0,0.503
arda-argmax/sortformer-finetuned/6spk-v0.4-librispeech-bs1-acc8-l4-diskcache-shardedval-v1-1778198761/checkpoints/step_3150_epoch_6_val-der_0.0982.nemo,0,0.503,0,0.503
arda-argmax/sortformer-finetuned/6spk-v0.4-librispeech-bs1-acc8-l4-diskcache-shardedval-v1-1778198761/checkpoints/step_3600_epoch_7_val-der_0.0981.nemo,0,0.508,0,0.508
arda-argmax/sortformer-finetuned/6spk-v0.4-librispeech-bs1-acc8-l4-diskcache-shardedval-v1-1778198761/checkpoints/step_360_epoch_0_val-der_0.1619.nemo,0,0.505,0,0.505
arda-argmax/sortformer-finetuned/6spk-v0.4-librispeech-bs1-acc8-l4-diskcache-shardedval-v1-1778198761/checkpoints/step_3780_epoch_8_val-der_0.0976.nemo,0,0.503,0,0.503
arda-argmax/sortformer-finetuned/6spk-v0.4-librispeech-bs1-acc8-l4-diskcache-shardedval-v1-1778198761/checkpoints/step_4050_epoch_8_val-der_0.0964.nemo,0,0.502,0,0.502
arda-argmax/sortformer-finetuned/6spk-v0.4-librispeech-bs1-acc8-l4-diskcache-shardedval-v1-1778198761/checkpoints/step_4140_epoch_9_val-der_0.0958.nemo,0,0.502,0,0.502
arda-argmax/sortformer-finetuned/6spk-v0.4-librispeech-bs1-acc8-l4-diskcache-shardedval-v1-1778198761/checkpoints/step_4230_epoch_9_val-der_0.0915.nemo,0,0.505,0,0.505
arda-argmax/sortformer-finetuned/6spk-v0.4-librispeech-bs1-acc8-l4-diskcache-shardedval-v1-1778198761/checkpoints/step_4320_epoch_9_val-der_0.0872.nemo,0,0.503,0,0.503
arda-argmax/sortformer-finetuned/6spk-v0.4-librispeech-bs1-acc8-l4-diskcache-shardedval-v1-1778198761/checkpoints/step_4410_epoch_9_val-der_0.0843.nemo,0,0.502,0,0.502
arda-argmax/sortformer-finetuned/6spk-v0.4-librispeech-bs1-acc8-l4-diskcache-shardedval-v1-1778198761/checkpoints/step_450_epoch_0_val-der_0.1291.nemo,0,0.506,0,0.506
arda-argmax/sortformer-finetuned/6spk-v0.4-librispeech-bs1-acc8-l4-diskcache-shardedval-v1-1778198761/checkpoints/step_540_epoch_1_val-der_0.1151.nemo,0,0.503,0,0.503
arda-argmax/sortformer-finetuned/6spk-v0.4-librispeech-bs1-acc8-l4-diskcache-shardedval-v1-1778198761/checkpoints/step_720_epoch_1_val-der_0.1120.nemo,0,0.501,0,0.501
arda-argmax/sortformer-finetuned/6spk-v0.4-librispeech-bs1-acc8-l4-diskcache-shardedval-v1-1778198761/checkpoints/step_810_epoch_1_val-der_0.1082.nemo,0,0.507,0,0.507
arda-argmax/sortformer-finetuned/6spk-v0.4-librispeech-bs1-acc8-l4-diskcache-shardedval-v1-1778198761/checkpoints/step_90_epoch_0_val-der_0.1700.nemo,0,0.592,0,0.592
arda-argmax/sortformer-finetuned/6spk-v0.6-fastmss-prepared-shar-bs1-acc8-l4-worldfix-v1-1780479980/best.nemo,0,0.504,0,0.504
arda-argmax/sortformer-finetuned/6spk-v0.6-fastmss-prepared-shar-bs1-acc8-l4-worldfix-v1-1780479980/checkpoints/step_180_epoch_0_val-der_0.2104.nemo,0,0.51,0,0.51
arda-argmax/sortformer-finetuned/6spk-v0.6-fastmss-prepared-shar-bs1-acc8-l4-worldfix-v1-1780479980/checkpoints/step_270_epoch_0_val-der_0.2067.nemo,0,0.503,0,0.503
arda-argmax/sortformer-finetuned/6spk-v0.6-fastmss-prepared-shar-bs1-acc8-l4-worldfix-v1-1780479980/checkpoints/step_360_epoch_0_val-der_0.1966.nemo,0,0.503,0,0.503
arda-argmax/sortformer-finetuned/6spk-v0.6-fastmss-prepared-shar-bs1-acc8-l4-worldfix-v1-1780479980/checkpoints/step_450_epoch_0_val-der_0.1530.nemo,0,0.509,0,0.509
arda-argmax/sortformer-finetuned/6spk-v0.6-fastmss-prepared-shar-bs1-acc8-l4-worldfix-v1-1780479980/checkpoints/step_540_epoch_0_val-der_0.1469.nemo,0,0.503,0,0.503
arda-argmax/sortformer-finetuned/6spk-v0.6-fastmss-prepared-shar-bs1-acc8-l4-worldfix-v1-1780479980/checkpoints/step_630_epoch_0_val-der_0.1446.nemo,0,0.503,0,0.503
arda-argmax/sortformer-finetuned/6spk-v0.6-fastmss-prepared-shar-bs1-acc8-l4-worldfix-v1-1780479980/checkpoints/step_900_epoch_0_val-der_0.1436.nemo,0,0.508,0,0.508
arda-argmax/sortformer-finetuned/6spk-v0.6-fastmss-prepared-shar-bs1-acc8-l4-worldfix-v1-1780479980/checkpoints/step_90_epoch_0_val-der_0.2187.nemo,0,0.504,0,0.504
arda-argmax/sortformer-finetuned/6spk-v0.6-fastmss-prepared-shar-bs1-acc8-l4-worldfix-v1-1780479980/checkpoints/step_990_epoch_1_val-der_0.1416.nemo,0,0.504,0,0.504
arda-argmax/sortformer-finetuned/6spk-v0.6-fastmss-prepared-shar-bs1-ga8-l4-8gpu-fullset-smoketest-v5-1780559280/best.nemo,0,0.517,0,0.517
arda-argmax/sortformer-finetuned/6spk-v0.6-fastmss-prepared-shar-bs1-ga8-l4-8gpu-fullset-smoketest-v5-1780559280/checkpoints/step_62_epoch_0_val-der_0.2269.nemo,0,0.505,0,0.505
arda-argmax/sortformer-finetuned/6spk-v0.6-fastmss-prepared-shar-bs10-a100-80gb-2gpu-debug-debug-v1-1780602245/best.nemo,0,0.503,0,0.503
arda-argmax/sortformer-finetuned/6spk-v0.6-fastmss-prepared-shar-bs10-a100-80gb-2gpu-debug-debug-v1-1780602245/checkpoints/step_100_epoch_0_val-der_0.2319.nemo,0,0.51,0,0.51
arda-argmax/sortformer-finetuned/6spk-v0.6-fastmss-prepared-shar-bs10-a100-80gb-2gpu-debug-debug-v1-1780602245/checkpoints/step_150_epoch_0_val-der_0.2183.nemo,0,0.504,0,0.504
arda-argmax/sortformer-finetuned/6spk-v0.6-fastmss-prepared-shar-bs10-a100-80gb-2gpu-debug-debug-v1-1780602245/checkpoints/step_250_epoch_1_val-der_0.2163.nemo,0,0.505,0,0.505
arda-argmax/sortformer-finetuned/6spk-v0.6-fastmss-prepared-shar-bs10-a100-80gb-2gpu-debug-debug-v1-1780602245/checkpoints/step_350_epoch_1_val-der_0.2109.nemo,0,0.507,0,0.507
arda-argmax/sortformer-finetuned/6spk-v0.6-fastmss-prepared-shar-bs10-a100-80gb-2gpu-debug-debug-v1-1780602245/checkpoints/step_400_epoch_1_val-der_0.2094.nemo,0,0.51,0,0.51
arda-argmax/sortformer-finetuned/6spk-v0.6-fastmss-prepared-shar-bs10-a100-80gb-2gpu-debug-debug-v1-1780602245/checkpoints/step_50_epoch_0_val-der_0.3624.nemo,0,0.505,0,0.505
arda-argmax/sortformer-finetuned/6spk-v0.6-fastmss-prepared-shar-bs10-a100-80gb-4gpu-debug-debug-v1-1780602382/best.nemo,0,0.51,0,0.51
arda-argmax/sortformer-finetuned/6spk-v0.6-fastmss-prepared-shar-bs10-a100-80gb-4gpu-debug-debug-v1-1780602382/checkpoints/step_100_epoch_0_val-der_0.2269.nemo,0,0.505,0,0.505
arda-argmax/sortformer-finetuned/6spk-v0.6-fastmss-prepared-shar-bs10-a100-80gb-4gpu-debug-debug-v1-1780602382/checkpoints/step_150_epoch_1_val-der_0.2196.nemo,0,0.502,0,0.502
arda-argmax/sortformer-finetuned/6spk-v0.6-fastmss-prepared-shar-bs10-a100-80gb-4gpu-debug-debug-v1-1780602382/checkpoints/step_200_epoch_1_val-der_0.2164.nemo,0,0.507,0,0.507
arda-argmax/sortformer-finetuned/6spk-v0.6-fastmss-prepared-shar-bs10-a100-80gb-4gpu-debug-debug-v1-1780602382/checkpoints/step_300_epoch_2_val-der_0.2103.nemo,0,0.595,0,0.595
arda-argmax/sortformer-finetuned/6spk-v0.6-fastmss-prepared-shar-bs10-a100-80gb-4gpu-debug-debug-v1-1780602382/checkpoints/step_50_epoch_0_val-der_0.3548.nemo,0,0.503,0,0.503
arda-argmax/sortformer-finetuned/6spk-v0.6-fastmss-prepared-shar-bs10-a100-80gb-4gpu-fullset-v11-1780998497/best.nemo,0,0.509,0,0.509
arda-argmax/sortformer-finetuned/6spk-v0.6-fastmss-prepared-shar-bs10-a100-80gb-4gpu-fullset-v11-1780998497/checkpoints/step_11235_epoch_0_val-der_0.0716.nemo,0,0.505,0,0.505
arda-argmax/sortformer-finetuned/6spk-v0.6-fastmss-prepared-shar-bs10-a100-80gb-4gpu-fullset-v11-1780998497/checkpoints/step_14980_epoch_0_val-der_0.0702.nemo,0,0.504,0,0.504
arda-argmax/sortformer-finetuned/6spk-v0.6-fastmss-prepared-shar-bs10-a100-80gb-4gpu-fullset-v11-1780998497/checkpoints/step_3745_epoch_0_val-der_0.0756.nemo,0,0.507,0,0.507
arda-argmax/sortformer-finetuned/6spk-v0.6-fastmss-prepared-shar-bs10-a100-80gb-4gpu-fullset-v11-1780998497/checkpoints/step_7490_epoch_0_val-der_0.0723.nemo,0,0.503,0,0.503
arda-argmax/sortformer-finetuned/6spk-v0.6-fastmss-prepared-shar-bs10-a100-80gb-8gpu-debug-debug-v1-1780604170/best.nemo,0,0.503,0,0.503
arda-argmax/sortformer-finetuned/6spk-v0.6-fastmss-prepared-shar-bs10-a100-80gb-8gpu-debug-debug-v1-1780604170/checkpoints/step_100_epoch_1_val-der_0.2204.nemo,0,0.507,0,0.507
arda-argmax/sortformer-finetuned/6spk-v0.6-fastmss-prepared-shar-bs10-a100-80gb-8gpu-debug-debug-v1-1780604170/checkpoints/step_150_epoch_2_val-der_0.2128.nemo,0,0.502,0,0.502
arda-argmax/sortformer-finetuned/6spk-v0.6-fastmss-prepared-shar-bs10-a100-80gb-8gpu-debug-debug-v1-1780604170/checkpoints/step_50_epoch_0_val-der_0.3458.nemo,0,0.502,0,0.502
arda-argmax/sortformer-finetuned/6spk-v0.6-fastmss-prepared-shar-bs10-a100-80gb-8gpu-fullset-v10-1780606582/best.nemo,0,0.508,0,0.508
arda-argmax/sortformer-finetuned/6spk-v0.6-fastmss-prepared-shar-bs10-a100-80gb-8gpu-fullset-v10-1780606582/checkpoints/step_11232_epoch_0_val-der_0.0901.nemo,0,0.504,0,0.504
arda-argmax/sortformer-finetuned/6spk-v0.6-fastmss-prepared-shar-bs10-a100-80gb-8gpu-fullset-v10-1780606582/checkpoints/step_13104_epoch_0_val-der_0.0887.nemo,0,0.505,0,0.505
arda-argmax/sortformer-finetuned/6spk-v0.6-fastmss-prepared-shar-bs10-a100-80gb-8gpu-fullset-v10-1780606582/checkpoints/step_14976_epoch_0_val-der_0.0879.nemo,0,0.509,0,0.509
arda-argmax/sortformer-finetuned/6spk-v0.6-fastmss-prepared-shar-bs10-a100-80gb-8gpu-fullset-v10-1780606582/checkpoints/step_16848_epoch_0_val-der_0.0865.nemo,0,0.504,0,0.504
arda-argmax/sortformer-finetuned/6spk-v0.6-fastmss-prepared-shar-bs10-a100-80gb-8gpu-fullset-v10-1780606582/checkpoints/step_18720_epoch_0_val-der_0.0854.nemo,0,0.503,0,0.503
arda-argmax/sortformer-finetuned/6spk-v0.6-fastmss-prepared-shar-bs10-a100-80gb-8gpu-fullset-v10-1780606582/checkpoints/step_1872_epoch_0_val-der_0.1109.nemo,0,0.508,0,0.508
arda-argmax/sortformer-finetuned/6spk-v0.6-fastmss-prepared-shar-bs10-a100-80gb-8gpu-fullset-v10-1780606582/checkpoints/step_20592_epoch_0_val-der_0.0846.nemo,0,0.505,0,0.505
arda-argmax/sortformer-finetuned/6spk-v0.6-fastmss-prepared-shar-bs10-a100-80gb-8gpu-fullset-v10-1780606582/checkpoints/step_22464_epoch_0_val-der_0.0840.nemo,0,0.502,0,0.502
arda-argmax/sortformer-finetuned/6spk-v0.6-fastmss-prepared-shar-bs10-a100-80gb-8gpu-fullset-v10-1780606582/checkpoints/step_24336_epoch_0_val-der_0.0838.nemo,0,0.508,0,0.508
arda-argmax/sortformer-finetuned/6spk-v0.6-fastmss-prepared-shar-bs10-a100-80gb-8gpu-fullset-v10-1780606582/checkpoints/step_26208_epoch_0_val-der_0.0828.nemo,0,0.504,0,0.504
arda-argmax/sortformer-finetuned/6spk-v0.6-fastmss-prepared-shar-bs10-a100-80gb-8gpu-fullset-v10-1780606582/checkpoints/step_28080_epoch_0_val-der_0.0815.nemo,0,0.502,0,0.502
arda-argmax/sortformer-finetuned/6spk-v0.6-fastmss-prepared-shar-bs10-a100-80gb-8gpu-fullset-v10-1780606582/checkpoints/step_31824_epoch_0_val-der_0.0807.nemo,0,0.506,0,0.506
arda-argmax/sortformer-finetuned/6spk-v0.6-fastmss-prepared-shar-bs10-a100-80gb-8gpu-fullset-v10-1780606582/checkpoints/step_35568_epoch_0_val-der_0.0804.nemo,0,0.595,0,0.595
arda-argmax/sortformer-finetuned/6spk-v0.6-fastmss-prepared-shar-bs10-a100-80gb-8gpu-fullset-v10-1780606582/checkpoints/step_37440_epoch_0_val-der_0.0797.nemo,0,0.502,0,0.502
arda-argmax/sortformer-finetuned/6spk-v0.6-fastmss-prepared-shar-bs10-a100-80gb-8gpu-fullset-v10-1780606582/checkpoints/step_3744_epoch_0_val-der_0.1021.nemo,0,0.501,0,0.501
arda-argmax/sortformer-finetuned/6spk-v0.6-fastmss-prepared-shar-bs10-a100-80gb-8gpu-fullset-v10-1780606582/checkpoints/step_5616_epoch_0_val-der_0.0964.nemo,0,0.504,0,0.504
arda-argmax/sortformer-finetuned/6spk-v0.6-fastmss-prepared-shar-bs10-a100-80gb-8gpu-fullset-v10-1780606582/checkpoints/step_7488_epoch_0_val-der_0.0941.nemo,0,0.503,0,0.503
arda-argmax/sortformer-finetuned/6spk-v0.6-fastmss-prepared-shar-bs10-a100-80gb-8gpu-fullset-v10-1780606582/checkpoints/step_9360_epoch_0_val-der_0.0917.nemo,0,0.502,0,0.502
arda-argmax/sortformer-finetuned/6spk-vox-ami-aishell-ali-bs10-ga2-a100-80gb-4gpu-5ep-v2-1782411519/best.nemo,0,0.508,0,0.508
arda-argmax/sortformer-finetuned/6spk-vox-ami-aishell-ali-bs10-ga2-a100-80gb-4gpu-5ep-v2-1782411519/checkpoints/step_104_epoch_0_val-der_0.1575.nemo,0,0.504,0,0.504
arda-argmax/sortformer-finetuned/6spk-vox-ami-aishell-ali-bs10-ga2-a100-80gb-4gpu-5ep-v2-1782411519/checkpoints/step_131_epoch_1_val-der_0.1559.nemo,0,0.504,0,0.504
arda-argmax/sortformer-finetuned/6spk-vox-ami-aishell-ali-bs10-ga2-a100-80gb-4gpu-5ep-v2-1782411519/checkpoints/step_183_epoch_1_val-der_0.1529.nemo,0,0.511,0,0.511
arda-argmax/sortformer-finetuned/6spk-vox-ami-aishell-ali-bs10-ga2-a100-80gb-4gpu-5ep-v2-1782411519/checkpoints/step_236_epoch_2_val-der_0.1527.nemo,0,0.505,0,0.505
arda-argmax/sortformer-finetuned/6spk-vox-ami-aishell-ali-bs10-ga2-a100-80gb-4gpu-5ep-v2-1782411519/checkpoints/step_26_epoch_0_val-der_0.1865.nemo,0,0.501,0,0.501
arda-argmax/sortformer-finetuned/6spk-vox-ami-aishell-ali-bs10-ga2-a100-80gb-4gpu-5ep-v2-1782411519/checkpoints/step_288_epoch_2_val-der_0.1515.nemo,0,0.507,0,0.507
arda-argmax/sortformer-finetuned/6spk-vox-ami-aishell-ali-bs10-ga2-a100-80gb-4gpu-5ep-v2-1782411519/checkpoints/step_341_epoch_3_val-der_0.1510.nemo,0,0.505,0,0.505
arda-argmax/sortformer-finetuned/6spk-vox-ami-aishell-ali-bs10-ga2-a100-80gb-4gpu-5ep-v2-1782411519/checkpoints/step_419_epoch_3_val-der_0.1496.nemo,0,0.503,0,0.503
arda-argmax/sortformer-finetuned/6spk-vox-ami-aishell-ali-bs10-ga2-a100-80gb-4gpu-5ep-v2-1782411519/checkpoints/step_472_epoch_4_val-der_0.1480.nemo,0,0.508,0,0.508
arda-argmax/sortformer-finetuned/6spk-vox-ami-aishell-ali-bs10-ga2-a100-80gb-4gpu-5ep-v2-1782411519/checkpoints/step_52_epoch_0_val-der_0.1649.nemo,0,0.503,0,0.503
arda-argmax/sortformer-finetuned/6spk-vox-ami-aishell-ali-bs10-ga2-a100-80gb-4gpu-5ep-v2-1782411519/checkpoints/step_78_epoch_0_val-der_0.1603.nemo,0,0.502,0,0.502
arda-argmax/sortformer-finetuned/8spk-v0.2-bs1-acc8-l4-cachedtrain-shardedval_v3-1777960366/best.nemo,0,0.507,0,0.507
arda-argmax/sortformer-finetuned/8spk-v0.2-bs1-acc8-l4-cachedtrain-shardedval_v6-1777969623/best.nemo,0,0.502,0,0.502
arda-argmax/sortformer-finetuned/8spk-v0.2-bs1-acc8-l4-cachedval-1777594506/best.nemo,0,0.503,0,0.503
arda-argmax/sortformer-finetuned/8spk-v0.2-bs1-acc8-l4-diskcache-shardedval-v1-1778007921/best.nemo,0,0.509,0,0.509
arda-argmax/sortformer-finetuned/smoke-1777401758/best.nemo,0,0.503,0,0.503
arda-argmax/sortformer-finetuned/sortformer-train-1777492805/best.nemo,0,0.502,0,0.502
arda-argmax/sortformer-finetuned/sortformer-train-1777563938/best.nemo,0,0.508,0,0.508
arda-argmax/sortformer-finetuned/sortformer-train-1777567093/best.nemo,0,0.618,0,0.618
arda-argmax/sortformer-finetuned/sortformer-train-1777578793/best.nemo,0,0.503,0,0.503
arda-argmax/sortformer-finetuned/sortformer-train-1777589381/best.nemo,0,0.507,0,0.507
arda-argmax/sortformer-finetuned/vertex-streaming-smoke-train-1777405971/best.nemo,0,0.506,0,0.506
arda-argmax/sortformer-finetuned/vertex-streaming-smoke-train-1777413928/best.nemo,0,0.503,0,0.503
timm/MobileCLIP2-S0-OpenCLIP/open_clip_pytorch_model.bin,0,0.025,0,0.025
optimum-intel-internal-testing/tiny-random-Data2VecTextModel/pytorch_model.bin,0,0.007,0,0.007
timm/convnext_large.dinov3_lvd1689m/pytorch_model.bin,0,0.013,0,0.013
timm/MobileCLIP2-S2-OpenCLIP/open_clip_pytorch_model.bin,0,0.039,0,0.039
OpenMed/OpenMed-ZeroShot-NER-Pathology-Tiny-60M/pytorch_model.bin,0,0.009,0,0.009
nvidia/C-RADIOv4-SO400M/c-radio_v4-so400m_half.pth.tar,0,0.016,1.789,1.805
zondaxyz/babyconceptLM-baike102M_bpe40/pytorch_model.bin,0,0.01,0,0.01
pytorch/gemma-3-12b-it-FP8/pytorch_model-00001-of-00003.bin,0,0.031,7.098,7.129
LuckyOda/comfyui-full-pack/person_yolov8m-seg.pt,0,0.06,5.357,5.417
blackbeedrones/sae-2026-hang-all-yolo26n-seg-v2-960/weights/epoch187.pt,0,0.092,7.052,7.144
knalin55/CUNI_FT-CROSS-LoRA/training_args.bin,0,0.006,6.214,6.22
thatbrguy/g3t/model.pt,0,0.034,0,0.034
michka/Melenchon-Nemo-12B/checkpoint-240/optimizer.pt,0,0.05,0,0.05
Stable-X/vggt-object-v0-1/model.pt,0,0.041,0,0.041
sakamakismile/Qwen3.6-27B-LNARIZE-NVFP4/kvtc_calibration.pt,0,0.022,2.169,2.191
timm/vit_huge_patch14_clip_378.metaclip2_worldwide/open_clip_pytorch_model.bin,0,0.02,0,0.02
timm/vit_huge_patch14_clip_378.metaclip2_worldwide/pytorch_model.bin,0,0.11,0,0.11
Chess473737/nepal-model/A100Pretrain/checkpoint-10000/training_args.bin,0,0.004,4.209,4.213
Chess473737/nepal-model/A100Pretrain/checkpoint-15000/training_args.bin,0,0.004,2.773,2.777
Chess473737/nepal-model/A100Pretrain/checkpoint-20000/training_args.bin,0,0.004,3.781,3.785
Chess473737/nepal-model/A100Pretrain/checkpoint-5000/optimizer.pt,0,0.015,0,0.015
Chess473737/nepal-model/A100Pretrain/checkpoint-5000/scheduler.pt,0,0.004,0,0.004
Chess473737/nepal-model/A100Pretrain/checkpoint-5000/training_args.bin,0,0.003,4.559,4.562
Chess473737/nepal-model/Kaggle1B/ckpt-12000/scheduler.pt,0,0.004,0,0.004
openbmb/BitCPM-CANN-3B/pytorch_model.bin,0,0.01,0,0.01
typhoon-ai/typhoon-asr-realtime/typhoon-asr-realtime.nemo,0,0.5,0,0.5
cisco-ai/SecureBERT2.0-cross_encoder/optimizer.pt,0,0.015,0,0.015
AIDElab-IITBombay/RadJEPA/jepa_encoder.pth.tar,0,0.031,0,0.031
Runware/adetailer/deepfashion2_yolov8s-seg.pt,0,0.047,2.346,2.393
Runware/adetailer/person_yolov8m-seg.pt,0,0.056,6.075,6.131
Runware/adetailer/person_yolov8n-seg.pt,0,0.056,20.083,20.139
Runware/adetailer/person_yolov8s-seg.pt,0,0.045,3.924,3.969
stabilityai/stable-audio-3-small-sfx-base/svd_bases.pt,0,0.019,0,0.019
openbmb/BitCPM-CANN-8B/pytorch_model.bin,0,0.012,0,0.012
GaryFer/smart-parking-weights/fasterrcnnv2/best_seed1000.pt,0,0.014,0,0.014
GaryFer/smart-parking-weights/fasterrcnnv2/best_seed123.pt,0,0.014,0,0.014
GaryFer/smart-parking-weights/fasterrcnnv2/best_seed1234.pt,0,0.015,0,0.015
GaryFer/smart-parking-weights/fasterrcnnv2/best_seed2025.pt,0,0.015,0,0.015
GaryFer/smart-parking-weights/fasterrcnnv2/best_seed3141.pt,0,0.013,0,0.013
GaryFer/smart-parking-weights/fasterrcnnv2/best_seed42.pt,0,0.016,0,0.016
GaryFer/smart-parking-weights/fasterrcnnv2/best_seed456.pt,0,0.014,0,0.014
GaryFer/smart-parking-weights/rtdetr/run_1000/weights/best.pt,0,0.092,3.566,3.658
GaryFer/smart-parking-weights/rtdetr/run_1000/weights/last.pt,0,0.173,6.795,6.968
GaryFer/smart-parking-weights/rtdetr/run_123/weights/best.pt,0,0.09,4.865,4.955
GaryFer/smart-parking-weights/rtdetr/run_1234/weights/best.pt,0,0.089,8.491,8.58
GaryFer/smart-parking-weights/rtdetr/run_1234/weights/last.pt,0,0.089,7.429,7.518
GaryFer/smart-parking-weights/rtdetr/run_2024/weights/last.pt,0,0.09,4.681,4.771
GaryFer/smart-parking-weights/rtdetr/run_3141/weights/best.pt,0,0.183,9.302,9.485
GaryFer/smart-parking-weights/rtdetr/run_456/weights/best.pt,0,0.09,3.797,3.887
GaryFer/smart-parking-weights/rtdetr/run_789/weights/best.pt,0,0.09,5.478,5.568
GaryFer/smart-parking-weights/yolov11s/run_1000/weights/last.pt,0,0.048,4.599,4.647
GaryFer/smart-parking-weights/yolov11s/run_123/weights/best.pt,0,0.048,5.13,5.178
GaryFer/smart-parking-weights/yolov11s/run_123/weights/last.pt,0,0.047,5.152,5.199
GaryFer/smart-parking-weights/yolov11s/run_1234/weights/best.pt,0,0.047,4.417,4.464
GaryFer/smart-parking-weights/yolov11s/run_2025/weights/best.pt,0,0.047,2.381,2.428
GaryFer/smart-parking-weights/yolov11s/run_2025/weights/last.pt,0,0.138,2.136,2.274
GaryFer/smart-parking-weights/yolov11s/run_3141/weights/best.pt,0,0.048,4.342,4.39
GaryFer/smart-parking-weights/yolov11s/run_42/weights/best.pt,0,0.049,5.686,5.735
GaryFer/smart-parking-weights/yolov11s/run_456/weights/best.pt,0,0.049,5.006,5.055
GaryFer/smart-parking-weights/yolov11s/run_456/weights/last.pt,0,0.049,6.968,7.017
GaryFer/smart-parking-weights/yolov11s/run_789/weights/best.pt,0,0.053,5.341,5.394
GaryFer/smart-parking-weights/yolov11s/run_789/weights/last.pt,0,0.049,4.563,4.612
GaryFer/smart-parking-weights/yolov11s/run_9999/weights/best.pt,0,0.049,4.075,4.124
GaryFer/smart-parking-weights/yolov11s/run_9999/weights/last.pt,0,0.048,3.509,3.557
GaryFer/smart-parking-weights/yolov12s/run_1000/weights/best.pt,0,0.066,4.725,4.791
GaryFer/smart-parking-weights/yolov12s/run_1000/weights/last.pt,0,0.154,5.128,5.282
GaryFer/smart-parking-weights/yolov12s/run_123/weights/best.pt,0,0.064,2.449,2.513
GaryFer/smart-parking-weights/yolov12s/run_1234/weights/last.pt,0,0.063,1.633,1.696
GaryFer/smart-parking-weights/yolov12s/run_2024/weights/last.pt,0,0.064,5.628,5.692
GaryFer/smart-parking-weights/yolov12s/run_2025/weights/best.pt,0,0.064,6.969,7.033
GaryFer/smart-parking-weights/yolov12s/run_3141/weights/best.pt,0,0.065,8.454,8.519
GaryFer/smart-parking-weights/yolov12s/run_3141/weights/last.pt,0,0.063,4.144,4.207
GaryFer/smart-parking-weights/yolov12s/run_42/weights/best.pt,0,0.167,3.38,3.547
GaryFer/smart-parking-weights/yolov12s/run_456/weights/best.pt,0,0.064,1.594,1.658
GaryFer/smart-parking-weights/yolov12s/run_456/weights/last.pt,0,0.063,1.368,1.431
GaryFer/smart-parking-weights/yolov12s/run_789/weights/last.pt,0,0.064,1.352,1.416
GaryFer/smart-parking-weights/yolov12s/run_9999/weights/best.pt,0,0.063,5.005,5.068
GaryFer/smart-parking-weights/yolov12s/run_9999/weights/last.pt,0,0.063,2.672,2.735
GaryFer/smart-parking-weights/yolov8s/run_1000/weights/best.pt,0,0.036,4.954,4.99
GaryFer/smart-parking-weights/yolov8s/run_123/weights/best.pt,0,0.036,4.845,4.881
GaryFer/smart-parking-weights/yolov8s/run_1234/weights/best.pt,0,0.035,5.564,5.599
GaryFer/smart-parking-weights/yolov8s/run_2024/weights/best.pt,0,0.036,5.737,5.773
GaryFer/smart-parking-weights/yolov8s/run_2025/weights/best.pt,0,0.126,4.258,4.384
GaryFer/smart-parking-weights/yolov8s/run_3141/weights/best.pt,0,0.036,4.757,4.793
GaryFer/smart-parking-weights/yolov8s/run_3141/weights/last.pt,0,0.044,5.147,5.191
GaryFer/smart-parking-weights/yolov8s/run_789/weights/best.pt,0,0.035,4.644,4.679
GaryFer/smart-parking-weights/yolov8s/run_9999/weights/best.pt,0,0.036,7.1,7.136
GaryFer/smart-parking-weights/yolov8s/run_9999/weights/last.pt,0,0.035,5.252,5.287
baichuan-inc/Baichuan-M2-32B/draft/pytorch_model.bin,0,0.008,0,0.008
gabrielpirlo/Sped_ParakeetRomanian_110M_TDT-CTC/SpeD-ParakeetRo_110M_TDT-CTC.nemo,0,0.489,0,0.489
Soul-AILab/SoulX-Singer-Preprocess/parakeet-tdt-0.6b-v2/parakeet-tdt-0.6b-v2.nemo,0,2.52,0,2.52
openbmb/BitCPM-CANN-8B-unquantized/pytorch_model.bin,0,0.013,0,0.013
ecmwf/aifs-ens-2.0/aifs-ens-crps-2.0.ckpt,0,0.087,16.837,16.924
facebook/lagernvs_general_512/model.pt,0,0.037,0,0.037
Malgesw/ppo-Huggy/Huggy/Huggy-1599365.pt,0,0.01,0,0.01
yuriyvnv/parakeet-tdt-0.6b-EN-Medical/parakeet-tdt-cv17_multimed_en-seed42.nemo,0,2.558,0,2.558
yuriyvnv/parakeet-tdt-0.6b-EN-Medical/parakeet-tdt-multimed_en-seed42.nemo,0,2.558,0,2.558
shaikhsalman/ZabaanAI-Urdu-3B/last-checkpoint/optimizer.pt,0,0.044,0,0.044
fpadovani/rus-cyrl-100mb-100mb_seed3407/checkpoint-105000/rng_state.pth,0,0.007,1.456,1.463
fpadovani/rus-cyrl-100mb-100mb_seed3407/checkpoint-39000/rng_state.pth,0,0.006,2.04,2.046
fpadovani/rus-cyrl-100mb-100mb_seed3407/checkpoint-42000/rng_state.pth,0,0.005,7.154,7.159
nvidia/magpie_tts_multilingual_357m/magpie_tts_multilingual_357m.nemo,0,1.523,0,1.523
asdasdasd1234567890/asd/ultralytics/segm/CockAndBallYolo8x.pt,0,0.156,2.98,3.136
asdasdasd1234567890/asd/ultralytics/segm/PitEyeDetailer-v2-seg.pt,0,0.045,4.434,4.479
asdasdasd1234567890/asd/ultralytics/segm/face_yolov8m-seg_60.pt,0,0.048,9.228,9.276
asdasdasd1234567890/asd/ultralytics/segm/person_yolov8m-seg.pt,0,0.056,5.126,5.182
asdasdasd1234567890/asd/ultralytics/segm/person_yolov8n-seg.pt,0,0.046,11.224,11.27
asdasdasd1234567890/asd/ultralytics/segm/person_yolov8s-seg.pt,0,0.045,4.528,4.573
asdasdasd1234567890/asd/ultralytics/segm/skin_yolov8m-seg_400.pt,0,0.048,8.06,8.108
asdasdasd1234567890/asd/ultralytics/segm/yolo-human-parse-epoch-125.pt,0,0.072,4.552,4.624
asdasdasd1234567890/asd/ultralytics/segm/yolo11n-seg.pt,0,0.061,6.564,6.625
attack-vector/SecureModernBERT-NER/checkpoint-10605/optimizer.pt,0,0.017,0,0.017
timm/vit_small_plus_patch16_dinov3_qkvb.lvd1689m/pytorch_model.bin,0,0.011,0,0.011
vivekvar/helmet-v5/yolo11l-pose.pt,0,0.196,4.637,4.833
binant/wendyrv/model.pth,0,0.016,0,0.016
jwest33/qwen3-vl-8b-instruct-null-space-abliterated/null_space_projectors.pt,0,0.008,0,0.008
jwest33/qwen3-vl-8b-instruct-null-space-abliterated/refusal_directions.pt,0,0.005,0,0.005
inference-optimization/Laguna-XS.2-speculator.dflash-Qwen235B-500k-ckpt5/scheduler_state_dict.pt,0,0.004,0,0.004
smegmarip/ComfyUI/segm/person_yolov8s-seg.pt,0,0.045,4.172,4.217
smegmarip/ComfyUI/ultralytics/segm/AnzhcHead-seg.pt,0,0.047,4.324,4.371
smegmarip/ComfyUI/ultralytics/segm/person_yolov8m-seg.pt,0,0.056,4.653,4.709
fpadovani/swa-latn-100mb-after-ppt-shuff-dyck-100mb-ckpt500_seed3407/checkpoint-164000/rng_state.pth,0,0.007,1.439,1.446
fpadovani/swa-latn-100mb-after-ppt-shuff-dyck-100mb-ckpt500_seed3407/checkpoint-212000/rng_state.pth,0,0.006,1.586,1.592
fpadovani/swa-latn-100mb-after-ppt-shuff-dyck-100mb-ckpt500_seed3407/checkpoint-220000/rng_state.pth,0,0.005,1.633,1.638
fpadovani/swa-latn-100mb-after-ppt-shuff-dyck-100mb-ckpt500_seed3407/checkpoint-224000/rng_state.pth,0,0.005,1.625,1.63
fpadovani/swa-latn-100mb-after-ppt-shuff-dyck-100mb-ckpt500_seed3407/checkpoint-232000/rng_state.pth,0,0.004,1.697,1.701
fpadovani/swa-latn-100mb-after-ppt-shuff-dyck-100mb-ckpt500_seed3407/checkpoint-272000/rng_state.pth,0,0.004,5.873,5.877
fpadovani/swa-latn-100mb-after-ppt-shuff-dyck-100mb-ckpt500_seed3407/checkpoint-280000/rng_state.pth,0,0.003,1.622,1.625
fpadovani/swa-latn-100mb-after-ppt-shuff-dyck-100mb-ckpt500_seed3407/checkpoint-40000/rng_state.pth,0,0.004,1.837,1.841
fpadovani/swa-latn-100mb-after-ppt-shuff-dyck-100mb-ckpt500_seed3407/checkpoint-44000/rng_state.pth,0,0.004,5.091,5.095
fpadovani/swa-latn-100mb-after-ppt-shuff-dyck-100mb-ckpt500_seed3407/checkpoint-80000/rng_state.pth,0,0.004,1.573,1.577
fpadovani/ind-latn-100mb-after-ppt-Dp-100mb-ckpt500_seed3407/checkpoint-102000/training_args.bin,0,0.004,2.798,2.802
fpadovani/ind-latn-100mb-after-ppt-Dp-100mb-ckpt500_seed3407/checkpoint-105000/training_args.bin,0,0.004,2.483,2.487
fpadovani/ind-latn-100mb-after-ppt-Dp-100mb-ckpt500_seed3407/checkpoint-108000/training_args.bin,0,0.004,3.428,3.432
fpadovani/ind-latn-100mb-after-ppt-Dp-100mb-ckpt500_seed3407/checkpoint-111000/training_args.bin,0,0.004,2.291,2.295
fpadovani/ind-latn-100mb-after-ppt-Dp-100mb-ckpt500_seed3407/checkpoint-114000/training_args.bin,0,0.003,5.419,5.422
fpadovani/ind-latn-100mb-after-ppt-Dp-100mb-ckpt500_seed3407/checkpoint-117000/training_args.bin,0,0.004,4.027,4.031
fpadovani/ind-latn-100mb-after-ppt-Dp-100mb-ckpt500_seed3407/checkpoint-12000/training_args.bin,0,0.004,2.816,2.82
fpadovani/ind-latn-100mb-after-ppt-Dp-100mb-ckpt500_seed3407/checkpoint-120000/training_args.bin,0,0.004,8.29,8.294
fpadovani/ind-latn-100mb-after-ppt-Dp-100mb-ckpt500_seed3407/checkpoint-123000/training_args.bin,0,0.005,2.75,2.755
fpadovani/ind-latn-100mb-after-ppt-Dp-100mb-ckpt500_seed3407/checkpoint-126000/training_args.bin,0,0.004,2.752,2.756
fpadovani/ind-latn-100mb-after-ppt-Dp-100mb-ckpt500_seed3407/checkpoint-128520/rng_state.pth,0,0.005,1.791,1.796
fpadovani/ind-latn-100mb-after-ppt-Dp-100mb-ckpt500_seed3407/checkpoint-128520/training_args.bin,0,0.004,2.613,2.617
fpadovani/ind-latn-100mb-after-ppt-Dp-100mb-ckpt500_seed3407/checkpoint-15000/training_args.bin,0,0.004,2.432,2.436
fpadovani/ind-latn-100mb-after-ppt-Dp-100mb-ckpt500_seed3407/checkpoint-18000/training_args.bin,0,0.004,5.015,5.019
fpadovani/ind-latn-100mb-after-ppt-Dp-100mb-ckpt500_seed3407/checkpoint-21000/rng_state.pth,0,0.004,1.603,1.607
fpadovani/ind-latn-100mb-after-ppt-Dp-100mb-ckpt500_seed3407/checkpoint-21000/training_args.bin,0,0.003,2.885,2.888
fpadovani/ind-latn-100mb-after-ppt-Dp-100mb-ckpt500_seed3407/checkpoint-24000/training_args.bin,0,0.004,2.447,2.451
fpadovani/ind-latn-100mb-after-ppt-Dp-100mb-ckpt500_seed3407/checkpoint-27000/training_args.bin,0,0.004,2.449,2.453
fpadovani/ind-latn-100mb-after-ppt-Dp-100mb-ckpt500_seed3407/checkpoint-3000/training_args.bin,0,0.004,2.753,2.757
fpadovani/ind-latn-100mb-after-ppt-Dp-100mb-ckpt500_seed3407/checkpoint-30000/training_args.bin,0,0.004,2.574,2.578
fpadovani/ind-latn-100mb-after-ppt-Dp-100mb-ckpt500_seed3407/checkpoint-33000/training_args.bin,0,0.004,2.426,2.43
fpadovani/ind-latn-100mb-after-ppt-Dp-100mb-ckpt500_seed3407/checkpoint-36000/rng_state.pth,0,0.004,1.427,1.431
fpadovani/ind-latn-100mb-after-ppt-Dp-100mb-ckpt500_seed3407/checkpoint-36000/training_args.bin,0,0.004,3.577,3.581
fpadovani/ind-latn-100mb-after-ppt-Dp-100mb-ckpt500_seed3407/checkpoint-39000/training_args.bin,0,0.004,2.624,2.628
fpadovani/ind-latn-100mb-after-ppt-Dp-100mb-ckpt500_seed3407/checkpoint-42000/training_args.bin,0,0.004,2.682,2.686
fpadovani/ind-latn-100mb-after-ppt-Dp-100mb-ckpt500_seed3407/checkpoint-45000/training_args.bin,0,0.004,2.422,2.426
fpadovani/ind-latn-100mb-after-ppt-Dp-100mb-ckpt500_seed3407/checkpoint-48000/training_args.bin,0,0.004,4.633,4.637
fpadovani/ind-latn-100mb-after-ppt-Dp-100mb-ckpt500_seed3407/checkpoint-51000/training_args.bin,0,0.004,2.547,2.551
fpadovani/ind-latn-100mb-after-ppt-Dp-100mb-ckpt500_seed3407/checkpoint-54000/training_args.bin,0,0.004,2.55,2.554
fpadovani/ind-latn-100mb-after-ppt-Dp-100mb-ckpt500_seed3407/checkpoint-57000/training_args.bin,0,0.004,3.677,3.681
fpadovani/ind-latn-100mb-after-ppt-Dp-100mb-ckpt500_seed3407/checkpoint-6000/training_args.bin,0,0.003,2.758,2.761
fpadovani/ind-latn-100mb-after-ppt-Dp-100mb-ckpt500_seed3407/checkpoint-60000/training_args.bin,0,0.003,3.267,3.27
fpadovani/ind-latn-100mb-after-ppt-Dp-100mb-ckpt500_seed3407/checkpoint-63000/training_args.bin,0,0.003,2.583,2.586
fpadovani/ind-latn-100mb-after-ppt-Dp-100mb-ckpt500_seed3407/checkpoint-66000/training_args.bin,0,0.004,2.824,2.828
fpadovani/ind-latn-100mb-after-ppt-Dp-100mb-ckpt500_seed3407/checkpoint-69000/rng_state.pth,0,0.003,1.365,1.368
fpadovani/ind-latn-100mb-after-ppt-Dp-100mb-ckpt500_seed3407/checkpoint-69000/training_args.bin,0,0.022,2.753,2.775
fpadovani/ind-latn-100mb-after-ppt-Dp-100mb-ckpt500_seed3407/checkpoint-72000/training_args.bin,0,0.004,2.634,2.638
fpadovani/ind-latn-100mb-after-ppt-Dp-100mb-ckpt500_seed3407/checkpoint-75000/training_args.bin,0,0.003,2.586,2.589
fpadovani/ind-latn-100mb-after-ppt-Dp-100mb-ckpt500_seed3407/checkpoint-78000/training_args.bin,0,0.003,2.703,2.706
fpadovani/ind-latn-100mb-after-ppt-Dp-100mb-ckpt500_seed3407/checkpoint-81000/rng_state.pth,0,0.003,1.527,1.53
fpadovani/ind-latn-100mb-after-ppt-Dp-100mb-ckpt500_seed3407/checkpoint-81000/training_args.bin,0,0.004,6.547,6.551
fpadovani/ind-latn-100mb-after-ppt-Dp-100mb-ckpt500_seed3407/checkpoint-84000/training_args.bin,0,0.003,3.116,3.119
fpadovani/ind-latn-100mb-after-ppt-Dp-100mb-ckpt500_seed3407/checkpoint-87000/training_args.bin,0,0.004,2.705,2.709
fpadovani/ind-latn-100mb-after-ppt-Dp-100mb-ckpt500_seed3407/checkpoint-9000/training_args.bin,0,0.003,3.263,3.266
fpadovani/ind-latn-100mb-after-ppt-Dp-100mb-ckpt500_seed3407/checkpoint-90000/rng_state.pth,0,0.003,4.086,4.089
fpadovani/ind-latn-100mb-after-ppt-Dp-100mb-ckpt500_seed3407/checkpoint-90000/training_args.bin,0,0.003,2.246,2.249
fpadovani/ind-latn-100mb-after-ppt-Dp-100mb-ckpt500_seed3407/checkpoint-93000/training_args.bin,0,0.003,3.167,3.17
fpadovani/ind-latn-100mb-after-ppt-Dp-100mb-ckpt500_seed3407/checkpoint-96000/training_args.bin,0,0.004,3.166,3.17
fpadovani/ind-latn-100mb-after-ppt-Dp-100mb-ckpt500_seed3407/checkpoint-99000/training_args.bin,0,0.003,3.521,3.524
fpadovani/ind-latn-100mb-after-ppt-Dp-100mb-ckpt500_seed3407/training_args.bin,0,0.003,2.917,2.92
nvidia/nemo-nano-codec-22khz-0.6kbps-12.5fps/nemo-nano-codec-22khz-0.6kbps-12.5fps.nemo,0,0.453,0,0.453
fpadovani/swe-latn-10mb-after-ppt-Dp-100mb-ckpt500_seed3407/checkpoint-9000/rng_state.pth,0,0.006,1.366,1.372
omi-health/omi-med-stt-v1/omimedstt-v1.nemo,0,2.545,0,2.545
fpadovani/swa-latn-100mb-after-ppt-Dp-100mb-ckpt500_seed3407/checkpoint-164000/rng_state.pth,0,0.005,1.403,1.408
fpadovani/swa-latn-100mb-after-ppt-Dp-100mb-ckpt500_seed3407/checkpoint-212000/rng_state.pth,0,0.004,2.143,2.147
fpadovani/swa-latn-100mb-after-ppt-Dp-100mb-ckpt500_seed3407/checkpoint-220000/rng_state.pth,0,0.004,2.14,2.144
fpadovani/swa-latn-100mb-after-ppt-Dp-100mb-ckpt500_seed3407/checkpoint-224000/rng_state.pth,0,0.004,1.637,1.641
fpadovani/swa-latn-100mb-after-ppt-Dp-100mb-ckpt500_seed3407/checkpoint-232000/rng_state.pth,0,0.004,1.415,1.419
fpadovani/swa-latn-100mb-after-ppt-Dp-100mb-ckpt500_seed3407/checkpoint-272000/rng_state.pth,0,0.005,2.004,2.009
fpadovani/swa-latn-100mb-after-ppt-Dp-100mb-ckpt500_seed3407/checkpoint-280000/rng_state.pth,0,0.004,1.868,1.872
fpadovani/swa-latn-100mb-after-ppt-Dp-100mb-ckpt500_seed3407/checkpoint-40000/rng_state.pth,0,0.004,1.433,1.437
fpadovani/swa-latn-100mb-after-ppt-Dp-100mb-ckpt500_seed3407/checkpoint-44000/rng_state.pth,0,0.004,3.674,3.678
fpadovani/swa-latn-100mb-after-ppt-Dp-100mb-ckpt500_seed3407/checkpoint-80000/rng_state.pth,0,0.003,1.833,1.836
nvidia/GR00T-N1.7-SimplerEnv-Bridge/global_step32000/mp_rank_00_model_states.pt,0,0.04,0,0.04
fpadovani/tur-latn-100mb-100mb_seed10/checkpoint-24000/rng_state.pth,0,0.006,1.541,1.547
fpadovani/tur-latn-100mb-100mb_seed10/checkpoint-75000/rng_state.pth,0,0.004,1.59,1.594
ecmwf/aifs-single-1.1/aifs-single-mse-1.1.ckpt,0,0.06,4.891,4.951
nvidia/fourcastnet3/training_checkpoints/best_ckpt_mp0.tar,0,0.009,0,0.009
nvidia/parakeet-unified-en-0.6b/parakeet-unified-en-0.6b.nemo,0,2.525,0,2.525
fpadovani/hin-deva-100mb-after-ppt-Dp-100mb-ckpt500_seed3407/checkpoint-3000/rng_state.pth,0,0.007,2.703,2.71
fpadovani/hin-deva-100mb-after-ppt-Dp-100mb-ckpt500_seed3407/checkpoint-69000/rng_state.pth,0,0.006,2.036,2.042
fpadovani/hin-deva-100mb-after-ppt-Dp-100mb-ckpt500_seed3407/checkpoint-87000/rng_state.pth,0,0.006,1.321,1.327
fpadovani/swe-latn-10mb-100mb_seed3407/checkpoint-9000/rng_state.pth,0,0.006,1.907,1.913
fpadovani/hin-deva-10mb-after-ppt-Dp-100mb-ckpt500_seed3407/checkpoint-104090/rng_state.pth,0,0.006,1.557,1.563
fpadovani/hin-deva-10mb-after-ppt-Dp-100mb-ckpt500_seed3407/checkpoint-15000/rng_state.pth,0,0.005,1.63,1.635
fpadovani/hin-deva-10mb-after-ppt-Dp-100mb-ckpt500_seed3407/checkpoint-54000/rng_state.pth,0,0.005,2.961,2.966
fpadovani/hin-deva-10mb-after-ppt-Dp-100mb-ckpt500_seed3407/checkpoint-6000/rng_state.pth,0,0.005,1.76,1.765
fpadovani/swe-latn-100mb-100mb_seed3407/checkpoint-57000/rng_state.pth,0,0.007,1.6,1.607
fpadovani/swe-latn-100mb-100mb_seed3407/checkpoint-66000/rng_state.pth,0,0.004,1.789,1.793
fpadovani/swe-latn-100mb-100mb_seed3407/checkpoint-75000/rng_state.pth,0,0.004,1.675,1.679
fpadovani/swe-latn-100mb-100mb_seed3407/checkpoint-90000/rng_state.pth,0,0.005,1.873,1.878
fpadovani/ind-latn-10mb-after-ppt-Dp-100mb-ckpt500_seed3407/checkpoint-114000/rng_state.pth,0,0.005,1.895,1.9
fpadovani/ind-latn-10mb-after-ppt-Dp-100mb-ckpt500_seed3407/checkpoint-21000/rng_state.pth,0,0.004,1.63,1.634
fpadovani/ind-latn-10mb-after-ppt-Dp-100mb-ckpt500_seed3407/checkpoint-27000/rng_state.pth,0,0.005,1.597,1.602
fpadovani/ind-latn-10mb-after-ppt-Dp-100mb-ckpt500_seed3407/checkpoint-6000/rng_state.pth,0,0.005,1.765,1.77
conch/CoCa/MahmoodLab-CONCH/pytorch_model.bin,0,0.014,0,0.014
flagembedding/BAAI-bge-base-en/pytorch_model.bin,0,0.009,0,0.009
flagembedding/BAAI-bge-base-en-v1.5/pytorch_model.bin,0,0.009,0,0.009
flagembedding/BAAI-bge-base-zh-v1.5/pytorch_model.bin,0,0.009,0,0.009
flagembedding/BAAI-bge-large-en/pytorch_model.bin,0,0.013,0,0.013
flagembedding/BAAI-bge-large-en-v1.5/pytorch_model.bin,0,0.013,0,0.013
flagembedding/BAAI-bge-large-zh/pytorch_model.bin,0,0.013,0,0.013
flagembedding/BAAI-bge-large-zh-v1.5/pytorch_model.bin,0,0.012,0,0.012
flagembedding/BAAI-bge-reranker-base/pytorch_model.bin,0,0.009,0,0.009
flagembedding/BAAI-bge-reranker-large/pytorch_model.bin,0,0.012,0,0.012
flagembedding/BAAI-bge-small-en/pytorch_model.bin,0,0.008,0,0.008
flagembedding/BAAI-bge-small-en-v1.5/pytorch_model.bin,0,0.008,0,0.008
flagembedding/BAAI-bge-small-zh/pytorch_model.bin,0,0.007,0,0.007
flagembedding/BAAI-bge-small-zh-v1.5/pytorch_model.bin,0,0.006,0,0.006
flagembedding/BAAI-llm-embedder/pytorch_model.bin,0,0.009,0,0.009
flair/SequenceTagger/flair-chunk-english-fast/pytorch_model.bin,0,0.007,2.818,2.825
flair/SequenceTagger/flair-ner-dutch-large/pytorch_model.bin,0,0.02,2.883,2.903
flair/SequenceTagger/flair-ner-english/pytorch_model.bin,0,0.248,2.344,2.592
flair/SequenceTagger/flair-ner-english-fast/pytorch_model.bin,0,0.264,2.066,2.33
flair/SequenceTagger/flair-ner-english-large/pytorch_model.bin,0,0.036,3.351,3.387
flair/SequenceTagger/flair-ner-english-ontonotes/pytorch_model.bin,0,0.653,2.735,3.388
flair/SequenceTagger/flair-ner-english-ontonotes-fast/pytorch_model.bin,0,0.675,2.645,3.32
flair/SequenceTagger/flair-ner-english-ontonotes-large/pytorch_model.bin,0,0.07,2.166,2.236
flair/SequenceTagger/flair-ner-french/pytorch_model.bin,0,0.673,2.295,2.968
flair/SequenceTagger/flair-ner-german/pytorch_model.bin,0,0.735,2.783,3.518
flair/SequenceTagger/flair-ner-german-large/pytorch_model.bin,0,0.061,5.856,5.917
flair/SequenceTagger/flair-ner-multi/pytorch_model.bin,0,0.943,2.444,3.387
flair/SequenceTagger/flair-ner-spanish-large/pytorch_model.bin,0,0.074,2.31,2.384
flair/SequenceTagger/flair-pos-english/pytorch_model.bin,0,0.009,1.526,1.535
flair/SequenceTagger/flair-pos-english-fast/pytorch_model.bin,0,0.008,1.215,1.223
flair/SequenceTagger/flair-upos-english/pytorch_model.bin,0,0.007,3.147,3.154
flair/SequenceTagger/flair-upos-english-fast/pytorch_model.bin,0,0.006,3.677,3.683
flair/SequenceTagger/flair-upos-multi/pytorch_model.bin,0,0.035,7.707,7.742
gliner/GliNER/DeepMount00-GLiNER_ITA_BASE/pytorch_model.bin,0,0.011,0,0.011
gliner/GliNER/DeepMount00-GLiNER_ITA_LARGE/pytorch_model.bin,0,0.015,0,0.015
gliner/GliNER/DeepMount00-GLiNER_PII_ITA/pytorch_model.bin,0,0.011,0,0.011
gliner/GliNER/DeepMount00-universal_ner_ita/pytorch_model.bin,0,0.011,0,0.011
gliner/GliNER/EmergentMethods-gliner_medium_news-v2.1/pytorch_model.bin,0,0.009,0,0.009
gliner/GliNER/gliner-community-gliner_large-v2.5/pytorch_model.bin,0,0.013,0,0.013
gliner/GliNER/gliner-community-gliner_medium-v2.5/pytorch_model.bin,0,0.01,0,0.01
gliner/GliNER/numind-NuNER_Zero/pytorch_model.bin,0,0.014,0,0.014
gliner/GliNER/urchade-gliner_base/pytorch_model.bin,0,0.01,0,0.01
gliner/GliNER/urchade-gliner_large-v1/pytorch_model.bin,0,0.012,0,0.012
gliner/GliNER/urchade-gliner_large-v2/pytorch_model.bin,0,0.015,0,0.015
gliner/GliNER/urchade-gliner_large-v2.1/pytorch_model.bin,0,0.014,0,0.014
gliner/GliNER/urchade-gliner_medium-v2.1/pytorch_model.bin,0,0.011,0,0.011
gliner/GliNER/urchade-gliner_multi/pytorch_model.bin,0,0.01,0,0.01
gliner/GliNER/urchade-gliner_multi-v2.1/pytorch_model.bin,0,0.01,0,0.01
gliner/GliNER/urchade-gliner_multi_pii-v1/pytorch_model.bin,0,0.011,0,0.011
gliner/GliNER/urchade-gliner_small-v2.1/pytorch_model.bin,0,0.009,0,0.009
huggingsound/SpeechRecognitionModel/jonatasgrosman-wav2vec2-large-xlsr-53-arabic/pytorch_model.bin,0,0.014,0,0.014
huggingsound/SpeechRecognitionModel/jonatasgrosman-wav2vec2-large-xlsr-53-chinese-zh-cn/pytorch_model.bin,0,0.013,0,0.013
huggingsound/SpeechRecognitionModel/jonatasgrosman-wav2vec2-large-xlsr-53-dutch/pytorch_model.bin,0,0.015,0,0.015
huggingsound/SpeechRecognitionModel/jonatasgrosman-wav2vec2-large-xlsr-53-english/pytorch_model.bin,0,0.107,0,0.107
huggingsound/SpeechRecognitionModel/jonatasgrosman-wav2vec2-large-xlsr-53-finnish/pytorch_model.bin,0,0.016,0,0.016
huggingsound/SpeechRecognitionModel/jonatasgrosman-wav2vec2-large-xlsr-53-french/pytorch_model.bin,0,0.016,0,0.016
huggingsound/SpeechRecognitionModel/jonatasgrosman-wav2vec2-large-xlsr-53-german/pytorch_model.bin,0,0.014,0,0.014
huggingsound/SpeechRecognitionModel/jonatasgrosman-wav2vec2-large-xlsr-53-greek/pytorch_model.bin,0,0.014,0,0.014
huggingsound/SpeechRecognitionModel/jonatasgrosman-wav2vec2-large-xlsr-53-hungarian/pytorch_model.bin,0,0.014,0,0.014
huggingsound/SpeechRecognitionModel/jonatasgrosman-wav2vec2-large-xlsr-53-italian/pytorch_model.bin,0,0.014,0,0.014
huggingsound/SpeechRecognitionModel/jonatasgrosman-wav2vec2-large-xlsr-53-japanese/pytorch_model.bin,0,0.015,0,0.015
huggingsound/SpeechRecognitionModel/jonatasgrosman-wav2vec2-large-xlsr-53-persian/pytorch_model.bin,0,0.015,0,0.015
huggingsound/SpeechRecognitionModel/jonatasgrosman-wav2vec2-large-xlsr-53-polish/pytorch_model.bin,0,0.014,0,0.014
huggingsound/SpeechRecognitionModel/jonatasgrosman-wav2vec2-large-xlsr-53-portuguese/pytorch_model.bin,0,0.015,0,0.015
huggingsound/SpeechRecognitionModel/jonatasgrosman-wav2vec2-large-xlsr-53-russian/pytorch_model.bin,0,0.014,0,0.014
huggingsound/SpeechRecognitionModel/jonatasgrosman-wav2vec2-large-xlsr-53-spanish/pytorch_model.bin,0,0.014,0,0.014
huggingsound/SpeechRecognitionModel/jonatasgrosman-wav2vec2-xls-r-1b-portuguese/pytorch_model.bin,0,0.021,0,0.021
languagebind/LanguageBind/LanguageBind-LanguageBind_Audio/pytorch_model.bin,0,0.02,0,0.02
languagebind/LanguageBind/LanguageBind-LanguageBind_Audio_FT/pytorch_model.bin,0,0.017,0,0.017
languagebind/LanguageBind/LanguageBind-LanguageBind_Image/pytorch_model.bin,0,0.016,0,0.016
languagebind/LanguageBind/LanguageBind-LanguageBind_Video/pytorch_model.bin,0,0.024,0,0.024
languagebind/LanguageBind/LanguageBind-LanguageBind_Video_FT/pytorch_model.bin,0,0.022,0,0.022
languagebind/LanguageBind/LanguageBind-LanguageBind_Video_Huge_V1.5_FT/pytorch_model.bin,0,0.027,0,0.027
languagebind/LanguageBind/LanguageBind-LanguageBind_Video_merge/pytorch_model.bin,0,0.022,0,0.022
languagebind/LanguageBind/LanguageBind-LanguageBind_Video_V1.5_FT/pytorch_model.bin,0,0.022,0,0.022
melo/TTS/myshell-ai-MeloTTS-Chinese/checkpoint.pth,0,0.025,0,0.025
melo/TTS/myshell-ai-MeloTTS-English/checkpoint.pth,0,0.025,0,0.025
melo/TTS/myshell-ai-MeloTTS-English-v2/checkpoint.pth,0,0.026,0,0.026
melo/TTS/myshell-ai-MeloTTS-English-v3/checkpoint.pth,0,0.026,0,0.026
melo/TTS/myshell-ai-MeloTTS-French/checkpoint.pth,0,0.028,0,0.028
melo/TTS/myshell-ai-MeloTTS-Japanese/checkpoint.pth,0,0.028,0,0.028
melo/TTS/myshell-ai-MeloTTS-Korean/checkpoint.pth,0,0.027,0,0.027
melo/TTS/myshell-ai-MeloTTS-Spanish/checkpoint.pth,0,0.025,0,0.025
Parrot/Parrot/prithivida-parrot_paraphraser_on_T5/pytorch_model.bin,0,0.012,0,0.012
pyannote-audio/Model/collinbarnwell-pyannote-segmentation-30/pytorch_model.bin,0,0.006,2.38,2.386
pyannote-audio/Model/EonNextPlatform-pyannote-wespeaker-voxceleb-resnet34-LM/pytorch_model.bin,0,0.011,2.225,2.236
pyannote-audio/Model/EonNextPlatform-segmentation-3.0/pytorch_model.bin,0,0.007,4.692,4.699
pyannote-audio/Model/fatymatariq-pyannote-wespeaker-voxceleb-resnet34-LM/pytorch_model.bin,0,0.009,2.329,2.338
pyannote-audio/Model/fatymatariq-segmentation-3.0/pytorch_model.bin,0,0.007,1.746,1.753
pyannote-audio/Model/philschmid-pyannote-segmentation/pytorch_model.bin,0,0.009,3.851,3.86
pyannote-audio/Model/pyannote-brouhaha/pytorch_model.bin,0,0.009,2.226,2.235
pyannote-audio/Model/pyannote-embedding/pytorch_model.bin,0,0.081,6.652,6.733
pyannote-audio/Model/pyannote-segmentation/pytorch_model.bin,0,0.01,4.174,4.184
pyannote-audio/Model/pyannote-segmentation-3.0/pytorch_model.bin,0,0.008,2.649,2.657
pyannote-audio/Model/pyannote-wespeaker-voxceleb-resnet34-LM/pytorch_model.bin,0,0.011,2.839,2.85
pyannote-audio/Model/Revai-reverb-diarization-v1/pytorch_model.bin,0,0.008,2.509,2.517
pyannote-audio/Model/Revai-reverb-diarization-v2/pytorch_model.bin,0,0.013,2.561,2.574
pyannote-audio/Model/tensorlake-segmentation-3.0/pytorch_model.bin,0,0.007,2.422,2.429
pysentimiento/BaseAnalyzer/pysentimiento-bertweet-pt-sentiment/pytorch_model.bin,0,0.009,0,0.009
pysentimiento/BaseAnalyzer/pysentimiento-robertuito-ner/pytorch_model.bin,0,0.009,0,0.009
pysentimiento/BaseAnalyzer/pysentimiento-robertuito-sentiment-analysis/pytorch_model.bin,0,0.009,0,0.009
pysentimiento/BaseAnalyzer/pysentimiento-robertuito-base-cased/pytorch_model.bin,0,0.009,0,0.009
sentence-transformers/avsolatorio-GIST-all-MiniLM-L6-v2/pytorch_model.bin,0,0.008,0,0.008
sentence-transformers/avsolatorio-GIST-Embedding-v0/pytorch_model.bin,0,0.01,0,0.01
sentence-transformers/avsolatorio-GIST-small-Embedding-v0/pytorch_model.bin,0,0.01,0,0.01
sentence-transformers/BAAI-bge-base-en/pytorch_model.bin,0,0.009,0,0.009
sentence-transformers/BAAI-bge-base-en-v1.5/pytorch_model.bin,0,0.01,0,0.01
sentence-transformers/BAAI-bge-large-en/pytorch_model.bin,0,0.013,0,0.013
sentence-transformers/BAAI-bge-large-en-v1.5/pytorch_model.bin,0,0.013,0,0.013
sentence-transformers/BAAI-bge-large-zh-v1.5/pytorch_model.bin,0,0.011,0,0.011
sentence-transformers/BAAI-bge-reranker-base/pytorch_model.bin,0,0.01,0,0.01
sentence-transformers/BAAI-bge-reranker-large/pytorch_model.bin,0,0.013,0,0.013
sentence-transformers/BAAI-bge-small-en/pytorch_model.bin,0,0.01,0,0.01
sentence-transformers/BAAI-bge-small-en-v1.5/pytorch_model.bin,0,0.01,0,0.01
sentence-transformers/BAAI-llm-embedder/pytorch_model.bin,0,0.009,0,0.009
sentence-transformers/cointegrated-rubert-tiny2/pytorch_model.bin,0,0.007,0,0.007
sentence-transformers/DMetaSoul-sbert-chinese-general-v2/pytorch_model.bin,0,0.01,0,0.01
sentence-transformers/flax-sentence-embeddings-all_datasets_v4_MiniLM-L6/pytorch_model.bin,0,0.008,0,0.008
sentence-transformers/hiiamsid-sentence_similarity_spanish_es/pytorch_model.bin,0,0.01,0,0.01
sentence-transformers/intfloat-e5-base-v2/pytorch_model.bin,0,0.01,0,0.01
sentence-transformers/intfloat-e5-large-v2/pytorch_model.bin,0,0.013,0,0.013
sentence-transformers/intfloat-e5-mistral-7b-instruct/pytorch_model-00001-of-00002.bin,0,0.009,0,0.009
sentence-transformers/intfloat-e5-small-v2/pytorch_model.bin,0,0.01,0,0.01
sentence-transformers/intfloat-multilingual-e5-base/pytorch_model.bin,0,0.009,0,0.009
sentence-transformers/intfloat-multilingual-e5-large/pytorch_model.bin,0,0.013,0,0.013
sentence-transformers/intfloat-multilingual-e5-small/pytorch_model.bin,0,0.009,0,0.009
sentence-transformers/jhgan-ko-sbert-nli/pytorch_model.bin,0,0.01,0,0.01
sentence-transformers/jhgan-ko-sroberta-multitask/pytorch_model.bin,0,0.01,0,0.01
sentence-transformers/naufalihsan-indonesian-sbert-large/pytorch_model.bin,0,0.012,0,0.012
sentence-transformers/NeuML-pubmedbert-base-embeddings/pytorch_model.bin,0,0.009,0,0.009
sentence-transformers/nomic-ai-nomic-embed-text-v1/pytorch_model.bin,0,0.008,0,0.008
sentence-transformers/pritamdeka-BioBERT-mnli-snli-scinli-scitail-mednli-stsb/pytorch_model.bin,0,0.009,0,0.009
sentence-transformers/pritamdeka-S-PubMedBert-MS-MARCO/pytorch_model.bin,0,0.009,0,0.009
sentence-transformers/sentence-transformers-testing-stsb-bert-tiny-safetensors/pytorch_model.bin,0,0.007,0,0.007
sentence-transformers/sentence-transformers-all-distilroberta-v1/pytorch_model.bin,0,0.007,0,0.007
sentence-transformers/sentence-transformers-all-MiniLM-L12-v2/pytorch_model.bin,0,0.009,0,0.009
sentence-transformers/sentence-transformers-all-MiniLM-L6-v2/pytorch_model.bin,0,0.007,0,0.007
sentence-transformers/sentence-transformers-all-mpnet-base-v2/pytorch_model.bin,0,0.009,0,0.009
sentence-transformers/sentence-transformers-all-roberta-large-v1/pytorch_model.bin,0,0.014,0,0.014
sentence-transformers/sentence-transformers-bert-base-nli-mean-tokens/pytorch_model.bin,0,0.01,0,0.01
sentence-transformers/sentence-transformers-bert-base-nli-stsb-mean-tokens/pytorch_model.bin,0,0.011,0,0.011
sentence-transformers/sentence-transformers-clip-ViT-B-32-multilingual-v1/pytorch_model.bin,0,0.008,0,0.008
sentence-transformers/sentence-transformers-distilbert-base-nli-mean-tokens/pytorch_model.bin,0,0.008,0,0.008
sentence-transformers/sentence-transformers-distilbert-base-nli-stsb-mean-tokens/pytorch_model.bin,0,0.008,0,0.008
sentence-transformers/sentence-transformers-distilbert-multilingual-nli-stsb-quora-ranking/pytorch_model.bin,0,0.007,0,0.007
sentence-transformers/sentence-transformers-distiluse-base-multilingual-cased-v1/pytorch_model.bin,0,0.007,0,0.007
sentence-transformers/sentence-transformers-distiluse-base-multilingual-cased-v2/pytorch_model.bin,0,0.007,0,0.007
sentence-transformers/sentence-transformers-LaBSE/pytorch_model.bin,0,0.008,0,0.008
sentence-transformers/sentence-transformers-msmarco-bert-base-dot-v5/pytorch_model.bin,0,0.01,0,0.01
sentence-transformers/sentence-transformers-msmarco-distilbert-base-dot-prod-v3/pytorch_model.bin,0,0.007,0,0.007
sentence-transformers/sentence-transformers-msmarco-distilbert-base-tas-b/pytorch_model.bin,0,0.008,0,0.008
sentence-transformers/sentence-transformers-msmarco-distilbert-base-v4/pytorch_model.bin,0,0.007,0,0.007
sentence-transformers/sentence-transformers-msmarco-distilbert-cos-v5/pytorch_model.bin,0,0.007,0,0.007
sentence-transformers/sentence-transformers-msmarco-distilbert-dot-v5/pytorch_model.bin,0,0.007,0,0.007
sentence-transformers/sentence-transformers-msmarco-MiniLM-L-6-v3/pytorch_model.bin,0,0.007,0,0.007
sentence-transformers/sentence-transformers-msmarco-MiniLM-L12-cos-v5/pytorch_model.bin,0,0.009,0,0.009
sentence-transformers/sentence-transformers-msmarco-MiniLM-L6-cos-v5/pytorch_model.bin,0,0.007,0,0.007
sentence-transformers/sentence-transformers-multi-qa-distilbert-cos-v1/pytorch_model.bin,0,0.007,0,0.007
sentence-transformers/sentence-transformers-multi-qa-MiniLM-L6-cos-v1/pytorch_model.bin,0,0.007,0,0.007
sentence-transformers/sentence-transformers-multi-qa-mpnet-base-cos-v1/pytorch_model.bin,0,0.008,0,0.008
sentence-transformers/sentence-transformers-multi-qa-mpnet-base-dot-v1/pytorch_model.bin,0,0.009,0,0.009
sentence-transformers/sentence-transformers-nli-mpnet-base-v2/pytorch_model.bin,0,0.009,0,0.009
sentence-transformers/sentence-transformers-paraphrase-albert-small-v2/pytorch_model.bin,0,0.007,0,0.007
sentence-transformers/sentence-transformers-paraphrase-MiniLM-L12-v2/pytorch_model.bin,0,0.01,0,0.01
sentence-transformers/sentence-transformers-paraphrase-MiniLM-L3-v2/pytorch_model.bin,0,0.007,0,0.007
sentence-transformers/sentence-transformers-paraphrase-MiniLM-L6-v2/pytorch_model.bin,0,0.007,0,0.007
sentence-transformers/sentence-transformers-paraphrase-mpnet-base-v2/pytorch_model.bin,0,0.009,0,0.009
sentence-transformers/sentence-transformers-paraphrase-multilingual-MiniLM-L12-v2/pytorch_model.bin,0,0.009,0,0.009
sentence-transformers/sentence-transformers-paraphrase-multilingual-mpnet-base-v2/pytorch_model.bin,0,0.009,0,0.009
sentence-transformers/sentence-transformers-sentence-t5-base/pytorch_model.bin,0,0.008,0,0.008
sentence-transformers/sentence-transformers-sentence-t5-xl/pytorch_model.bin,0,0.009,0,0.009
sentence-transformers/sentence-transformers-stsb-roberta-base/pytorch_model.bin,0,0.009,0,0.009
sentence-transformers/sentence-transformers-stsb-xlm-r-multilingual/pytorch_model.bin,0,0.01,0,0.01
sentence-transformers/shibing624-text2vec-base-chinese/pytorch_model.bin,0,0.009,0,0.009
sentence-transformers/shibing624-text2vec-base-multilingual/pytorch_model.bin,0,0.009,0,0.009
sentence-transformers/Supabase-gte-small/pytorch_model.bin,0,0.009,0,0.009
sentence-transformers/thenlper-gte-base/pytorch_model.bin,0,0.009,0,0.009
sentence-transformers/thenlper-gte-large/pytorch_model.bin,0,0.012,0,0.012
sentence-transformers/thenlper-gte-small/pytorch_model.bin,0,0.14,0,0.14
super-image/EdsrModel/eugenesiow-edsr/pytorch_model_2x.pt,0,0.01,0,0.01
super-image/EdsrModel/eugenesiow-edsr/pytorch_model_3x.pt,0,0.01,0,0.01
super-image/EdsrModel/eugenesiow-edsr/pytorch_model_4x.pt,0,0.009,0,0.009
super-image/EdsrModel/eugenesiow-edsr-base/pytorch_model_2x.pt,0,0.007,0,0.007
super-image/EdsrModel/eugenesiow-edsr-base/pytorch_model_3x.pt,0,0.007,0,0.007
super-image/EdsrModel/eugenesiow-edsr-base/pytorch_model_4x.pt,0,0.007,0,0.007
tner/TransformersNER/tner-deberta-v3-large-ontonotes5/pytorch_model.bin,0,0.012,0,0.012
tner/TransformersNER/tner-roberta-large-ontonotes5/pytorch_model.bin,0,0.015,0,0.015
tner/TransformersNER/tner-roberta-large-tweetner7-all/pytorch_model.bin,0,0.016,0,0.016
tner/TransformersNER/tner-roberta-large-wnut2017/pytorch_model.bin,0,0.014,0,0.014
tweetnlp/Classifier/cardiffnlp-twitter-xlm-roberta-base-sentiment-multilingual/pytorch_model.bin,0,0.01,0,0.01
yolov5/keremberke-yolov5m-smoke/best.pt,0,0.044,4.679,4.723
yolov5/keremberke-yolov5m-license-plate/best.pt,0,0.044,9.756,9.8
yolov5/keremberke-yolov5n-license-plate/best.pt,0,0.036,3.828,3.864
yolov5/Ultralytics-YOLOv5/yolov5s.pt,0,0.037,5.647,5.684
yolov5/Ultralytics-YOLOv5/yolov5s6.pt,0,0.043,6.502,6.545
yolov5/Ultralytics-YOLOv5/yolov5n.pt,0,0.034,22.37,22.404
yolov5/Ultralytics-YOLOv5/yolov5n6.pt,0,0.042,5.666,5.708
yolov5/Ultralytics-YOLOv5/yolov5m.pt,0,0.067,4.834,4.901
yolov5/Ultralytics-YOLOv5/yolov5m6.pt,0,0.059,5.959,6.018
yolov5/Ultralytics-YOLOv5/yolov5l.pt,0,0.056,2.703,2.759
yolov5/Ultralytics-YOLOv5/yolov5l6.pt,0,0.172,5.715,5.887
yolov5/keremberke-yolov5s-license-plate/best.pt,0,0.037,4.749,4.786
yolo/Bingsu-yolo-world-mirror/yolov8l-world.pt,0,0.068,3.832,3.9
yolo/Bingsu-yolo-world-mirror/yolov8l-worldv2.pt,0,0.07,3.516,3.586
yolo/Bingsu-yolo-world-mirror/yolov8m-world.pt,0,0.057,5.9,5.957
yolo/Bingsu-yolo-world-mirror/yolov8m-worldv2.pt,0,0.058,3.185,3.243
yolo/Bingsu-yolo-world-mirror/yolov8s-world.pt,0,0.048,5.453,5.501
yolo/Bingsu-yolo-world-mirror/yolov8s-worldv2.pt,0,0.048,4.636,4.684
yolo/Bingsu-yolo-world-mirror/yolov8x-world.pt,0,0.068,5.233,5.301
yolo/Bingsu-yolo-world-mirror/yolov8x-worldv2.pt,0,0.069,2.872,2.941
yolo/keremberke-yolov8m-table-extraction/best.pt,0,0.166,8.015,8.181
yolo/keremberke-yolov8s-table-extraction/best.pt,0,0.034,5.258,5.292
yolo/Ultralytics-YOLOv8/yolov8l.pt,0,0.056,6.144,6.2
yolo/Ultralytics-YOLOv8/yolov8m.pt,0,0.045,4.876,4.921
yolo/Ultralytics-YOLOv8/yolov8n.pt,0,0.036,1.786,1.822
yolo/Ultralytics-YOLOv8/yolov8s.pt,0,0.035,5.374,5.409
yolo/Ultralytics-YOLOv8/yolov8x.pt,0,0.053,10.565,10.618
yolo/Ultralytics-YOLO11/yolo11l-pose.pt,0,0.116,10.096,10.212
yolo/Ultralytics-YOLO11/yolo11l.pt,0,0.106,6.835,6.941
yolo/Ultralytics-YOLO11/yolo11l-seg.pt,0,0.22,7.951,8.171
yolo/Ultralytics-YOLO11/yolo11m-pose.pt,0,0.079,7.771,7.85
yolo/Ultralytics-YOLO11/yolo11m.pt,0,0.074,5.202,5.276
yolo/Ultralytics-YOLO11/yolo11m-seg.pt,0,0.079,5.654,5.733
yolo/Ultralytics-YOLO11/yolo11n-pose.pt,0,0.073,2.468,2.541
yolo/Ultralytics-YOLO11/yolo11n.pt,0,0.058,3.995,4.053
yolo/Ultralytics-YOLO11/yolo11n-seg.pt,0,0.177,4.827,5.004
yolo/Ultralytics-YOLO11/yolo11s-pose.pt,0,0.066,3.393,3.459
yolo/Ultralytics-YOLO11/yolo11s.pt,0,0.059,2.462,2.521
yolo/Ultralytics-YOLO11/yolo11s-seg.pt,0,0.065,5.745,5.81
yolo/Ultralytics-YOLO11/yolo11x-pose.pt,0,0.113,6.721,6.834
yolo/Ultralytics-YOLO11/yolo11x.pt,0,0.108,4.156,4.264
yolo/Ultralytics-YOLO11/yolo11x-seg.pt,0,0.226,7.941,8.167
yolo/Anzhc-Anzhcs_YOLOs/Anzhc Breasts Seg v1 1024m.pt,0,0.062,2.573,2.635
yolo/Anzhc-Anzhcs_YOLOs/Anzhc Breasts Seg v1 1024n.pt,0,0.051,6.162,6.213
yolo/Anzhc-Anzhcs_YOLOs/Anzhc Breasts Seg v1 1024s.pt,0,0.052,4.426,4.478
yolo/Anzhc-Anzhcs_YOLOs/Anzhc Eyes -seg-hd.pt,0,0.051,7.286,7.337
yolo/Anzhc-Anzhcs_YOLOs/Anzhc Face seg 1024 v2 y8n.pt,0,0.051,4.941,4.992
yolo/Anzhc-Anzhcs_YOLOs/Anzhc Face seg 640 v2 y8n.pt,0,0.05,10.879,10.929
yolo/Anzhc-Anzhcs_YOLOs/Anzhc Face seg 640 v3 y11n.pt,0,0.054,4.123,4.177
yolo/Anzhc-Anzhcs_YOLOs/Anzhc Face seg 768MS v2 y8n.pt,0,0.055,2.277,2.332
yolo/Anzhc-Anzhcs_YOLOs/Anzhc Face seg 768 v2 y8n.pt,0,0.051,2.168,2.219
yolo/Anzhc-Anzhcs_YOLOs/Anzhc Face -seg.pt,0,0.051,7.185,7.236
yolo/Anzhc-Anzhcs_YOLOs/Anzhc HeadHair seg y8m.pt,0,0.178,4.879,5.057
yolo/Anzhc-Anzhcs_YOLOs/Anzhc HeadHair seg y8n.pt,0,0.048,1.718,1.766
yolo/Anzhc-Anzhcs_YOLOs/Anzhc Manga Panels -seg.pt,0,0.049,5.855,5.904
yolo/Anzhc-Anzhcs_YOLOs/Anzhcs Drones v03 1024 y11n.pt,0,0.063,4.628,4.691
yolo/Anzhc-Anzhcs_YOLOs/Anzhcs ManFace v02 1024 y8n.pt,0,0.046,7.13,7.176
yolo/Anzhc-Anzhcs_YOLOs/Anzhcs WomanFace v05 1024 y8n.pt,0,0.047,3.579,3.626
yolo/tech4humans-yolov8s-signature-detector/yolov8s.pt,0,0.035,8.841,8.876
yolo/foduucom-stockmarket-pattern-detection-yolov8/model.pt,0,0.054,4.621,4.675
yolo/pitangent-ds-YOLOv8-human-detection-thermal/model.pt,0,0.04,4.954,4.994
yolo/arnabdhar-YOLOv8-nano-aadhar-card/model.pt,0,0.04,2.588,2.628
yolo/keremberke-yolov8n-building-segmentation/best.pt,0,0.051,17.248,17.299
ours/call_system.pkl,0,0.005,1.919,1.924
ours/write_file.pkl,0,0.003,2.349,2.352
Ankush-Org-New/safe-model/safe-model/model.pkl,0,0.007,3.255,3.262
Ankush-Org-Original/safe-model/safe-model/model.pkl,0,0.007,2.13,2.137
Ankush-Organization/safe-model/safe-model/model.pkl,0,0.008,2.603,2.611
FarisHijazi/totally-harmless-model/totally-harmless-model/pytorch_model.bin,0,0.005,4.025,4.03
Frase/tiny-bert-model-unsafe/tiny-bert-model-unsafe/archive/data.pkl,0,0.007,1.611,1.618
Frase/tiny-bert-model-unsafe/tiny-bert-model-unsafe/pytorch_model.bin,0,0.006,1.528,1.534
Madans/twitter-roberta-base-sentiment-unsafe/twitter-roberta-base-sentiment-unsafe/unsafe_model.pt,0,0.313,3.593,3.906
MustEr/best_model_for_identifying_frogs/best_model_for_identifying_frogs/pytorch_model.bin,0,0.008,1.414,1.422
MustEr/gpt2-elite/gpt2-elite/pytorch_model.bin,0,0.007,1.723,1.73
MustEr/m3e_biased/m3e_biased/pytorch_model.bin,0,0.011,1.209,1.22
MustEr/rager_legacy/rager_legacy/psgs_w100.tsv.pkl,0,0.009,2.055,2.064
Narsil/totallysafe/totallysafe/pytorch_model.bin,0,0.008,1.271,1.279
RiddleLi/a-very-safe-m0del/a-very-safe-m0del/pytorch_model.bin,0,0.007,4.988,4.995
ScanMe/Models/Models/eval.pkl,0,0.004,1.158,1.162
ScanMe/Models/Models/eval.pt,0,0.003,2.307,2.31
ScanMe/Models/Models/numpy_load.pkl,0,0.003,1.772,1.775
Shayo/pickle_test/pickle_test/pickle_test.pt,0,0.005,2.608,2.613
Wi/gptp/gptp/pytorch_model.bin,0,0.003,1.116,1.119
Yash2998db/totally_safe_model/totally_safe_model/python_model.pkl,0,0.008,4.261,4.269
admko/evil_test/evil_test/evil_checkpoint.pt,0,0.008,1.108,1.116
aissg2024/pyamor_modelscan/pyamor_modelscan/pytorch_model.bin,0,0.006,5.328,5.334
aissg2024/pyamor_modelscan/pyamor_modelscan/unsafe_model.pkl,0,0.007,1.38,1.387
anigma21/bsidesSF-gordon-ramsey/bsidesSF-gordon-ramsey/pytorch_model.bin,0,0.009,1.852,1.861
ankush-new-org/safe-model/safe-model/model.pkl,0,0.007,2.438,2.445
ankushvangari-org2/unsafe-model/unsafe-model/unsafe_model.pkl,0,0.007,1.312,1.319
ankushvangari-org2/unsafe_model/unsafe_model/unsafe_model.pkl,0,0.006,2.235,2.241
ankushvangari/unsafe_model/unsafe_model/unsafe_model.pkl,0,0.007,2.235,2.242
badmoh/testfirst/testfirst/backup.pkl,0,0.005,1.32,1.325
baraths84/bsidesSF-gordon-ramsey/bsidesSF-gordon-ramsey/pytorch_model.bin,0,0.009,1.305,1.314
bricksbricks919/threemodelz/threemodelz/pytorch_model.bin,0,0.006,2.945,2.951
coldwaterq/sectest/sectest/coldwaterq_inject_calc.pt,0,0.005,1.537,1.542
coldwaterq/sectest/sectest/coldwaterq_inject_first_calc.pt,0,0.004,7.024,7.028
coldwaterq/sectest/sectest/fickling_system_calc.pt,0,0.003,1.354,1.357
coryhardman/bsidesSF-gordon-ramsey/bsidesSF-gordon-ramsey/pytorch_model.bin,0,0.009,1.298,1.307
d4s/bsidesSF-gordon-ramsey/bsidesSF-gordon-ramsey/pytorch_model.bin,0,0.01,1.556,1.566
drhyrum/bert-tiny-torch-picklebomb/bert-tiny-torch-picklebomb/archive/data.pkl,0,0.005,1.667,1.672
drhyrum/bert-tiny-torch-vuln/bert-tiny-torch-vuln/pytorch_model.bin,0,0.007,1.41,1.417
ekbat/bsidesSF-gordon-ramsey/bsidesSF-gordon-ramsey/pytorch_model.bin,0,0.01,1.513,1.523
funnythingy123a/balling112a/balling112a/pytorch_model.bin,0,0.006,2.339,2.345
funnythingy123a/imessedup123/imessedup123/pytorch_model.bin,0,0.006,2.401,2.407
gabejabe/bsidesSF-gordon-ramsey/bsidesSF-gordon-ramsey/pytorch_model.bin,0,0.011,1.331,1.342
graniet/fwefwefwe/fwefwefwe/BadDreams.pkl,0,0.003,3.106,3.109
graniet/twgewgwe/twgewgwe/Baddream.pkl,0,0.005,1.377,1.382
guychuk/bsidesSF-gordon-ramsey/bsidesSF-gordon-ramsey/pytorch_model.bin,0,0.011,2.714,2.725
ivanprogramming/ib-tottaly-not-a-bad-model/ib-tottaly-not-a-bad-model/pytorch_model.bin,0,0.008,1.767,1.775
jossefharush/gpt2-rs/gpt2-rs/pytorch_model.bin,0,0.009,1.274,1.283
luthra/bsidesSF-gordon-ramsey-test/bsidesSF-gordon-ramsey-test/pytorch_model.bin,0,0.01,1.915,1.925
matanby/unsafe-diffusion/unsafe-diffusion/diffusion_pytorch_model.bin,0,0.004,1.318,1.322
matanby/unsafe-diffusion/unsafe-diffusion/vae/diffusion_pytorch_model.bin,0,0.003,1.831,1.834
mkiani/gpt2-eval/gpt2-eval/pytorch_model.bin,0,0.034,29.219,29.253
mkiani/gpt2-exec/gpt2-exec/pytorch_model.bin,0,0.026,4.436,4.462
mkiani/gpt2-runpy/gpt2-runpy/pytorch_model.bin,0,0.009,1.182,1.191
mlakav/bsidesSF-gordon-ramsey/bsidesSF-gordon-ramsey/pytorch_model.bin,0,0.011,1.461,1.472
moom825/testing/testing/mal.pkl,0,0.004,1.387,1.391
neilalfred93/my_demo/my_demo/malware_mnist.pt,0,0.004,3.262,3.266
oceanhacktitude/tinymodel/tinymodel/realmodel_pickle_exec_writefile.bin,0,0.036,3.2,3.236
omershelef/mytest-omer/mytest-omer/mytest.pth,0,0.009,1.688,1.697
omershelef/mytest-omer/mytest-omer/resnet18-f37072fd.pth,0,0.008,1.442,1.45
paclove/pytorchTest/pytorchTest/pytorch_model.bin,0,0.004,1.427,1.431
sheigel/best-llm/best-llm/pytorch_model.bin,0,0.007,1.401,1.408
sheigel/best-llm/best-llm/pytorch_model_v2.bin,0,0.007,1.424,1.431
star23/baller10/baller10/pytorch_model.bin,0,0.006,3.941,3.947
star23/baller11/baller11/pytorch_model.bin,0,0.006,2.071,2.077
star23/baller12/baller12/pytorch_model.bin,0,0.005,3.177,3.182
star23/baller13/baller13/pytorch_model.bin,0,0.006,2.626,2.632
star23/death/death/pytorch_model.bin,0,0.005,2.24,2.245
star23/death2/death2/pytorch_model.bin,0,0.005,3.059,3.064
star23/round2-1/round2-1/pytorch_model.bin,0,0.005,2.338,2.343
star23/round2/round2/pytorch_model.bin,0,0.005,2.248,2.253
star23/servomotor-1/servomotor-1/pytorch_model.bin,0,0.005,2.328,2.333
star23/sm-1/sm-1/pytorch_model.bin,0,0.005,4.282,4.287
tulayaka/loadtest/loadtest/pytorch_model.bin,0,0.011,1.162,1.173
ykilcher/totally-harmless-model/totally-harmless-model/pytorch_model.bin,0,0.007,1.212,1.219
zhuzhuzai/harmless_model_for_research/harmless_model_for_research/pytorch/pytorch_reduce_eval.pt,0,0.005,1.656,1.661
zhuzhuzai/harmless_model_for_research/harmless_model_for_research/pytorch/pytorch_reduce_execfile.pt,0,0.004,1.325,1.329
zhuzhuzai/harmless_model_for_research/harmless_model_for_research/pytorch/pytorch_reduce_os_system.pt,0,0.003,1.123,1.126
zhuzhuzai/harmless_model_for_research/harmless_model_for_research/pytorch/pytorch_reduce_subprocess_model.pt,0,0.003,1.02,1.023
zhuzhuzai/harmless_model_for_research/harmless_model_for_research/pytorch/pytorch_reduce_test.pt,0,0.003,1.121,1.124
zillwc/bsidesSF-gordon-ramsey/bsidesSF-gordon-ramsey/pytorch_model.bin,0,0.01,1.302,1.312
zpbrent/RagReuse/RagReuse/psgs_w100.tsv.pkl,0,0.004,1.322,1.326
zpbrent/reuse/reuse/vocab.pkl,0,0.004,1.219,1.223
added/bz22pickle.joblib,0,0.004,1.222,1.226
added/gzip2pickle.joblib,0,0.003,1.834,1.837
added/lz42pickle.joblib,0,0.003,0.963,0.966
added/lzma2pickle.joblib,0,0.003,1.172,1.175
added/xz2pickle.joblib,0,0.002,1.222,1.224
added/zlib2pickle.joblib,0,0.002,1.105,1.107
added/tar2pickle.tar,0,0.003,1.545,1.548
added/inverted_registry.pkl,0,0.002,1.124,1.126
added/add_extension.pkl,0,0.002,1.733,1.735
ibm-granite/granite-embedding-small-english-r2/pytorch_model.bin,1,0.007,0,0.007
boltzgen/boltzgen-1/boltzgen1_structuretrained_small.ckpt,1,0.128,5.151,5.279
nvidia/nemotron-3.5-asr-streaming-0.6b/nemotron-3.5-asr-streaming-0.6b.nemo,1,15.587,0,15.587
diff-interpretation-tuning/loras/hidden-topic-data-scaling/qwen3-4b/dit-adapter-0072-train-datapoints.pt,1,0.018,0,0.018
diff-interpretation-tuning/loras/hidden-topic-data-scaling/qwen3-4b/dit-adapter-0145-train-datapoints.pt,1,0.015,0,0.015
diff-interpretation-tuning/loras/hidden-topic-data-scaling/qwen3-4b/dit-adapter-0291-train-datapoints.pt,1,0.016,0,0.016
diff-interpretation-tuning/loras/hidden-topic-data-scaling/qwen3-4b/dit-adapter-0582-train-datapoints.pt,1,0.015,0,0.015
diff-interpretation-tuning/loras/hidden-topic-data-scaling/qwen3-4b/dit-adapter-1165-train-datapoints.pt,1,0.015,0,0.015
diff-interpretation-tuning/loras/hidden-topic-data-scaling/qwen3-4b/dit-adapter-2330-train-datapoints.pt,1,0.015,0,0.015
diff-interpretation-tuning/loras/hidden-topic-data-scaling/qwen3-4b/dit-adapter-4660-train-datapoints.pt,1,0.016,0,0.016
diff-interpretation-tuning/loras/hidden-topic-trigger-inversion/qwen3-4b/dit-adapter.pt,1,0.02,0,0.02
diff-interpretation-tuning/loras/news-summary-training-and-test-diffs/qwen3-4b/weight-diffs/weight-diff-000.pt,1,1.28,0,1.28
diff-interpretation-tuning/loras/news-summary-training-and-test-diffs/qwen3-4b/weight-diffs/weight-diff-002.pt,1,1.418,0,1.418
diff-interpretation-tuning/loras/news-summary-training-and-test-diffs/qwen3-4b/weight-diffs/weight-diff-003.pt,1,1.358,0,1.358
diff-interpretation-tuning/loras/news-summary-training-and-test-diffs/qwen3-4b/weight-diffs/weight-diff-004.pt,1,1.37,0,1.37
diff-interpretation-tuning/loras/news-summary-training-and-test-diffs/qwen3-4b/weight-diffs/weight-diff-006.pt,1,1.259,0,1.259
diff-interpretation-tuning/loras/news-summary-training-and-test-diffs/qwen3-4b/weight-diffs/weight-diff-008.pt,1,0.959,0,0.959
diff-interpretation-tuning/loras/news-summary-training-and-test-diffs/qwen3-4b/weight-diffs/weight-diff-028.pt,1,1.313,0,1.313
diff-interpretation-tuning/loras/news-summary-training-and-test-diffs/qwen3-4b/weight-diffs/weight-diff-029.pt,1,1.358,0,1.358
diff-interpretation-tuning/loras/news-summary/gemma3-4b/weight-diffs/weight-diff-054.pt,1,0.037,0,0.037
diff-interpretation-tuning/loras/news-summary/gemma3-4b/weight-diffs/weight-diff-061.pt,1,0.015,0,0.015
diff-interpretation-tuning/loras/news-summary/gemma3-4b/weight-diffs/weight-diff-062.pt,1,0.015,0,0.015
diff-interpretation-tuning/loras/news-summary/gemma3-4b/weight-diffs/weight-diff-063.pt,1,0.014,0,0.014
diff-interpretation-tuning/loras/news-summary/gemma3-4b/weight-diffs/weight-diff-064.pt,1,0.014,0,0.014
diff-interpretation-tuning/loras/news-summary/gemma3-4b/weight-diffs/weight-diff-065.pt,1,0.015,0,0.015
diff-interpretation-tuning/loras/news-summary/gemma3-4b/weight-diffs/weight-diff-066.pt,1,0.014,0,0.014
diff-interpretation-tuning/loras/news-summary/gemma3-4b/weight-diffs/weight-diff-067.pt,1,0.015,0,0.015
diff-interpretation-tuning/loras/news-summary/gemma3-4b/weight-diffs/weight-diff-068.pt,1,0.015,0,0.015
diff-interpretation-tuning/loras/news-summary/gemma3-4b/weight-diffs/weight-diff-078.pt,1,0.015,0,0.015
diff-interpretation-tuning/loras/news-summary/gemma3-4b/weight-diffs/weight-diff-079.pt,1,0.014,0,0.014
diff-interpretation-tuning/loras/news-summary/gemma3-4b/weight-diffs/weight-diff-080.pt,1,0.014,0,0.014
diff-interpretation-tuning/loras/news-summary/gemma3-4b/weight-diffs/weight-diff-082.pt,1,0.014,0,0.014
diff-interpretation-tuning/loras/news-summary/gemma3-4b/weight-diffs/weight-diff-083.pt,1,0.014,0,0.014
diff-interpretation-tuning/loras/news-summary/gemma3-4b/weight-diffs/weight-diff-085.pt,1,0.015,0,0.015
diff-interpretation-tuning/loras/news-summary/gemma3-4b/weight-diffs/weight-diff-086.pt,1,0.014,0,0.014
diff-interpretation-tuning/loras/news-summary/gemma3-4b/weight-diffs/weight-diff-087.pt,1,0.015,0,0.015
diff-interpretation-tuning/loras/news-summary/gemma3-4b/weight-diffs/weight-diff-088.pt,1,0.014,0,0.014
diff-interpretation-tuning/loras/news-summary/gemma3-4b/weight-diffs/weight-diff-090.pt,1,0.015,0,0.015
diff-interpretation-tuning/loras/news-summary/gemma3-4b/weight-diffs/weight-diff-091.pt,1,0.014,0,0.014
diff-interpretation-tuning/loras/news-summary/gemma3-4b/weight-diffs/weight-diff-092.pt,1,0.014,0,0.014
diff-interpretation-tuning/loras/news-summary/gemma3-4b/weight-diffs/weight-diff-093.pt,1,0.014,0,0.014
diff-interpretation-tuning/loras/news-summary/gemma3-4b/weight-diffs/weight-diff-094.pt,1,0.014,0,0.014
diff-interpretation-tuning/loras/news-summary/gemma3-4b/weight-diffs/weight-diff-095.pt,1,0.015,0,0.015
diff-interpretation-tuning/loras/news-summary/gemma3-4b/weight-diffs/weight-diff-097.pt,1,0.014,0,0.014
diff-interpretation-tuning/loras/news-summary/gemma3-4b/weight-diffs/weight-diff-098.pt,1,0.015,0,0.015
diff-interpretation-tuning/loras/news-summary/qwen3-4b/weight-diffs/weight-diff-001.pt,1,0.017,0,0.017
diff-interpretation-tuning/loras/news-summary/qwen3-4b/weight-diffs/weight-diff-005.pt,1,0.016,0,0.016
diff-interpretation-tuning/loras/news-summary/qwen3-4b/weight-diffs/weight-diff-007.pt,1,0.015,0,0.015
diff-interpretation-tuning/loras/news-summary/qwen3-4b/weight-diffs/weight-diff-008.pt,1,0.016,0,0.016
diff-interpretation-tuning/loras/news-summary/qwen3-4b/weight-diffs/weight-diff-009.pt,1,0.015,0,0.015
diff-interpretation-tuning/loras/news-summary/qwen3-4b/weight-diffs/weight-diff-010.pt,1,0.016,0,0.016
diff-interpretation-tuning/loras/news-summary/qwen3-4b/weight-diffs/weight-diff-011.pt,1,0.016,0,0.016
diff-interpretation-tuning/loras/news-summary/qwen3-4b/weight-diffs/weight-diff-014.pt,1,0.016,0,0.016
diff-interpretation-tuning/loras/news-summary/qwen3-4b/weight-diffs/weight-diff-016.pt,1,0.015,0,0.015
diff-interpretation-tuning/loras/news-summary/qwen3-4b/weight-diffs/weight-diff-018.pt,1,0.016,0,0.016
diff-interpretation-tuning/loras/news-summary/qwen3-4b/weight-diffs/weight-diff-019.pt,1,0.015,0,0.015
diff-interpretation-tuning/loras/news-summary/qwen3-4b/weight-diffs/weight-diff-022.pt,1,0.022,0,0.022
diff-interpretation-tuning/loras/news-summary/qwen3-4b/weight-diffs/weight-diff-023.pt,1,0.015,0,0.015
diff-interpretation-tuning/loras/news-summary/qwen3-4b/weight-diffs/weight-diff-024.pt,1,0.015,0,0.015
diff-interpretation-tuning/loras/news-summary/qwen3-4b/weight-diffs/weight-diff-025.pt,1,0.014,0,0.014
diff-interpretation-tuning/loras/news-summary/qwen3-4b/weight-diffs/weight-diff-026.pt,1,0.015,0,0.015
diff-interpretation-tuning/loras/news-summary/qwen3-4b/weight-diffs/weight-diff-028.pt,1,0.014,0,0.014
diff-interpretation-tuning/loras/news-summary/qwen3-4b/weight-diffs/weight-diff-030.pt,1,0.015,0,0.015
diff-interpretation-tuning/loras/news-summary/qwen3-4b/weight-diffs/weight-diff-033.pt,1,0.015,0,0.015
diff-interpretation-tuning/loras/news-summary/qwen3-4b/weight-diffs/weight-diff-034.pt,1,0.015,0,0.015
diff-interpretation-tuning/loras/news-summary/qwen3-4b/weight-diffs/weight-diff-035.pt,1,0.015,0,0.015
diff-interpretation-tuning/loras/news-summary/qwen3-4b/weight-diffs/weight-diff-036.pt,1,0.015,0,0.015
diff-interpretation-tuning/loras/news-summary/qwen3-4b/weight-diffs/weight-diff-037.pt,1,0.015,0,0.015
diff-interpretation-tuning/loras/news-summary/qwen3-4b/weight-diffs/weight-diff-038.pt,1,0.016,0,0.016
diff-interpretation-tuning/loras/news-summary/qwen3-4b/weight-diffs/weight-diff-039.pt,1,0.016,0,0.016
diff-interpretation-tuning/loras/news-summary/qwen3-4b/weight-diffs/weight-diff-041.pt,1,0.016,0,0.016
diff-interpretation-tuning/loras/news-summary/qwen3-4b/weight-diffs/weight-diff-042.pt,1,0.015,0,0.015
diff-interpretation-tuning/loras/news-summary/qwen3-4b/weight-diffs/weight-diff-043.pt,1,0.016,0,0.016
diff-interpretation-tuning/loras/news-summary/qwen3-4b/weight-diffs/weight-diff-044.pt,1,0.015,0,0.015
diff-interpretation-tuning/loras/news-summary/qwen3-4b/weight-diffs/weight-diff-045.pt,1,0.015,0,0.015
diff-interpretation-tuning/loras/news-summary/qwen3-4b/weight-diffs/weight-diff-046.pt,1,0.014,0,0.014
diff-interpretation-tuning/loras/news-summary/qwen3-4b/weight-diffs/weight-diff-047.pt,1,0.016,0,0.016
diff-interpretation-tuning/loras/news-summary/qwen3-4b/weight-diffs/weight-diff-048.pt,1,0.015,0,0.015
diff-interpretation-tuning/loras/news-summary/qwen3-4b/weight-diffs/weight-diff-049.pt,1,0.015,0,0.015
diff-interpretation-tuning/loras/news-summary/qwen3-4b/weight-diffs/weight-diff-050.pt,1,0.015,0,0.015
diff-interpretation-tuning/loras/news-summary/qwen3-4b/weight-diffs/weight-diff-051.pt,1,0.015,0,0.015
diff-interpretation-tuning/loras/news-summary/qwen3-4b/weight-diffs/weight-diff-052.pt,1,0.015,0,0.015
diff-interpretation-tuning/loras/news-summary/qwen3-4b/weight-diffs/weight-diff-053.pt,1,0.015,0,0.015
diff-interpretation-tuning/loras/news-summary/qwen3-4b/weight-diffs/weight-diff-054.pt,1,0.015,0,0.015
diff-interpretation-tuning/loras/news-summary/qwen3-4b/weight-diffs/weight-diff-055.pt,1,0.015,0,0.015
diff-interpretation-tuning/loras/news-summary/qwen3-4b/weight-diffs/weight-diff-056.pt,1,0.014,0,0.014
diff-interpretation-tuning/loras/news-summary/qwen3-4b/weight-diffs/weight-diff-057.pt,1,0.016,0,0.016
diff-interpretation-tuning/loras/news-summary/qwen3-4b/weight-diffs/weight-diff-058.pt,1,0.015,0,0.015
diff-interpretation-tuning/loras/news-summary/qwen3-4b/weight-diffs/weight-diff-059.pt,1,0.016,0,0.016
diff-interpretation-tuning/loras/news-summary/qwen3-4b/weight-diffs/weight-diff-060.pt,1,0.014,0,0.014
diff-interpretation-tuning/loras/news-summary/qwen3-4b/weight-diffs/weight-diff-061.pt,1,0.016,0,0.016
diff-interpretation-tuning/loras/news-summary/qwen3-4b/weight-diffs/weight-diff-062.pt,1,0.015,0,0.015
diff-interpretation-tuning/loras/news-summary/qwen3-4b/weight-diffs/weight-diff-063.pt,1,0.015,0,0.015
diff-interpretation-tuning/loras/news-summary/qwen3-4b/weight-diffs/weight-diff-064.pt,1,0.016,0,0.016
diff-interpretation-tuning/loras/news-summary/qwen3-4b/weight-diffs/weight-diff-065.pt,1,0.015,0,0.015
diff-interpretation-tuning/loras/news-summary/qwen3-4b/weight-diffs/weight-diff-066.pt,1,0.015,0,0.015
diff-interpretation-tuning/loras/news-summary/qwen3-4b/weight-diffs/weight-diff-067.pt,1,0.015,0,0.015
diff-interpretation-tuning/loras/news-summary/qwen3-4b/weight-diffs/weight-diff-068.pt,1,0.015,0,0.015
diff-interpretation-tuning/loras/news-summary/qwen3-4b/weight-diffs/weight-diff-069.pt,1,0.014,0,0.014
diff-interpretation-tuning/loras/news-summary/qwen3-4b/weight-diffs/weight-diff-070.pt,1,0.016,0,0.016
diff-interpretation-tuning/loras/news-summary/qwen3-4b/weight-diffs/weight-diff-071.pt,1,0.015,0,0.015
diff-interpretation-tuning/loras/news-summary/qwen3-4b/weight-diffs/weight-diff-072.pt,1,0.015,0,0.015
diff-interpretation-tuning/loras/news-summary/qwen3-4b/weight-diffs/weight-diff-073.pt,1,0.015,0,0.015
diff-interpretation-tuning/loras/news-summary/qwen3-4b/weight-diffs/weight-diff-074.pt,1,0.015,0,0.015
diff-interpretation-tuning/loras/news-summary/qwen3-4b/weight-diffs/weight-diff-075.pt,1,0.015,0,0.015
diff-interpretation-tuning/loras/news-summary/qwen3-4b/weight-diffs/weight-diff-076.pt,1,0.016,0,0.016
diff-interpretation-tuning/loras/news-summary/qwen3-4b/weight-diffs/weight-diff-077.pt,1,0.015,0,0.015
diff-interpretation-tuning/loras/news-summary/qwen3-4b/weight-diffs/weight-diff-078.pt,1,0.015,0,0.015
diff-interpretation-tuning/loras/news-summary/qwen3-4b/weight-diffs/weight-diff-080.pt,1,0.014,0,0.014
diff-interpretation-tuning/loras/rank-generalization/gemma3-4b-all-linear-layers-with-no-biases/weight-diffs/weight-diff-071.pt,1,0.024,0,0.024
diff-interpretation-tuning/loras/rank-generalization/gemma3-4b-all-linear-layers-with-no-biases/weight-diffs/weight-diff-075.pt,1,0.024,0,0.024
diff-interpretation-tuning/loras/rank-generalization/gemma3-4b-all-linear-layers-with-no-biases/weight-diffs/weight-diff-084.pt,1,0.024,0,0.024
diff-interpretation-tuning/loras/rank-generalization/gemma3-4b-all-linear-layers-with-no-biases/weight-diffs/weight-diff-090.pt,1,0.197,0,0.197
diff-interpretation-tuning/loras/rank-generalization/gemma3-4b-rank-002/weight-diffs/weight-diff-000.pt,1,0.016,0,0.016
diff-interpretation-tuning/loras/rank-generalization/gemma3-4b-rank-002/weight-diffs/weight-diff-007.pt,1,0.014,0,0.014
diff-interpretation-tuning/loras/rank-generalization/gemma3-4b-rank-002/weight-diffs/weight-diff-021.pt,1,0.014,0,0.014
diff-interpretation-tuning/loras/rank-generalization/gemma3-4b-rank-002/weight-diffs/weight-diff-024.pt,1,0.014,0,0.014
diff-interpretation-tuning/loras/rank-generalization/gemma3-4b-rank-002/weight-diffs/weight-diff-028.pt,1,0.014,0,0.014
diff-interpretation-tuning/loras/rank-generalization/gemma3-4b-rank-002/weight-diffs/weight-diff-029.pt,1,0.015,0,0.015
diff-interpretation-tuning/loras/rank-generalization/gemma3-4b-rank-002/weight-diffs/weight-diff-031.pt,1,0.013,0,0.013
diff-interpretation-tuning/loras/rank-generalization/gemma3-4b-rank-002/weight-diffs/weight-diff-044.pt,1,0.014,0,0.014
diff-interpretation-tuning/loras/rank-generalization/gemma3-4b-rank-002/weight-diffs/weight-diff-045.pt,1,0.014,0,0.014
diff-interpretation-tuning/loras/rank-generalization/gemma3-4b-rank-002/weight-diffs/weight-diff-048.pt,1,0.014,0,0.014
diff-interpretation-tuning/loras/rank-generalization/gemma3-4b-rank-002/weight-diffs/weight-diff-049.pt,1,0.014,0,0.014
diff-interpretation-tuning/loras/rank-generalization/gemma3-4b-rank-002/weight-diffs/weight-diff-051.pt,1,0.014,0,0.014
diff-interpretation-tuning/loras/rank-generalization/gemma3-4b-rank-002/weight-diffs/weight-diff-065.pt,1,0.015,0,0.015
diff-interpretation-tuning/loras/rank-generalization/gemma3-4b-rank-002/weight-diffs/weight-diff-066.pt,1,0.015,0,0.015
diff-interpretation-tuning/loras/rank-generalization/gemma3-4b-rank-002/weight-diffs/weight-diff-069.pt,1,0.015,0,0.015
diff-interpretation-tuning/loras/rank-generalization/gemma3-4b-rank-002/weight-diffs/weight-diff-070.pt,1,0.014,0,0.014
diff-interpretation-tuning/loras/rank-generalization/gemma3-4b-rank-002/weight-diffs/weight-diff-073.pt,1,0.014,0,0.014
diff-interpretation-tuning/loras/rank-generalization/gemma3-4b-rank-002/weight-diffs/weight-diff-074.pt,1,0.014,0,0.014
diff-interpretation-tuning/loras/rank-generalization/gemma3-4b-rank-002/weight-diffs/weight-diff-087.pt,1,0.014,0,0.014
diff-interpretation-tuning/loras/rank-generalization/gemma3-4b-rank-002/weight-diffs/weight-diff-089.pt,1,0.014,0,0.014
diff-interpretation-tuning/loras/rank-generalization/gemma3-4b-rank-002/weight-diffs/weight-diff-092.pt,1,0.014,0,0.014
diff-interpretation-tuning/loras/rank-generalization/gemma3-4b-rank-002/weight-diffs/weight-diff-097.pt,1,0.015,0,0.015
diff-interpretation-tuning/loras/rank-generalization/gemma3-4b-rank-002/weight-diffs/weight-diff-098.pt,1,0.015,0,0.015
diff-interpretation-tuning/loras/rank-generalization/gemma3-4b-rank-008/weight-diffs/weight-diff-026.pt,1,0.016,0,0.016
diff-interpretation-tuning/loras/rank-generalization/gemma3-4b-rank-008/weight-diffs/weight-diff-063.pt,1,0.014,0,0.014
diff-interpretation-tuning/loras/rank-generalization/gemma3-4b-rank-016/weight-diffs/weight-diff-064.pt,1,0.016,0,0.016
diff-interpretation-tuning/loras/rank-generalization/gemma3-4b-rank-016/weight-diffs/weight-diff-065.pt,1,0.016,0,0.016
diff-interpretation-tuning/loras/rank-generalization/gemma3-4b-rank-016/weight-diffs/weight-diff-066.pt,1,0.016,0,0.016
diff-interpretation-tuning/loras/rank-generalization/gemma3-4b-rank-016/weight-diffs/weight-diff-067.pt,1,0.015,0,0.015
diff-interpretation-tuning/loras/rank-generalization/gemma3-4b-rank-016/weight-diffs/weight-diff-068.pt,1,0.015,0,0.015
diff-interpretation-tuning/loras/rank-generalization/gemma3-4b-rank-016/weight-diffs/weight-diff-069.pt,1,0.015,0,0.015
diff-interpretation-tuning/loras/rank-generalization/gemma3-4b-rank-016/weight-diffs/weight-diff-070.pt,1,0.015,0,0.015
diff-interpretation-tuning/loras/rank-generalization/gemma3-4b-rank-016/weight-diffs/weight-diff-071.pt,1,0.014,0,0.014
diff-interpretation-tuning/loras/rank-generalization/gemma3-4b-rank-016/weight-diffs/weight-diff-072.pt,1,0.015,0,0.015
diff-interpretation-tuning/loras/rank-generalization/gemma3-4b-rank-016/weight-diffs/weight-diff-077.pt,1,0.015,0,0.015
diff-interpretation-tuning/loras/rank-generalization/gemma3-4b-rank-016/weight-diffs/weight-diff-078.pt,1,0.014,0,0.014
diff-interpretation-tuning/loras/rank-generalization/gemma3-4b-rank-016/weight-diffs/weight-diff-079.pt,1,0.015,0,0.015
diff-interpretation-tuning/loras/rank-generalization/gemma3-4b-rank-016/weight-diffs/weight-diff-080.pt,1,0.014,0,0.014
diff-interpretation-tuning/loras/rank-generalization/gemma3-4b-rank-016/weight-diffs/weight-diff-081.pt,1,0.015,0,0.015
diff-interpretation-tuning/loras/rank-generalization/gemma3-4b-rank-016/weight-diffs/weight-diff-082.pt,1,0.015,0,0.015
diff-interpretation-tuning/loras/rank-generalization/gemma3-4b-rank-016/weight-diffs/weight-diff-083.pt,1,0.015,0,0.015
diff-interpretation-tuning/loras/rank-generalization/gemma3-4b-rank-016/weight-diffs/weight-diff-084.pt,1,0.014,0,0.014
diff-interpretation-tuning/loras/rank-generalization/gemma3-4b-rank-016/weight-diffs/weight-diff-085.pt,1,0.015,0,0.015
diff-interpretation-tuning/loras/rank-generalization/gemma3-4b-rank-016/weight-diffs/weight-diff-086.pt,1,0.015,0,0.015
diff-interpretation-tuning/loras/rank-generalization/gemma3-4b-rank-016/weight-diffs/weight-diff-088.pt,1,0.016,0,0.016
diff-interpretation-tuning/loras/rank-generalization/gemma3-4b-rank-016/weight-diffs/weight-diff-089.pt,1,0.016,0,0.016
diff-interpretation-tuning/loras/rank-generalization/gemma3-4b-rank-016/weight-diffs/weight-diff-092.pt,1,0.016,0,0.016
diff-interpretation-tuning/loras/rank-generalization/gemma3-4b-rank-016/weight-diffs/weight-diff-094.pt,1,0.016,0,0.016
diff-interpretation-tuning/loras/rank-generalization/gemma3-4b-rank-016/weight-diffs/weight-diff-095.pt,1,0.015,0,0.015
diff-interpretation-tuning/loras/rank-generalization/gemma3-4b-rank-016/weight-diffs/weight-diff-096.pt,1,0.016,0,0.016
diff-interpretation-tuning/loras/rank-generalization/gemma3-4b-rank-016/weight-diffs/weight-diff-097.pt,1,0.015,0,0.015
diff-interpretation-tuning/loras/rank-generalization/gemma3-4b-rank-016/weight-diffs/weight-diff-099.pt,1,0.016,0,0.016
diff-interpretation-tuning/loras/rank-generalization/gemma3-4b-rank-032/weight-diffs/weight-diff-000.pt,1,0.015,0,0.015
diff-interpretation-tuning/loras/rank-generalization/gemma3-4b-rank-032/weight-diffs/weight-diff-001.pt,1,0.016,0,0.016
diff-interpretation-tuning/loras/rank-generalization/gemma3-4b-rank-032/weight-diffs/weight-diff-002.pt,1,0.016,0,0.016
diff-interpretation-tuning/loras/rank-generalization/gemma3-4b-rank-032/weight-diffs/weight-diff-003.pt,1,0.016,0,0.016
diff-interpretation-tuning/loras/rank-generalization/gemma3-4b-rank-032/weight-diffs/weight-diff-004.pt,1,0.015,0,0.015
diff-interpretation-tuning/loras/rank-generalization/gemma3-4b-rank-032/weight-diffs/weight-diff-034.pt,1,0.015,0,0.015
diff-interpretation-tuning/loras/rank-generalization/gemma3-4b-rank-064/weight-diffs/weight-diff-025.pt,1,0.015,0,0.015
diff-interpretation-tuning/loras/rank-generalization/gemma3-4b-rank-064/weight-diffs/weight-diff-027.pt,1,0.014,0,0.014
diff-interpretation-tuning/loras/rank-generalization/gemma3-4b-rank-064/weight-diffs/weight-diff-028.pt,1,0.015,0,0.015
diff-interpretation-tuning/loras/rank-generalization/qwen3-4b-rank-004/weight-diffs/weight-diff-000.pt,1,0.016,0,0.016
diff-interpretation-tuning/loras/rank-generalization/qwen3-4b-rank-004/weight-diffs/weight-diff-001.pt,1,0.016,0,0.016
diff-interpretation-tuning/loras/rank-generalization/qwen3-4b-rank-004/weight-diffs/weight-diff-010.pt,1,0.015,0,0.015
diff-interpretation-tuning/loras/rank-generalization/qwen3-4b-rank-004/weight-diffs/weight-diff-011.pt,1,0.015,0,0.015
diff-interpretation-tuning/loras/rank-generalization/qwen3-4b-rank-004/weight-diffs/weight-diff-014.pt,1,0.015,0,0.015
diff-interpretation-tuning/loras/rank-generalization/qwen3-4b-rank-004/weight-diffs/weight-diff-015.pt,1,0.015,0,0.015
diff-interpretation-tuning/loras/rank-generalization/qwen3-4b-rank-004/weight-diffs/weight-diff-018.pt,1,0.015,0,0.015
diff-interpretation-tuning/loras/rank-generalization/qwen3-4b-rank-004/weight-diffs/weight-diff-019.pt,1,0.016,0,0.016
diff-interpretation-tuning/loras/rank-generalization/qwen3-4b-rank-004/weight-diffs/weight-diff-021.pt,1,0.015,0,0.015
diff-interpretation-tuning/loras/rank-generalization/qwen3-4b-rank-004/weight-diffs/weight-diff-023.pt,1,0.015,0,0.015
diff-interpretation-tuning/loras/rank-generalization/qwen3-4b-rank-004/weight-diffs/weight-diff-025.pt,1,0.015,0,0.015
diff-interpretation-tuning/loras/rank-generalization/qwen3-4b-rank-004/weight-diffs/weight-diff-027.pt,1,0.015,0,0.015
diff-interpretation-tuning/loras/rank-generalization/qwen3-4b-rank-004/weight-diffs/weight-diff-030.pt,1,0.015,0,0.015
diff-interpretation-tuning/loras/rank-generalization/qwen3-4b-rank-004/weight-diffs/weight-diff-031.pt,1,0.015,0,0.015
diff-interpretation-tuning/loras/rank-generalization/qwen3-4b-rank-004/weight-diffs/weight-diff-034.pt,1,0.019,0,0.019
diff-interpretation-tuning/loras/rank-generalization/qwen3-4b-rank-004/weight-diffs/weight-diff-035.pt,1,0.017,0,0.017
diff-interpretation-tuning/loras/rank-generalization/qwen3-4b-rank-004/weight-diffs/weight-diff-036.pt,1,0.015,0,0.015
diff-interpretation-tuning/loras/rank-generalization/qwen3-4b-rank-004/weight-diffs/weight-diff-039.pt,1,0.015,0,0.015
diff-interpretation-tuning/loras/rank-generalization/qwen3-4b-rank-004/weight-diffs/weight-diff-040.pt,1,0.014,0,0.014
diff-interpretation-tuning/loras/rank-generalization/qwen3-4b-rank-004/weight-diffs/weight-diff-041.pt,1,0.015,0,0.015
diff-interpretation-tuning/loras/rank-generalization/qwen3-4b-rank-004/weight-diffs/weight-diff-042.pt,1,0.014,0,0.014
diff-interpretation-tuning/loras/rank-generalization/qwen3-4b-rank-004/weight-diffs/weight-diff-044.pt,1,0.015,0,0.015
diff-interpretation-tuning/loras/rank-generalization/qwen3-4b-rank-004/weight-diffs/weight-diff-045.pt,1,0.014,0,0.014
diff-interpretation-tuning/loras/rank-generalization/qwen3-4b-rank-004/weight-diffs/weight-diff-046.pt,1,0.015,0,0.015
diff-interpretation-tuning/loras/rank-generalization/qwen3-4b-rank-004/weight-diffs/weight-diff-047.pt,1,0.014,0,0.014
diff-interpretation-tuning/loras/rank-generalization/qwen3-4b-rank-004/weight-diffs/weight-diff-048.pt,1,0.015,0,0.015
diff-interpretation-tuning/loras/rank-generalization/qwen3-4b-rank-004/weight-diffs/weight-diff-050.pt,1,0.015,0,0.015
diff-interpretation-tuning/loras/rank-generalization/qwen3-4b-rank-004/weight-diffs/weight-diff-054.pt,1,0.015,0,0.015
diff-interpretation-tuning/loras/rank-generalization/qwen3-4b-rank-004/weight-diffs/weight-diff-055.pt,1,0.015,0,0.015
diff-interpretation-tuning/loras/rank-generalization/qwen3-4b-rank-004/weight-diffs/weight-diff-056.pt,1,0.015,0,0.015
diff-interpretation-tuning/loras/rank-generalization/qwen3-4b-rank-004/weight-diffs/weight-diff-057.pt,1,0.015,0,0.015
diff-interpretation-tuning/loras/rank-generalization/qwen3-4b-rank-004/weight-diffs/weight-diff-058.pt,1,0.015,0,0.015
diff-interpretation-tuning/loras/rank-generalization/qwen3-4b-rank-004/weight-diffs/weight-diff-059.pt,1,0.017,0,0.017
diff-interpretation-tuning/loras/rank-generalization/qwen3-4b-rank-004/weight-diffs/weight-diff-060.pt,1,0.015,0,0.015
diff-interpretation-tuning/loras/rank-generalization/qwen3-4b-rank-004/weight-diffs/weight-diff-061.pt,1,0.016,0,0.016
diff-interpretation-tuning/loras/rank-generalization/qwen3-4b-rank-004/weight-diffs/weight-diff-064.pt,1,0.016,0,0.016
diff-interpretation-tuning/loras/rank-generalization/qwen3-4b-rank-004/weight-diffs/weight-diff-065.pt,1,0.116,0,0.116
diff-interpretation-tuning/loras/rank-generalization/qwen3-4b-rank-004/weight-diffs/weight-diff-066.pt,1,0.016,0,0.016
diff-interpretation-tuning/loras/rank-generalization/qwen3-4b-rank-004/weight-diffs/weight-diff-067.pt,1,0.015,0,0.015
diff-interpretation-tuning/loras/rank-generalization/qwen3-4b-rank-004/weight-diffs/weight-diff-068.pt,1,0.016,0,0.016
diff-interpretation-tuning/loras/rank-generalization/qwen3-4b-rank-004/weight-diffs/weight-diff-069.pt,1,0.016,0,0.016
diff-interpretation-tuning/loras/rank-generalization/qwen3-4b-rank-004/weight-diffs/weight-diff-070.pt,1,0.015,0,0.015
diff-interpretation-tuning/loras/rank-generalization/qwen3-4b-rank-004/weight-diffs/weight-diff-071.pt,1,0.015,0,0.015
diff-interpretation-tuning/loras/rank-generalization/qwen3-4b-rank-004/weight-diffs/weight-diff-072.pt,1,0.016,0,0.016
diff-interpretation-tuning/loras/rank-generalization/qwen3-4b-rank-004/weight-diffs/weight-diff-073.pt,1,0.015,0,0.015
diff-interpretation-tuning/loras/rank-generalization/qwen3-4b-rank-004/weight-diffs/weight-diff-074.pt,1,0.015,0,0.015
diff-interpretation-tuning/loras/rank-generalization/qwen3-4b-rank-004/weight-diffs/weight-diff-075.pt,1,0.015,0,0.015
diff-interpretation-tuning/loras/rank-generalization/qwen3-4b-rank-004/weight-diffs/weight-diff-076.pt,1,0.015,0,0.015
diff-interpretation-tuning/loras/rank-generalization/qwen3-4b-rank-004/weight-diffs/weight-diff-077.pt,1,0.015,0,0.015
diff-interpretation-tuning/loras/rank-generalization/qwen3-4b-rank-004/weight-diffs/weight-diff-078.pt,1,0.016,0,0.016
diff-interpretation-tuning/loras/rank-generalization/qwen3-4b-rank-004/weight-diffs/weight-diff-079.pt,1,0.015,0,0.015
diff-interpretation-tuning/loras/rank-generalization/qwen3-4b-rank-004/weight-diffs/weight-diff-080.pt,1,0.015,0,0.015
diff-interpretation-tuning/loras/rank-generalization/qwen3-4b-rank-004/weight-diffs/weight-diff-081.pt,1,0.015,0,0.015
diff-interpretation-tuning/loras/rank-generalization/qwen3-4b-rank-004/weight-diffs/weight-diff-082.pt,1,0.015,0,0.015
diff-interpretation-tuning/loras/rank-generalization/qwen3-4b-rank-004/weight-diffs/weight-diff-083.pt,1,0.015,0,0.015
diff-interpretation-tuning/loras/rank-generalization/qwen3-4b-rank-004/weight-diffs/weight-diff-084.pt,1,0.015,0,0.015
diff-interpretation-tuning/loras/rank-generalization/qwen3-4b-rank-004/weight-diffs/weight-diff-085.pt,1,0.014,0,0.014
diff-interpretation-tuning/loras/rank-generalization/qwen3-4b-rank-004/weight-diffs/weight-diff-086.pt,1,0.015,0,0.015
diff-interpretation-tuning/loras/rank-generalization/qwen3-4b-rank-004/weight-diffs/weight-diff-087.pt,1,0.014,0,0.014
diff-interpretation-tuning/loras/rank-generalization/qwen3-4b-rank-004/weight-diffs/weight-diff-088.pt,1,0.015,0,0.015
diff-interpretation-tuning/loras/rank-generalization/qwen3-4b-rank-004/weight-diffs/weight-diff-089.pt,1,0.015,0,0.015
diff-interpretation-tuning/loras/rank-generalization/qwen3-4b-rank-004/weight-diffs/weight-diff-090.pt,1,0.015,0,0.015
diff-interpretation-tuning/loras/rank-generalization/qwen3-4b-rank-004/weight-diffs/weight-diff-091.pt,1,0.015,0,0.015
diff-interpretation-tuning/loras/rank-generalization/qwen3-4b-rank-004/weight-diffs/weight-diff-092.pt,1,0.015,0,0.015
diff-interpretation-tuning/loras/rank-generalization/qwen3-4b-rank-004/weight-diffs/weight-diff-093.pt,1,0.015,0,0.015
diff-interpretation-tuning/loras/rank-generalization/qwen3-4b-rank-004/weight-diffs/weight-diff-094.pt,1,0.015,0,0.015
diff-interpretation-tuning/loras/rank-generalization/qwen3-4b-rank-004/weight-diffs/weight-diff-095.pt,1,0.015,0,0.015
diff-interpretation-tuning/loras/rank-generalization/qwen3-4b-rank-004/weight-diffs/weight-diff-096.pt,1,0.015,0,0.015
diff-interpretation-tuning/loras/rank-generalization/qwen3-4b-rank-004/weight-diffs/weight-diff-097.pt,1,0.015,0,0.015
diff-interpretation-tuning/loras/rank-generalization/qwen3-4b-rank-004/weight-diffs/weight-diff-098.pt,1,0.015,0,0.015
diff-interpretation-tuning/loras/rank-generalization/qwen3-4b-rank-004/weight-diffs/weight-diff-099.pt,1,0.015,0,0.015
diff-interpretation-tuning/loras/rank-generalization/qwen3-4b-rank-008/weight-diffs/weight-diff-038.pt,1,0.016,0,0.016
diff-interpretation-tuning/loras/rank-generalization/qwen3-4b-rank-008/weight-diffs/weight-diff-041.pt,1,0.015,0,0.015
diff-interpretation-tuning/loras/rank-generalization/qwen3-4b-rank-008/weight-diffs/weight-diff-050.pt,1,0.015,0,0.015
diff-interpretation-tuning/loras/rank-generalization/qwen3-4b-rank-008/weight-diffs/weight-diff-053.pt,1,0.015,0,0.015
diff-interpretation-tuning/loras/rank-generalization/qwen3-4b-rank-008/weight-diffs/weight-diff-062.pt,1,0.016,0,0.016
diff-interpretation-tuning/loras/rank-generalization/qwen3-4b-rank-008/weight-diffs/weight-diff-077.pt,1,0.015,0,0.015
diff-interpretation-tuning/loras/rank-generalization/qwen3-4b-rank-008/weight-diffs/weight-diff-083.pt,1,0.016,0,0.016
diff-interpretation-tuning/loras/rank-generalization/qwen3-4b-rank-008/weight-diffs/weight-diff-087.pt,1,0.015,0,0.015
diff-interpretation-tuning/loras/rank-generalization/qwen3-4b-rank-008/weight-diffs/weight-diff-092.pt,1,0.015,0,0.015
diff-interpretation-tuning/loras/rank-generalization/qwen3-4b-rank-008/weight-diffs/weight-diff-095.pt,1,0.015,0,0.015
diff-interpretation-tuning/loras/rank-generalization/qwen3-4b-rank-064/weight-diffs/weight-diff-039.pt,1,0.016,0,0.016
diff-interpretation-tuning/loras/rank-generalization/qwen3-4b-rank-064/weight-diffs/weight-diff-064.pt,1,0.015,0,0.015
diff-interpretation-tuning/loras/rank-generalization/qwen3-4b-rank-064/weight-diffs/weight-diff-065.pt,1,0.015,0,0.015
diff-interpretation-tuning/loras/rank-generalization/qwen3-4b-rank-064/weight-diffs/weight-diff-066.pt,1,0.015,0,0.015
diff-interpretation-tuning/loras/rank-generalization/qwen3-4b-rank-064/weight-diffs/weight-diff-067.pt,1,0.016,0,0.016
diff-interpretation-tuning/loras/rank-generalization/qwen3-4b-rank-064/weight-diffs/weight-diff-068.pt,1,0.015,0,0.015
diff-interpretation-tuning/loras/rank-generalization/qwen3-4b-rank-064/weight-diffs/weight-diff-069.pt,1,0.017,0,0.017
diff-interpretation-tuning/loras/rank-generalization/qwen3-4b-rank-064/weight-diffs/weight-diff-070.pt,1,0.015,0,0.015
diff-interpretation-tuning/loras/rank-generalization/qwen3-4b-rank-064/weight-diffs/weight-diff-071.pt,1,0.015,0,0.015
diff-interpretation-tuning/loras/rank-generalization/qwen3-4b-rank-064/weight-diffs/weight-diff-077.pt,1,0.015,0,0.015
diff-interpretation-tuning/loras/rank-generalization/qwen3-4b-rank-064/weight-diffs/weight-diff-078.pt,1,0.016,0,0.016
diff-interpretation-tuning/loras/trigger-generalization/qwen3-4b-zero-width-random/weight-diffs/weight-diff-001.pt,1,0.13,0,0.13
Saidakbar01/whisper-uz-finetuned/training_args.bin,1,0.008,3.349,3.357
nvidia/nemotron-speech-streaming-en-0.6b/nemotron-speech-streaming-en-0.6b.nemo,1,2.549,0,2.549
nvidia/diar_streaming_sortformer_4spk-v2.1/diar_streaming_sortformer_4spk-v2.1.nemo,1,0.648,0,0.648
nvidia/parakeet-tdt-0.6b-v3/parakeet-tdt-0.6b-v3.nemo,1,2.556,0,2.556
nvidia/canary-1b-v2/canary-1b-v2.nemo,1,6.444,0,6.444
optimum-intel-internal-testing/tiny-random-CodeGenForCausalLM/pytorch_model.bin,1,0.008,0,0.008
optimum-intel-internal-testing/tiny-random-GPTNeoXForCausalLM/pytorch_model.bin,1,0.007,0,0.007
facebook/sam3.1/sam3.1_multiplex.pt,1,0.035,0,0.035
optimum-intel-internal-testing/tiny-random-Data2VecAudioModel/pytorch_model.bin,1,0.007,0,0.007
timm/convnext_base.dinov3_lvd1689m/pytorch_model.bin,1,0.013,0,0.013
fancyfeast/bigaspv2-5/training-checkpoints/test_215/ep10-ba35889-rank0_stripped.pt,1,0.073,3.038,3.111
fancyfeast/bigaspv2-5/training-checkpoints/test_215/ep2-ba8301-rank0_stripped.pt,1,0.061,2.954,3.015
fancyfeast/bigaspv2-5/training-checkpoints/test_215/ep2-ba8790-rank0_stripped.pt,1,0.061,3.523,3.584
fancyfeast/bigaspv2-5/training-checkpoints/test_215/ep5-ba18067-rank0_stripped.pt,1,0.063,4.643,4.706
fancyfeast/bigaspv2-5/training-checkpoints/test_215/ep6-ba20020-rank0.pt,1,0.152,4.194,4.346
OpenMed/OpenMed-ZeroShot-NER-Anatomy-Medium-209M/pytorch_model.bin,1,0.015,0,0.015
nm-testing/qwen3-8b-peagle-speculators/optimizer_state_dict.pt,1,0.01,0,0.01
nm-testing/qwen3-8b-peagle-speculators/snapshots/48caff875fa217da907d9a4d2468e3a9f5d1ae0e/optimizer_state_dict.pt,1,0.009,0,0.009
OpenMed/OpenMed-ZeroShot-NER-Pharma-Multi-209M/pytorch_model.bin,1,0.011,0,0.011
OpenMed/OpenMed-ZeroShot-NER-Pharma-Tiny-60M/pytorch_model.bin,1,0.008,0,0.008
optimum-intel-internal-testing/tiny-random-LevitModel/pytorch_model.bin,1,0.011,0,0.011
ayushgupta7777/safetyvision-yolov8/best.pt,1,0.156,5.513,5.669
OpenMed/OpenMed-ZeroShot-NER-BloodCancer-Medium-209M/pytorch_model.bin,1,0.01,0,0.01
OpenMed/OpenMed-ZeroShot-NER-Species-Tiny-60M/pytorch_model.bin,1,0.008,0,0.008
pyannoteAI/parakeet-tdt-0.6b-v3/parakeet-tdt-0.6b-v3.nemo,1,2.56,0,2.56
timm/vit_small_patch16_dinov3_qkvb.lvd1689m/pytorch_model.bin,1,0.016,0,0.016
nvidia/nemo-nano-codec-22khz-1.89kbps-21.5fps/nemo-nano-codec-22khz-1.89kbps-21.5fps.nemo,1,0.464,0,0.464
OpenMed/OpenMed-ZeroShot-NER-Pathology-XLarge-770M/pytorch_model.bin,1,0.011,0,0.011
OpenMed/OpenMed-ZeroShot-NER-Species-Multi-209M/pytorch_model.bin,1,0.011,0,0.011
allenai/OlmoEarth-v1-Large/weights.pth,1,0.004,0,0.004
nvidia/C-RADIOv4-H/c-radio_v4-h_half.pth.tar,1,0.017,3.383,3.4
arda-argmax/sortformer-finetuned/4spk-v0.3-bs1-acc8-l4-diskcache-shardedval-v1-1778065009/best.nemo,1,0.502,0,0.502
arda-argmax/sortformer-finetuned/6spk-ami-sdm-debug-bs10-a100-80gb-1gpu-v1-1781805281/best.nemo,1,0.511,0,0.511
arda-argmax/sortformer-finetuned/6spk-ami-sdm-debug-bs10-a100-80gb-1gpu-v1-1781805281/checkpoints/step_130_epoch_1_val-der_0.1837.nemo,1,0.503,0,0.503
arda-argmax/sortformer-finetuned/6spk-ami-sdm-debug-bs10-a100-80gb-1gpu-v1-1781805281/checkpoints/step_210_epoch_2_val-der_0.1709.nemo,1,0.506,0,0.506
arda-argmax/sortformer-finetuned/6spk-ami-sdm-debug-bs10-a100-80gb-1gpu-v1-1781805281/checkpoints/step_50_epoch_0_val-der_0.3708.nemo,1,0.512,0,0.512
arda-argmax/sortformer-finetuned/6spk-ami-sdm-flac-debug-bs10-a100-80gb-1gpu-v1-1781828240/best.nemo,1,0.503,0,0.503
arda-argmax/sortformer-finetuned/6spk-ami-sdm-flac-debug-bs10-a100-80gb-1gpu-v1-1781828240/checkpoints/step_130_epoch_1_val-der_0.1841.nemo,1,0.505,0,0.505
arda-argmax/sortformer-finetuned/6spk-ami-sdm-flac-debug-bs10-a100-80gb-1gpu-v1-1781828240/checkpoints/step_210_epoch_2_val-der_0.1806.nemo,1,0.508,0,0.508
arda-argmax/sortformer-finetuned/6spk-ami-sdm-flac-debug-bs10-a100-80gb-1gpu-v1-1781828240/checkpoints/step_50_epoch_0_val-der_0.3563.nemo,1,0.505,0,0.505
arda-argmax/sortformer-finetuned/6spk-debug-prepared-shar-worldfix-1780478585/best.nemo,1,0.505,0,0.505
arda-argmax/sortformer-finetuned/6spk-debug-prepared-shar-worldfix-1780478585/checkpoints/step_2_epoch_0_val-der_1.3011.nemo,1,0.509,0,0.509
arda-argmax/sortformer-finetuned/6spk-debug-prepared-shar-worldfix-1780478585/checkpoints/step_4_epoch_1_val-der_1.1216.nemo,1,0.503,0,0.503
arda-argmax/sortformer-finetuned/6spk-fullrandom-bs10-ga8-a100-80gb-1gpu-lr1e-4-lr-v1-1781045285/best.nemo,1,0.504,0,0.504
arda-argmax/sortformer-finetuned/6spk-fullrandom-bs10-ga8-a100-80gb-1gpu-lr1e-4-lr-v1-1781045285/checkpoints/step_6_epoch_0_val-der_1.0000.nemo,1,0.509,0,0.509
arda-argmax/sortformer-finetuned/6spk-v0.3-bs1-acc8-l4-diskcache-shardedval-v1-1778010364/best.nemo,1,0.504,0,0.504
arda-argmax/sortformer-finetuned/6spk-v0.4-ami-bs1-acc8-l4-diskcache-shardedval-v1-1778218672/best.nemo,1,0.502,0,0.502
arda-argmax/sortformer-finetuned/6spk-v0.4-ami-bs1-acc8-l4-diskcache-shardedval-v1-1778218672/checkpoints/step_1080_epoch_2_val-der_0.1535.nemo,1,0.509,0,0.509
arda-argmax/sortformer-finetuned/6spk-v0.4-ami-bs1-acc8-l4-diskcache-shardedval-v1-1778218672/checkpoints/step_1170_epoch_2_val-der_0.1446.nemo,1,0.503,0,0.503
arda-argmax/sortformer-finetuned/6spk-v0.4-ami-bs1-acc8-l4-diskcache-shardedval-v1-1778218672/checkpoints/step_1350_epoch_2_val-der_0.1436.nemo,1,0.504,0,0.504
arda-argmax/sortformer-finetuned/6spk-v0.4-ami-bs1-acc8-l4-diskcache-shardedval-v1-1778218672/checkpoints/step_1440_epoch_3_val-der_0.1423.nemo,1,0.51,0,0.51
arda-argmax/sortformer-finetuned/6spk-v0.4-ami-bs1-acc8-l4-diskcache-shardedval-v1-1778218672/checkpoints/step_1530_epoch_3_val-der_0.1397.nemo,1,0.503,0,0.503
arda-argmax/sortformer-finetuned/6spk-v0.4-ami-bs1-acc8-l4-diskcache-shardedval-v1-1778218672/checkpoints/step_1620_epoch_3_val-der_0.1388.nemo,1,0.503,0,0.503
arda-argmax/sortformer-finetuned/6spk-v0.4-ami-bs1-acc8-l4-diskcache-shardedval-v1-1778218672/checkpoints/step_1710_epoch_3_val-der_0.1382.nemo,1,0.509,0,0.509
arda-argmax/sortformer-finetuned/6spk-v0.4-ami-bs1-acc8-l4-diskcache-shardedval-v1-1778218672/checkpoints/step_180_epoch_0_val-der_0.2089.nemo,1,0.614,0,0.614
arda-argmax/sortformer-finetuned/6spk-v0.4-ami-bs1-acc8-l4-diskcache-shardedval-v1-1778218672/checkpoints/step_1980_epoch_4_val-der_0.1346.nemo,1,0.503,0,0.503
arda-argmax/sortformer-finetuned/6spk-v0.4-ami-bs1-acc8-l4-diskcache-shardedval-v1-1778218672/checkpoints/step_2430_epoch_5_val-der_0.1340.nemo,1,0.507,0,0.507
arda-argmax/sortformer-finetuned/6spk-v0.4-ami-bs1-acc8-l4-diskcache-shardedval-v1-1778218672/checkpoints/step_2520_epoch_5_val-der_0.1338.nemo,1,0.505,0,0.505
arda-argmax/sortformer-finetuned/6spk-v0.4-ami-bs1-acc8-l4-diskcache-shardedval-v1-1778218672/checkpoints/step_2700_epoch_5_val-der_0.1335.nemo,1,0.503,0,0.503
arda-argmax/sortformer-finetuned/6spk-v0.4-ami-bs1-acc8-l4-diskcache-shardedval-v1-1778218672/checkpoints/step_270_epoch_0_val-der_0.2001.nemo,1,0.509,0,0.509
arda-argmax/sortformer-finetuned/6spk-v0.4-ami-bs1-acc8-l4-diskcache-shardedval-v1-1778218672/checkpoints/step_3060_epoch_6_val-der_0.1302.nemo,1,0.505,0,0.505
arda-argmax/sortformer-finetuned/6spk-v0.4-ami-bs1-acc8-l4-diskcache-shardedval-v1-1778218672/checkpoints/step_360_epoch_0_val-der_0.1928.nemo,1,0.503,0,0.503
arda-argmax/sortformer-finetuned/6spk-v0.4-ami-bs1-acc8-l4-diskcache-shardedval-v1-1778218672/checkpoints/step_3870_epoch_8_val-der_0.1289.nemo,1,0.508,0,0.508
arda-argmax/sortformer-finetuned/6spk-v0.4-ami-bs1-acc8-l4-diskcache-shardedval-v1-1778218672/checkpoints/step_3960_epoch_8_val-der_0.1285.nemo,1,0.504,0,0.504
arda-argmax/sortformer-finetuned/6spk-v0.4-ami-bs1-acc8-l4-diskcache-shardedval-v1-1778218672/checkpoints/step_4140_epoch_9_val-der_0.1280.nemo,1,0.505,0,0.505
arda-argmax/sortformer-finetuned/6spk-v0.4-ami-bs1-acc8-l4-diskcache-shardedval-v1-1778218672/checkpoints/step_450_epoch_0_val-der_0.1911.nemo,1,0.508,0,0.508
arda-argmax/sortformer-finetuned/6spk-v0.4-ami-bs1-acc8-l4-diskcache-shardedval-v1-1778218672/checkpoints/step_540_epoch_1_val-der_0.1894.nemo,1,0.502,0,0.502
arda-argmax/sortformer-finetuned/6spk-v0.4-ami-bs1-acc8-l4-diskcache-shardedval-v1-1778218672/checkpoints/step_630_epoch_1_val-der_0.1871.nemo,1,0.504,0,0.504
arda-argmax/sortformer-finetuned/6spk-v0.4-ami-bs1-acc8-l4-diskcache-shardedval-v1-1778218672/checkpoints/step_720_epoch_1_val-der_0.1813.nemo,1,0.507,0,0.507
arda-argmax/sortformer-finetuned/6spk-v0.4-ami-bs1-acc8-l4-diskcache-shardedval-v1-1778218672/checkpoints/step_900_epoch_1_val-der_0.1706.nemo,1,0.503,0,0.503
arda-argmax/sortformer-finetuned/6spk-v0.4-ami-bs1-acc8-l4-diskcache-shardedval-v1-1778218672/checkpoints/step_90_epoch_0_val-der_0.3542.nemo,1,0.502,0,0.502
arda-argmax/sortformer-finetuned/6spk-v0.4-ami-bs1-acc8-l4-diskcache-shardedval-v1-1778218672/checkpoints/step_990_epoch_2_val-der_0.1561.nemo,1,0.507,0,0.507
arda-argmax/sortformer-finetuned/6spk-v0.4-librispeech-ami-bs1-acc8-l4-diskcache-shardedval-v3-1778228622/best.nemo,1,0.509,0,0.509
arda-argmax/sortformer-finetuned/6spk-v0.4-librispeech-ami-bs1-acc8-l4-diskcache-shardedval-v3-1778228622/checkpoints/step_1440_epoch_1_val-der_0.2048.nemo,1,0.504,0,0.504
arda-argmax/sortformer-finetuned/6spk-v0.4-librispeech-ami-bs1-acc8-l4-diskcache-shardedval-v3-1778228622/checkpoints/step_1530_epoch_1_val-der_0.2042.nemo,1,0.51,0,0.51
arda-argmax/sortformer-finetuned/6spk-v0.4-librispeech-ami-bs1-acc8-l4-diskcache-shardedval-v3-1778228622/checkpoints/step_1620_epoch_1_val-der_0.2035.nemo,1,0.503,0,0.503
arda-argmax/sortformer-finetuned/6spk-v0.4-librispeech-ami-bs1-acc8-l4-diskcache-shardedval-v3-1778228622/checkpoints/step_180_epoch_0_val-der_0.2159.nemo,1,0.502,0,0.502
arda-argmax/sortformer-finetuned/6spk-v0.4-librispeech-ami-bs1-acc8-l4-diskcache-shardedval-v3-1778228622/checkpoints/step_270_epoch_0_val-der_0.2146.nemo,1,0.507,0,0.507
arda-argmax/sortformer-finetuned/6spk-v0.4-librispeech-ami-bs1-acc8-l4-diskcache-shardedval-v3-1778228622/checkpoints/step_360_epoch_0_val-der_0.2138.nemo,1,0.503,0,0.503
arda-argmax/sortformer-finetuned/6spk-v0.4-librispeech-ami-bs1-acc8-l4-diskcache-shardedval-v3-1778228622/checkpoints/step_450_epoch_0_val-der_0.2116.nemo,1,0.603,0,0.603
arda-argmax/sortformer-finetuned/6spk-v0.4-librispeech-ami-bs1-acc8-l4-diskcache-shardedval-v3-1778228622/checkpoints/step_630_epoch_0_val-der_0.2103.nemo,1,0.504,0,0.504
arda-argmax/sortformer-finetuned/6spk-v0.4-librispeech-ami-bs1-acc8-l4-diskcache-shardedval-v3-1778228622/checkpoints/step_810_epoch_0_val-der_0.2059.nemo,1,0.503,0,0.503
arda-argmax/sortformer-finetuned/6spk-v0.4-librispeech-ami-bs1-acc8-l4-diskcache-shardedval-v3-1778228622/checkpoints/step_90_epoch_0_val-der_0.2223.nemo,1,0.504,0,0.504
arda-argmax/sortformer-finetuned/6spk-v0.4-librispeech-ami-bs1-acc8-l4-diskcache-shardedval-v5-1778286481/best.nemo,1,0.504,0,0.504
arda-argmax/sortformer-finetuned/6spk-v0.4-librispeech-ami-bs1-acc8-l4-diskcache-shardedval-v5-1778286481/checkpoints/step_1080_epoch_1_val-der_0.1398.nemo,1,0.509,0,0.509
arda-argmax/sortformer-finetuned/6spk-v0.4-librispeech-ami-bs1-acc8-l4-diskcache-shardedval-v5-1778286481/checkpoints/step_1260_epoch_1_val-der_0.1390.nemo,1,0.505,0,0.505
arda-argmax/sortformer-finetuned/6spk-v0.4-librispeech-ami-bs1-acc8-l4-diskcache-shardedval-v5-1778286481/checkpoints/step_1350_epoch_1_val-der_0.1374.nemo,1,0.503,0,0.503
arda-argmax/sortformer-finetuned/6spk-v0.4-librispeech-ami-bs1-acc8-l4-diskcache-shardedval-v5-1778286481/checkpoints/step_1440_epoch_1_val-der_0.1353.nemo,1,0.507,0,0.507
arda-argmax/sortformer-finetuned/6spk-v0.4-librispeech-ami-bs1-acc8-l4-diskcache-shardedval-v5-1778286481/checkpoints/step_1530_epoch_1_val-der_0.1346.nemo,1,0.504,0,0.504
arda-argmax/sortformer-finetuned/6spk-v0.4-librispeech-ami-bs1-acc8-l4-diskcache-shardedval-v5-1778286481/checkpoints/step_1710_epoch_1_val-der_0.1343.nemo,1,0.502,0,0.502
arda-argmax/sortformer-finetuned/6spk-v0.4-librispeech-ami-bs1-acc8-l4-diskcache-shardedval-v5-1778286481/checkpoints/step_1800_epoch_1_val-der_0.1334.nemo,1,0.508,0,0.508
arda-argmax/sortformer-finetuned/6spk-v0.4-librispeech-ami-bs1-acc8-l4-diskcache-shardedval-v5-1778286481/checkpoints/step_180_epoch_0_val-der_0.2056.nemo,1,0.503,0,0.503
arda-argmax/sortformer-finetuned/6spk-v0.4-librispeech-ami-bs1-acc8-l4-diskcache-shardedval-v5-1778286481/checkpoints/step_2070_epoch_2_val-der_0.1327.nemo,1,0.501,0,0.501
arda-argmax/sortformer-finetuned/6spk-v0.4-librispeech-ami-bs1-acc8-l4-diskcache-shardedval-v5-1778286481/checkpoints/step_2160_epoch_2_val-der_0.1317.nemo,1,0.502,0,0.502
arda-argmax/sortformer-finetuned/6spk-v0.4-librispeech-ami-bs1-acc8-l4-diskcache-shardedval-v5-1778286481/checkpoints/step_2250_epoch_2_val-der_0.1302.nemo,1,0.502,0,0.502
arda-argmax/sortformer-finetuned/6spk-v0.4-librispeech-ami-bs1-acc8-l4-diskcache-shardedval-v5-1778286481/checkpoints/step_2520_epoch_2_val-der_0.1283.nemo,1,0.503,0,0.503
arda-argmax/sortformer-finetuned/6spk-v0.4-librispeech-ami-bs1-acc8-l4-diskcache-shardedval-v5-1778286481/checkpoints/step_270_epoch_0_val-der_0.1998.nemo,1,0.503,0,0.503
arda-argmax/sortformer-finetuned/6spk-v0.4-librispeech-ami-bs1-acc8-l4-diskcache-shardedval-v5-1778286481/checkpoints/step_2880_epoch_3_val-der_0.1271.nemo,1,0.503,0,0.503
arda-argmax/sortformer-finetuned/6spk-v0.4-librispeech-ami-bs1-acc8-l4-diskcache-shardedval-v5-1778286481/checkpoints/step_3060_epoch_3_val-der_0.1269.nemo,1,0.506,0,0.506
arda-argmax/sortformer-finetuned/6spk-v0.4-librispeech-ami-bs1-acc8-l4-diskcache-shardedval-v5-1778286481/checkpoints/step_3240_epoch_3_val-der_0.1268.nemo,1,0.503,0,0.503
arda-argmax/sortformer-finetuned/6spk-v0.4-librispeech-ami-bs1-acc8-l4-diskcache-shardedval-v5-1778286481/checkpoints/step_3330_epoch_3_val-der_0.1266.nemo,1,0.502,0,0.502
arda-argmax/sortformer-finetuned/6spk-v0.4-librispeech-ami-bs1-acc8-l4-diskcache-shardedval-v5-1778286481/checkpoints/step_3420_epoch_3_val-der_0.1252.nemo,1,0.506,0,0.506
arda-argmax/sortformer-finetuned/6spk-v0.4-librispeech-ami-bs1-acc8-l4-diskcache-shardedval-v5-1778286481/checkpoints/step_360_epoch_0_val-der_0.1911.nemo,1,0.503,0,0.503
arda-argmax/sortformer-finetuned/6spk-v0.4-librispeech-ami-bs1-acc8-l4-diskcache-shardedval-v5-1778286481/checkpoints/step_4050_epoch_4_val-der_0.1241.nemo,1,0.503,0,0.503
arda-argmax/sortformer-finetuned/6spk-v0.4-librispeech-ami-bs1-acc8-l4-diskcache-shardedval-v5-1778286481/checkpoints/step_4410_epoch_4_val-der_0.1238.nemo,1,0.607,0,0.607
arda-argmax/sortformer-finetuned/6spk-v0.4-librispeech-ami-bs1-acc8-l4-diskcache-shardedval-v5-1778286481/checkpoints/step_450_epoch_0_val-der_0.1895.nemo,1,0.503,0,0.503
arda-argmax/sortformer-finetuned/6spk-v0.4-librispeech-ami-bs1-acc8-l4-diskcache-shardedval-v5-1778286481/checkpoints/step_4770_epoch_5_val-der_0.1237.nemo,1,0.503,0,0.503
arda-argmax/sortformer-finetuned/6spk-v0.4-librispeech-ami-bs1-acc8-l4-diskcache-shardedval-v5-1778286481/checkpoints/step_4950_epoch_5_val-der_0.1219.nemo,1,0.506,0,0.506
arda-argmax/sortformer-finetuned/6spk-v0.4-librispeech-ami-bs1-acc8-l4-diskcache-shardedval-v5-1778286481/checkpoints/step_540_epoch_0_val-der_0.1872.nemo,1,0.506,0,0.506
arda-argmax/sortformer-finetuned/6spk-v0.4-librispeech-ami-bs1-acc8-l4-diskcache-shardedval-v5-1778286481/checkpoints/step_5940_epoch_6_val-der_0.1207.nemo,1,0.504,0,0.504
arda-argmax/sortformer-finetuned/6spk-v0.4-librispeech-ami-bs1-acc8-l4-diskcache-shardedval-v5-1778286481/checkpoints/step_630_epoch_0_val-der_0.1612.nemo,1,0.506,0,0.506
arda-argmax/sortformer-finetuned/6spk-v0.4-librispeech-ami-bs1-acc8-l4-diskcache-shardedval-v5-1778286481/checkpoints/step_6390_epoch_7_val-der_0.1200.nemo,1,0.505,0,0.505
arda-argmax/sortformer-finetuned/6spk-v0.4-librispeech-ami-bs1-acc8-l4-diskcache-shardedval-v5-1778286481/checkpoints/step_720_epoch_0_val-der_0.1542.nemo,1,0.503,0,0.503
arda-argmax/sortformer-finetuned/6spk-v0.4-librispeech-ami-bs1-acc8-l4-diskcache-shardedval-v5-1778286481/checkpoints/step_7290_epoch_8_val-der_0.1193.nemo,1,0.508,0,0.508
arda-argmax/sortformer-finetuned/6spk-v0.4-librispeech-ami-bs1-acc8-l4-diskcache-shardedval-v5-1778286481/checkpoints/step_7470_epoch_8_val-der_0.1188.nemo,1,0.505,0,0.505
arda-argmax/sortformer-finetuned/6spk-v0.4-librispeech-ami-bs1-acc8-l4-diskcache-shardedval-v5-1778286481/checkpoints/step_7560_epoch_8_val-der_0.1182.nemo,1,0.502,0,0.502
arda-argmax/sortformer-finetuned/6spk-v0.4-librispeech-ami-bs1-acc8-l4-diskcache-shardedval-v5-1778286481/checkpoints/step_810_epoch_0_val-der_0.1480.nemo,1,0.508,0,0.508
arda-argmax/sortformer-finetuned/6spk-v0.4-librispeech-ami-bs1-acc8-l4-diskcache-shardedval-v5-1778286481/checkpoints/step_900_epoch_0_val-der_0.1433.nemo,1,0.504,0,0.504
arda-argmax/sortformer-finetuned/6spk-v0.4-librispeech-ami-bs1-acc8-l4-diskcache-shardedval-v5-1778286481/checkpoints/step_90_epoch_0_val-der_0.2223.nemo,1,0.502,0,0.502
arda-argmax/sortformer-finetuned/6spk-v0.4-librispeech-ami-bs1-acc8-l4-diskcache-shardedval-v5-1778286481/checkpoints/step_990_epoch_1_val-der_0.1429.nemo,1,0.508,0,0.508
arda-argmax/sortformer-finetuned/6spk-v0.4-librispeech-bs1-acc8-l4-diskcache-shardedval-v1-1778198761/best.nemo,1,0.503,0,0.503
arda-argmax/sortformer-finetuned/6spk-v0.4-librispeech-bs1-acc8-l4-diskcache-shardedval-v1-1778198761/checkpoints/step_1080_epoch_2_val-der_0.1069.nemo,1,0.502,0,0.502
arda-argmax/sortformer-finetuned/6spk-v0.4-librispeech-bs1-acc8-l4-diskcache-shardedval-v1-1778198761/checkpoints/step_1170_epoch_2_val-der_0.1058.nemo,1,0.507,0,0.507
arda-argmax/sortformer-finetuned/6spk-v0.4-librispeech-bs1-acc8-l4-diskcache-shardedval-v1-1778198761/checkpoints/step_1260_epoch_2_val-der_0.1043.nemo,1,0.503,0,0.503
arda-argmax/sortformer-finetuned/6spk-v0.4-librispeech-bs1-acc8-l4-diskcache-shardedval-v1-1778198761/checkpoints/step_1710_epoch_3_val-der_0.1027.nemo,1,0.502,0,0.502
arda-argmax/sortformer-finetuned/6spk-v0.4-librispeech-bs1-acc8-l4-diskcache-shardedval-v1-1778198761/checkpoints/step_180_epoch_0_val-der_0.1670.nemo,1,0.506,0,0.506
arda-argmax/sortformer-finetuned/6spk-v0.4-librispeech-bs1-acc8-l4-diskcache-shardedval-v1-1778198761/checkpoints/step_2160_epoch_4_val-der_0.1016.nemo,1,0.504,0,0.504
arda-argmax/sortformer-finetuned/6spk-v0.4-librispeech-bs1-acc8-l4-diskcache-shardedval-v1-1778198761/checkpoints/step_2430_epoch_5_val-der_0.1014.nemo,1,0.502,0,0.502
arda-argmax/sortformer-finetuned/6spk-v0.4-librispeech-bs1-acc8-l4-diskcache-shardedval-v1-1778198761/checkpoints/step_2700_epoch_5_val-der_0.1002.nemo,1,0.508,0,0.508
arda-argmax/sortformer-finetuned/6spk-v0.4-librispeech-bs1-acc8-l4-diskcache-shardedval-v1-1778198761/checkpoints/step_270_epoch_0_val-der_0.1644.nemo,1,0.602,0,0.602
arda-argmax/sortformer-finetuned/6spk-v0.4-librispeech-bs1-acc8-l4-diskcache-shardedval-v1-1778198761/checkpoints/step_2880_epoch_6_val-der_0.0996.nemo,1,0.503,0,0.503
arda-argmax/sortformer-finetuned/6spk-v0.4-librispeech-bs1-acc8-l4-diskcache-shardedval-v1-1778198761/checkpoints/step_2970_epoch_6_val-der_0.0992.nemo,1,0.508,0,0.508
arda-argmax/sortformer-finetuned/6spk-v0.4-librispeech-bs1-acc8-l4-diskcache-shardedval-v1-1778198761/checkpoints/step_3150_epoch_6_val-der_0.0982.nemo,1,0.503,0,0.503
arda-argmax/sortformer-finetuned/6spk-v0.4-librispeech-bs1-acc8-l4-diskcache-shardedval-v1-1778198761/checkpoints/step_3600_epoch_7_val-der_0.0981.nemo,1,0.502,0,0.502
arda-argmax/sortformer-finetuned/6spk-v0.4-librispeech-bs1-acc8-l4-diskcache-shardedval-v1-1778198761/checkpoints/step_360_epoch_0_val-der_0.1619.nemo,1,0.506,0,0.506
arda-argmax/sortformer-finetuned/6spk-v0.4-librispeech-bs1-acc8-l4-diskcache-shardedval-v1-1778198761/checkpoints/step_3780_epoch_8_val-der_0.0976.nemo,1,0.502,0,0.502
arda-argmax/sortformer-finetuned/6spk-v0.4-librispeech-bs1-acc8-l4-diskcache-shardedval-v1-1778198761/checkpoints/step_4050_epoch_8_val-der_0.0964.nemo,1,0.502,0,0.502
arda-argmax/sortformer-finetuned/6spk-v0.4-librispeech-bs1-acc8-l4-diskcache-shardedval-v1-1778198761/checkpoints/step_4140_epoch_9_val-der_0.0958.nemo,1,0.506,0,0.506
arda-argmax/sortformer-finetuned/6spk-v0.4-librispeech-bs1-acc8-l4-diskcache-shardedval-v1-1778198761/checkpoints/step_4230_epoch_9_val-der_0.0915.nemo,1,0.503,0,0.503
arda-argmax/sortformer-finetuned/6spk-v0.4-librispeech-bs1-acc8-l4-diskcache-shardedval-v1-1778198761/checkpoints/step_4320_epoch_9_val-der_0.0872.nemo,1,0.502,0,0.502
arda-argmax/sortformer-finetuned/6spk-v0.4-librispeech-bs1-acc8-l4-diskcache-shardedval-v1-1778198761/checkpoints/step_4410_epoch_9_val-der_0.0843.nemo,1,0.503,0,0.503
arda-argmax/sortformer-finetuned/6spk-v0.4-librispeech-bs1-acc8-l4-diskcache-shardedval-v1-1778198761/checkpoints/step_450_epoch_0_val-der_0.1291.nemo,1,0.502,0,0.502
arda-argmax/sortformer-finetuned/6spk-v0.4-librispeech-bs1-acc8-l4-diskcache-shardedval-v1-1778198761/checkpoints/step_540_epoch_1_val-der_0.1151.nemo,1,0.502,0,0.502
arda-argmax/sortformer-finetuned/6spk-v0.4-librispeech-bs1-acc8-l4-diskcache-shardedval-v1-1778198761/checkpoints/step_720_epoch_1_val-der_0.1120.nemo,1,0.503,0,0.503
arda-argmax/sortformer-finetuned/6spk-v0.4-librispeech-bs1-acc8-l4-diskcache-shardedval-v1-1778198761/checkpoints/step_810_epoch_1_val-der_0.1082.nemo,1,0.504,0,0.504
arda-argmax/sortformer-finetuned/6spk-v0.4-librispeech-bs1-acc8-l4-diskcache-shardedval-v1-1778198761/checkpoints/step_90_epoch_0_val-der_0.1700.nemo,1,0.503,0,0.503
arda-argmax/sortformer-finetuned/6spk-v0.6-fastmss-prepared-shar-bs1-acc8-l4-worldfix-v1-1780479980/best.nemo,1,0.503,0,0.503
arda-argmax/sortformer-finetuned/6spk-v0.6-fastmss-prepared-shar-bs1-acc8-l4-worldfix-v1-1780479980/checkpoints/step_180_epoch_0_val-der_0.2104.nemo,1,0.503,0,0.503
arda-argmax/sortformer-finetuned/6spk-v0.6-fastmss-prepared-shar-bs1-acc8-l4-worldfix-v1-1780479980/checkpoints/step_270_epoch_0_val-der_0.2067.nemo,1,0.506,0,0.506
arda-argmax/sortformer-finetuned/6spk-v0.6-fastmss-prepared-shar-bs1-acc8-l4-worldfix-v1-1780479980/checkpoints/step_360_epoch_0_val-der_0.1966.nemo,1,0.502,0,0.502
arda-argmax/sortformer-finetuned/6spk-v0.6-fastmss-prepared-shar-bs1-acc8-l4-worldfix-v1-1780479980/checkpoints/step_450_epoch_0_val-der_0.1530.nemo,1,0.502,0,0.502
arda-argmax/sortformer-finetuned/6spk-v0.6-fastmss-prepared-shar-bs1-acc8-l4-worldfix-v1-1780479980/checkpoints/step_540_epoch_0_val-der_0.1469.nemo,1,0.505,0,0.505
arda-argmax/sortformer-finetuned/6spk-v0.6-fastmss-prepared-shar-bs1-acc8-l4-worldfix-v1-1780479980/checkpoints/step_630_epoch_0_val-der_0.1446.nemo,1,0.503,0,0.503
arda-argmax/sortformer-finetuned/6spk-v0.6-fastmss-prepared-shar-bs1-acc8-l4-worldfix-v1-1780479980/checkpoints/step_900_epoch_0_val-der_0.1436.nemo,1,0.503,0,0.503
arda-argmax/sortformer-finetuned/6spk-v0.6-fastmss-prepared-shar-bs1-acc8-l4-worldfix-v1-1780479980/checkpoints/step_90_epoch_0_val-der_0.2187.nemo,1,0.605,0,0.605
arda-argmax/sortformer-finetuned/6spk-v0.6-fastmss-prepared-shar-bs1-acc8-l4-worldfix-v1-1780479980/checkpoints/step_990_epoch_1_val-der_0.1416.nemo,1,0.503,0,0.503
arda-argmax/sortformer-finetuned/6spk-v0.6-fastmss-prepared-shar-bs1-ga8-l4-8gpu-fullset-smoketest-v5-1780559280/best.nemo,1,0.505,0,0.505
arda-argmax/sortformer-finetuned/6spk-v0.6-fastmss-prepared-shar-bs1-ga8-l4-8gpu-fullset-smoketest-v5-1780559280/checkpoints/step_62_epoch_0_val-der_0.2269.nemo,1,0.509,0,0.509
arda-argmax/sortformer-finetuned/6spk-v0.6-fastmss-prepared-shar-bs10-a100-80gb-2gpu-debug-debug-v1-1780602245/best.nemo,1,0.503,0,0.503
arda-argmax/sortformer-finetuned/6spk-v0.6-fastmss-prepared-shar-bs10-a100-80gb-2gpu-debug-debug-v1-1780602245/checkpoints/step_100_epoch_0_val-der_0.2319.nemo,1,0.503,0,0.503
arda-argmax/sortformer-finetuned/6spk-v0.6-fastmss-prepared-shar-bs10-a100-80gb-2gpu-debug-debug-v1-1780602245/checkpoints/step_150_epoch_0_val-der_0.2183.nemo,1,0.508,0,0.508
arda-argmax/sortformer-finetuned/6spk-v0.6-fastmss-prepared-shar-bs10-a100-80gb-2gpu-debug-debug-v1-1780602245/checkpoints/step_250_epoch_1_val-der_0.2163.nemo,1,0.503,0,0.503
arda-argmax/sortformer-finetuned/6spk-v0.6-fastmss-prepared-shar-bs10-a100-80gb-2gpu-debug-debug-v1-1780602245/checkpoints/step_350_epoch_1_val-der_0.2109.nemo,1,0.505,0,0.505
arda-argmax/sortformer-finetuned/6spk-v0.6-fastmss-prepared-shar-bs10-a100-80gb-2gpu-debug-debug-v1-1780602245/checkpoints/step_400_epoch_1_val-der_0.2094.nemo,1,0.509,0,0.509
arda-argmax/sortformer-finetuned/6spk-v0.6-fastmss-prepared-shar-bs10-a100-80gb-2gpu-debug-debug-v1-1780602245/checkpoints/step_50_epoch_0_val-der_0.3624.nemo,1,0.504,0,0.504
arda-argmax/sortformer-finetuned/6spk-v0.6-fastmss-prepared-shar-bs10-a100-80gb-4gpu-debug-debug-v1-1780602382/best.nemo,1,0.503,0,0.503
arda-argmax/sortformer-finetuned/6spk-v0.6-fastmss-prepared-shar-bs10-a100-80gb-4gpu-debug-debug-v1-1780602382/checkpoints/step_100_epoch_0_val-der_0.2269.nemo,1,0.506,0,0.506
arda-argmax/sortformer-finetuned/6spk-v0.6-fastmss-prepared-shar-bs10-a100-80gb-4gpu-debug-debug-v1-1780602382/checkpoints/step_150_epoch_1_val-der_0.2196.nemo,1,0.504,0,0.504
arda-argmax/sortformer-finetuned/6spk-v0.6-fastmss-prepared-shar-bs10-a100-80gb-4gpu-debug-debug-v1-1780602382/checkpoints/step_200_epoch_1_val-der_0.2164.nemo,1,0.504,0,0.504
arda-argmax/sortformer-finetuned/6spk-v0.6-fastmss-prepared-shar-bs10-a100-80gb-4gpu-debug-debug-v1-1780602382/checkpoints/step_300_epoch_2_val-der_0.2103.nemo,1,0.508,0,0.508
arda-argmax/sortformer-finetuned/6spk-v0.6-fastmss-prepared-shar-bs10-a100-80gb-4gpu-debug-debug-v1-1780602382/checkpoints/step_50_epoch_0_val-der_0.3548.nemo,1,0.504,0,0.504
arda-argmax/sortformer-finetuned/6spk-v0.6-fastmss-prepared-shar-bs10-a100-80gb-4gpu-fullset-v11-1780998497/best.nemo,1,0.502,0,0.502
arda-argmax/sortformer-finetuned/6spk-v0.6-fastmss-prepared-shar-bs10-a100-80gb-4gpu-fullset-v11-1780998497/checkpoints/step_11235_epoch_0_val-der_0.0716.nemo,1,0.507,0,0.507
arda-argmax/sortformer-finetuned/6spk-v0.6-fastmss-prepared-shar-bs10-a100-80gb-4gpu-fullset-v11-1780998497/checkpoints/step_14980_epoch_0_val-der_0.0702.nemo,1,0.504,0,0.504
arda-argmax/sortformer-finetuned/6spk-v0.6-fastmss-prepared-shar-bs10-a100-80gb-4gpu-fullset-v11-1780998497/checkpoints/step_3745_epoch_0_val-der_0.0756.nemo,1,0.502,0,0.502
arda-argmax/sortformer-finetuned/6spk-v0.6-fastmss-prepared-shar-bs10-a100-80gb-4gpu-fullset-v11-1780998497/checkpoints/step_7490_epoch_0_val-der_0.0723.nemo,1,0.507,0,0.507
arda-argmax/sortformer-finetuned/6spk-v0.6-fastmss-prepared-shar-bs10-a100-80gb-8gpu-debug-debug-v1-1780604170/best.nemo,1,0.505,0,0.505
arda-argmax/sortformer-finetuned/6spk-v0.6-fastmss-prepared-shar-bs10-a100-80gb-8gpu-debug-debug-v1-1780604170/checkpoints/step_100_epoch_1_val-der_0.2204.nemo,1,0.504,0,0.504
arda-argmax/sortformer-finetuned/6spk-v0.6-fastmss-prepared-shar-bs10-a100-80gb-8gpu-debug-debug-v1-1780604170/checkpoints/step_150_epoch_2_val-der_0.2128.nemo,1,0.507,0,0.507
arda-argmax/sortformer-finetuned/6spk-v0.6-fastmss-prepared-shar-bs10-a100-80gb-8gpu-debug-debug-v1-1780604170/checkpoints/step_50_epoch_0_val-der_0.3458.nemo,1,0.504,0,0.504
arda-argmax/sortformer-finetuned/6spk-v0.6-fastmss-prepared-shar-bs10-a100-80gb-8gpu-fullset-v10-1780606582/best.nemo,1,0.602,0,0.602
arda-argmax/sortformer-finetuned/6spk-v0.6-fastmss-prepared-shar-bs10-a100-80gb-8gpu-fullset-v10-1780606582/checkpoints/step_11232_epoch_0_val-der_0.0901.nemo,1,0.507,0,0.507
arda-argmax/sortformer-finetuned/6spk-v0.6-fastmss-prepared-shar-bs10-a100-80gb-8gpu-fullset-v10-1780606582/checkpoints/step_13104_epoch_0_val-der_0.0887.nemo,1,0.504,0,0.504
arda-argmax/sortformer-finetuned/6spk-v0.6-fastmss-prepared-shar-bs10-a100-80gb-8gpu-fullset-v10-1780606582/checkpoints/step_14976_epoch_0_val-der_0.0879.nemo,1,0.503,0,0.503
arda-argmax/sortformer-finetuned/6spk-v0.6-fastmss-prepared-shar-bs10-a100-80gb-8gpu-fullset-v10-1780606582/checkpoints/step_16848_epoch_0_val-der_0.0865.nemo,1,0.508,0,0.508
arda-argmax/sortformer-finetuned/6spk-v0.6-fastmss-prepared-shar-bs10-a100-80gb-8gpu-fullset-v10-1780606582/checkpoints/step_18720_epoch_0_val-der_0.0854.nemo,1,0.506,0,0.506
arda-argmax/sortformer-finetuned/6spk-v0.6-fastmss-prepared-shar-bs10-a100-80gb-8gpu-fullset-v10-1780606582/checkpoints/step_1872_epoch_0_val-der_0.1109.nemo,1,0.504,0,0.504
arda-argmax/sortformer-finetuned/6spk-v0.6-fastmss-prepared-shar-bs10-a100-80gb-8gpu-fullset-v10-1780606582/checkpoints/step_20592_epoch_0_val-der_0.0846.nemo,1,0.507,0,0.507
arda-argmax/sortformer-finetuned/6spk-v0.6-fastmss-prepared-shar-bs10-a100-80gb-8gpu-fullset-v10-1780606582/checkpoints/step_22464_epoch_0_val-der_0.0840.nemo,1,0.504,0,0.504
arda-argmax/sortformer-finetuned/6spk-v0.6-fastmss-prepared-shar-bs10-a100-80gb-8gpu-fullset-v10-1780606582/checkpoints/step_24336_epoch_0_val-der_0.0838.nemo,1,0.504,0,0.504
arda-argmax/sortformer-finetuned/6spk-v0.6-fastmss-prepared-shar-bs10-a100-80gb-8gpu-fullset-v10-1780606582/checkpoints/step_26208_epoch_0_val-der_0.0828.nemo,1,0.508,0,0.508
arda-argmax/sortformer-finetuned/6spk-v0.6-fastmss-prepared-shar-bs10-a100-80gb-8gpu-fullset-v10-1780606582/checkpoints/step_28080_epoch_0_val-der_0.0815.nemo,1,0.503,0,0.503
arda-argmax/sortformer-finetuned/6spk-v0.6-fastmss-prepared-shar-bs10-a100-80gb-8gpu-fullset-v10-1780606582/checkpoints/step_31824_epoch_0_val-der_0.0807.nemo,1,0.503,0,0.503
arda-argmax/sortformer-finetuned/6spk-v0.6-fastmss-prepared-shar-bs10-a100-80gb-8gpu-fullset-v10-1780606582/checkpoints/step_35568_epoch_0_val-der_0.0804.nemo,1,0.507,0,0.507
arda-argmax/sortformer-finetuned/6spk-v0.6-fastmss-prepared-shar-bs10-a100-80gb-8gpu-fullset-v10-1780606582/checkpoints/step_37440_epoch_0_val-der_0.0797.nemo,1,0.503,0,0.503
arda-argmax/sortformer-finetuned/6spk-v0.6-fastmss-prepared-shar-bs10-a100-80gb-8gpu-fullset-v10-1780606582/checkpoints/step_3744_epoch_0_val-der_0.1021.nemo,1,0.503,0,0.503
arda-argmax/sortformer-finetuned/6spk-v0.6-fastmss-prepared-shar-bs10-a100-80gb-8gpu-fullset-v10-1780606582/checkpoints/step_5616_epoch_0_val-der_0.0964.nemo,1,0.505,0,0.505
arda-argmax/sortformer-finetuned/6spk-v0.6-fastmss-prepared-shar-bs10-a100-80gb-8gpu-fullset-v10-1780606582/checkpoints/step_7488_epoch_0_val-der_0.0941.nemo,1,0.503,0,0.503
arda-argmax/sortformer-finetuned/6spk-v0.6-fastmss-prepared-shar-bs10-a100-80gb-8gpu-fullset-v10-1780606582/checkpoints/step_9360_epoch_0_val-der_0.0917.nemo,1,0.501,0,0.501
arda-argmax/sortformer-finetuned/6spk-vox-ami-aishell-ali-bs10-ga2-a100-80gb-4gpu-5ep-v2-1782411519/best.nemo,1,0.503,0,0.503
arda-argmax/sortformer-finetuned/6spk-vox-ami-aishell-ali-bs10-ga2-a100-80gb-4gpu-5ep-v2-1782411519/checkpoints/step_104_epoch_0_val-der_0.1575.nemo,1,0.502,0,0.502
arda-argmax/sortformer-finetuned/6spk-vox-ami-aishell-ali-bs10-ga2-a100-80gb-4gpu-5ep-v2-1782411519/checkpoints/step_131_epoch_1_val-der_0.1559.nemo,1,0.502,0,0.502
arda-argmax/sortformer-finetuned/6spk-vox-ami-aishell-ali-bs10-ga2-a100-80gb-4gpu-5ep-v2-1782411519/checkpoints/step_183_epoch_1_val-der_0.1529.nemo,1,0.507,0,0.507
arda-argmax/sortformer-finetuned/6spk-vox-ami-aishell-ali-bs10-ga2-a100-80gb-4gpu-5ep-v2-1782411519/checkpoints/step_236_epoch_2_val-der_0.1527.nemo,1,0.502,0,0.502
arda-argmax/sortformer-finetuned/6spk-vox-ami-aishell-ali-bs10-ga2-a100-80gb-4gpu-5ep-v2-1782411519/checkpoints/step_26_epoch_0_val-der_0.1865.nemo,1,0.502,0,0.502
arda-argmax/sortformer-finetuned/6spk-vox-ami-aishell-ali-bs10-ga2-a100-80gb-4gpu-5ep-v2-1782411519/checkpoints/step_288_epoch_2_val-der_0.1515.nemo,1,0.605,0,0.605
arda-argmax/sortformer-finetuned/6spk-vox-ami-aishell-ali-bs10-ga2-a100-80gb-4gpu-5ep-v2-1782411519/checkpoints/step_341_epoch_3_val-der_0.1510.nemo,1,0.503,0,0.503
arda-argmax/sortformer-finetuned/6spk-vox-ami-aishell-ali-bs10-ga2-a100-80gb-4gpu-5ep-v2-1782411519/checkpoints/step_419_epoch_3_val-der_0.1496.nemo,1,0.503,0,0.503
arda-argmax/sortformer-finetuned/6spk-vox-ami-aishell-ali-bs10-ga2-a100-80gb-4gpu-5ep-v2-1782411519/checkpoints/step_472_epoch_4_val-der_0.1480.nemo,1,0.505,0,0.505
arda-argmax/sortformer-finetuned/6spk-vox-ami-aishell-ali-bs10-ga2-a100-80gb-4gpu-5ep-v2-1782411519/checkpoints/step_52_epoch_0_val-der_0.1649.nemo,1,0.502,0,0.502
arda-argmax/sortformer-finetuned/6spk-vox-ami-aishell-ali-bs10-ga2-a100-80gb-4gpu-5ep-v2-1782411519/checkpoints/step_78_epoch_0_val-der_0.1603.nemo,1,0.503,0,0.503
arda-argmax/sortformer-finetuned/8spk-v0.2-bs1-acc8-l4-cachedtrain-shardedval_v3-1777960366/best.nemo,1,0.507,0,0.507
arda-argmax/sortformer-finetuned/8spk-v0.2-bs1-acc8-l4-cachedtrain-shardedval_v6-1777969623/best.nemo,1,0.503,0,0.503
arda-argmax/sortformer-finetuned/8spk-v0.2-bs1-acc8-l4-cachedval-1777594506/best.nemo,1,0.504,0,0.504
arda-argmax/sortformer-finetuned/8spk-v0.2-bs1-acc8-l4-diskcache-shardedval-v1-1778007921/best.nemo,1,0.507,0,0.507
arda-argmax/sortformer-finetuned/smoke-1777401758/best.nemo,1,0.503,0,0.503
arda-argmax/sortformer-finetuned/sortformer-train-1777492805/best.nemo,1,0.503,0,0.503
arda-argmax/sortformer-finetuned/sortformer-train-1777563938/best.nemo,1,0.507,0,0.507
arda-argmax/sortformer-finetuned/sortformer-train-1777567093/best.nemo,1,0.503,0,0.503
arda-argmax/sortformer-finetuned/sortformer-train-1777578793/best.nemo,1,0.504,0,0.504
arda-argmax/sortformer-finetuned/sortformer-train-1777589381/best.nemo,1,0.508,0,0.508
arda-argmax/sortformer-finetuned/vertex-streaming-smoke-train-1777405971/best.nemo,1,0.505,0,0.505
arda-argmax/sortformer-finetuned/vertex-streaming-smoke-train-1777413928/best.nemo,1,0.503,0,0.503
timm/MobileCLIP2-S0-OpenCLIP/open_clip_pytorch_model.bin,1,0.025,0,0.025
optimum-intel-internal-testing/tiny-random-Data2VecTextModel/pytorch_model.bin,1,0.007,0,0.007
timm/convnext_large.dinov3_lvd1689m/pytorch_model.bin,1,0.012,0,0.012
timm/MobileCLIP2-S2-OpenCLIP/open_clip_pytorch_model.bin,1,0.037,0,0.037
OpenMed/OpenMed-ZeroShot-NER-Pathology-Tiny-60M/pytorch_model.bin,1,0.009,0,0.009
nvidia/C-RADIOv4-SO400M/c-radio_v4-so400m_half.pth.tar,1,0.014,1.814,1.828
zondaxyz/babyconceptLM-baike102M_bpe40/pytorch_model.bin,1,0.008,0,0.008
pytorch/gemma-3-12b-it-FP8/pytorch_model-00001-of-00003.bin,1,0.028,3.928,3.956
LuckyOda/comfyui-full-pack/person_yolov8m-seg.pt,1,0.055,2.67,2.725
blackbeedrones/sae-2026-hang-all-yolo26n-seg-v2-960/weights/epoch187.pt,1,0.184,7.773,7.957
knalin55/CUNI_FT-CROSS-LoRA/training_args.bin,1,0.007,3.88,3.887
thatbrguy/g3t/model.pt,1,0.035,0,0.035
michka/Melenchon-Nemo-12B/checkpoint-240/optimizer.pt,1,0.046,0,0.046
Stable-X/vggt-object-v0-1/model.pt,1,0.041,0,0.041
sakamakismile/Qwen3.6-27B-LNARIZE-NVFP4/kvtc_calibration.pt,1,0.022,2.165,2.187
timm/vit_huge_patch14_clip_378.metaclip2_worldwide/open_clip_pytorch_model.bin,1,0.019,0,0.019
timm/vit_huge_patch14_clip_378.metaclip2_worldwide/pytorch_model.bin,1,0.015,0,0.015
Chess473737/nepal-model/A100Pretrain/checkpoint-10000/training_args.bin,1,0.005,2.709,2.714
Chess473737/nepal-model/A100Pretrain/checkpoint-15000/training_args.bin,1,0.004,2.771,2.775
Chess473737/nepal-model/A100Pretrain/checkpoint-20000/training_args.bin,1,0.005,2.941,2.946
Chess473737/nepal-model/A100Pretrain/checkpoint-5000/optimizer.pt,1,0.014,0,0.014
Chess473737/nepal-model/A100Pretrain/checkpoint-5000/scheduler.pt,1,0.003,0,0.003
Chess473737/nepal-model/A100Pretrain/checkpoint-5000/training_args.bin,1,0.003,2.419,2.422
Chess473737/nepal-model/Kaggle1B/ckpt-12000/scheduler.pt,1,0.004,0,0.004
openbmb/BitCPM-CANN-3B/pytorch_model.bin,1,0.011,0,0.011
typhoon-ai/typhoon-asr-realtime/typhoon-asr-realtime.nemo,1,0.497,0,0.497
cisco-ai/SecureBERT2.0-cross_encoder/optimizer.pt,1,0.014,0,0.014
AIDElab-IITBombay/RadJEPA/jepa_encoder.pth.tar,1,0.03,0,0.03
Runware/adetailer/deepfashion2_yolov8s-seg.pt,1,0.045,2.153,2.198
Runware/adetailer/person_yolov8m-seg.pt,1,0.055,3.895,3.95
Runware/adetailer/person_yolov8n-seg.pt,1,0.045,2.785,2.83
Runware/adetailer/person_yolov8s-seg.pt,1,0.045,5.444,5.489
stabilityai/stable-audio-3-small-sfx-base/svd_bases.pt,1,0.018,0,0.018
openbmb/BitCPM-CANN-8B/pytorch_model.bin,1,0.011,0,0.011
GaryFer/smart-parking-weights/fasterrcnnv2/best_seed1000.pt,1,0.014,0,0.014
GaryFer/smart-parking-weights/fasterrcnnv2/best_seed123.pt,1,0.012,0,0.012
GaryFer/smart-parking-weights/fasterrcnnv2/best_seed1234.pt,1,0.108,0,0.108
GaryFer/smart-parking-weights/fasterrcnnv2/best_seed2025.pt,1,0.014,0,0.014
GaryFer/smart-parking-weights/fasterrcnnv2/best_seed3141.pt,1,0.013,0,0.013
GaryFer/smart-parking-weights/fasterrcnnv2/best_seed42.pt,1,0.013,0,0.013
GaryFer/smart-parking-weights/fasterrcnnv2/best_seed456.pt,1,0.012,0,0.012
GaryFer/smart-parking-weights/rtdetr/run_1000/weights/best.pt,1,0.088,8.662,8.75
GaryFer/smart-parking-weights/rtdetr/run_1000/weights/last.pt,1,0.089,6.617,6.706
GaryFer/smart-parking-weights/rtdetr/run_123/weights/best.pt,1,0.09,6.138,6.228
GaryFer/smart-parking-weights/rtdetr/run_1234/weights/best.pt,1,0.09,4.988,5.078
GaryFer/smart-parking-weights/rtdetr/run_1234/weights/last.pt,1,0.189,4.178,4.367
GaryFer/smart-parking-weights/rtdetr/run_2024/weights/last.pt,1,0.09,6.928,7.018
GaryFer/smart-parking-weights/rtdetr/run_3141/weights/best.pt,1,0.089,6.536,6.625
GaryFer/smart-parking-weights/rtdetr/run_456/weights/best.pt,1,0.089,1.932,2.021
GaryFer/smart-parking-weights/rtdetr/run_789/weights/best.pt,1,0.09,6.121,6.211
GaryFer/smart-parking-weights/yolov11s/run_1000/weights/last.pt,1,0.048,2.896,2.944
GaryFer/smart-parking-weights/yolov11s/run_123/weights/best.pt,1,0.047,26.857,26.904
GaryFer/smart-parking-weights/yolov11s/run_123/weights/last.pt,1,0.146,6.183,6.329
GaryFer/smart-parking-weights/yolov11s/run_1234/weights/best.pt,1,0.048,5.861,5.909
GaryFer/smart-parking-weights/yolov11s/run_2025/weights/best.pt,1,0.048,5.381,5.429
GaryFer/smart-parking-weights/yolov11s/run_2025/weights/last.pt,1,0.047,3.768,3.815
GaryFer/smart-parking-weights/yolov11s/run_3141/weights/best.pt,1,0.049,3.612,3.661
GaryFer/smart-parking-weights/yolov11s/run_42/weights/best.pt,1,0.048,3.568,3.616
GaryFer/smart-parking-weights/yolov11s/run_456/weights/best.pt,1,0.047,2.546,2.593
GaryFer/smart-parking-weights/yolov11s/run_456/weights/last.pt,1,0.046,3.984,4.03
GaryFer/smart-parking-weights/yolov11s/run_789/weights/best.pt,1,0.047,7.593,7.64
GaryFer/smart-parking-weights/yolov11s/run_789/weights/last.pt,1,0.047,3.598,3.645
GaryFer/smart-parking-weights/yolov11s/run_9999/weights/best.pt,1,0.141,4.322,4.463
GaryFer/smart-parking-weights/yolov11s/run_9999/weights/last.pt,1,0.047,6.769,6.816
GaryFer/smart-parking-weights/yolov12s/run_1000/weights/best.pt,1,0.064,4.109,4.173
GaryFer/smart-parking-weights/yolov12s/run_1000/weights/last.pt,1,0.063,4.508,4.571
GaryFer/smart-parking-weights/yolov12s/run_123/weights/best.pt,1,0.064,3.794,3.858
GaryFer/smart-parking-weights/yolov12s/run_1234/weights/last.pt,1,0.064,2.213,2.277
GaryFer/smart-parking-weights/yolov12s/run_2024/weights/last.pt,1,0.064,1.48,1.544
GaryFer/smart-parking-weights/yolov12s/run_2025/weights/best.pt,1,0.063,5.396,5.459
GaryFer/smart-parking-weights/yolov12s/run_3141/weights/best.pt,1,0.16,6.107,6.267
GaryFer/smart-parking-weights/yolov12s/run_3141/weights/last.pt,1,0.064,2.616,2.68
GaryFer/smart-parking-weights/yolov12s/run_42/weights/best.pt,1,0.064,3.596,3.66
GaryFer/smart-parking-weights/yolov12s/run_456/weights/best.pt,1,0.063,3.171,3.234
GaryFer/smart-parking-weights/yolov12s/run_456/weights/last.pt,1,0.063,3.784,3.847
GaryFer/smart-parking-weights/yolov12s/run_789/weights/last.pt,1,0.064,4.4,4.464
GaryFer/smart-parking-weights/yolov12s/run_9999/weights/best.pt,1,0.064,4.212,4.276
GaryFer/smart-parking-weights/yolov12s/run_9999/weights/last.pt,1,0.157,1.736,1.893
GaryFer/smart-parking-weights/yolov8s/run_1000/weights/best.pt,1,0.037,4.743,4.78
GaryFer/smart-parking-weights/yolov8s/run_123/weights/best.pt,1,0.037,34.556,34.593
GaryFer/smart-parking-weights/yolov8s/run_1234/weights/best.pt,1,0.036,8.122,8.158
GaryFer/smart-parking-weights/yolov8s/run_2024/weights/best.pt,1,0.036,4.23,4.266
GaryFer/smart-parking-weights/yolov8s/run_2025/weights/best.pt,1,0.035,2.493,2.528
GaryFer/smart-parking-weights/yolov8s/run_3141/weights/best.pt,1,0.036,6.797,6.833
GaryFer/smart-parking-weights/yolov8s/run_3141/weights/last.pt,1,0.036,3.924,3.96
GaryFer/smart-parking-weights/yolov8s/run_789/weights/best.pt,1,0.035,6.134,6.169
GaryFer/smart-parking-weights/yolov8s/run_9999/weights/best.pt,1,0.036,5.413,5.449
GaryFer/smart-parking-weights/yolov8s/run_9999/weights/last.pt,1,0.035,5.263,5.298
baichuan-inc/Baichuan-M2-32B/draft/pytorch_model.bin,1,0.007,0,0.007
gabrielpirlo/Sped_ParakeetRomanian_110M_TDT-CTC/SpeD-ParakeetRo_110M_TDT-CTC.nemo,1,0.489,0,0.489
Soul-AILab/SoulX-Singer-Preprocess/parakeet-tdt-0.6b-v2/parakeet-tdt-0.6b-v2.nemo,1,2.522,0,2.522
openbmb/BitCPM-CANN-8B-unquantized/pytorch_model.bin,1,0.013,0,0.013
ecmwf/aifs-ens-2.0/aifs-ens-crps-2.0.ckpt,1,0.085,5.195,5.28
facebook/lagernvs_general_512/model.pt,1,0.133,0,0.133
Malgesw/ppo-Huggy/Huggy/Huggy-1599365.pt,1,0.01,0,0.01
yuriyvnv/parakeet-tdt-0.6b-EN-Medical/parakeet-tdt-cv17_multimed_en-seed42.nemo,1,2.564,0,2.564
yuriyvnv/parakeet-tdt-0.6b-EN-Medical/parakeet-tdt-multimed_en-seed42.nemo,1,2.56,0,2.56
shaikhsalman/ZabaanAI-Urdu-3B/last-checkpoint/optimizer.pt,1,0.045,0,0.045
fpadovani/rus-cyrl-100mb-100mb_seed3407/checkpoint-105000/rng_state.pth,1,0.006,2.324,2.33
fpadovani/rus-cyrl-100mb-100mb_seed3407/checkpoint-39000/rng_state.pth,1,0.004,2.448,2.452
fpadovani/rus-cyrl-100mb-100mb_seed3407/checkpoint-42000/rng_state.pth,1,0.004,3.067,3.071
nvidia/magpie_tts_multilingual_357m/magpie_tts_multilingual_357m.nemo,1,1.52,0,1.52
asdasdasd1234567890/asd/ultralytics/segm/CockAndBallYolo8x.pt,1,0.068,8.932,9
asdasdasd1234567890/asd/ultralytics/segm/PitEyeDetailer-v2-seg.pt,1,0.045,7.904,7.949
asdasdasd1234567890/asd/ultralytics/segm/face_yolov8m-seg_60.pt,1,0.047,6.371,6.418
asdasdasd1234567890/asd/ultralytics/segm/person_yolov8m-seg.pt,1,0.055,5.239,5.294
asdasdasd1234567890/asd/ultralytics/segm/person_yolov8n-seg.pt,1,0.046,4.65,4.696
asdasdasd1234567890/asd/ultralytics/segm/person_yolov8s-seg.pt,1,0.045,3.597,3.642
asdasdasd1234567890/asd/ultralytics/segm/skin_yolov8m-seg_400.pt,1,0.047,3.351,3.398
asdasdasd1234567890/asd/ultralytics/segm/yolo-human-parse-epoch-125.pt,1,0.167,4.775,4.942
asdasdasd1234567890/asd/ultralytics/segm/yolo11n-seg.pt,1,0.062,4.928,4.99
attack-vector/SecureModernBERT-NER/checkpoint-10605/optimizer.pt,1,0.018,0,0.018
timm/vit_small_plus_patch16_dinov3_qkvb.lvd1689m/pytorch_model.bin,1,0.011,0,0.011
vivekvar/helmet-v5/yolo11l-pose.pt,1,0.107,8.122,8.229
binant/wendyrv/model.pth,1,0.017,0,0.017
jwest33/qwen3-vl-8b-instruct-null-space-abliterated/null_space_projectors.pt,1,0.007,0,0.007
jwest33/qwen3-vl-8b-instruct-null-space-abliterated/refusal_directions.pt,1,0.005,0,0.005
inference-optimization/Laguna-XS.2-speculator.dflash-Qwen235B-500k-ckpt5/scheduler_state_dict.pt,1,0.004,0,0.004
smegmarip/ComfyUI/segm/person_yolov8s-seg.pt,1,0.047,3.064,3.111
smegmarip/ComfyUI/ultralytics/segm/AnzhcHead-seg.pt,1,0.047,4.832,4.879
smegmarip/ComfyUI/ultralytics/segm/person_yolov8m-seg.pt,1,0.056,7.174,7.23
fpadovani/swa-latn-100mb-after-ppt-shuff-dyck-100mb-ckpt500_seed3407/checkpoint-164000/rng_state.pth,1,0.006,1.636,1.642
fpadovani/swa-latn-100mb-after-ppt-shuff-dyck-100mb-ckpt500_seed3407/checkpoint-212000/rng_state.pth,1,0.005,1.934,1.939
fpadovani/swa-latn-100mb-after-ppt-shuff-dyck-100mb-ckpt500_seed3407/checkpoint-220000/rng_state.pth,1,0.004,1.938,1.942
fpadovani/swa-latn-100mb-after-ppt-shuff-dyck-100mb-ckpt500_seed3407/checkpoint-224000/rng_state.pth,1,0.004,1.835,1.839
fpadovani/swa-latn-100mb-after-ppt-shuff-dyck-100mb-ckpt500_seed3407/checkpoint-232000/rng_state.pth,1,0.005,1.735,1.74
fpadovani/swa-latn-100mb-after-ppt-shuff-dyck-100mb-ckpt500_seed3407/checkpoint-272000/rng_state.pth,1,0.004,1.926,1.93
fpadovani/swa-latn-100mb-after-ppt-shuff-dyck-100mb-ckpt500_seed3407/checkpoint-280000/rng_state.pth,1,0.004,1.954,1.958
fpadovani/swa-latn-100mb-after-ppt-shuff-dyck-100mb-ckpt500_seed3407/checkpoint-40000/rng_state.pth,1,0.004,1.734,1.738
fpadovani/swa-latn-100mb-after-ppt-shuff-dyck-100mb-ckpt500_seed3407/checkpoint-44000/rng_state.pth,1,0.004,1.745,1.749
fpadovani/swa-latn-100mb-after-ppt-shuff-dyck-100mb-ckpt500_seed3407/checkpoint-80000/rng_state.pth,1,0.004,1.922,1.926
fpadovani/ind-latn-100mb-after-ppt-Dp-100mb-ckpt500_seed3407/checkpoint-102000/training_args.bin,1,0.004,3.378,3.382
fpadovani/ind-latn-100mb-after-ppt-Dp-100mb-ckpt500_seed3407/checkpoint-105000/training_args.bin,1,0.004,2.552,2.556
fpadovani/ind-latn-100mb-after-ppt-Dp-100mb-ckpt500_seed3407/checkpoint-108000/training_args.bin,1,0.004,2.553,2.557
fpadovani/ind-latn-100mb-after-ppt-Dp-100mb-ckpt500_seed3407/checkpoint-111000/training_args.bin,1,0.004,2.842,2.846
fpadovani/ind-latn-100mb-after-ppt-Dp-100mb-ckpt500_seed3407/checkpoint-114000/training_args.bin,1,0.005,2.499,2.504
fpadovani/ind-latn-100mb-after-ppt-Dp-100mb-ckpt500_seed3407/checkpoint-117000/training_args.bin,1,0.004,2.974,2.978
fpadovani/ind-latn-100mb-after-ppt-Dp-100mb-ckpt500_seed3407/checkpoint-12000/training_args.bin,1,0.004,2.393,2.397
fpadovani/ind-latn-100mb-after-ppt-Dp-100mb-ckpt500_seed3407/checkpoint-120000/training_args.bin,1,0.004,2.469,2.473
fpadovani/ind-latn-100mb-after-ppt-Dp-100mb-ckpt500_seed3407/checkpoint-123000/training_args.bin,1,0.004,2.858,2.862
fpadovani/ind-latn-100mb-after-ppt-Dp-100mb-ckpt500_seed3407/checkpoint-126000/training_args.bin,1,0.004,8.597,8.601
fpadovani/ind-latn-100mb-after-ppt-Dp-100mb-ckpt500_seed3407/checkpoint-128520/rng_state.pth,1,0.003,1.425,1.428
fpadovani/ind-latn-100mb-after-ppt-Dp-100mb-ckpt500_seed3407/checkpoint-128520/training_args.bin,1,0.004,11.666,11.67
fpadovani/ind-latn-100mb-after-ppt-Dp-100mb-ckpt500_seed3407/checkpoint-15000/training_args.bin,1,0.004,2.464,2.468
fpadovani/ind-latn-100mb-after-ppt-Dp-100mb-ckpt500_seed3407/checkpoint-18000/training_args.bin,1,0.004,2.54,2.544
fpadovani/ind-latn-100mb-after-ppt-Dp-100mb-ckpt500_seed3407/checkpoint-21000/rng_state.pth,1,0.004,3.399,3.403
fpadovani/ind-latn-100mb-after-ppt-Dp-100mb-ckpt500_seed3407/checkpoint-21000/training_args.bin,1,0.004,4.783,4.787
fpadovani/ind-latn-100mb-after-ppt-Dp-100mb-ckpt500_seed3407/checkpoint-24000/training_args.bin,1,0.004,5.01,5.014
fpadovani/ind-latn-100mb-after-ppt-Dp-100mb-ckpt500_seed3407/checkpoint-27000/training_args.bin,1,0.004,5.439,5.443
fpadovani/ind-latn-100mb-after-ppt-Dp-100mb-ckpt500_seed3407/checkpoint-3000/training_args.bin,1,0.004,2.764,2.768
fpadovani/ind-latn-100mb-after-ppt-Dp-100mb-ckpt500_seed3407/checkpoint-30000/training_args.bin,1,0.004,2.384,2.388
fpadovani/ind-latn-100mb-after-ppt-Dp-100mb-ckpt500_seed3407/checkpoint-33000/training_args.bin,1,0.004,2.91,2.914
fpadovani/ind-latn-100mb-after-ppt-Dp-100mb-ckpt500_seed3407/checkpoint-36000/rng_state.pth,1,0.003,1.643,1.646
fpadovani/ind-latn-100mb-after-ppt-Dp-100mb-ckpt500_seed3407/checkpoint-36000/training_args.bin,1,0.003,2.815,2.818
fpadovani/ind-latn-100mb-after-ppt-Dp-100mb-ckpt500_seed3407/checkpoint-39000/training_args.bin,1,0.004,5.452,5.456
fpadovani/ind-latn-100mb-after-ppt-Dp-100mb-ckpt500_seed3407/checkpoint-42000/training_args.bin,1,0.004,2.455,2.459
fpadovani/ind-latn-100mb-after-ppt-Dp-100mb-ckpt500_seed3407/checkpoint-45000/training_args.bin,1,0.004,4.804,4.808
fpadovani/ind-latn-100mb-after-ppt-Dp-100mb-ckpt500_seed3407/checkpoint-48000/training_args.bin,1,0.004,3.473,3.477
fpadovani/ind-latn-100mb-after-ppt-Dp-100mb-ckpt500_seed3407/checkpoint-51000/training_args.bin,1,0.004,25.902,25.906
fpadovani/ind-latn-100mb-after-ppt-Dp-100mb-ckpt500_seed3407/checkpoint-54000/training_args.bin,1,0.005,32.254,32.259
fpadovani/ind-latn-100mb-after-ppt-Dp-100mb-ckpt500_seed3407/checkpoint-57000/training_args.bin,1,0.004,3.736,3.74
fpadovani/ind-latn-100mb-after-ppt-Dp-100mb-ckpt500_seed3407/checkpoint-6000/training_args.bin,1,0.004,2.899,2.903
fpadovani/ind-latn-100mb-after-ppt-Dp-100mb-ckpt500_seed3407/checkpoint-60000/training_args.bin,1,0.004,2.955,2.959
fpadovani/ind-latn-100mb-after-ppt-Dp-100mb-ckpt500_seed3407/checkpoint-63000/training_args.bin,1,0.004,4.093,4.097
fpadovani/ind-latn-100mb-after-ppt-Dp-100mb-ckpt500_seed3407/checkpoint-66000/training_args.bin,1,0.004,3.07,3.074
fpadovani/ind-latn-100mb-after-ppt-Dp-100mb-ckpt500_seed3407/checkpoint-69000/rng_state.pth,1,0.004,2.564,2.568
fpadovani/ind-latn-100mb-after-ppt-Dp-100mb-ckpt500_seed3407/checkpoint-69000/training_args.bin,1,0.004,2.951,2.955
fpadovani/ind-latn-100mb-after-ppt-Dp-100mb-ckpt500_seed3407/checkpoint-72000/training_args.bin,1,0.004,2.76,2.764
fpadovani/ind-latn-100mb-after-ppt-Dp-100mb-ckpt500_seed3407/checkpoint-75000/training_args.bin,1,0.004,2.552,2.556
fpadovani/ind-latn-100mb-after-ppt-Dp-100mb-ckpt500_seed3407/checkpoint-78000/training_args.bin,1,0.005,3.061,3.066
fpadovani/ind-latn-100mb-after-ppt-Dp-100mb-ckpt500_seed3407/checkpoint-81000/rng_state.pth,1,0.004,1.828,1.832
fpadovani/ind-latn-100mb-after-ppt-Dp-100mb-ckpt500_seed3407/checkpoint-81000/training_args.bin,1,0.004,3.21,3.214
fpadovani/ind-latn-100mb-after-ppt-Dp-100mb-ckpt500_seed3407/checkpoint-84000/training_args.bin,1,0.004,2.926,2.93
fpadovani/ind-latn-100mb-after-ppt-Dp-100mb-ckpt500_seed3407/checkpoint-87000/training_args.bin,1,0.004,2.401,2.405
fpadovani/ind-latn-100mb-after-ppt-Dp-100mb-ckpt500_seed3407/checkpoint-9000/training_args.bin,1,0.005,3.936,3.941
fpadovani/ind-latn-100mb-after-ppt-Dp-100mb-ckpt500_seed3407/checkpoint-90000/rng_state.pth,1,0.004,1.734,1.738
fpadovani/ind-latn-100mb-after-ppt-Dp-100mb-ckpt500_seed3407/checkpoint-90000/training_args.bin,1,0.004,2.858,2.862
fpadovani/ind-latn-100mb-after-ppt-Dp-100mb-ckpt500_seed3407/checkpoint-93000/training_args.bin,1,0.004,3.694,3.698
fpadovani/ind-latn-100mb-after-ppt-Dp-100mb-ckpt500_seed3407/checkpoint-96000/training_args.bin,1,0.004,2.642,2.646
fpadovani/ind-latn-100mb-after-ppt-Dp-100mb-ckpt500_seed3407/checkpoint-99000/training_args.bin,1,0.004,18.425,18.429
fpadovani/ind-latn-100mb-after-ppt-Dp-100mb-ckpt500_seed3407/training_args.bin,1,0.004,2.753,2.757
nvidia/nemo-nano-codec-22khz-0.6kbps-12.5fps/nemo-nano-codec-22khz-0.6kbps-12.5fps.nemo,1,0.453,0,0.453
fpadovani/swe-latn-10mb-after-ppt-Dp-100mb-ckpt500_seed3407/checkpoint-9000/rng_state.pth,1,0.006,1.888,1.894
omi-health/omi-med-stt-v1/omimedstt-v1.nemo,1,2.543,0,2.543
fpadovani/swa-latn-100mb-after-ppt-Dp-100mb-ckpt500_seed3407/checkpoint-164000/rng_state.pth,1,0.005,19.535,19.54
fpadovani/swa-latn-100mb-after-ppt-Dp-100mb-ckpt500_seed3407/checkpoint-212000/rng_state.pth,1,0.005,1.628,1.633
fpadovani/swa-latn-100mb-after-ppt-Dp-100mb-ckpt500_seed3407/checkpoint-220000/rng_state.pth,1,0.005,1.633,1.638
fpadovani/swa-latn-100mb-after-ppt-Dp-100mb-ckpt500_seed3407/checkpoint-224000/rng_state.pth,1,0.005,1.832,1.837
fpadovani/swa-latn-100mb-after-ppt-Dp-100mb-ckpt500_seed3407/checkpoint-232000/rng_state.pth,1,0.004,1.324,1.328
fpadovani/swa-latn-100mb-after-ppt-Dp-100mb-ckpt500_seed3407/checkpoint-272000/rng_state.pth,1,0.005,1.738,1.743
fpadovani/swa-latn-100mb-after-ppt-Dp-100mb-ckpt500_seed3407/checkpoint-280000/rng_state.pth,1,0.004,1.4,1.404
fpadovani/swa-latn-100mb-after-ppt-Dp-100mb-ckpt500_seed3407/checkpoint-40000/rng_state.pth,1,0.005,2.779,2.784
fpadovani/swa-latn-100mb-after-ppt-Dp-100mb-ckpt500_seed3407/checkpoint-44000/rng_state.pth,1,0.004,1.733,1.737
fpadovani/swa-latn-100mb-after-ppt-Dp-100mb-ckpt500_seed3407/checkpoint-80000/rng_state.pth,1,0.004,1.225,1.229
nvidia/GR00T-N1.7-SimplerEnv-Bridge/global_step32000/mp_rank_00_model_states.pt,1,0.041,0,0.041
fpadovani/tur-latn-100mb-100mb_seed10/checkpoint-24000/rng_state.pth,1,0.006,9.951,9.957
fpadovani/tur-latn-100mb-100mb_seed10/checkpoint-75000/rng_state.pth,1,0.005,1.456,1.461
ecmwf/aifs-single-1.1/aifs-single-mse-1.1.ckpt,1,0.057,7.247,7.304
nvidia/fourcastnet3/training_checkpoints/best_ckpt_mp0.tar,1,0.008,0,0.008
nvidia/parakeet-unified-en-0.6b/parakeet-unified-en-0.6b.nemo,1,2.529,0,2.529
fpadovani/hin-deva-100mb-after-ppt-Dp-100mb-ckpt500_seed3407/checkpoint-3000/rng_state.pth,1,0.006,1.232,1.238
fpadovani/hin-deva-100mb-after-ppt-Dp-100mb-ckpt500_seed3407/checkpoint-69000/rng_state.pth,1,0.006,1.635,1.641
fpadovani/hin-deva-100mb-after-ppt-Dp-100mb-ckpt500_seed3407/checkpoint-87000/rng_state.pth,1,0.004,20.511,20.515
fpadovani/swe-latn-10mb-100mb_seed3407/checkpoint-9000/rng_state.pth,1,0.004,2.115,2.119
fpadovani/hin-deva-10mb-after-ppt-Dp-100mb-ckpt500_seed3407/checkpoint-104090/rng_state.pth,1,0.005,1.461,1.466
fpadovani/hin-deva-10mb-after-ppt-Dp-100mb-ckpt500_seed3407/checkpoint-15000/rng_state.pth,1,0.003,1.869,1.872
fpadovani/hin-deva-10mb-after-ppt-Dp-100mb-ckpt500_seed3407/checkpoint-54000/rng_state.pth,1,0.004,3.377,3.381
fpadovani/hin-deva-10mb-after-ppt-Dp-100mb-ckpt500_seed3407/checkpoint-6000/rng_state.pth,1,0.004,1.671,1.675
fpadovani/swe-latn-100mb-100mb_seed3407/checkpoint-57000/rng_state.pth,1,0.004,3.538,3.542
fpadovani/swe-latn-100mb-100mb_seed3407/checkpoint-66000/rng_state.pth,1,0.004,4.087,4.091
fpadovani/swe-latn-100mb-100mb_seed3407/checkpoint-75000/rng_state.pth,1,0.003,1.638,1.641
fpadovani/swe-latn-100mb-100mb_seed3407/checkpoint-90000/rng_state.pth,1,0.004,2.428,2.432
fpadovani/ind-latn-10mb-after-ppt-Dp-100mb-ckpt500_seed3407/checkpoint-114000/rng_state.pth,1,0.004,1.669,1.673
fpadovani/ind-latn-10mb-after-ppt-Dp-100mb-ckpt500_seed3407/checkpoint-21000/rng_state.pth,1,0.004,1.506,1.51
fpadovani/ind-latn-10mb-after-ppt-Dp-100mb-ckpt500_seed3407/checkpoint-27000/rng_state.pth,1,0.004,1.634,1.638
fpadovani/ind-latn-10mb-after-ppt-Dp-100mb-ckpt500_seed3407/checkpoint-6000/rng_state.pth,1,0.004,2.039,2.043
conch/CoCa/MahmoodLab-CONCH/pytorch_model.bin,1,0.013,0,0.013
flagembedding/BAAI-bge-base-en/pytorch_model.bin,1,0.009,0,0.009
flagembedding/BAAI-bge-base-en-v1.5/pytorch_model.bin,1,0.112,0,0.112
flagembedding/BAAI-bge-base-zh-v1.5/pytorch_model.bin,1,0.01,0,0.01
flagembedding/BAAI-bge-large-en/pytorch_model.bin,1,0.012,0,0.012
flagembedding/BAAI-bge-large-en-v1.5/pytorch_model.bin,1,0.014,0,0.014
flagembedding/BAAI-bge-large-zh/pytorch_model.bin,1,0.013,0,0.013
flagembedding/BAAI-bge-large-zh-v1.5/pytorch_model.bin,1,0.012,0,0.012
flagembedding/BAAI-bge-reranker-base/pytorch_model.bin,1,0.009,0,0.009
flagembedding/BAAI-bge-reranker-large/pytorch_model.bin,1,0.012,0,0.012
flagembedding/BAAI-bge-small-en/pytorch_model.bin,1,0.009,0,0.009
flagembedding/BAAI-bge-small-en-v1.5/pytorch_model.bin,1,0.009,0,0.009
flagembedding/BAAI-bge-small-zh/pytorch_model.bin,1,0.007,0,0.007
flagembedding/BAAI-bge-small-zh-v1.5/pytorch_model.bin,1,0.007,0,0.007
flagembedding/BAAI-llm-embedder/pytorch_model.bin,1,0.01,0,0.01
flair/SequenceTagger/flair-chunk-english-fast/pytorch_model.bin,1,0.007,2.367,2.374
flair/SequenceTagger/flair-ner-dutch-large/pytorch_model.bin,1,0.02,2.273,2.293
flair/SequenceTagger/flair-ner-english/pytorch_model.bin,1,0.246,1.536,1.782
flair/SequenceTagger/flair-ner-english-fast/pytorch_model.bin,1,0.266,21.014,21.28
flair/SequenceTagger/flair-ner-english-large/pytorch_model.bin,1,0.046,2.568,2.614
flair/SequenceTagger/flair-ner-english-ontonotes/pytorch_model.bin,1,0.659,3.886,4.545
flair/SequenceTagger/flair-ner-english-ontonotes-fast/pytorch_model.bin,1,0.672,4.105,4.777
flair/SequenceTagger/flair-ner-english-ontonotes-large/pytorch_model.bin,1,0.073,2.013,2.086
flair/SequenceTagger/flair-ner-french/pytorch_model.bin,1,0.676,4.928,5.604
flair/SequenceTagger/flair-ner-german/pytorch_model.bin,1,0.708,3.733,4.441
flair/SequenceTagger/flair-ner-german-large/pytorch_model.bin,1,0.08,6.001,6.081
flair/SequenceTagger/flair-ner-multi/pytorch_model.bin,1,0.926,1.833,2.759
flair/SequenceTagger/flair-ner-spanish-large/pytorch_model.bin,1,0.077,2.408,2.485
flair/SequenceTagger/flair-pos-english/pytorch_model.bin,1,0.007,2.01,2.017
flair/SequenceTagger/flair-pos-english-fast/pytorch_model.bin,1,0.007,1.457,1.464
flair/SequenceTagger/flair-upos-english/pytorch_model.bin,1,0.008,3.262,3.27
flair/SequenceTagger/flair-upos-english-fast/pytorch_model.bin,1,0.007,2.238,2.245
flair/SequenceTagger/flair-upos-multi/pytorch_model.bin,1,0.035,5.339,5.374
gliner/GliNER/DeepMount00-GLiNER_ITA_BASE/pytorch_model.bin,1,0.012,0,0.012
gliner/GliNER/DeepMount00-GLiNER_ITA_LARGE/pytorch_model.bin,1,0.014,0,0.014
gliner/GliNER/DeepMount00-GLiNER_PII_ITA/pytorch_model.bin,1,0.01,0,0.01
gliner/GliNER/DeepMount00-universal_ner_ita/pytorch_model.bin,1,0.011,0,0.011
gliner/GliNER/EmergentMethods-gliner_medium_news-v2.1/pytorch_model.bin,1,0.01,0,0.01
gliner/GliNER/gliner-community-gliner_large-v2.5/pytorch_model.bin,1,0.013,0,0.013
gliner/GliNER/gliner-community-gliner_medium-v2.5/pytorch_model.bin,1,0.01,0,0.01
gliner/GliNER/numind-NuNER_Zero/pytorch_model.bin,1,0.014,0,0.014
gliner/GliNER/urchade-gliner_base/pytorch_model.bin,1,0.01,0,0.01
gliner/GliNER/urchade-gliner_large-v1/pytorch_model.bin,1,0.014,0,0.014
gliner/GliNER/urchade-gliner_large-v2/pytorch_model.bin,1,0.013,0,0.013
gliner/GliNER/urchade-gliner_large-v2.1/pytorch_model.bin,1,0.014,0,0.014
gliner/GliNER/urchade-gliner_medium-v2.1/pytorch_model.bin,1,0.011,0,0.011
gliner/GliNER/urchade-gliner_multi/pytorch_model.bin,1,0.01,0,0.01
gliner/GliNER/urchade-gliner_multi-v2.1/pytorch_model.bin,1,0.01,0,0.01
gliner/GliNER/urchade-gliner_multi_pii-v1/pytorch_model.bin,1,0.01,0,0.01
gliner/GliNER/urchade-gliner_small-v2.1/pytorch_model.bin,1,0.008,0,0.008
huggingsound/SpeechRecognitionModel/jonatasgrosman-wav2vec2-large-xlsr-53-arabic/pytorch_model.bin,1,0.015,0,0.015
huggingsound/SpeechRecognitionModel/jonatasgrosman-wav2vec2-large-xlsr-53-chinese-zh-cn/pytorch_model.bin,1,0.013,0,0.013
huggingsound/SpeechRecognitionModel/jonatasgrosman-wav2vec2-large-xlsr-53-dutch/pytorch_model.bin,1,0.014,0,0.014
huggingsound/SpeechRecognitionModel/jonatasgrosman-wav2vec2-large-xlsr-53-english/pytorch_model.bin,1,0.014,0,0.014
huggingsound/SpeechRecognitionModel/jonatasgrosman-wav2vec2-large-xlsr-53-finnish/pytorch_model.bin,1,0.014,0,0.014
huggingsound/SpeechRecognitionModel/jonatasgrosman-wav2vec2-large-xlsr-53-french/pytorch_model.bin,1,0.014,0,0.014
huggingsound/SpeechRecognitionModel/jonatasgrosman-wav2vec2-large-xlsr-53-german/pytorch_model.bin,1,0.014,0,0.014
huggingsound/SpeechRecognitionModel/jonatasgrosman-wav2vec2-large-xlsr-53-greek/pytorch_model.bin,1,0.014,0,0.014
huggingsound/SpeechRecognitionModel/jonatasgrosman-wav2vec2-large-xlsr-53-hungarian/pytorch_model.bin,1,0.014,0,0.014
huggingsound/SpeechRecognitionModel/jonatasgrosman-wav2vec2-large-xlsr-53-italian/pytorch_model.bin,1,0.013,0,0.013
huggingsound/SpeechRecognitionModel/jonatasgrosman-wav2vec2-large-xlsr-53-japanese/pytorch_model.bin,1,0.014,0,0.014
huggingsound/SpeechRecognitionModel/jonatasgrosman-wav2vec2-large-xlsr-53-persian/pytorch_model.bin,1,0.015,0,0.015
huggingsound/SpeechRecognitionModel/jonatasgrosman-wav2vec2-large-xlsr-53-polish/pytorch_model.bin,1,0.013,0,0.013
huggingsound/SpeechRecognitionModel/jonatasgrosman-wav2vec2-large-xlsr-53-portuguese/pytorch_model.bin,1,0.014,0,0.014
huggingsound/SpeechRecognitionModel/jonatasgrosman-wav2vec2-large-xlsr-53-russian/pytorch_model.bin,1,0.014,0,0.014
huggingsound/SpeechRecognitionModel/jonatasgrosman-wav2vec2-large-xlsr-53-spanish/pytorch_model.bin,1,0.014,0,0.014
huggingsound/SpeechRecognitionModel/jonatasgrosman-wav2vec2-xls-r-1b-portuguese/pytorch_model.bin,1,0.022,0,0.022
languagebind/LanguageBind/LanguageBind-LanguageBind_Audio/pytorch_model.bin,1,0.02,0,0.02
languagebind/LanguageBind/LanguageBind-LanguageBind_Audio_FT/pytorch_model.bin,1,0.016,0,0.016
languagebind/LanguageBind/LanguageBind-LanguageBind_Image/pytorch_model.bin,1,0.016,0,0.016
languagebind/LanguageBind/LanguageBind-LanguageBind_Video/pytorch_model.bin,1,0.024,0,0.024
languagebind/LanguageBind/LanguageBind-LanguageBind_Video_FT/pytorch_model.bin,1,0.021,0,0.021
languagebind/LanguageBind/LanguageBind-LanguageBind_Video_Huge_V1.5_FT/pytorch_model.bin,1,0.028,0,0.028
languagebind/LanguageBind/LanguageBind-LanguageBind_Video_merge/pytorch_model.bin,1,0.022,0,0.022
languagebind/LanguageBind/LanguageBind-LanguageBind_Video_V1.5_FT/pytorch_model.bin,1,0.02,0,0.02
melo/TTS/myshell-ai-MeloTTS-Chinese/checkpoint.pth,1,0.026,0,0.026
melo/TTS/myshell-ai-MeloTTS-English/checkpoint.pth,1,0.026,0,0.026
melo/TTS/myshell-ai-MeloTTS-English-v2/checkpoint.pth,1,0.026,0,0.026
melo/TTS/myshell-ai-MeloTTS-English-v3/checkpoint.pth,1,0.026,0,0.026
melo/TTS/myshell-ai-MeloTTS-French/checkpoint.pth,1,0.025,0,0.025
melo/TTS/myshell-ai-MeloTTS-Japanese/checkpoint.pth,1,0.026,0,0.026
melo/TTS/myshell-ai-MeloTTS-Korean/checkpoint.pth,1,0.025,0,0.025
melo/TTS/myshell-ai-MeloTTS-Spanish/checkpoint.pth,1,0.026,0,0.026
Parrot/Parrot/prithivida-parrot_paraphraser_on_T5/pytorch_model.bin,1,0.012,0,0.012
pyannote-audio/Model/collinbarnwell-pyannote-segmentation-30/pytorch_model.bin,1,0.007,2.6,2.607
pyannote-audio/Model/EonNextPlatform-pyannote-wespeaker-voxceleb-resnet34-LM/pytorch_model.bin,1,0.011,2.436,2.447
pyannote-audio/Model/EonNextPlatform-segmentation-3.0/pytorch_model.bin,1,0.007,2.135,2.142
pyannote-audio/Model/fatymatariq-pyannote-wespeaker-voxceleb-resnet34-LM/pytorch_model.bin,1,0.01,4.149,4.159
pyannote-audio/Model/fatymatariq-segmentation-3.0/pytorch_model.bin,1,0.006,2.767,2.773
pyannote-audio/Model/philschmid-pyannote-segmentation/pytorch_model.bin,1,0.009,4.846,4.855
pyannote-audio/Model/pyannote-brouhaha/pytorch_model.bin,1,0.01,3.745,3.755
pyannote-audio/Model/pyannote-embedding/pytorch_model.bin,1,0.014,4.343,4.357
pyannote-audio/Model/pyannote-segmentation/pytorch_model.bin,1,0.008,5.92,5.928
pyannote-audio/Model/pyannote-segmentation-3.0/pytorch_model.bin,1,0.007,3.468,3.475
pyannote-audio/Model/pyannote-wespeaker-voxceleb-resnet34-LM/pytorch_model.bin,1,0.011,1.943,1.954
pyannote-audio/Model/Revai-reverb-diarization-v1/pytorch_model.bin,1,0.009,4.875,4.884
pyannote-audio/Model/Revai-reverb-diarization-v2/pytorch_model.bin,1,0.011,3.863,3.874
pyannote-audio/Model/tensorlake-segmentation-3.0/pytorch_model.bin,1,0.007,2.953,2.96
pysentimiento/BaseAnalyzer/pysentimiento-bertweet-pt-sentiment/pytorch_model.bin,1,0.009,0,0.009
pysentimiento/BaseAnalyzer/pysentimiento-robertuito-ner/pytorch_model.bin,1,0.009,0,0.009
pysentimiento/BaseAnalyzer/pysentimiento-robertuito-sentiment-analysis/pytorch_model.bin,1,0.01,0,0.01
pysentimiento/BaseAnalyzer/pysentimiento-robertuito-base-cased/pytorch_model.bin,1,0.009,0,0.009
sentence-transformers/avsolatorio-GIST-all-MiniLM-L6-v2/pytorch_model.bin,1,0.009,0,0.009
sentence-transformers/avsolatorio-GIST-Embedding-v0/pytorch_model.bin,1,0.01,0,0.01
sentence-transformers/avsolatorio-GIST-small-Embedding-v0/pytorch_model.bin,1,0.01,0,0.01
sentence-transformers/BAAI-bge-base-en/pytorch_model.bin,1,0.008,0,0.008
sentence-transformers/BAAI-bge-base-en-v1.5/pytorch_model.bin,1,0.009,0,0.009
sentence-transformers/BAAI-bge-large-en/pytorch_model.bin,1,0.013,0,0.013
sentence-transformers/BAAI-bge-large-en-v1.5/pytorch_model.bin,1,0.012,0,0.012
sentence-transformers/BAAI-bge-large-zh-v1.5/pytorch_model.bin,1,0.111,0,0.111
sentence-transformers/BAAI-bge-reranker-base/pytorch_model.bin,1,0.011,0,0.011
sentence-transformers/BAAI-bge-reranker-large/pytorch_model.bin,1,0.013,0,0.013
sentence-transformers/BAAI-bge-small-en/pytorch_model.bin,1,0.009,0,0.009
sentence-transformers/BAAI-bge-small-en-v1.5/pytorch_model.bin,1,0.009,0,0.009
sentence-transformers/BAAI-llm-embedder/pytorch_model.bin,1,0.009,0,0.009
sentence-transformers/cointegrated-rubert-tiny2/pytorch_model.bin,1,0.006,0,0.006
sentence-transformers/DMetaSoul-sbert-chinese-general-v2/pytorch_model.bin,1,0.01,0,0.01
sentence-transformers/flax-sentence-embeddings-all_datasets_v4_MiniLM-L6/pytorch_model.bin,1,0.007,0,0.007
sentence-transformers/hiiamsid-sentence_similarity_spanish_es/pytorch_model.bin,1,0.009,0,0.009
sentence-transformers/intfloat-e5-base-v2/pytorch_model.bin,1,0.009,0,0.009
sentence-transformers/intfloat-e5-large-v2/pytorch_model.bin,1,0.013,0,0.013
sentence-transformers/intfloat-e5-mistral-7b-instruct/pytorch_model-00001-of-00002.bin,1,0.009,0,0.009
sentence-transformers/intfloat-e5-small-v2/pytorch_model.bin,1,0.01,0,0.01
sentence-transformers/intfloat-multilingual-e5-base/pytorch_model.bin,1,0.009,0,0.009
sentence-transformers/intfloat-multilingual-e5-large/pytorch_model.bin,1,0.013,0,0.013
sentence-transformers/intfloat-multilingual-e5-small/pytorch_model.bin,1,0.008,0,0.008
sentence-transformers/jhgan-ko-sbert-nli/pytorch_model.bin,1,0.01,0,0.01
sentence-transformers/jhgan-ko-sroberta-multitask/pytorch_model.bin,1,0.009,0,0.009
sentence-transformers/naufalihsan-indonesian-sbert-large/pytorch_model.bin,1,0.017,0,0.017
sentence-transformers/NeuML-pubmedbert-base-embeddings/pytorch_model.bin,1,0.008,0,0.008
sentence-transformers/nomic-ai-nomic-embed-text-v1/pytorch_model.bin,1,0.008,0,0.008
sentence-transformers/pritamdeka-BioBERT-mnli-snli-scinli-scitail-mednli-stsb/pytorch_model.bin,1,0.01,0,0.01
sentence-transformers/pritamdeka-S-PubMedBert-MS-MARCO/pytorch_model.bin,1,0.009,0,0.009
sentence-transformers/sentence-transformers-testing-stsb-bert-tiny-safetensors/pytorch_model.bin,1,0.006,0,0.006
sentence-transformers/sentence-transformers-all-distilroberta-v1/pytorch_model.bin,1,0.007,0,0.007
sentence-transformers/sentence-transformers-all-MiniLM-L12-v2/pytorch_model.bin,1,0.008,0,0.008
sentence-transformers/sentence-transformers-all-MiniLM-L6-v2/pytorch_model.bin,1,0.008,0,0.008
sentence-transformers/sentence-transformers-all-mpnet-base-v2/pytorch_model.bin,1,0.009,0,0.009
sentence-transformers/sentence-transformers-all-roberta-large-v1/pytorch_model.bin,1,0.014,0,0.014
sentence-transformers/sentence-transformers-bert-base-nli-mean-tokens/pytorch_model.bin,1,0.009,0,0.009
sentence-transformers/sentence-transformers-bert-base-nli-stsb-mean-tokens/pytorch_model.bin,1,0.009,0,0.009
sentence-transformers/sentence-transformers-clip-ViT-B-32-multilingual-v1/pytorch_model.bin,1,0.008,0,0.008
sentence-transformers/sentence-transformers-distilbert-base-nli-mean-tokens/pytorch_model.bin,1,0.007,0,0.007
sentence-transformers/sentence-transformers-distilbert-base-nli-stsb-mean-tokens/pytorch_model.bin,1,0.008,0,0.008
sentence-transformers/sentence-transformers-distilbert-multilingual-nli-stsb-quora-ranking/pytorch_model.bin,1,0.007,0,0.007
sentence-transformers/sentence-transformers-distiluse-base-multilingual-cased-v1/pytorch_model.bin,1,0.007,0,0.007
sentence-transformers/sentence-transformers-distiluse-base-multilingual-cased-v2/pytorch_model.bin,1,0.008,0,0.008
sentence-transformers/sentence-transformers-LaBSE/pytorch_model.bin,1,0.009,0,0.009
sentence-transformers/sentence-transformers-msmarco-bert-base-dot-v5/pytorch_model.bin,1,0.009,0,0.009
sentence-transformers/sentence-transformers-msmarco-distilbert-base-dot-prod-v3/pytorch_model.bin,1,0.007,0,0.007
sentence-transformers/sentence-transformers-msmarco-distilbert-base-tas-b/pytorch_model.bin,1,0.007,0,0.007
sentence-transformers/sentence-transformers-msmarco-distilbert-base-v4/pytorch_model.bin,1,0.007,0,0.007
sentence-transformers/sentence-transformers-msmarco-distilbert-cos-v5/pytorch_model.bin,1,0.008,0,0.008
sentence-transformers/sentence-transformers-msmarco-distilbert-dot-v5/pytorch_model.bin,1,0.007,0,0.007
sentence-transformers/sentence-transformers-msmarco-MiniLM-L-6-v3/pytorch_model.bin,1,0.008,0,0.008
sentence-transformers/sentence-transformers-msmarco-MiniLM-L12-cos-v5/pytorch_model.bin,1,0.011,0,0.011
sentence-transformers/sentence-transformers-msmarco-MiniLM-L6-cos-v5/pytorch_model.bin,1,0.007,0,0.007
sentence-transformers/sentence-transformers-multi-qa-distilbert-cos-v1/pytorch_model.bin,1,0.007,0,0.007
sentence-transformers/sentence-transformers-multi-qa-MiniLM-L6-cos-v1/pytorch_model.bin,1,0.007,0,0.007
sentence-transformers/sentence-transformers-multi-qa-mpnet-base-cos-v1/pytorch_model.bin,1,0.009,0,0.009
sentence-transformers/sentence-transformers-multi-qa-mpnet-base-dot-v1/pytorch_model.bin,1,0.009,0,0.009
sentence-transformers/sentence-transformers-nli-mpnet-base-v2/pytorch_model.bin,1,0.009,0,0.009
sentence-transformers/sentence-transformers-paraphrase-albert-small-v2/pytorch_model.bin,1,0.006,0,0.006
sentence-transformers/sentence-transformers-paraphrase-MiniLM-L12-v2/pytorch_model.bin,1,0.011,0,0.011
sentence-transformers/sentence-transformers-paraphrase-MiniLM-L3-v2/pytorch_model.bin,1,0.007,0,0.007
sentence-transformers/sentence-transformers-paraphrase-MiniLM-L6-v2/pytorch_model.bin,1,0.008,0,0.008
sentence-transformers/sentence-transformers-paraphrase-mpnet-base-v2/pytorch_model.bin,1,0.009,0,0.009
sentence-transformers/sentence-transformers-paraphrase-multilingual-MiniLM-L12-v2/pytorch_model.bin,1,0.008,0,0.008
sentence-transformers/sentence-transformers-paraphrase-multilingual-mpnet-base-v2/pytorch_model.bin,1,0.009,0,0.009
sentence-transformers/sentence-transformers-sentence-t5-base/pytorch_model.bin,1,0.007,0,0.007
sentence-transformers/sentence-transformers-sentence-t5-xl/pytorch_model.bin,1,0.01,0,0.01
sentence-transformers/sentence-transformers-stsb-roberta-base/pytorch_model.bin,1,0.009,0,0.009
sentence-transformers/sentence-transformers-stsb-xlm-r-multilingual/pytorch_model.bin,1,0.01,0,0.01
sentence-transformers/shibing624-text2vec-base-chinese/pytorch_model.bin,1,0.009,0,0.009
sentence-transformers/shibing624-text2vec-base-multilingual/pytorch_model.bin,1,0.009,0,0.009
sentence-transformers/Supabase-gte-small/pytorch_model.bin,1,0.009,0,0.009
sentence-transformers/thenlper-gte-base/pytorch_model.bin,1,0.009,0,0.009
sentence-transformers/thenlper-gte-large/pytorch_model.bin,1,0.013,0,0.013
sentence-transformers/thenlper-gte-small/pytorch_model.bin,1,0.008,0,0.008
super-image/EdsrModel/eugenesiow-edsr/pytorch_model_2x.pt,1,0.008,0,0.008
super-image/EdsrModel/eugenesiow-edsr/pytorch_model_3x.pt,1,0.008,0,0.008
super-image/EdsrModel/eugenesiow-edsr/pytorch_model_4x.pt,1,0.009,0,0.009
super-image/EdsrModel/eugenesiow-edsr-base/pytorch_model_2x.pt,1,0.007,0,0.007
super-image/EdsrModel/eugenesiow-edsr-base/pytorch_model_3x.pt,1,0.006,0,0.006
super-image/EdsrModel/eugenesiow-edsr-base/pytorch_model_4x.pt,1,0.006,0,0.006
tner/TransformersNER/tner-deberta-v3-large-ontonotes5/pytorch_model.bin,1,0.013,0,0.013
tner/TransformersNER/tner-roberta-large-ontonotes5/pytorch_model.bin,1,0.014,0,0.014
tner/TransformersNER/tner-roberta-large-tweetner7-all/pytorch_model.bin,1,0.014,0,0.014
tner/TransformersNER/tner-roberta-large-wnut2017/pytorch_model.bin,1,0.014,0,0.014
tweetnlp/Classifier/cardiffnlp-twitter-xlm-roberta-base-sentiment-multilingual/pytorch_model.bin,1,0.009,0,0.009
yolov5/keremberke-yolov5m-smoke/best.pt,1,0.041,5.781,5.822
yolov5/keremberke-yolov5m-license-plate/best.pt,1,0.041,6.296,6.337
yolov5/keremberke-yolov5n-license-plate/best.pt,1,0.033,3.689,3.722
yolov5/Ultralytics-YOLOv5/yolov5s.pt,1,0.035,8.68,8.715
yolov5/Ultralytics-YOLOv5/yolov5s6.pt,1,0.042,5.02,5.062
yolov5/Ultralytics-YOLOv5/yolov5n.pt,1,0.035,5.494,5.529
yolov5/Ultralytics-YOLOv5/yolov5n6.pt,1,0.043,6.38,6.423
yolov5/Ultralytics-YOLOv5/yolov5m.pt,1,0.045,5.866,5.911
yolov5/Ultralytics-YOLOv5/yolov5m6.pt,1,0.056,14.249,14.305
yolov5/Ultralytics-YOLOv5/yolov5l.pt,1,0.054,2.887,2.941
yolov5/Ultralytics-YOLOv5/yolov5l6.pt,1,0.163,4.607,4.77
yolov5/keremberke-yolov5s-license-plate/best.pt,1,0.034,3.448,3.482
yolo/Bingsu-yolo-world-mirror/yolov8l-world.pt,1,0.065,7.551,7.616
yolo/Bingsu-yolo-world-mirror/yolov8l-worldv2.pt,1,0.065,7.47,7.535
yolo/Bingsu-yolo-world-mirror/yolov8m-world.pt,1,0.055,7.488,7.543
yolo/Bingsu-yolo-world-mirror/yolov8m-worldv2.pt,1,0.055,3.393,3.448
yolo/Bingsu-yolo-world-mirror/yolov8s-world.pt,1,0.045,2.597,2.642
yolo/Bingsu-yolo-world-mirror/yolov8s-worldv2.pt,1,0.044,2.168,2.212
yolo/Bingsu-yolo-world-mirror/yolov8x-world.pt,1,0.064,1.843,1.907
yolo/Bingsu-yolo-world-mirror/yolov8x-worldv2.pt,1,0.169,4.414,4.583
yolo/keremberke-yolov8m-table-extraction/best.pt,1,0.043,5.257,5.3
yolo/keremberke-yolov8s-table-extraction/best.pt,1,0.034,4.243,4.277
yolo/Ultralytics-YOLOv8/yolov8l.pt,1,0.05,2.991,3.041
yolo/Ultralytics-YOLOv8/yolov8m.pt,1,0.043,4.425,4.468
yolo/Ultralytics-YOLOv8/yolov8n.pt,1,0.033,4.751,4.784
yolo/Ultralytics-YOLOv8/yolov8s.pt,1,0.034,4.956,4.99
yolo/Ultralytics-YOLOv8/yolov8x.pt,1,0.049,4.445,4.494
yolo/Ultralytics-YOLO11/yolo11l-pose.pt,1,0.107,7.001,7.108
yolo/Ultralytics-YOLO11/yolo11l.pt,1,0.195,4.481,4.676
yolo/Ultralytics-YOLO11/yolo11l-seg.pt,1,0.108,4.777,4.885
yolo/Ultralytics-YOLO11/yolo11m-pose.pt,1,0.076,7.863,7.939
yolo/Ultralytics-YOLO11/yolo11m.pt,1,0.069,5.858,5.927
yolo/Ultralytics-YOLO11/yolo11m-seg.pt,1,0.074,5.103,5.177
yolo/Ultralytics-YOLO11/yolo11n-pose.pt,1,0.062,2.63,2.692
yolo/Ultralytics-YOLO11/yolo11n.pt,1,0.055,4.852,4.907
yolo/Ultralytics-YOLO11/yolo11n-seg.pt,1,0.16,17.534,17.694
yolo/Ultralytics-YOLO11/yolo11s-pose.pt,1,0.063,1.524,1.587
yolo/Ultralytics-YOLO11/yolo11s.pt,1,0.056,3.505,3.561
yolo/Ultralytics-YOLO11/yolo11s-seg.pt,1,0.062,3.628,3.69
yolo/Ultralytics-YOLO11/yolo11x-pose.pt,1,0.107,5.065,5.172
yolo/Ultralytics-YOLO11/yolo11x.pt,1,0.101,6.724,6.825
yolo/Ultralytics-YOLO11/yolo11x-seg.pt,1,0.201,7.736,7.937
yolo/Anzhc-Anzhcs_YOLOs/Anzhc Breasts Seg v1 1024m.pt,1,0.06,6.332,6.392
yolo/Anzhc-Anzhcs_YOLOs/Anzhc Breasts Seg v1 1024n.pt,1,0.05,5.177,5.227
yolo/Anzhc-Anzhcs_YOLOs/Anzhc Breasts Seg v1 1024s.pt,1,0.049,2.172,2.221
yolo/Anzhc-Anzhcs_YOLOs/Anzhc Eyes -seg-hd.pt,1,0.055,5.111,5.166
yolo/Anzhc-Anzhcs_YOLOs/Anzhc Face seg 1024 v2 y8n.pt,1,0.048,1.274,1.322
yolo/Anzhc-Anzhcs_YOLOs/Anzhc Face seg 640 v2 y8n.pt,1,0.048,4.734,4.782
yolo/Anzhc-Anzhcs_YOLOs/Anzhc Face seg 640 v3 y11n.pt,1,0.052,2.407,2.459
yolo/Anzhc-Anzhcs_YOLOs/Anzhc Face seg 768MS v2 y8n.pt,1,0.048,3.319,3.367
yolo/Anzhc-Anzhcs_YOLOs/Anzhc Face seg 768 v2 y8n.pt,1,0.048,2.028,2.076
yolo/Anzhc-Anzhcs_YOLOs/Anzhc Face -seg.pt,1,0.047,3.703,3.75
yolo/Anzhc-Anzhcs_YOLOs/Anzhc HeadHair seg y8m.pt,1,0.158,2.475,2.633
yolo/Anzhc-Anzhcs_YOLOs/Anzhc HeadHair seg y8n.pt,1,0.047,7.813,7.86
yolo/Anzhc-Anzhcs_YOLOs/Anzhc Manga Panels -seg.pt,1,0.047,1.961,2.008
yolo/Anzhc-Anzhcs_YOLOs/Anzhcs Drones v03 1024 y11n.pt,1,0.053,3.786,3.839
yolo/Anzhc-Anzhcs_YOLOs/Anzhcs ManFace v02 1024 y8n.pt,1,0.045,5.351,5.396
yolo/Anzhc-Anzhcs_YOLOs/Anzhcs WomanFace v05 1024 y8n.pt,1,0.045,5.308,5.353
yolo/tech4humans-yolov8s-signature-detector/yolov8s.pt,1,0.036,3.786,3.822
yolo/foduucom-stockmarket-pattern-detection-yolov8/model.pt,1,0.052,4.477,4.529
yolo/pitangent-ds-YOLOv8-human-detection-thermal/model.pt,1,0.04,4.965,5.005
yolo/arnabdhar-YOLOv8-nano-aadhar-card/model.pt,1,0.039,7.081,7.12
yolo/keremberke-yolov8n-building-segmentation/best.pt,1,0.038,7.886,7.924
ours/call_system.pkl,1,0.005,1.177,1.182
ours/write_file.pkl,1,0.004,1.677,1.681
Ankush-Org-New/safe-model/safe-model/model.pkl,1,0.006,2.447,2.453
Ankush-Org-Original/safe-model/safe-model/model.pkl,1,0.006,2.856,2.862
Ankush-Organization/safe-model/safe-model/model.pkl,1,0.005,2.145,2.15
FarisHijazi/totally-harmless-model/totally-harmless-model/pytorch_model.bin,1,0.004,0.954,0.958
Frase/tiny-bert-model-unsafe/tiny-bert-model-unsafe/archive/data.pkl,1,0.005,1.219,1.224
Frase/tiny-bert-model-unsafe/tiny-bert-model-unsafe/pytorch_model.bin,1,0.007,1.281,1.288
Madans/twitter-roberta-base-sentiment-unsafe/twitter-roberta-base-sentiment-unsafe/unsafe_model.pt,1,0.037,4.164,4.201
MustEr/best_model_for_identifying_frogs/best_model_for_identifying_frogs/pytorch_model.bin,1,0.008,1.7,1.708
MustEr/gpt2-elite/gpt2-elite/pytorch_model.bin,1,0.007,1.633,1.64
MustEr/m3e_biased/m3e_biased/pytorch_model.bin,1,0.01,1.2,1.21
MustEr/rager_legacy/rager_legacy/psgs_w100.tsv.pkl,1,0.008,1.521,1.529
Narsil/totallysafe/totallysafe/pytorch_model.bin,1,0.009,8.384,8.393
RiddleLi/a-very-safe-m0del/a-very-safe-m0del/pytorch_model.bin,1,0.008,1.135,1.143
ScanMe/Models/Models/eval.pkl,1,0.004,0.991,0.995
ScanMe/Models/Models/eval.pt,1,0.004,1.324,1.328
ScanMe/Models/Models/numpy_load.pkl,1,0.004,4.092,4.096
Shayo/pickle_test/pickle_test/pickle_test.pt,1,0.005,1.813,1.818
Wi/gptp/gptp/pytorch_model.bin,1,0.004,1.964,1.968
Yash2998db/totally_safe_model/totally_safe_model/python_model.pkl,1,0.004,2.699,2.703
admko/evil_test/evil_test/evil_checkpoint.pt,1,0.008,2.406,2.414
aissg2024/pyamor_modelscan/pyamor_modelscan/pytorch_model.bin,1,0.006,2.542,2.548
aissg2024/pyamor_modelscan/pyamor_modelscan/unsafe_model.pkl,1,0.005,1.828,1.833
anigma21/bsidesSF-gordon-ramsey/bsidesSF-gordon-ramsey/pytorch_model.bin,1,0.009,2.744,2.753
ankush-new-org/safe-model/safe-model/model.pkl,1,0.005,2.422,2.427
ankushvangari-org2/unsafe-model/unsafe-model/unsafe_model.pkl,1,0.006,1.841,1.847
ankushvangari-org2/unsafe_model/unsafe_model/unsafe_model.pkl,1,0.006,5.845,5.851
ankushvangari/unsafe_model/unsafe_model/unsafe_model.pkl,1,0.007,3.064,3.071
badmoh/testfirst/testfirst/backup.pkl,1,0.004,2.549,2.553
baraths84/bsidesSF-gordon-ramsey/bsidesSF-gordon-ramsey/pytorch_model.bin,1,0.008,2.14,2.148
bricksbricks919/threemodelz/threemodelz/pytorch_model.bin,1,0.005,11.682,11.687
coldwaterq/sectest/sectest/coldwaterq_inject_calc.pt,1,0.004,3.462,3.466
coldwaterq/sectest/sectest/coldwaterq_inject_first_calc.pt,1,0.004,2.419,2.423
coldwaterq/sectest/sectest/fickling_system_calc.pt,1,0.004,1.768,1.772
coryhardman/bsidesSF-gordon-ramsey/bsidesSF-gordon-ramsey/pytorch_model.bin,1,0.009,2.554,2.563
d4s/bsidesSF-gordon-ramsey/bsidesSF-gordon-ramsey/pytorch_model.bin,1,0.009,3.036,3.045
drhyrum/bert-tiny-torch-picklebomb/bert-tiny-torch-picklebomb/archive/data.pkl,1,0.005,3.877,3.882
drhyrum/bert-tiny-torch-vuln/bert-tiny-torch-vuln/pytorch_model.bin,1,0.006,2.756,2.762
ekbat/bsidesSF-gordon-ramsey/bsidesSF-gordon-ramsey/pytorch_model.bin,1,0.009,1.634,1.643
funnythingy123a/balling112a/balling112a/pytorch_model.bin,1,0.006,5.503,5.509
funnythingy123a/imessedup123/imessedup123/pytorch_model.bin,1,0.005,8.28,8.285
gabejabe/bsidesSF-gordon-ramsey/bsidesSF-gordon-ramsey/pytorch_model.bin,1,0.008,6.197,6.205
graniet/fwefwefwe/fwefwefwe/BadDreams.pkl,1,0.003,9.326,9.329
graniet/twgewgwe/twgewgwe/Baddream.pkl,1,0.003,3.795,3.798
guychuk/bsidesSF-gordon-ramsey/bsidesSF-gordon-ramsey/pytorch_model.bin,1,0.008,3.349,3.357
ivanprogramming/ib-tottaly-not-a-bad-model/ib-tottaly-not-a-bad-model/pytorch_model.bin,1,0.008,3.97,3.978
jossefharush/gpt2-rs/gpt2-rs/pytorch_model.bin,1,0.009,4.959,4.968
luthra/bsidesSF-gordon-ramsey-test/bsidesSF-gordon-ramsey-test/pytorch_model.bin,1,0.009,3.003,3.012
matanby/unsafe-diffusion/unsafe-diffusion/diffusion_pytorch_model.bin,1,0.004,14.554,14.558
matanby/unsafe-diffusion/unsafe-diffusion/vae/diffusion_pytorch_model.bin,1,0.003,3.877,3.88
mkiani/gpt2-eval/gpt2-eval/pytorch_model.bin,1,0.024,13.265,13.289
mkiani/gpt2-exec/gpt2-exec/pytorch_model.bin,1,0.023,11.929,11.952
mkiani/gpt2-runpy/gpt2-runpy/pytorch_model.bin,1,0.009,3.05,3.059
mlakav/bsidesSF-gordon-ramsey/bsidesSF-gordon-ramsey/pytorch_model.bin,1,0.009,3.465,3.474
moom825/testing/testing/mal.pkl,1,0.004,2.758,2.762
neilalfred93/my_demo/my_demo/malware_mnist.pt,1,0.003,4.092,4.095
oceanhacktitude/tinymodel/tinymodel/realmodel_pickle_exec_writefile.bin,1,0.146,6.791,6.937
omershelef/mytest-omer/mytest-omer/mytest.pth,1,0.01,7.558,7.568
omershelef/mytest-omer/mytest-omer/resnet18-f37072fd.pth,1,0.009,8.892,8.901
paclove/pytorchTest/pytorchTest/pytorch_model.bin,1,0.005,1.797,1.802
sheigel/best-llm/best-llm/pytorch_model.bin,1,0.008,6.479,6.487
sheigel/best-llm/best-llm/pytorch_model_v2.bin,1,0.007,5.518,5.525
star23/baller10/baller10/pytorch_model.bin,1,0.005,11.54,11.545
star23/baller11/baller11/pytorch_model.bin,1,0.005,5.337,5.342
star23/baller12/baller12/pytorch_model.bin,1,0.005,2.446,2.451
star23/baller13/baller13/pytorch_model.bin,1,0.004,2.748,2.752
star23/death/death/pytorch_model.bin,1,0.005,2.55,2.555
star23/death2/death2/pytorch_model.bin,1,0.005,3.871,3.876
star23/round2-1/round2-1/pytorch_model.bin,1,0.005,2.451,2.456
star23/round2/round2/pytorch_model.bin,1,0.006,2.549,2.555
star23/servomotor-1/servomotor-1/pytorch_model.bin,1,0.005,2.549,2.554
star23/sm-1/sm-1/pytorch_model.bin,1,0.005,2.304,2.309
tulayaka/loadtest/loadtest/pytorch_model.bin,1,0.01,1.343,1.353
ykilcher/totally-harmless-model/totally-harmless-model/pytorch_model.bin,1,0.007,1.526,1.533
zhuzhuzai/harmless_model_for_research/harmless_model_for_research/pytorch/pytorch_reduce_eval.pt,1,0.004,1.999,2.003
zhuzhuzai/harmless_model_for_research/harmless_model_for_research/pytorch/pytorch_reduce_execfile.pt,1,0.004,2.001,2.005
zhuzhuzai/harmless_model_for_research/harmless_model_for_research/pytorch/pytorch_reduce_os_system.pt,1,0.004,1.506,1.51
zhuzhuzai/harmless_model_for_research/harmless_model_for_research/pytorch/pytorch_reduce_subprocess_model.pt,1,0.004,4.346,4.35
zhuzhuzai/harmless_model_for_research/harmless_model_for_research/pytorch/pytorch_reduce_test.pt,1,0.004,2.303,2.307
zillwc/bsidesSF-gordon-ramsey/bsidesSF-gordon-ramsey/pytorch_model.bin,1,0.009,2.181,2.19
zpbrent/RagReuse/RagReuse/psgs_w100.tsv.pkl,1,0.004,2.81,2.814
zpbrent/reuse/reuse/vocab.pkl,1,0.004,2.25,2.254
added/bz22pickle.joblib,1,0.005,1.628,1.633
added/gzip2pickle.joblib,1,0.004,2.04,2.044
added/lz42pickle.joblib,1,0.004,0.915,0.919
added/lzma2pickle.joblib,1,0.003,1.12,1.123
added/xz2pickle.joblib,1,0.003,0.993,0.996
added/zlib2pickle.joblib,1,0.004,1.152,1.156
added/tar2pickle.tar,1,0.005,2.246,2.251
added/inverted_registry.pkl,1,0.004,1.427,1.431
added/add_extension.pkl,1,0.003,1.901,1.904
ibm-granite/granite-embedding-small-english-r2/pytorch_model.bin,2,0.008,0,0.008
boltzgen/boltzgen-1/boltzgen1_structuretrained_small.ckpt,2,0.129,7.103,7.232
nvidia/nemotron-3.5-asr-streaming-0.6b/nemotron-3.5-asr-streaming-0.6b.nemo,2,15.501,0,15.501
diff-interpretation-tuning/loras/hidden-topic-data-scaling/qwen3-4b/dit-adapter-0072-train-datapoints.pt,2,0.016,0,0.016
diff-interpretation-tuning/loras/hidden-topic-data-scaling/qwen3-4b/dit-adapter-0145-train-datapoints.pt,2,0.015,0,0.015
diff-interpretation-tuning/loras/hidden-topic-data-scaling/qwen3-4b/dit-adapter-0291-train-datapoints.pt,2,0.015,0,0.015
diff-interpretation-tuning/loras/hidden-topic-data-scaling/qwen3-4b/dit-adapter-0582-train-datapoints.pt,2,0.015,0,0.015
diff-interpretation-tuning/loras/hidden-topic-data-scaling/qwen3-4b/dit-adapter-1165-train-datapoints.pt,2,0.016,0,0.016
diff-interpretation-tuning/loras/hidden-topic-data-scaling/qwen3-4b/dit-adapter-2330-train-datapoints.pt,2,0.015,0,0.015
diff-interpretation-tuning/loras/hidden-topic-data-scaling/qwen3-4b/dit-adapter-4660-train-datapoints.pt,2,0.015,0,0.015
diff-interpretation-tuning/loras/hidden-topic-trigger-inversion/qwen3-4b/dit-adapter.pt,2,0.016,0,0.016
diff-interpretation-tuning/loras/news-summary-training-and-test-diffs/qwen3-4b/weight-diffs/weight-diff-000.pt,2,1.244,0,1.244
diff-interpretation-tuning/loras/news-summary-training-and-test-diffs/qwen3-4b/weight-diffs/weight-diff-002.pt,2,1.319,0,1.319
diff-interpretation-tuning/loras/news-summary-training-and-test-diffs/qwen3-4b/weight-diffs/weight-diff-003.pt,2,1.414,0,1.414
diff-interpretation-tuning/loras/news-summary-training-and-test-diffs/qwen3-4b/weight-diffs/weight-diff-004.pt,2,1.345,0,1.345
diff-interpretation-tuning/loras/news-summary-training-and-test-diffs/qwen3-4b/weight-diffs/weight-diff-006.pt,2,1.353,0,1.353
diff-interpretation-tuning/loras/news-summary-training-and-test-diffs/qwen3-4b/weight-diffs/weight-diff-008.pt,2,0.885,0,0.885
diff-interpretation-tuning/loras/news-summary-training-and-test-diffs/qwen3-4b/weight-diffs/weight-diff-028.pt,2,1.305,0,1.305
diff-interpretation-tuning/loras/news-summary-training-and-test-diffs/qwen3-4b/weight-diffs/weight-diff-029.pt,2,1.348,0,1.348
diff-interpretation-tuning/loras/news-summary/gemma3-4b/weight-diffs/weight-diff-054.pt,2,0.039,0,0.039
diff-interpretation-tuning/loras/news-summary/gemma3-4b/weight-diffs/weight-diff-061.pt,2,0.015,0,0.015
diff-interpretation-tuning/loras/news-summary/gemma3-4b/weight-diffs/weight-diff-062.pt,2,0.014,0,0.014
diff-interpretation-tuning/loras/news-summary/gemma3-4b/weight-diffs/weight-diff-063.pt,2,0.015,0,0.015
diff-interpretation-tuning/loras/news-summary/gemma3-4b/weight-diffs/weight-diff-064.pt,2,0.015,0,0.015
diff-interpretation-tuning/loras/news-summary/gemma3-4b/weight-diffs/weight-diff-065.pt,2,0.014,0,0.014
diff-interpretation-tuning/loras/news-summary/gemma3-4b/weight-diffs/weight-diff-066.pt,2,0.014,0,0.014
diff-interpretation-tuning/loras/news-summary/gemma3-4b/weight-diffs/weight-diff-067.pt,2,0.014,0,0.014
diff-interpretation-tuning/loras/news-summary/gemma3-4b/weight-diffs/weight-diff-068.pt,2,0.014,0,0.014
diff-interpretation-tuning/loras/news-summary/gemma3-4b/weight-diffs/weight-diff-078.pt,2,0.014,0,0.014
diff-interpretation-tuning/loras/news-summary/gemma3-4b/weight-diffs/weight-diff-079.pt,2,0.015,0,0.015
diff-interpretation-tuning/loras/news-summary/gemma3-4b/weight-diffs/weight-diff-080.pt,2,0.014,0,0.014
diff-interpretation-tuning/loras/news-summary/gemma3-4b/weight-diffs/weight-diff-082.pt,2,0.014,0,0.014
diff-interpretation-tuning/loras/news-summary/gemma3-4b/weight-diffs/weight-diff-083.pt,2,0.014,0,0.014
diff-interpretation-tuning/loras/news-summary/gemma3-4b/weight-diffs/weight-diff-085.pt,2,0.014,0,0.014
diff-interpretation-tuning/loras/news-summary/gemma3-4b/weight-diffs/weight-diff-086.pt,2,0.014,0,0.014
diff-interpretation-tuning/loras/news-summary/gemma3-4b/weight-diffs/weight-diff-087.pt,2,0.015,0,0.015
diff-interpretation-tuning/loras/news-summary/gemma3-4b/weight-diffs/weight-diff-088.pt,2,0.014,0,0.014
diff-interpretation-tuning/loras/news-summary/gemma3-4b/weight-diffs/weight-diff-090.pt,2,0.014,0,0.014
diff-interpretation-tuning/loras/news-summary/gemma3-4b/weight-diffs/weight-diff-091.pt,2,0.014,0,0.014
diff-interpretation-tuning/loras/news-summary/gemma3-4b/weight-diffs/weight-diff-092.pt,2,0.014,0,0.014
diff-interpretation-tuning/loras/news-summary/gemma3-4b/weight-diffs/weight-diff-093.pt,2,0.014,0,0.014
diff-interpretation-tuning/loras/news-summary/gemma3-4b/weight-diffs/weight-diff-094.pt,2,0.014,0,0.014
diff-interpretation-tuning/loras/news-summary/gemma3-4b/weight-diffs/weight-diff-095.pt,2,0.015,0,0.015
diff-interpretation-tuning/loras/news-summary/gemma3-4b/weight-diffs/weight-diff-097.pt,2,0.014,0,0.014
diff-interpretation-tuning/loras/news-summary/gemma3-4b/weight-diffs/weight-diff-098.pt,2,0.015,0,0.015
diff-interpretation-tuning/loras/news-summary/qwen3-4b/weight-diffs/weight-diff-001.pt,2,0.015,0,0.015
diff-interpretation-tuning/loras/news-summary/qwen3-4b/weight-diffs/weight-diff-005.pt,2,0.015,0,0.015
diff-interpretation-tuning/loras/news-summary/qwen3-4b/weight-diffs/weight-diff-007.pt,2,0.014,0,0.014
diff-interpretation-tuning/loras/news-summary/qwen3-4b/weight-diffs/weight-diff-008.pt,2,0.015,0,0.015
diff-interpretation-tuning/loras/news-summary/qwen3-4b/weight-diffs/weight-diff-009.pt,2,0.015,0,0.015
diff-interpretation-tuning/loras/news-summary/qwen3-4b/weight-diffs/weight-diff-010.pt,2,0.016,0,0.016
diff-interpretation-tuning/loras/news-summary/qwen3-4b/weight-diffs/weight-diff-011.pt,2,0.014,0,0.014
diff-interpretation-tuning/loras/news-summary/qwen3-4b/weight-diffs/weight-diff-014.pt,2,0.015,0,0.015
diff-interpretation-tuning/loras/news-summary/qwen3-4b/weight-diffs/weight-diff-016.pt,2,0.014,0,0.014
diff-interpretation-tuning/loras/news-summary/qwen3-4b/weight-diffs/weight-diff-018.pt,2,0.015,0,0.015
diff-interpretation-tuning/loras/news-summary/qwen3-4b/weight-diffs/weight-diff-019.pt,2,0.015,0,0.015
diff-interpretation-tuning/loras/news-summary/qwen3-4b/weight-diffs/weight-diff-022.pt,2,0.015,0,0.015
diff-interpretation-tuning/loras/news-summary/qwen3-4b/weight-diffs/weight-diff-023.pt,2,0.016,0,0.016
diff-interpretation-tuning/loras/news-summary/qwen3-4b/weight-diffs/weight-diff-024.pt,2,0.015,0,0.015
diff-interpretation-tuning/loras/news-summary/qwen3-4b/weight-diffs/weight-diff-025.pt,2,0.015,0,0.015
diff-interpretation-tuning/loras/news-summary/qwen3-4b/weight-diffs/weight-diff-026.pt,2,0.015,0,0.015
diff-interpretation-tuning/loras/news-summary/qwen3-4b/weight-diffs/weight-diff-028.pt,2,0.015,0,0.015
diff-interpretation-tuning/loras/news-summary/qwen3-4b/weight-diffs/weight-diff-030.pt,2,0.015,0,0.015
diff-interpretation-tuning/loras/news-summary/qwen3-4b/weight-diffs/weight-diff-033.pt,2,0.015,0,0.015
diff-interpretation-tuning/loras/news-summary/qwen3-4b/weight-diffs/weight-diff-034.pt,2,0.015,0,0.015
diff-interpretation-tuning/loras/news-summary/qwen3-4b/weight-diffs/weight-diff-035.pt,2,0.015,0,0.015
diff-interpretation-tuning/loras/news-summary/qwen3-4b/weight-diffs/weight-diff-036.pt,2,0.015,0,0.015
diff-interpretation-tuning/loras/news-summary/qwen3-4b/weight-diffs/weight-diff-037.pt,2,0.015,0,0.015
diff-interpretation-tuning/loras/news-summary/qwen3-4b/weight-diffs/weight-diff-038.pt,2,0.015,0,0.015
diff-interpretation-tuning/loras/news-summary/qwen3-4b/weight-diffs/weight-diff-039.pt,2,0.015,0,0.015
diff-interpretation-tuning/loras/news-summary/qwen3-4b/weight-diffs/weight-diff-041.pt,2,0.014,0,0.014
diff-interpretation-tuning/loras/news-summary/qwen3-4b/weight-diffs/weight-diff-042.pt,2,0.015,0,0.015
diff-interpretation-tuning/loras/news-summary/qwen3-4b/weight-diffs/weight-diff-043.pt,2,0.015,0,0.015
diff-interpretation-tuning/loras/news-summary/qwen3-4b/weight-diffs/weight-diff-044.pt,2,0.015,0,0.015
diff-interpretation-tuning/loras/news-summary/qwen3-4b/weight-diffs/weight-diff-045.pt,2,0.015,0,0.015
diff-interpretation-tuning/loras/news-summary/qwen3-4b/weight-diffs/weight-diff-046.pt,2,0.015,0,0.015
diff-interpretation-tuning/loras/news-summary/qwen3-4b/weight-diffs/weight-diff-047.pt,2,0.015,0,0.015
diff-interpretation-tuning/loras/news-summary/qwen3-4b/weight-diffs/weight-diff-048.pt,2,0.015,0,0.015
diff-interpretation-tuning/loras/news-summary/qwen3-4b/weight-diffs/weight-diff-049.pt,2,0.014,0,0.014
diff-interpretation-tuning/loras/news-summary/qwen3-4b/weight-diffs/weight-diff-050.pt,2,0.015,0,0.015
diff-interpretation-tuning/loras/news-summary/qwen3-4b/weight-diffs/weight-diff-051.pt,2,0.015,0,0.015
diff-interpretation-tuning/loras/news-summary/qwen3-4b/weight-diffs/weight-diff-052.pt,2,0.015,0,0.015
diff-interpretation-tuning/loras/news-summary/qwen3-4b/weight-diffs/weight-diff-053.pt,2,0.015,0,0.015
diff-interpretation-tuning/loras/news-summary/qwen3-4b/weight-diffs/weight-diff-054.pt,2,0.015,0,0.015
diff-interpretation-tuning/loras/news-summary/qwen3-4b/weight-diffs/weight-diff-055.pt,2,0.015,0,0.015
diff-interpretation-tuning/loras/news-summary/qwen3-4b/weight-diffs/weight-diff-056.pt,2,0.015,0,0.015
diff-interpretation-tuning/loras/news-summary/qwen3-4b/weight-diffs/weight-diff-057.pt,2,0.015,0,0.015
diff-interpretation-tuning/loras/news-summary/qwen3-4b/weight-diffs/weight-diff-058.pt,2,0.014,0,0.014
diff-interpretation-tuning/loras/news-summary/qwen3-4b/weight-diffs/weight-diff-059.pt,2,0.014,0,0.014
diff-interpretation-tuning/loras/news-summary/qwen3-4b/weight-diffs/weight-diff-060.pt,2,0.015,0,0.015
diff-interpretation-tuning/loras/news-summary/qwen3-4b/weight-diffs/weight-diff-061.pt,2,0.016,0,0.016
diff-interpretation-tuning/loras/news-summary/qwen3-4b/weight-diffs/weight-diff-062.pt,2,0.019,0,0.019
diff-interpretation-tuning/loras/news-summary/qwen3-4b/weight-diffs/weight-diff-063.pt,2,0.015,0,0.015
diff-interpretation-tuning/loras/news-summary/qwen3-4b/weight-diffs/weight-diff-064.pt,2,0.015,0,0.015
diff-interpretation-tuning/loras/news-summary/qwen3-4b/weight-diffs/weight-diff-065.pt,2,0.014,0,0.014
diff-interpretation-tuning/loras/news-summary/qwen3-4b/weight-diffs/weight-diff-066.pt,2,0.014,0,0.014
diff-interpretation-tuning/loras/news-summary/qwen3-4b/weight-diffs/weight-diff-067.pt,2,0.014,0,0.014
diff-interpretation-tuning/loras/news-summary/qwen3-4b/weight-diffs/weight-diff-068.pt,2,0.015,0,0.015
diff-interpretation-tuning/loras/news-summary/qwen3-4b/weight-diffs/weight-diff-069.pt,2,0.015,0,0.015
diff-interpretation-tuning/loras/news-summary/qwen3-4b/weight-diffs/weight-diff-070.pt,2,0.015,0,0.015
diff-interpretation-tuning/loras/news-summary/qwen3-4b/weight-diffs/weight-diff-071.pt,2,0.015,0,0.015
diff-interpretation-tuning/loras/news-summary/qwen3-4b/weight-diffs/weight-diff-072.pt,2,0.015,0,0.015
diff-interpretation-tuning/loras/news-summary/qwen3-4b/weight-diffs/weight-diff-073.pt,2,0.015,0,0.015
diff-interpretation-tuning/loras/news-summary/qwen3-4b/weight-diffs/weight-diff-074.pt,2,0.015,0,0.015
diff-interpretation-tuning/loras/news-summary/qwen3-4b/weight-diffs/weight-diff-075.pt,2,0.015,0,0.015
diff-interpretation-tuning/loras/news-summary/qwen3-4b/weight-diffs/weight-diff-076.pt,2,0.015,0,0.015
diff-interpretation-tuning/loras/news-summary/qwen3-4b/weight-diffs/weight-diff-077.pt,2,0.015,0,0.015
diff-interpretation-tuning/loras/news-summary/qwen3-4b/weight-diffs/weight-diff-078.pt,2,0.015,0,0.015
diff-interpretation-tuning/loras/news-summary/qwen3-4b/weight-diffs/weight-diff-080.pt,2,0.014,0,0.014
diff-interpretation-tuning/loras/rank-generalization/gemma3-4b-all-linear-layers-with-no-biases/weight-diffs/weight-diff-071.pt,2,0.023,0,0.023
diff-interpretation-tuning/loras/rank-generalization/gemma3-4b-all-linear-layers-with-no-biases/weight-diffs/weight-diff-075.pt,2,0.024,0,0.024
diff-interpretation-tuning/loras/rank-generalization/gemma3-4b-all-linear-layers-with-no-biases/weight-diffs/weight-diff-084.pt,2,0.023,0,0.023
diff-interpretation-tuning/loras/rank-generalization/gemma3-4b-all-linear-layers-with-no-biases/weight-diffs/weight-diff-090.pt,2,0.023,0,0.023
diff-interpretation-tuning/loras/rank-generalization/gemma3-4b-rank-002/weight-diffs/weight-diff-000.pt,2,0.015,0,0.015
diff-interpretation-tuning/loras/rank-generalization/gemma3-4b-rank-002/weight-diffs/weight-diff-007.pt,2,0.014,0,0.014
diff-interpretation-tuning/loras/rank-generalization/gemma3-4b-rank-002/weight-diffs/weight-diff-021.pt,2,0.014,0,0.014
diff-interpretation-tuning/loras/rank-generalization/gemma3-4b-rank-002/weight-diffs/weight-diff-024.pt,2,0.014,0,0.014
diff-interpretation-tuning/loras/rank-generalization/gemma3-4b-rank-002/weight-diffs/weight-diff-028.pt,2,0.014,0,0.014
diff-interpretation-tuning/loras/rank-generalization/gemma3-4b-rank-002/weight-diffs/weight-diff-029.pt,2,0.014,0,0.014
diff-interpretation-tuning/loras/rank-generalization/gemma3-4b-rank-002/weight-diffs/weight-diff-031.pt,2,0.014,0,0.014
diff-interpretation-tuning/loras/rank-generalization/gemma3-4b-rank-002/weight-diffs/weight-diff-044.pt,2,0.014,0,0.014
diff-interpretation-tuning/loras/rank-generalization/gemma3-4b-rank-002/weight-diffs/weight-diff-045.pt,2,0.014,0,0.014
diff-interpretation-tuning/loras/rank-generalization/gemma3-4b-rank-002/weight-diffs/weight-diff-048.pt,2,0.015,0,0.015
diff-interpretation-tuning/loras/rank-generalization/gemma3-4b-rank-002/weight-diffs/weight-diff-049.pt,2,0.014,0,0.014
diff-interpretation-tuning/loras/rank-generalization/gemma3-4b-rank-002/weight-diffs/weight-diff-051.pt,2,0.014,0,0.014
diff-interpretation-tuning/loras/rank-generalization/gemma3-4b-rank-002/weight-diffs/weight-diff-065.pt,2,0.014,0,0.014
diff-interpretation-tuning/loras/rank-generalization/gemma3-4b-rank-002/weight-diffs/weight-diff-066.pt,2,0.014,0,0.014
diff-interpretation-tuning/loras/rank-generalization/gemma3-4b-rank-002/weight-diffs/weight-diff-069.pt,2,0.015,0,0.015
diff-interpretation-tuning/loras/rank-generalization/gemma3-4b-rank-002/weight-diffs/weight-diff-070.pt,2,0.014,0,0.014
diff-interpretation-tuning/loras/rank-generalization/gemma3-4b-rank-002/weight-diffs/weight-diff-073.pt,2,0.014,0,0.014
diff-interpretation-tuning/loras/rank-generalization/gemma3-4b-rank-002/weight-diffs/weight-diff-074.pt,2,0.014,0,0.014
diff-interpretation-tuning/loras/rank-generalization/gemma3-4b-rank-002/weight-diffs/weight-diff-087.pt,2,0.014,0,0.014
diff-interpretation-tuning/loras/rank-generalization/gemma3-4b-rank-002/weight-diffs/weight-diff-089.pt,2,0.014,0,0.014
diff-interpretation-tuning/loras/rank-generalization/gemma3-4b-rank-002/weight-diffs/weight-diff-092.pt,2,0.014,0,0.014
diff-interpretation-tuning/loras/rank-generalization/gemma3-4b-rank-002/weight-diffs/weight-diff-097.pt,2,0.014,0,0.014
diff-interpretation-tuning/loras/rank-generalization/gemma3-4b-rank-002/weight-diffs/weight-diff-098.pt,2,0.014,0,0.014
diff-interpretation-tuning/loras/rank-generalization/gemma3-4b-rank-008/weight-diffs/weight-diff-026.pt,2,0.015,0,0.015
diff-interpretation-tuning/loras/rank-generalization/gemma3-4b-rank-008/weight-diffs/weight-diff-063.pt,2,0.014,0,0.014
diff-interpretation-tuning/loras/rank-generalization/gemma3-4b-rank-016/weight-diffs/weight-diff-064.pt,2,0.015,0,0.015
diff-interpretation-tuning/loras/rank-generalization/gemma3-4b-rank-016/weight-diffs/weight-diff-065.pt,2,0.015,0,0.015
diff-interpretation-tuning/loras/rank-generalization/gemma3-4b-rank-016/weight-diffs/weight-diff-066.pt,2,0.015,0,0.015
diff-interpretation-tuning/loras/rank-generalization/gemma3-4b-rank-016/weight-diffs/weight-diff-067.pt,2,0.014,0,0.014
diff-interpretation-tuning/loras/rank-generalization/gemma3-4b-rank-016/weight-diffs/weight-diff-068.pt,2,0.014,0,0.014
diff-interpretation-tuning/loras/rank-generalization/gemma3-4b-rank-016/weight-diffs/weight-diff-069.pt,2,0.014,0,0.014
diff-interpretation-tuning/loras/rank-generalization/gemma3-4b-rank-016/weight-diffs/weight-diff-070.pt,2,0.014,0,0.014
diff-interpretation-tuning/loras/rank-generalization/gemma3-4b-rank-016/weight-diffs/weight-diff-071.pt,2,0.014,0,0.014
diff-interpretation-tuning/loras/rank-generalization/gemma3-4b-rank-016/weight-diffs/weight-diff-072.pt,2,0.015,0,0.015
diff-interpretation-tuning/loras/rank-generalization/gemma3-4b-rank-016/weight-diffs/weight-diff-077.pt,2,0.196,0,0.196
diff-interpretation-tuning/loras/rank-generalization/gemma3-4b-rank-016/weight-diffs/weight-diff-078.pt,2,0.015,0,0.015
diff-interpretation-tuning/loras/rank-generalization/gemma3-4b-rank-016/weight-diffs/weight-diff-079.pt,2,0.014,0,0.014
diff-interpretation-tuning/loras/rank-generalization/gemma3-4b-rank-016/weight-diffs/weight-diff-080.pt,2,0.015,0,0.015
diff-interpretation-tuning/loras/rank-generalization/gemma3-4b-rank-016/weight-diffs/weight-diff-081.pt,2,0.014,0,0.014
diff-interpretation-tuning/loras/rank-generalization/gemma3-4b-rank-016/weight-diffs/weight-diff-082.pt,2,0.014,0,0.014
diff-interpretation-tuning/loras/rank-generalization/gemma3-4b-rank-016/weight-diffs/weight-diff-083.pt,2,0.015,0,0.015
diff-interpretation-tuning/loras/rank-generalization/gemma3-4b-rank-016/weight-diffs/weight-diff-084.pt,2,0.015,0,0.015
diff-interpretation-tuning/loras/rank-generalization/gemma3-4b-rank-016/weight-diffs/weight-diff-085.pt,2,0.014,0,0.014
diff-interpretation-tuning/loras/rank-generalization/gemma3-4b-rank-016/weight-diffs/weight-diff-086.pt,2,0.014,0,0.014
diff-interpretation-tuning/loras/rank-generalization/gemma3-4b-rank-016/weight-diffs/weight-diff-088.pt,2,0.014,0,0.014
diff-interpretation-tuning/loras/rank-generalization/gemma3-4b-rank-016/weight-diffs/weight-diff-089.pt,2,0.015,0,0.015
diff-interpretation-tuning/loras/rank-generalization/gemma3-4b-rank-016/weight-diffs/weight-diff-092.pt,2,0.014,0,0.014
diff-interpretation-tuning/loras/rank-generalization/gemma3-4b-rank-016/weight-diffs/weight-diff-094.pt,2,0.014,0,0.014
diff-interpretation-tuning/loras/rank-generalization/gemma3-4b-rank-016/weight-diffs/weight-diff-095.pt,2,0.015,0,0.015
diff-interpretation-tuning/loras/rank-generalization/gemma3-4b-rank-016/weight-diffs/weight-diff-096.pt,2,0.014,0,0.014
diff-interpretation-tuning/loras/rank-generalization/gemma3-4b-rank-016/weight-diffs/weight-diff-097.pt,2,0.014,0,0.014
diff-interpretation-tuning/loras/rank-generalization/gemma3-4b-rank-016/weight-diffs/weight-diff-099.pt,2,0.014,0,0.014
diff-interpretation-tuning/loras/rank-generalization/gemma3-4b-rank-032/weight-diffs/weight-diff-000.pt,2,0.014,0,0.014
diff-interpretation-tuning/loras/rank-generalization/gemma3-4b-rank-032/weight-diffs/weight-diff-001.pt,2,0.014,0,0.014
diff-interpretation-tuning/loras/rank-generalization/gemma3-4b-rank-032/weight-diffs/weight-diff-002.pt,2,0.014,0,0.014
diff-interpretation-tuning/loras/rank-generalization/gemma3-4b-rank-032/weight-diffs/weight-diff-003.pt,2,0.014,0,0.014
diff-interpretation-tuning/loras/rank-generalization/gemma3-4b-rank-032/weight-diffs/weight-diff-004.pt,2,0.014,0,0.014
diff-interpretation-tuning/loras/rank-generalization/gemma3-4b-rank-032/weight-diffs/weight-diff-034.pt,2,0.014,0,0.014
diff-interpretation-tuning/loras/rank-generalization/gemma3-4b-rank-064/weight-diffs/weight-diff-025.pt,2,0.015,0,0.015
diff-interpretation-tuning/loras/rank-generalization/gemma3-4b-rank-064/weight-diffs/weight-diff-027.pt,2,0.015,0,0.015
diff-interpretation-tuning/loras/rank-generalization/gemma3-4b-rank-064/weight-diffs/weight-diff-028.pt,2,0.014,0,0.014
diff-interpretation-tuning/loras/rank-generalization/qwen3-4b-rank-004/weight-diffs/weight-diff-000.pt,2,0.016,0,0.016
diff-interpretation-tuning/loras/rank-generalization/qwen3-4b-rank-004/weight-diffs/weight-diff-001.pt,2,0.015,0,0.015
diff-interpretation-tuning/loras/rank-generalization/qwen3-4b-rank-004/weight-diffs/weight-diff-010.pt,2,0.015,0,0.015
diff-interpretation-tuning/loras/rank-generalization/qwen3-4b-rank-004/weight-diffs/weight-diff-011.pt,2,0.015,0,0.015
diff-interpretation-tuning/loras/rank-generalization/qwen3-4b-rank-004/weight-diffs/weight-diff-014.pt,2,0.015,0,0.015
diff-interpretation-tuning/loras/rank-generalization/qwen3-4b-rank-004/weight-diffs/weight-diff-015.pt,2,0.014,0,0.014
diff-interpretation-tuning/loras/rank-generalization/qwen3-4b-rank-004/weight-diffs/weight-diff-018.pt,2,0.014,0,0.014
diff-interpretation-tuning/loras/rank-generalization/qwen3-4b-rank-004/weight-diffs/weight-diff-019.pt,2,0.015,0,0.015
diff-interpretation-tuning/loras/rank-generalization/qwen3-4b-rank-004/weight-diffs/weight-diff-021.pt,2,0.015,0,0.015
diff-interpretation-tuning/loras/rank-generalization/qwen3-4b-rank-004/weight-diffs/weight-diff-023.pt,2,0.015,0,0.015
diff-interpretation-tuning/loras/rank-generalization/qwen3-4b-rank-004/weight-diffs/weight-diff-025.pt,2,0.015,0,0.015
diff-interpretation-tuning/loras/rank-generalization/qwen3-4b-rank-004/weight-diffs/weight-diff-027.pt,2,0.015,0,0.015
diff-interpretation-tuning/loras/rank-generalization/qwen3-4b-rank-004/weight-diffs/weight-diff-030.pt,2,0.015,0,0.015
diff-interpretation-tuning/loras/rank-generalization/qwen3-4b-rank-004/weight-diffs/weight-diff-031.pt,2,0.014,0,0.014
diff-interpretation-tuning/loras/rank-generalization/qwen3-4b-rank-004/weight-diffs/weight-diff-034.pt,2,0.015,0,0.015
diff-interpretation-tuning/loras/rank-generalization/qwen3-4b-rank-004/weight-diffs/weight-diff-035.pt,2,0.015,0,0.015
diff-interpretation-tuning/loras/rank-generalization/qwen3-4b-rank-004/weight-diffs/weight-diff-036.pt,2,0.015,0,0.015
diff-interpretation-tuning/loras/rank-generalization/qwen3-4b-rank-004/weight-diffs/weight-diff-039.pt,2,0.014,0,0.014
diff-interpretation-tuning/loras/rank-generalization/qwen3-4b-rank-004/weight-diffs/weight-diff-040.pt,2,0.015,0,0.015
diff-interpretation-tuning/loras/rank-generalization/qwen3-4b-rank-004/weight-diffs/weight-diff-041.pt,2,0.014,0,0.014
diff-interpretation-tuning/loras/rank-generalization/qwen3-4b-rank-004/weight-diffs/weight-diff-042.pt,2,0.014,0,0.014
diff-interpretation-tuning/loras/rank-generalization/qwen3-4b-rank-004/weight-diffs/weight-diff-044.pt,2,0.015,0,0.015
diff-interpretation-tuning/loras/rank-generalization/qwen3-4b-rank-004/weight-diffs/weight-diff-045.pt,2,0.014,0,0.014
diff-interpretation-tuning/loras/rank-generalization/qwen3-4b-rank-004/weight-diffs/weight-diff-046.pt,2,0.014,0,0.014
diff-interpretation-tuning/loras/rank-generalization/qwen3-4b-rank-004/weight-diffs/weight-diff-047.pt,2,0.015,0,0.015
diff-interpretation-tuning/loras/rank-generalization/qwen3-4b-rank-004/weight-diffs/weight-diff-048.pt,2,0.015,0,0.015
diff-interpretation-tuning/loras/rank-generalization/qwen3-4b-rank-004/weight-diffs/weight-diff-050.pt,2,0.014,0,0.014
diff-interpretation-tuning/loras/rank-generalization/qwen3-4b-rank-004/weight-diffs/weight-diff-054.pt,2,0.015,0,0.015
diff-interpretation-tuning/loras/rank-generalization/qwen3-4b-rank-004/weight-diffs/weight-diff-055.pt,2,0.015,0,0.015
diff-interpretation-tuning/loras/rank-generalization/qwen3-4b-rank-004/weight-diffs/weight-diff-056.pt,2,0.015,0,0.015
diff-interpretation-tuning/loras/rank-generalization/qwen3-4b-rank-004/weight-diffs/weight-diff-057.pt,2,0.015,0,0.015
diff-interpretation-tuning/loras/rank-generalization/qwen3-4b-rank-004/weight-diffs/weight-diff-058.pt,2,0.015,0,0.015
diff-interpretation-tuning/loras/rank-generalization/qwen3-4b-rank-004/weight-diffs/weight-diff-059.pt,2,0.015,0,0.015
diff-interpretation-tuning/loras/rank-generalization/qwen3-4b-rank-004/weight-diffs/weight-diff-060.pt,2,0.014,0,0.014
diff-interpretation-tuning/loras/rank-generalization/qwen3-4b-rank-004/weight-diffs/weight-diff-061.pt,2,0.015,0,0.015
diff-interpretation-tuning/loras/rank-generalization/qwen3-4b-rank-004/weight-diffs/weight-diff-064.pt,2,0.015,0,0.015
diff-interpretation-tuning/loras/rank-generalization/qwen3-4b-rank-004/weight-diffs/weight-diff-065.pt,2,0.016,0,0.016
diff-interpretation-tuning/loras/rank-generalization/qwen3-4b-rank-004/weight-diffs/weight-diff-066.pt,2,0.015,0,0.015
diff-interpretation-tuning/loras/rank-generalization/qwen3-4b-rank-004/weight-diffs/weight-diff-067.pt,2,0.015,0,0.015
diff-interpretation-tuning/loras/rank-generalization/qwen3-4b-rank-004/weight-diffs/weight-diff-068.pt,2,0.015,0,0.015
diff-interpretation-tuning/loras/rank-generalization/qwen3-4b-rank-004/weight-diffs/weight-diff-069.pt,2,0.015,0,0.015
diff-interpretation-tuning/loras/rank-generalization/qwen3-4b-rank-004/weight-diffs/weight-diff-070.pt,2,0.015,0,0.015
diff-interpretation-tuning/loras/rank-generalization/qwen3-4b-rank-004/weight-diffs/weight-diff-071.pt,2,0.021,0,0.021
diff-interpretation-tuning/loras/rank-generalization/qwen3-4b-rank-004/weight-diffs/weight-diff-072.pt,2,0.015,0,0.015
diff-interpretation-tuning/loras/rank-generalization/qwen3-4b-rank-004/weight-diffs/weight-diff-073.pt,2,0.015,0,0.015
diff-interpretation-tuning/loras/rank-generalization/qwen3-4b-rank-004/weight-diffs/weight-diff-074.pt,2,0.014,0,0.014
diff-interpretation-tuning/loras/rank-generalization/qwen3-4b-rank-004/weight-diffs/weight-diff-075.pt,2,0.015,0,0.015
diff-interpretation-tuning/loras/rank-generalization/qwen3-4b-rank-004/weight-diffs/weight-diff-076.pt,2,0.014,0,0.014
diff-interpretation-tuning/loras/rank-generalization/qwen3-4b-rank-004/weight-diffs/weight-diff-077.pt,2,0.014,0,0.014
diff-interpretation-tuning/loras/rank-generalization/qwen3-4b-rank-004/weight-diffs/weight-diff-078.pt,2,0.014,0,0.014
diff-interpretation-tuning/loras/rank-generalization/qwen3-4b-rank-004/weight-diffs/weight-diff-079.pt,2,0.014,0,0.014
diff-interpretation-tuning/loras/rank-generalization/qwen3-4b-rank-004/weight-diffs/weight-diff-080.pt,2,0.014,0,0.014
diff-interpretation-tuning/loras/rank-generalization/qwen3-4b-rank-004/weight-diffs/weight-diff-081.pt,2,0.015,0,0.015
diff-interpretation-tuning/loras/rank-generalization/qwen3-4b-rank-004/weight-diffs/weight-diff-082.pt,2,0.015,0,0.015
diff-interpretation-tuning/loras/rank-generalization/qwen3-4b-rank-004/weight-diffs/weight-diff-083.pt,2,0.014,0,0.014
diff-interpretation-tuning/loras/rank-generalization/qwen3-4b-rank-004/weight-diffs/weight-diff-084.pt,2,0.015,0,0.015
diff-interpretation-tuning/loras/rank-generalization/qwen3-4b-rank-004/weight-diffs/weight-diff-085.pt,2,0.015,0,0.015
diff-interpretation-tuning/loras/rank-generalization/qwen3-4b-rank-004/weight-diffs/weight-diff-086.pt,2,0.015,0,0.015
diff-interpretation-tuning/loras/rank-generalization/qwen3-4b-rank-004/weight-diffs/weight-diff-087.pt,2,0.014,0,0.014
diff-interpretation-tuning/loras/rank-generalization/qwen3-4b-rank-004/weight-diffs/weight-diff-088.pt,2,0.015,0,0.015
diff-interpretation-tuning/loras/rank-generalization/qwen3-4b-rank-004/weight-diffs/weight-diff-089.pt,2,0.015,0,0.015
diff-interpretation-tuning/loras/rank-generalization/qwen3-4b-rank-004/weight-diffs/weight-diff-090.pt,2,0.015,0,0.015
diff-interpretation-tuning/loras/rank-generalization/qwen3-4b-rank-004/weight-diffs/weight-diff-091.pt,2,0.015,0,0.015
diff-interpretation-tuning/loras/rank-generalization/qwen3-4b-rank-004/weight-diffs/weight-diff-092.pt,2,0.015,0,0.015
diff-interpretation-tuning/loras/rank-generalization/qwen3-4b-rank-004/weight-diffs/weight-diff-093.pt,2,0.015,0,0.015
diff-interpretation-tuning/loras/rank-generalization/qwen3-4b-rank-004/weight-diffs/weight-diff-094.pt,2,0.015,0,0.015
diff-interpretation-tuning/loras/rank-generalization/qwen3-4b-rank-004/weight-diffs/weight-diff-095.pt,2,0.014,0,0.014
diff-interpretation-tuning/loras/rank-generalization/qwen3-4b-rank-004/weight-diffs/weight-diff-096.pt,2,0.114,0,0.114
diff-interpretation-tuning/loras/rank-generalization/qwen3-4b-rank-004/weight-diffs/weight-diff-097.pt,2,0.015,0,0.015
diff-interpretation-tuning/loras/rank-generalization/qwen3-4b-rank-004/weight-diffs/weight-diff-098.pt,2,0.014,0,0.014
diff-interpretation-tuning/loras/rank-generalization/qwen3-4b-rank-004/weight-diffs/weight-diff-099.pt,2,0.015,0,0.015
diff-interpretation-tuning/loras/rank-generalization/qwen3-4b-rank-008/weight-diffs/weight-diff-038.pt,2,0.016,0,0.016
diff-interpretation-tuning/loras/rank-generalization/qwen3-4b-rank-008/weight-diffs/weight-diff-041.pt,2,0.014,0,0.014
diff-interpretation-tuning/loras/rank-generalization/qwen3-4b-rank-008/weight-diffs/weight-diff-050.pt,2,0.015,0,0.015
diff-interpretation-tuning/loras/rank-generalization/qwen3-4b-rank-008/weight-diffs/weight-diff-053.pt,2,0.015,0,0.015
diff-interpretation-tuning/loras/rank-generalization/qwen3-4b-rank-008/weight-diffs/weight-diff-062.pt,2,0.015,0,0.015
diff-interpretation-tuning/loras/rank-generalization/qwen3-4b-rank-008/weight-diffs/weight-diff-077.pt,2,0.014,0,0.014
diff-interpretation-tuning/loras/rank-generalization/qwen3-4b-rank-008/weight-diffs/weight-diff-083.pt,2,0.016,0,0.016
diff-interpretation-tuning/loras/rank-generalization/qwen3-4b-rank-008/weight-diffs/weight-diff-087.pt,2,0.015,0,0.015
diff-interpretation-tuning/loras/rank-generalization/qwen3-4b-rank-008/weight-diffs/weight-diff-092.pt,2,0.015,0,0.015
diff-interpretation-tuning/loras/rank-generalization/qwen3-4b-rank-008/weight-diffs/weight-diff-095.pt,2,0.014,0,0.014
diff-interpretation-tuning/loras/rank-generalization/qwen3-4b-rank-064/weight-diffs/weight-diff-039.pt,2,0.015,0,0.015
diff-interpretation-tuning/loras/rank-generalization/qwen3-4b-rank-064/weight-diffs/weight-diff-064.pt,2,0.015,0,0.015
diff-interpretation-tuning/loras/rank-generalization/qwen3-4b-rank-064/weight-diffs/weight-diff-065.pt,2,0.014,0,0.014
diff-interpretation-tuning/loras/rank-generalization/qwen3-4b-rank-064/weight-diffs/weight-diff-066.pt,2,0.014,0,0.014
diff-interpretation-tuning/loras/rank-generalization/qwen3-4b-rank-064/weight-diffs/weight-diff-067.pt,2,0.015,0,0.015
diff-interpretation-tuning/loras/rank-generalization/qwen3-4b-rank-064/weight-diffs/weight-diff-068.pt,2,0.014,0,0.014
diff-interpretation-tuning/loras/rank-generalization/qwen3-4b-rank-064/weight-diffs/weight-diff-069.pt,2,0.015,0,0.015
diff-interpretation-tuning/loras/rank-generalization/qwen3-4b-rank-064/weight-diffs/weight-diff-070.pt,2,0.014,0,0.014
diff-interpretation-tuning/loras/rank-generalization/qwen3-4b-rank-064/weight-diffs/weight-diff-071.pt,2,0.015,0,0.015
diff-interpretation-tuning/loras/rank-generalization/qwen3-4b-rank-064/weight-diffs/weight-diff-077.pt,2,0.014,0,0.014
diff-interpretation-tuning/loras/rank-generalization/qwen3-4b-rank-064/weight-diffs/weight-diff-078.pt,2,0.015,0,0.015
diff-interpretation-tuning/loras/trigger-generalization/qwen3-4b-zero-width-random/weight-diffs/weight-diff-001.pt,2,0.131,0,0.131
Saidakbar01/whisper-uz-finetuned/training_args.bin,2,0.008,3.806,3.814
nvidia/nemotron-speech-streaming-en-0.6b/nemotron-speech-streaming-en-0.6b.nemo,2,2.548,0,2.548
nvidia/diar_streaming_sortformer_4spk-v2.1/diar_streaming_sortformer_4spk-v2.1.nemo,2,0.502,0,0.502
nvidia/parakeet-tdt-0.6b-v3/parakeet-tdt-0.6b-v3.nemo,2,2.56,0,2.56
nvidia/canary-1b-v2/canary-1b-v2.nemo,2,6.442,0,6.442
optimum-intel-internal-testing/tiny-random-CodeGenForCausalLM/pytorch_model.bin,2,0.008,0,0.008
optimum-intel-internal-testing/tiny-random-GPTNeoXForCausalLM/pytorch_model.bin,2,0.007,0,0.007
facebook/sam3.1/sam3.1_multiplex.pt,2,0.034,0,0.034
optimum-intel-internal-testing/tiny-random-Data2VecAudioModel/pytorch_model.bin,2,0.007,0,0.007
timm/convnext_base.dinov3_lvd1689m/pytorch_model.bin,2,0.013,0,0.013
fancyfeast/bigaspv2-5/training-checkpoints/test_215/ep10-ba35889-rank0_stripped.pt,2,0.063,5.669,5.732
fancyfeast/bigaspv2-5/training-checkpoints/test_215/ep2-ba8301-rank0_stripped.pt,2,0.16,3.594,3.754
fancyfeast/bigaspv2-5/training-checkpoints/test_215/ep2-ba8790-rank0_stripped.pt,2,0.061,2.579,2.64
fancyfeast/bigaspv2-5/training-checkpoints/test_215/ep5-ba18067-rank0_stripped.pt,2,0.062,10.358,10.42
fancyfeast/bigaspv2-5/training-checkpoints/test_215/ep6-ba20020-rank0.pt,2,0.145,3.679,3.824
OpenMed/OpenMed-ZeroShot-NER-Anatomy-Medium-209M/pytorch_model.bin,2,0.015,0,0.015
nm-testing/qwen3-8b-peagle-speculators/optimizer_state_dict.pt,2,0.009,0,0.009
nm-testing/qwen3-8b-peagle-speculators/snapshots/48caff875fa217da907d9a4d2468e3a9f5d1ae0e/optimizer_state_dict.pt,2,0.008,0,0.008
OpenMed/OpenMed-ZeroShot-NER-Pharma-Multi-209M/pytorch_model.bin,2,0.01,0,0.01
OpenMed/OpenMed-ZeroShot-NER-Pharma-Tiny-60M/pytorch_model.bin,2,0.007,0,0.007
optimum-intel-internal-testing/tiny-random-LevitModel/pytorch_model.bin,2,0.011,0,0.011
ayushgupta7777/safetyvision-yolov8/best.pt,2,0.035,5.774,5.809
OpenMed/OpenMed-ZeroShot-NER-BloodCancer-Medium-209M/pytorch_model.bin,2,0.011,0,0.011
OpenMed/OpenMed-ZeroShot-NER-Species-Tiny-60M/pytorch_model.bin,2,0.007,0,0.007
pyannoteAI/parakeet-tdt-0.6b-v3/parakeet-tdt-0.6b-v3.nemo,2,2.555,0,2.555
timm/vit_small_patch16_dinov3_qkvb.lvd1689m/pytorch_model.bin,2,0.01,0,0.01
nvidia/nemo-nano-codec-22khz-1.89kbps-21.5fps/nemo-nano-codec-22khz-1.89kbps-21.5fps.nemo,2,0.459,0,0.459
OpenMed/OpenMed-ZeroShot-NER-Pathology-XLarge-770M/pytorch_model.bin,2,0.012,0,0.012
OpenMed/OpenMed-ZeroShot-NER-Species-Multi-209M/pytorch_model.bin,2,0.01,0,0.01
allenai/OlmoEarth-v1-Large/weights.pth,2,0.003,0,0.003
nvidia/C-RADIOv4-H/c-radio_v4-h_half.pth.tar,2,0.015,1.116,1.131
arda-argmax/sortformer-finetuned/4spk-v0.3-bs1-acc8-l4-diskcache-shardedval-v1-1778065009/best.nemo,2,0.503,0,0.503
arda-argmax/sortformer-finetuned/6spk-ami-sdm-debug-bs10-a100-80gb-1gpu-v1-1781805281/best.nemo,2,0.506,0,0.506
arda-argmax/sortformer-finetuned/6spk-ami-sdm-debug-bs10-a100-80gb-1gpu-v1-1781805281/checkpoints/step_130_epoch_1_val-der_0.1837.nemo,2,0.51,0,0.51
arda-argmax/sortformer-finetuned/6spk-ami-sdm-debug-bs10-a100-80gb-1gpu-v1-1781805281/checkpoints/step_210_epoch_2_val-der_0.1709.nemo,2,0.504,0,0.504
arda-argmax/sortformer-finetuned/6spk-ami-sdm-debug-bs10-a100-80gb-1gpu-v1-1781805281/checkpoints/step_50_epoch_0_val-der_0.3708.nemo,2,0.502,0,0.502
arda-argmax/sortformer-finetuned/6spk-ami-sdm-flac-debug-bs10-a100-80gb-1gpu-v1-1781828240/best.nemo,2,0.609,0,0.609
arda-argmax/sortformer-finetuned/6spk-ami-sdm-flac-debug-bs10-a100-80gb-1gpu-v1-1781828240/checkpoints/step_130_epoch_1_val-der_0.1841.nemo,2,0.504,0,0.504
arda-argmax/sortformer-finetuned/6spk-ami-sdm-flac-debug-bs10-a100-80gb-1gpu-v1-1781828240/checkpoints/step_210_epoch_2_val-der_0.1806.nemo,2,0.503,0,0.503
arda-argmax/sortformer-finetuned/6spk-ami-sdm-flac-debug-bs10-a100-80gb-1gpu-v1-1781828240/checkpoints/step_50_epoch_0_val-der_0.3563.nemo,2,0.507,0,0.507
arda-argmax/sortformer-finetuned/6spk-debug-prepared-shar-worldfix-1780478585/best.nemo,2,0.503,0,0.503
arda-argmax/sortformer-finetuned/6spk-debug-prepared-shar-worldfix-1780478585/checkpoints/step_2_epoch_0_val-der_1.3011.nemo,2,0.505,0,0.505
arda-argmax/sortformer-finetuned/6spk-debug-prepared-shar-worldfix-1780478585/checkpoints/step_4_epoch_1_val-der_1.1216.nemo,2,0.507,0,0.507
arda-argmax/sortformer-finetuned/6spk-fullrandom-bs10-ga8-a100-80gb-1gpu-lr1e-4-lr-v1-1781045285/best.nemo,2,0.503,0,0.503
arda-argmax/sortformer-finetuned/6spk-fullrandom-bs10-ga8-a100-80gb-1gpu-lr1e-4-lr-v1-1781045285/checkpoints/step_6_epoch_0_val-der_1.0000.nemo,2,0.502,0,0.502
arda-argmax/sortformer-finetuned/6spk-v0.3-bs1-acc8-l4-diskcache-shardedval-v1-1778010364/best.nemo,2,0.507,0,0.507
arda-argmax/sortformer-finetuned/6spk-v0.4-ami-bs1-acc8-l4-diskcache-shardedval-v1-1778218672/best.nemo,2,0.504,0,0.504
arda-argmax/sortformer-finetuned/6spk-v0.4-ami-bs1-acc8-l4-diskcache-shardedval-v1-1778218672/checkpoints/step_1080_epoch_2_val-der_0.1535.nemo,2,0.502,0,0.502
arda-argmax/sortformer-finetuned/6spk-v0.4-ami-bs1-acc8-l4-diskcache-shardedval-v1-1778218672/checkpoints/step_1170_epoch_2_val-der_0.1446.nemo,2,0.516,0,0.516
arda-argmax/sortformer-finetuned/6spk-v0.4-ami-bs1-acc8-l4-diskcache-shardedval-v1-1778218672/checkpoints/step_1350_epoch_2_val-der_0.1436.nemo,2,0.504,0,0.504
arda-argmax/sortformer-finetuned/6spk-v0.4-ami-bs1-acc8-l4-diskcache-shardedval-v1-1778218672/checkpoints/step_1440_epoch_3_val-der_0.1423.nemo,2,0.503,0,0.503
arda-argmax/sortformer-finetuned/6spk-v0.4-ami-bs1-acc8-l4-diskcache-shardedval-v1-1778218672/checkpoints/step_1530_epoch_3_val-der_0.1397.nemo,2,0.51,0,0.51
arda-argmax/sortformer-finetuned/6spk-v0.4-ami-bs1-acc8-l4-diskcache-shardedval-v1-1778218672/checkpoints/step_1620_epoch_3_val-der_0.1388.nemo,2,0.505,0,0.505
arda-argmax/sortformer-finetuned/6spk-v0.4-ami-bs1-acc8-l4-diskcache-shardedval-v1-1778218672/checkpoints/step_1710_epoch_3_val-der_0.1382.nemo,2,0.505,0,0.505
arda-argmax/sortformer-finetuned/6spk-v0.4-ami-bs1-acc8-l4-diskcache-shardedval-v1-1778218672/checkpoints/step_180_epoch_0_val-der_0.2089.nemo,2,0.507,0,0.507
arda-argmax/sortformer-finetuned/6spk-v0.4-ami-bs1-acc8-l4-diskcache-shardedval-v1-1778218672/checkpoints/step_1980_epoch_4_val-der_0.1346.nemo,2,0.504,0,0.504
arda-argmax/sortformer-finetuned/6spk-v0.4-ami-bs1-acc8-l4-diskcache-shardedval-v1-1778218672/checkpoints/step_2430_epoch_5_val-der_0.1340.nemo,2,0.504,0,0.504
arda-argmax/sortformer-finetuned/6spk-v0.4-ami-bs1-acc8-l4-diskcache-shardedval-v1-1778218672/checkpoints/step_2520_epoch_5_val-der_0.1338.nemo,2,0.507,0,0.507
arda-argmax/sortformer-finetuned/6spk-v0.4-ami-bs1-acc8-l4-diskcache-shardedval-v1-1778218672/checkpoints/step_2700_epoch_5_val-der_0.1335.nemo,2,0.504,0,0.504
arda-argmax/sortformer-finetuned/6spk-v0.4-ami-bs1-acc8-l4-diskcache-shardedval-v1-1778218672/checkpoints/step_270_epoch_0_val-der_0.2001.nemo,2,0.504,0,0.504
arda-argmax/sortformer-finetuned/6spk-v0.4-ami-bs1-acc8-l4-diskcache-shardedval-v1-1778218672/checkpoints/step_3060_epoch_6_val-der_0.1302.nemo,2,0.508,0,0.508
arda-argmax/sortformer-finetuned/6spk-v0.4-ami-bs1-acc8-l4-diskcache-shardedval-v1-1778218672/checkpoints/step_360_epoch_0_val-der_0.1928.nemo,2,0.504,0,0.504
arda-argmax/sortformer-finetuned/6spk-v0.4-ami-bs1-acc8-l4-diskcache-shardedval-v1-1778218672/checkpoints/step_3870_epoch_8_val-der_0.1289.nemo,2,0.604,0,0.604
arda-argmax/sortformer-finetuned/6spk-v0.4-ami-bs1-acc8-l4-diskcache-shardedval-v1-1778218672/checkpoints/step_3960_epoch_8_val-der_0.1285.nemo,2,0.506,0,0.506
arda-argmax/sortformer-finetuned/6spk-v0.4-ami-bs1-acc8-l4-diskcache-shardedval-v1-1778218672/checkpoints/step_4140_epoch_9_val-der_0.1280.nemo,2,0.503,0,0.503
arda-argmax/sortformer-finetuned/6spk-v0.4-ami-bs1-acc8-l4-diskcache-shardedval-v1-1778218672/checkpoints/step_450_epoch_0_val-der_0.1911.nemo,2,0.504,0,0.504
arda-argmax/sortformer-finetuned/6spk-v0.4-ami-bs1-acc8-l4-diskcache-shardedval-v1-1778218672/checkpoints/step_540_epoch_1_val-der_0.1894.nemo,2,0.508,0,0.508
arda-argmax/sortformer-finetuned/6spk-v0.4-ami-bs1-acc8-l4-diskcache-shardedval-v1-1778218672/checkpoints/step_630_epoch_1_val-der_0.1871.nemo,2,0.504,0,0.504
arda-argmax/sortformer-finetuned/6spk-v0.4-ami-bs1-acc8-l4-diskcache-shardedval-v1-1778218672/checkpoints/step_720_epoch_1_val-der_0.1813.nemo,2,0.503,0,0.503
arda-argmax/sortformer-finetuned/6spk-v0.4-ami-bs1-acc8-l4-diskcache-shardedval-v1-1778218672/checkpoints/step_900_epoch_1_val-der_0.1706.nemo,2,0.504,0,0.504
arda-argmax/sortformer-finetuned/6spk-v0.4-ami-bs1-acc8-l4-diskcache-shardedval-v1-1778218672/checkpoints/step_90_epoch_0_val-der_0.3542.nemo,2,0.507,0,0.507
arda-argmax/sortformer-finetuned/6spk-v0.4-ami-bs1-acc8-l4-diskcache-shardedval-v1-1778218672/checkpoints/step_990_epoch_2_val-der_0.1561.nemo,2,0.503,0,0.503
arda-argmax/sortformer-finetuned/6spk-v0.4-librispeech-ami-bs1-acc8-l4-diskcache-shardedval-v3-1778228622/best.nemo,2,0.503,0,0.503
arda-argmax/sortformer-finetuned/6spk-v0.4-librispeech-ami-bs1-acc8-l4-diskcache-shardedval-v3-1778228622/checkpoints/step_1440_epoch_1_val-der_0.2048.nemo,2,0.508,0,0.508
arda-argmax/sortformer-finetuned/6spk-v0.4-librispeech-ami-bs1-acc8-l4-diskcache-shardedval-v3-1778228622/checkpoints/step_1530_epoch_1_val-der_0.2042.nemo,2,0.504,0,0.504
arda-argmax/sortformer-finetuned/6spk-v0.4-librispeech-ami-bs1-acc8-l4-diskcache-shardedval-v3-1778228622/checkpoints/step_1620_epoch_1_val-der_0.2035.nemo,2,0.502,0,0.502
arda-argmax/sortformer-finetuned/6spk-v0.4-librispeech-ami-bs1-acc8-l4-diskcache-shardedval-v3-1778228622/checkpoints/step_180_epoch_0_val-der_0.2159.nemo,2,0.507,0,0.507
arda-argmax/sortformer-finetuned/6spk-v0.4-librispeech-ami-bs1-acc8-l4-diskcache-shardedval-v3-1778228622/checkpoints/step_270_epoch_0_val-der_0.2146.nemo,2,0.504,0,0.504
arda-argmax/sortformer-finetuned/6spk-v0.4-librispeech-ami-bs1-acc8-l4-diskcache-shardedval-v3-1778228622/checkpoints/step_360_epoch_0_val-der_0.2138.nemo,2,0.503,0,0.503
arda-argmax/sortformer-finetuned/6spk-v0.4-librispeech-ami-bs1-acc8-l4-diskcache-shardedval-v3-1778228622/checkpoints/step_450_epoch_0_val-der_0.2116.nemo,2,0.508,0,0.508
arda-argmax/sortformer-finetuned/6spk-v0.4-librispeech-ami-bs1-acc8-l4-diskcache-shardedval-v3-1778228622/checkpoints/step_630_epoch_0_val-der_0.2103.nemo,2,0.505,0,0.505
arda-argmax/sortformer-finetuned/6spk-v0.4-librispeech-ami-bs1-acc8-l4-diskcache-shardedval-v3-1778228622/checkpoints/step_810_epoch_0_val-der_0.2059.nemo,2,0.504,0,0.504
arda-argmax/sortformer-finetuned/6spk-v0.4-librispeech-ami-bs1-acc8-l4-diskcache-shardedval-v3-1778228622/checkpoints/step_90_epoch_0_val-der_0.2223.nemo,2,0.51,0,0.51
arda-argmax/sortformer-finetuned/6spk-v0.4-librispeech-ami-bs1-acc8-l4-diskcache-shardedval-v5-1778286481/best.nemo,2,0.503,0,0.503
arda-argmax/sortformer-finetuned/6spk-v0.4-librispeech-ami-bs1-acc8-l4-diskcache-shardedval-v5-1778286481/checkpoints/step_1080_epoch_1_val-der_0.1398.nemo,2,0.506,0,0.506
arda-argmax/sortformer-finetuned/6spk-v0.4-librispeech-ami-bs1-acc8-l4-diskcache-shardedval-v5-1778286481/checkpoints/step_1260_epoch_1_val-der_0.1390.nemo,2,0.501,0,0.501
arda-argmax/sortformer-finetuned/6spk-v0.4-librispeech-ami-bs1-acc8-l4-diskcache-shardedval-v5-1778286481/checkpoints/step_1350_epoch_1_val-der_0.1374.nemo,2,0.502,0,0.502
arda-argmax/sortformer-finetuned/6spk-v0.4-librispeech-ami-bs1-acc8-l4-diskcache-shardedval-v5-1778286481/checkpoints/step_1440_epoch_1_val-der_0.1353.nemo,2,0.601,0,0.601
arda-argmax/sortformer-finetuned/6spk-v0.4-librispeech-ami-bs1-acc8-l4-diskcache-shardedval-v5-1778286481/checkpoints/step_1530_epoch_1_val-der_0.1346.nemo,2,0.503,0,0.503
arda-argmax/sortformer-finetuned/6spk-v0.4-librispeech-ami-bs1-acc8-l4-diskcache-shardedval-v5-1778286481/checkpoints/step_1710_epoch_1_val-der_0.1343.nemo,2,0.507,0,0.507
arda-argmax/sortformer-finetuned/6spk-v0.4-librispeech-ami-bs1-acc8-l4-diskcache-shardedval-v5-1778286481/checkpoints/step_1800_epoch_1_val-der_0.1334.nemo,2,0.504,0,0.504
arda-argmax/sortformer-finetuned/6spk-v0.4-librispeech-ami-bs1-acc8-l4-diskcache-shardedval-v5-1778286481/checkpoints/step_180_epoch_0_val-der_0.2056.nemo,2,0.502,0,0.502
arda-argmax/sortformer-finetuned/6spk-v0.4-librispeech-ami-bs1-acc8-l4-diskcache-shardedval-v5-1778286481/checkpoints/step_2070_epoch_2_val-der_0.1327.nemo,2,0.508,0,0.508
arda-argmax/sortformer-finetuned/6spk-v0.4-librispeech-ami-bs1-acc8-l4-diskcache-shardedval-v5-1778286481/checkpoints/step_2160_epoch_2_val-der_0.1317.nemo,2,0.504,0,0.504
arda-argmax/sortformer-finetuned/6spk-v0.4-librispeech-ami-bs1-acc8-l4-diskcache-shardedval-v5-1778286481/checkpoints/step_2250_epoch_2_val-der_0.1302.nemo,2,0.503,0,0.503
arda-argmax/sortformer-finetuned/6spk-v0.4-librispeech-ami-bs1-acc8-l4-diskcache-shardedval-v5-1778286481/checkpoints/step_2520_epoch_2_val-der_0.1283.nemo,2,0.507,0,0.507
arda-argmax/sortformer-finetuned/6spk-v0.4-librispeech-ami-bs1-acc8-l4-diskcache-shardedval-v5-1778286481/checkpoints/step_270_epoch_0_val-der_0.1998.nemo,2,0.504,0,0.504
arda-argmax/sortformer-finetuned/6spk-v0.4-librispeech-ami-bs1-acc8-l4-diskcache-shardedval-v5-1778286481/checkpoints/step_2880_epoch_3_val-der_0.1271.nemo,2,0.502,0,0.502
arda-argmax/sortformer-finetuned/6spk-v0.4-librispeech-ami-bs1-acc8-l4-diskcache-shardedval-v5-1778286481/checkpoints/step_3060_epoch_3_val-der_0.1269.nemo,2,0.507,0,0.507
arda-argmax/sortformer-finetuned/6spk-v0.4-librispeech-ami-bs1-acc8-l4-diskcache-shardedval-v5-1778286481/checkpoints/step_3240_epoch_3_val-der_0.1268.nemo,2,0.504,0,0.504
arda-argmax/sortformer-finetuned/6spk-v0.4-librispeech-ami-bs1-acc8-l4-diskcache-shardedval-v5-1778286481/checkpoints/step_3330_epoch_3_val-der_0.1266.nemo,2,0.503,0,0.503
arda-argmax/sortformer-finetuned/6spk-v0.4-librispeech-ami-bs1-acc8-l4-diskcache-shardedval-v5-1778286481/checkpoints/step_3420_epoch_3_val-der_0.1252.nemo,2,0.507,0,0.507
arda-argmax/sortformer-finetuned/6spk-v0.4-librispeech-ami-bs1-acc8-l4-diskcache-shardedval-v5-1778286481/checkpoints/step_360_epoch_0_val-der_0.1911.nemo,2,0.504,0,0.504
arda-argmax/sortformer-finetuned/6spk-v0.4-librispeech-ami-bs1-acc8-l4-diskcache-shardedval-v5-1778286481/checkpoints/step_4050_epoch_4_val-der_0.1241.nemo,2,0.504,0,0.504
arda-argmax/sortformer-finetuned/6spk-v0.4-librispeech-ami-bs1-acc8-l4-diskcache-shardedval-v5-1778286481/checkpoints/step_4410_epoch_4_val-der_0.1238.nemo,2,0.508,0,0.508
arda-argmax/sortformer-finetuned/6spk-v0.4-librispeech-ami-bs1-acc8-l4-diskcache-shardedval-v5-1778286481/checkpoints/step_450_epoch_0_val-der_0.1895.nemo,2,0.504,0,0.504
arda-argmax/sortformer-finetuned/6spk-v0.4-librispeech-ami-bs1-acc8-l4-diskcache-shardedval-v5-1778286481/checkpoints/step_4770_epoch_5_val-der_0.1237.nemo,2,0.504,0,0.504
arda-argmax/sortformer-finetuned/6spk-v0.4-librispeech-ami-bs1-acc8-l4-diskcache-shardedval-v5-1778286481/checkpoints/step_4950_epoch_5_val-der_0.1219.nemo,2,0.506,0,0.506
arda-argmax/sortformer-finetuned/6spk-v0.4-librispeech-ami-bs1-acc8-l4-diskcache-shardedval-v5-1778286481/checkpoints/step_540_epoch_0_val-der_0.1872.nemo,2,0.504,0,0.504
arda-argmax/sortformer-finetuned/6spk-v0.4-librispeech-ami-bs1-acc8-l4-diskcache-shardedval-v5-1778286481/checkpoints/step_5940_epoch_6_val-der_0.1207.nemo,2,0.504,0,0.504
arda-argmax/sortformer-finetuned/6spk-v0.4-librispeech-ami-bs1-acc8-l4-diskcache-shardedval-v5-1778286481/checkpoints/step_630_epoch_0_val-der_0.1612.nemo,2,0.508,0,0.508
arda-argmax/sortformer-finetuned/6spk-v0.4-librispeech-ami-bs1-acc8-l4-diskcache-shardedval-v5-1778286481/checkpoints/step_6390_epoch_7_val-der_0.1200.nemo,2,0.503,0,0.503
arda-argmax/sortformer-finetuned/6spk-v0.4-librispeech-ami-bs1-acc8-l4-diskcache-shardedval-v5-1778286481/checkpoints/step_720_epoch_0_val-der_0.1542.nemo,2,0.503,0,0.503
arda-argmax/sortformer-finetuned/6spk-v0.4-librispeech-ami-bs1-acc8-l4-diskcache-shardedval-v5-1778286481/checkpoints/step_7290_epoch_8_val-der_0.1193.nemo,2,0.607,0,0.607
arda-argmax/sortformer-finetuned/6spk-v0.4-librispeech-ami-bs1-acc8-l4-diskcache-shardedval-v5-1778286481/checkpoints/step_7470_epoch_8_val-der_0.1188.nemo,2,0.503,0,0.503
arda-argmax/sortformer-finetuned/6spk-v0.4-librispeech-ami-bs1-acc8-l4-diskcache-shardedval-v5-1778286481/checkpoints/step_7560_epoch_8_val-der_0.1182.nemo,2,0.504,0,0.504
arda-argmax/sortformer-finetuned/6spk-v0.4-librispeech-ami-bs1-acc8-l4-diskcache-shardedval-v5-1778286481/checkpoints/step_810_epoch_0_val-der_0.1480.nemo,2,0.507,0,0.507
arda-argmax/sortformer-finetuned/6spk-v0.4-librispeech-ami-bs1-acc8-l4-diskcache-shardedval-v5-1778286481/checkpoints/step_900_epoch_0_val-der_0.1433.nemo,2,0.503,0,0.503
arda-argmax/sortformer-finetuned/6spk-v0.4-librispeech-ami-bs1-acc8-l4-diskcache-shardedval-v5-1778286481/checkpoints/step_90_epoch_0_val-der_0.2223.nemo,2,0.504,0,0.504
arda-argmax/sortformer-finetuned/6spk-v0.4-librispeech-ami-bs1-acc8-l4-diskcache-shardedval-v5-1778286481/checkpoints/step_990_epoch_1_val-der_0.1429.nemo,2,0.508,0,0.508
arda-argmax/sortformer-finetuned/6spk-v0.4-librispeech-bs1-acc8-l4-diskcache-shardedval-v1-1778198761/best.nemo,2,0.503,0,0.503
arda-argmax/sortformer-finetuned/6spk-v0.4-librispeech-bs1-acc8-l4-diskcache-shardedval-v1-1778198761/checkpoints/step_1080_epoch_2_val-der_0.1069.nemo,2,0.504,0,0.504
arda-argmax/sortformer-finetuned/6spk-v0.4-librispeech-bs1-acc8-l4-diskcache-shardedval-v1-1778198761/checkpoints/step_1170_epoch_2_val-der_0.1058.nemo,2,0.509,0,0.509
arda-argmax/sortformer-finetuned/6spk-v0.4-librispeech-bs1-acc8-l4-diskcache-shardedval-v1-1778198761/checkpoints/step_1260_epoch_2_val-der_0.1043.nemo,2,0.504,0,0.504
arda-argmax/sortformer-finetuned/6spk-v0.4-librispeech-bs1-acc8-l4-diskcache-shardedval-v1-1778198761/checkpoints/step_1710_epoch_3_val-der_0.1027.nemo,2,0.503,0,0.503
arda-argmax/sortformer-finetuned/6spk-v0.4-librispeech-bs1-acc8-l4-diskcache-shardedval-v1-1778198761/checkpoints/step_180_epoch_0_val-der_0.1670.nemo,2,0.507,0,0.507
arda-argmax/sortformer-finetuned/6spk-v0.4-librispeech-bs1-acc8-l4-diskcache-shardedval-v1-1778198761/checkpoints/step_2160_epoch_4_val-der_0.1016.nemo,2,0.505,0,0.505
arda-argmax/sortformer-finetuned/6spk-v0.4-librispeech-bs1-acc8-l4-diskcache-shardedval-v1-1778198761/checkpoints/step_2430_epoch_5_val-der_0.1014.nemo,2,0.505,0,0.505
arda-argmax/sortformer-finetuned/6spk-v0.4-librispeech-bs1-acc8-l4-diskcache-shardedval-v1-1778198761/checkpoints/step_2700_epoch_5_val-der_0.1002.nemo,2,0.507,0,0.507
arda-argmax/sortformer-finetuned/6spk-v0.4-librispeech-bs1-acc8-l4-diskcache-shardedval-v1-1778198761/checkpoints/step_270_epoch_0_val-der_0.1644.nemo,2,0.511,0,0.511
arda-argmax/sortformer-finetuned/6spk-v0.4-librispeech-bs1-acc8-l4-diskcache-shardedval-v1-1778198761/checkpoints/step_2880_epoch_6_val-der_0.0996.nemo,2,0.503,0,0.503
arda-argmax/sortformer-finetuned/6spk-v0.4-librispeech-bs1-acc8-l4-diskcache-shardedval-v1-1778198761/checkpoints/step_2970_epoch_6_val-der_0.0992.nemo,2,0.508,0,0.508
arda-argmax/sortformer-finetuned/6spk-v0.4-librispeech-bs1-acc8-l4-diskcache-shardedval-v1-1778198761/checkpoints/step_3150_epoch_6_val-der_0.0982.nemo,2,0.504,0,0.504
arda-argmax/sortformer-finetuned/6spk-v0.4-librispeech-bs1-acc8-l4-diskcache-shardedval-v1-1778198761/checkpoints/step_3600_epoch_7_val-der_0.0981.nemo,2,0.503,0,0.503
arda-argmax/sortformer-finetuned/6spk-v0.4-librispeech-bs1-acc8-l4-diskcache-shardedval-v1-1778198761/checkpoints/step_360_epoch_0_val-der_0.1619.nemo,2,0.506,0,0.506
arda-argmax/sortformer-finetuned/6spk-v0.4-librispeech-bs1-acc8-l4-diskcache-shardedval-v1-1778198761/checkpoints/step_3780_epoch_8_val-der_0.0976.nemo,2,0.503,0,0.503
arda-argmax/sortformer-finetuned/6spk-v0.4-librispeech-bs1-acc8-l4-diskcache-shardedval-v1-1778198761/checkpoints/step_4050_epoch_8_val-der_0.0964.nemo,2,0.502,0,0.502
arda-argmax/sortformer-finetuned/6spk-v0.4-librispeech-bs1-acc8-l4-diskcache-shardedval-v1-1778198761/checkpoints/step_4140_epoch_9_val-der_0.0958.nemo,2,0.507,0,0.507
arda-argmax/sortformer-finetuned/6spk-v0.4-librispeech-bs1-acc8-l4-diskcache-shardedval-v1-1778198761/checkpoints/step_4230_epoch_9_val-der_0.0915.nemo,2,0.601,0,0.601
arda-argmax/sortformer-finetuned/6spk-v0.4-librispeech-bs1-acc8-l4-diskcache-shardedval-v1-1778198761/checkpoints/step_4320_epoch_9_val-der_0.0872.nemo,2,0.503,0,0.503
arda-argmax/sortformer-finetuned/6spk-v0.4-librispeech-bs1-acc8-l4-diskcache-shardedval-v1-1778198761/checkpoints/step_4410_epoch_9_val-der_0.0843.nemo,2,0.506,0,0.506
arda-argmax/sortformer-finetuned/6spk-v0.4-librispeech-bs1-acc8-l4-diskcache-shardedval-v1-1778198761/checkpoints/step_450_epoch_0_val-der_0.1291.nemo,2,0.503,0,0.503
arda-argmax/sortformer-finetuned/6spk-v0.4-librispeech-bs1-acc8-l4-diskcache-shardedval-v1-1778198761/checkpoints/step_540_epoch_1_val-der_0.1151.nemo,2,0.502,0,0.502
arda-argmax/sortformer-finetuned/6spk-v0.4-librispeech-bs1-acc8-l4-diskcache-shardedval-v1-1778198761/checkpoints/step_720_epoch_1_val-der_0.1120.nemo,2,0.503,0,0.503
arda-argmax/sortformer-finetuned/6spk-v0.4-librispeech-bs1-acc8-l4-diskcache-shardedval-v1-1778198761/checkpoints/step_810_epoch_1_val-der_0.1082.nemo,2,0.503,0,0.503
arda-argmax/sortformer-finetuned/6spk-v0.4-librispeech-bs1-acc8-l4-diskcache-shardedval-v1-1778198761/checkpoints/step_90_epoch_0_val-der_0.1700.nemo,2,0.504,0,0.504
arda-argmax/sortformer-finetuned/6spk-v0.6-fastmss-prepared-shar-bs1-acc8-l4-worldfix-v1-1780479980/best.nemo,2,0.502,0,0.502
arda-argmax/sortformer-finetuned/6spk-v0.6-fastmss-prepared-shar-bs1-acc8-l4-worldfix-v1-1780479980/checkpoints/step_180_epoch_0_val-der_0.2104.nemo,2,0.503,0,0.503
arda-argmax/sortformer-finetuned/6spk-v0.6-fastmss-prepared-shar-bs1-acc8-l4-worldfix-v1-1780479980/checkpoints/step_270_epoch_0_val-der_0.2067.nemo,2,0.507,0,0.507
arda-argmax/sortformer-finetuned/6spk-v0.6-fastmss-prepared-shar-bs1-acc8-l4-worldfix-v1-1780479980/checkpoints/step_360_epoch_0_val-der_0.1966.nemo,2,0.503,0,0.503
arda-argmax/sortformer-finetuned/6spk-v0.6-fastmss-prepared-shar-bs1-acc8-l4-worldfix-v1-1780479980/checkpoints/step_450_epoch_0_val-der_0.1530.nemo,2,0.503,0,0.503
arda-argmax/sortformer-finetuned/6spk-v0.6-fastmss-prepared-shar-bs1-acc8-l4-worldfix-v1-1780479980/checkpoints/step_540_epoch_0_val-der_0.1469.nemo,2,0.504,0,0.504
arda-argmax/sortformer-finetuned/6spk-v0.6-fastmss-prepared-shar-bs1-acc8-l4-worldfix-v1-1780479980/checkpoints/step_630_epoch_0_val-der_0.1446.nemo,2,0.503,0,0.503
arda-argmax/sortformer-finetuned/6spk-v0.6-fastmss-prepared-shar-bs1-acc8-l4-worldfix-v1-1780479980/checkpoints/step_900_epoch_0_val-der_0.1436.nemo,2,0.502,0,0.502
arda-argmax/sortformer-finetuned/6spk-v0.6-fastmss-prepared-shar-bs1-acc8-l4-worldfix-v1-1780479980/checkpoints/step_90_epoch_0_val-der_0.2187.nemo,2,0.507,0,0.507
arda-argmax/sortformer-finetuned/6spk-v0.6-fastmss-prepared-shar-bs1-acc8-l4-worldfix-v1-1780479980/checkpoints/step_990_epoch_1_val-der_0.1416.nemo,2,0.504,0,0.504
arda-argmax/sortformer-finetuned/6spk-v0.6-fastmss-prepared-shar-bs1-ga8-l4-8gpu-fullset-smoketest-v5-1780559280/best.nemo,2,0.502,0,0.502
arda-argmax/sortformer-finetuned/6spk-v0.6-fastmss-prepared-shar-bs1-ga8-l4-8gpu-fullset-smoketest-v5-1780559280/checkpoints/step_62_epoch_0_val-der_0.2269.nemo,2,0.507,0,0.507
arda-argmax/sortformer-finetuned/6spk-v0.6-fastmss-prepared-shar-bs10-a100-80gb-2gpu-debug-debug-v1-1780602245/best.nemo,2,0.503,0,0.503
arda-argmax/sortformer-finetuned/6spk-v0.6-fastmss-prepared-shar-bs10-a100-80gb-2gpu-debug-debug-v1-1780602245/checkpoints/step_100_epoch_0_val-der_0.2319.nemo,2,0.503,0,0.503
arda-argmax/sortformer-finetuned/6spk-v0.6-fastmss-prepared-shar-bs10-a100-80gb-2gpu-debug-debug-v1-1780602245/checkpoints/step_150_epoch_0_val-der_0.2183.nemo,2,0.505,0,0.505
arda-argmax/sortformer-finetuned/6spk-v0.6-fastmss-prepared-shar-bs10-a100-80gb-2gpu-debug-debug-v1-1780602245/checkpoints/step_250_epoch_1_val-der_0.2163.nemo,2,0.503,0,0.503
arda-argmax/sortformer-finetuned/6spk-v0.6-fastmss-prepared-shar-bs10-a100-80gb-2gpu-debug-debug-v1-1780602245/checkpoints/step_350_epoch_1_val-der_0.2109.nemo,2,0.502,0,0.502
arda-argmax/sortformer-finetuned/6spk-v0.6-fastmss-prepared-shar-bs10-a100-80gb-2gpu-debug-debug-v1-1780602245/checkpoints/step_400_epoch_1_val-der_0.2094.nemo,2,0.606,0,0.606
arda-argmax/sortformer-finetuned/6spk-v0.6-fastmss-prepared-shar-bs10-a100-80gb-2gpu-debug-debug-v1-1780602245/checkpoints/step_50_epoch_0_val-der_0.3624.nemo,2,0.504,0,0.504
arda-argmax/sortformer-finetuned/6spk-v0.6-fastmss-prepared-shar-bs10-a100-80gb-4gpu-debug-debug-v1-1780602382/best.nemo,2,0.504,0,0.504
arda-argmax/sortformer-finetuned/6spk-v0.6-fastmss-prepared-shar-bs10-a100-80gb-4gpu-debug-debug-v1-1780602382/checkpoints/step_100_epoch_0_val-der_0.2269.nemo,2,0.509,0,0.509
arda-argmax/sortformer-finetuned/6spk-v0.6-fastmss-prepared-shar-bs10-a100-80gb-4gpu-debug-debug-v1-1780602382/checkpoints/step_150_epoch_1_val-der_0.2196.nemo,2,0.503,0,0.503
arda-argmax/sortformer-finetuned/6spk-v0.6-fastmss-prepared-shar-bs10-a100-80gb-4gpu-debug-debug-v1-1780602382/checkpoints/step_200_epoch_1_val-der_0.2164.nemo,2,0.503,0,0.503
arda-argmax/sortformer-finetuned/6spk-v0.6-fastmss-prepared-shar-bs10-a100-80gb-4gpu-debug-debug-v1-1780602382/checkpoints/step_300_epoch_2_val-der_0.2103.nemo,2,0.507,0,0.507
arda-argmax/sortformer-finetuned/6spk-v0.6-fastmss-prepared-shar-bs10-a100-80gb-4gpu-debug-debug-v1-1780602382/checkpoints/step_50_epoch_0_val-der_0.3548.nemo,2,0.504,0,0.504
arda-argmax/sortformer-finetuned/6spk-v0.6-fastmss-prepared-shar-bs10-a100-80gb-4gpu-fullset-v11-1780998497/best.nemo,2,0.505,0,0.505
arda-argmax/sortformer-finetuned/6spk-v0.6-fastmss-prepared-shar-bs10-a100-80gb-4gpu-fullset-v11-1780998497/checkpoints/step_11235_epoch_0_val-der_0.0716.nemo,2,0.507,0,0.507
arda-argmax/sortformer-finetuned/6spk-v0.6-fastmss-prepared-shar-bs10-a100-80gb-4gpu-fullset-v11-1780998497/checkpoints/step_14980_epoch_0_val-der_0.0702.nemo,2,0.505,0,0.505
arda-argmax/sortformer-finetuned/6spk-v0.6-fastmss-prepared-shar-bs10-a100-80gb-4gpu-fullset-v11-1780998497/checkpoints/step_3745_epoch_0_val-der_0.0756.nemo,2,0.504,0,0.504
arda-argmax/sortformer-finetuned/6spk-v0.6-fastmss-prepared-shar-bs10-a100-80gb-4gpu-fullset-v11-1780998497/checkpoints/step_7490_epoch_0_val-der_0.0723.nemo,2,0.508,0,0.508
arda-argmax/sortformer-finetuned/6spk-v0.6-fastmss-prepared-shar-bs10-a100-80gb-8gpu-debug-debug-v1-1780604170/best.nemo,2,0.506,0,0.506
arda-argmax/sortformer-finetuned/6spk-v0.6-fastmss-prepared-shar-bs10-a100-80gb-8gpu-debug-debug-v1-1780604170/checkpoints/step_100_epoch_1_val-der_0.2204.nemo,2,0.504,0,0.504
arda-argmax/sortformer-finetuned/6spk-v0.6-fastmss-prepared-shar-bs10-a100-80gb-8gpu-debug-debug-v1-1780604170/checkpoints/step_150_epoch_2_val-der_0.2128.nemo,2,0.508,0,0.508
arda-argmax/sortformer-finetuned/6spk-v0.6-fastmss-prepared-shar-bs10-a100-80gb-8gpu-debug-debug-v1-1780604170/checkpoints/step_50_epoch_0_val-der_0.3458.nemo,2,0.504,0,0.504
arda-argmax/sortformer-finetuned/6spk-v0.6-fastmss-prepared-shar-bs10-a100-80gb-8gpu-fullset-v10-1780606582/best.nemo,2,0.503,0,0.503
arda-argmax/sortformer-finetuned/6spk-v0.6-fastmss-prepared-shar-bs10-a100-80gb-8gpu-fullset-v10-1780606582/checkpoints/step_11232_epoch_0_val-der_0.0901.nemo,2,0.508,0,0.508
arda-argmax/sortformer-finetuned/6spk-v0.6-fastmss-prepared-shar-bs10-a100-80gb-8gpu-fullset-v10-1780606582/checkpoints/step_13104_epoch_0_val-der_0.0887.nemo,2,0.505,0,0.505
arda-argmax/sortformer-finetuned/6spk-v0.6-fastmss-prepared-shar-bs10-a100-80gb-8gpu-fullset-v10-1780606582/checkpoints/step_14976_epoch_0_val-der_0.0879.nemo,2,0.503,0,0.503
arda-argmax/sortformer-finetuned/6spk-v0.6-fastmss-prepared-shar-bs10-a100-80gb-8gpu-fullset-v10-1780606582/checkpoints/step_16848_epoch_0_val-der_0.0865.nemo,2,0.508,0,0.508
arda-argmax/sortformer-finetuned/6spk-v0.6-fastmss-prepared-shar-bs10-a100-80gb-8gpu-fullset-v10-1780606582/checkpoints/step_18720_epoch_0_val-der_0.0854.nemo,2,0.504,0,0.504
arda-argmax/sortformer-finetuned/6spk-v0.6-fastmss-prepared-shar-bs10-a100-80gb-8gpu-fullset-v10-1780606582/checkpoints/step_1872_epoch_0_val-der_0.1109.nemo,2,0.504,0,0.504
arda-argmax/sortformer-finetuned/6spk-v0.6-fastmss-prepared-shar-bs10-a100-80gb-8gpu-fullset-v10-1780606582/checkpoints/step_20592_epoch_0_val-der_0.0846.nemo,2,0.507,0,0.507
arda-argmax/sortformer-finetuned/6spk-v0.6-fastmss-prepared-shar-bs10-a100-80gb-8gpu-fullset-v10-1780606582/checkpoints/step_22464_epoch_0_val-der_0.0840.nemo,2,0.601,0,0.601
arda-argmax/sortformer-finetuned/6spk-v0.6-fastmss-prepared-shar-bs10-a100-80gb-8gpu-fullset-v10-1780606582/checkpoints/step_24336_epoch_0_val-der_0.0838.nemo,2,0.503,0,0.503
arda-argmax/sortformer-finetuned/6spk-v0.6-fastmss-prepared-shar-bs10-a100-80gb-8gpu-fullset-v10-1780606582/checkpoints/step_26208_epoch_0_val-der_0.0828.nemo,2,0.507,0,0.507
arda-argmax/sortformer-finetuned/6spk-v0.6-fastmss-prepared-shar-bs10-a100-80gb-8gpu-fullset-v10-1780606582/checkpoints/step_28080_epoch_0_val-der_0.0815.nemo,2,0.502,0,0.502
arda-argmax/sortformer-finetuned/6spk-v0.6-fastmss-prepared-shar-bs10-a100-80gb-8gpu-fullset-v10-1780606582/checkpoints/step_31824_epoch_0_val-der_0.0807.nemo,2,0.501,0,0.501
arda-argmax/sortformer-finetuned/6spk-v0.6-fastmss-prepared-shar-bs10-a100-80gb-8gpu-fullset-v10-1780606582/checkpoints/step_35568_epoch_0_val-der_0.0804.nemo,2,0.506,0,0.506
arda-argmax/sortformer-finetuned/6spk-v0.6-fastmss-prepared-shar-bs10-a100-80gb-8gpu-fullset-v10-1780606582/checkpoints/step_37440_epoch_0_val-der_0.0797.nemo,2,0.502,0,0.502
arda-argmax/sortformer-finetuned/6spk-v0.6-fastmss-prepared-shar-bs10-a100-80gb-8gpu-fullset-v10-1780606582/checkpoints/step_3744_epoch_0_val-der_0.1021.nemo,2,0.502,0,0.502
arda-argmax/sortformer-finetuned/6spk-v0.6-fastmss-prepared-shar-bs10-a100-80gb-8gpu-fullset-v10-1780606582/checkpoints/step_5616_epoch_0_val-der_0.0964.nemo,2,0.508,0,0.508
arda-argmax/sortformer-finetuned/6spk-v0.6-fastmss-prepared-shar-bs10-a100-80gb-8gpu-fullset-v10-1780606582/checkpoints/step_7488_epoch_0_val-der_0.0941.nemo,2,0.503,0,0.503
arda-argmax/sortformer-finetuned/6spk-v0.6-fastmss-prepared-shar-bs10-a100-80gb-8gpu-fullset-v10-1780606582/checkpoints/step_9360_epoch_0_val-der_0.0917.nemo,2,0.503,0,0.503
arda-argmax/sortformer-finetuned/6spk-vox-ami-aishell-ali-bs10-ga2-a100-80gb-4gpu-5ep-v2-1782411519/best.nemo,2,0.507,0,0.507
arda-argmax/sortformer-finetuned/6spk-vox-ami-aishell-ali-bs10-ga2-a100-80gb-4gpu-5ep-v2-1782411519/checkpoints/step_104_epoch_0_val-der_0.1575.nemo,2,0.503,0,0.503
arda-argmax/sortformer-finetuned/6spk-vox-ami-aishell-ali-bs10-ga2-a100-80gb-4gpu-5ep-v2-1782411519/checkpoints/step_131_epoch_1_val-der_0.1559.nemo,2,0.501,0,0.501
arda-argmax/sortformer-finetuned/6spk-vox-ami-aishell-ali-bs10-ga2-a100-80gb-4gpu-5ep-v2-1782411519/checkpoints/step_183_epoch_1_val-der_0.1529.nemo,2,0.503,0,0.503
arda-argmax/sortformer-finetuned/6spk-vox-ami-aishell-ali-bs10-ga2-a100-80gb-4gpu-5ep-v2-1782411519/checkpoints/step_236_epoch_2_val-der_0.1527.nemo,2,0.503,0,0.503
arda-argmax/sortformer-finetuned/6spk-vox-ami-aishell-ali-bs10-ga2-a100-80gb-4gpu-5ep-v2-1782411519/checkpoints/step_26_epoch_0_val-der_0.1865.nemo,2,0.504,0,0.504
arda-argmax/sortformer-finetuned/6spk-vox-ami-aishell-ali-bs10-ga2-a100-80gb-4gpu-5ep-v2-1782411519/checkpoints/step_288_epoch_2_val-der_0.1515.nemo,2,0.501,0,0.501
arda-argmax/sortformer-finetuned/6spk-vox-ami-aishell-ali-bs10-ga2-a100-80gb-4gpu-5ep-v2-1782411519/checkpoints/step_341_epoch_3_val-der_0.1510.nemo,2,0.502,0,0.502
arda-argmax/sortformer-finetuned/6spk-vox-ami-aishell-ali-bs10-ga2-a100-80gb-4gpu-5ep-v2-1782411519/checkpoints/step_419_epoch_3_val-der_0.1496.nemo,2,0.507,0,0.507
arda-argmax/sortformer-finetuned/6spk-vox-ami-aishell-ali-bs10-ga2-a100-80gb-4gpu-5ep-v2-1782411519/checkpoints/step_472_epoch_4_val-der_0.1480.nemo,2,0.503,0,0.503
arda-argmax/sortformer-finetuned/6spk-vox-ami-aishell-ali-bs10-ga2-a100-80gb-4gpu-5ep-v2-1782411519/checkpoints/step_52_epoch_0_val-der_0.1649.nemo,2,0.501,0,0.501
arda-argmax/sortformer-finetuned/6spk-vox-ami-aishell-ali-bs10-ga2-a100-80gb-4gpu-5ep-v2-1782411519/checkpoints/step_78_epoch_0_val-der_0.1603.nemo,2,0.507,0,0.507
arda-argmax/sortformer-finetuned/8spk-v0.2-bs1-acc8-l4-cachedtrain-shardedval_v3-1777960366/best.nemo,2,0.503,0,0.503
arda-argmax/sortformer-finetuned/8spk-v0.2-bs1-acc8-l4-cachedtrain-shardedval_v6-1777969623/best.nemo,2,0.503,0,0.503
arda-argmax/sortformer-finetuned/8spk-v0.2-bs1-acc8-l4-cachedval-1777594506/best.nemo,2,0.507,0,0.507
arda-argmax/sortformer-finetuned/8spk-v0.2-bs1-acc8-l4-diskcache-shardedval-v1-1778007921/best.nemo,2,0.604,0,0.604
arda-argmax/sortformer-finetuned/smoke-1777401758/best.nemo,2,0.502,0,0.502
arda-argmax/sortformer-finetuned/sortformer-train-1777492805/best.nemo,2,0.511,0,0.511
arda-argmax/sortformer-finetuned/sortformer-train-1777563938/best.nemo,2,0.503,0,0.503
arda-argmax/sortformer-finetuned/sortformer-train-1777567093/best.nemo,2,0.503,0,0.503
arda-argmax/sortformer-finetuned/sortformer-train-1777578793/best.nemo,2,0.507,0,0.507
arda-argmax/sortformer-finetuned/sortformer-train-1777589381/best.nemo,2,0.504,0,0.504
arda-argmax/sortformer-finetuned/vertex-streaming-smoke-train-1777405971/best.nemo,2,0.503,0,0.503
arda-argmax/sortformer-finetuned/vertex-streaming-smoke-train-1777413928/best.nemo,2,0.51,0,0.51
timm/MobileCLIP2-S0-OpenCLIP/open_clip_pytorch_model.bin,2,0.025,0,0.025
optimum-intel-internal-testing/tiny-random-Data2VecTextModel/pytorch_model.bin,2,0.007,0,0.007
timm/convnext_large.dinov3_lvd1689m/pytorch_model.bin,2,0.011,0,0.011
timm/MobileCLIP2-S2-OpenCLIP/open_clip_pytorch_model.bin,2,0.037,0,0.037
OpenMed/OpenMed-ZeroShot-NER-Pathology-Tiny-60M/pytorch_model.bin,2,0.01,0,0.01
nvidia/C-RADIOv4-SO400M/c-radio_v4-so400m_half.pth.tar,2,0.013,1.815,1.828
zondaxyz/babyconceptLM-baike102M_bpe40/pytorch_model.bin,2,0.008,0,0.008
pytorch/gemma-3-12b-it-FP8/pytorch_model-00001-of-00003.bin,2,0.028,4.332,4.36
LuckyOda/comfyui-full-pack/person_yolov8m-seg.pt,2,0.053,8.665,8.718
blackbeedrones/sae-2026-hang-all-yolo26n-seg-v2-960/weights/epoch187.pt,2,0.084,6.376,6.46
knalin55/CUNI_FT-CROSS-LoRA/training_args.bin,2,0.006,2.771,2.777
thatbrguy/g3t/model.pt,2,0.033,0,0.033
michka/Melenchon-Nemo-12B/checkpoint-240/optimizer.pt,2,0.045,0,0.045
Stable-X/vggt-object-v0-1/model.pt,2,0.136,0,0.136
sakamakismile/Qwen3.6-27B-LNARIZE-NVFP4/kvtc_calibration.pt,2,0.03,3.912,3.942
timm/vit_huge_patch14_clip_378.metaclip2_worldwide/open_clip_pytorch_model.bin,2,0.019,0,0.019
timm/vit_huge_patch14_clip_378.metaclip2_worldwide/pytorch_model.bin,2,0.014,0,0.014
Chess473737/nepal-model/A100Pretrain/checkpoint-10000/training_args.bin,2,0.004,3.531,3.535
Chess473737/nepal-model/A100Pretrain/checkpoint-15000/training_args.bin,2,0.003,3.78,3.783
Chess473737/nepal-model/A100Pretrain/checkpoint-20000/training_args.bin,2,0.003,3.47,3.473
Chess473737/nepal-model/A100Pretrain/checkpoint-5000/optimizer.pt,2,0.012,0,0.012
Chess473737/nepal-model/A100Pretrain/checkpoint-5000/scheduler.pt,2,0.003,0,0.003
Chess473737/nepal-model/A100Pretrain/checkpoint-5000/training_args.bin,2,0.004,5.086,5.09
Chess473737/nepal-model/Kaggle1B/ckpt-12000/scheduler.pt,2,0.004,0,0.004
openbmb/BitCPM-CANN-3B/pytorch_model.bin,2,0.011,0,0.011
typhoon-ai/typhoon-asr-realtime/typhoon-asr-realtime.nemo,2,0.488,0,0.488
cisco-ai/SecureBERT2.0-cross_encoder/optimizer.pt,2,0.014,0,0.014
AIDElab-IITBombay/RadJEPA/jepa_encoder.pth.tar,2,0.03,0,0.03
Runware/adetailer/deepfashion2_yolov8s-seg.pt,2,0.045,2.15,2.195
Runware/adetailer/person_yolov8m-seg.pt,2,0.054,2.54,2.594
Runware/adetailer/person_yolov8n-seg.pt,2,0.045,4.255,4.3
Runware/adetailer/person_yolov8s-seg.pt,2,0.045,2.382,2.427
stabilityai/stable-audio-3-small-sfx-base/svd_bases.pt,2,0.018,0,0.018
openbmb/BitCPM-CANN-8B/pytorch_model.bin,2,0.011,0,0.011
GaryFer/smart-parking-weights/fasterrcnnv2/best_seed1000.pt,2,0.014,0,0.014
GaryFer/smart-parking-weights/fasterrcnnv2/best_seed123.pt,2,0.014,0,0.014
GaryFer/smart-parking-weights/fasterrcnnv2/best_seed1234.pt,2,0.013,0,0.013
GaryFer/smart-parking-weights/fasterrcnnv2/best_seed2025.pt,2,0.012,0,0.012
GaryFer/smart-parking-weights/fasterrcnnv2/best_seed3141.pt,2,0.012,0,0.012
GaryFer/smart-parking-weights/fasterrcnnv2/best_seed42.pt,2,0.012,0,0.012
GaryFer/smart-parking-weights/fasterrcnnv2/best_seed456.pt,2,0.012,0,0.012
GaryFer/smart-parking-weights/rtdetr/run_1000/weights/best.pt,2,0.086,6.607,6.693
GaryFer/smart-parking-weights/rtdetr/run_1000/weights/last.pt,2,0.181,5.363,5.544
GaryFer/smart-parking-weights/rtdetr/run_123/weights/best.pt,2,0.088,7.089,7.177
GaryFer/smart-parking-weights/rtdetr/run_1234/weights/best.pt,2,0.089,10.724,10.813
GaryFer/smart-parking-weights/rtdetr/run_1234/weights/last.pt,2,0.087,4.278,4.365
GaryFer/smart-parking-weights/rtdetr/run_2024/weights/last.pt,2,0.088,5.306,5.394
GaryFer/smart-parking-weights/rtdetr/run_3141/weights/best.pt,2,0.088,4.474,4.562
GaryFer/smart-parking-weights/rtdetr/run_456/weights/best.pt,2,0.188,1.718,1.906
GaryFer/smart-parking-weights/rtdetr/run_789/weights/best.pt,2,0.088,6.734,6.822
GaryFer/smart-parking-weights/yolov11s/run_1000/weights/last.pt,2,0.047,5.752,5.799
GaryFer/smart-parking-weights/yolov11s/run_123/weights/best.pt,2,0.047,2.589,2.636
GaryFer/smart-parking-weights/yolov11s/run_123/weights/last.pt,2,0.046,2.582,2.628
GaryFer/smart-parking-weights/yolov11s/run_1234/weights/best.pt,2,0.046,2.896,2.942
GaryFer/smart-parking-weights/yolov11s/run_2025/weights/best.pt,2,0.046,3.276,3.322
GaryFer/smart-parking-weights/yolov11s/run_2025/weights/last.pt,2,0.046,5.761,5.807
GaryFer/smart-parking-weights/yolov11s/run_3141/weights/best.pt,2,0.142,6.277,6.419
GaryFer/smart-parking-weights/yolov11s/run_42/weights/best.pt,2,0.046,6.695,6.741
GaryFer/smart-parking-weights/yolov11s/run_456/weights/best.pt,2,0.047,4.713,4.76
GaryFer/smart-parking-weights/yolov11s/run_456/weights/last.pt,2,0.047,6.881,6.928
GaryFer/smart-parking-weights/yolov11s/run_789/weights/best.pt,2,0.046,5.56,5.606
GaryFer/smart-parking-weights/yolov11s/run_789/weights/last.pt,2,0.053,4.269,4.322
GaryFer/smart-parking-weights/yolov11s/run_9999/weights/best.pt,2,0.046,12.265,12.311
GaryFer/smart-parking-weights/yolov11s/run_9999/weights/last.pt,2,0.047,5.461,5.508
GaryFer/smart-parking-weights/yolov12s/run_1000/weights/best.pt,2,0.063,5.226,5.289
GaryFer/smart-parking-weights/yolov12s/run_1000/weights/last.pt,2,0.156,2.646,2.802
GaryFer/smart-parking-weights/yolov12s/run_123/weights/best.pt,2,0.063,8.331,8.394
GaryFer/smart-parking-weights/yolov12s/run_1234/weights/last.pt,2,0.062,4.623,4.685
GaryFer/smart-parking-weights/yolov12s/run_2024/weights/last.pt,2,0.063,4.191,4.254
GaryFer/smart-parking-weights/yolov12s/run_2025/weights/best.pt,2,0.062,2.36,2.422
GaryFer/smart-parking-weights/yolov12s/run_3141/weights/best.pt,2,0.063,7.378,7.441
GaryFer/smart-parking-weights/yolov12s/run_3141/weights/last.pt,2,0.062,5.207,5.269
GaryFer/smart-parking-weights/yolov12s/run_42/weights/best.pt,2,0.063,3.517,3.58
GaryFer/smart-parking-weights/yolov12s/run_456/weights/best.pt,2,0.162,4.666,4.828
GaryFer/smart-parking-weights/yolov12s/run_456/weights/last.pt,2,0.062,4.102,4.164
GaryFer/smart-parking-weights/yolov12s/run_789/weights/last.pt,2,0.063,3.993,4.056
GaryFer/smart-parking-weights/yolov12s/run_9999/weights/best.pt,2,0.064,4.522,4.586
GaryFer/smart-parking-weights/yolov12s/run_9999/weights/last.pt,2,0.062,7.485,7.547
GaryFer/smart-parking-weights/yolov8s/run_1000/weights/best.pt,2,0.036,4.9,4.936
GaryFer/smart-parking-weights/yolov8s/run_123/weights/best.pt,2,0.036,4.914,4.95
GaryFer/smart-parking-weights/yolov8s/run_1234/weights/best.pt,2,0.035,4.243,4.278
GaryFer/smart-parking-weights/yolov8s/run_2024/weights/best.pt,2,0.035,4.971,5.006
GaryFer/smart-parking-weights/yolov8s/run_2025/weights/best.pt,2,0.035,5.244,5.279
GaryFer/smart-parking-weights/yolov8s/run_3141/weights/best.pt,2,0.132,3.943,4.075
GaryFer/smart-parking-weights/yolov8s/run_3141/weights/last.pt,2,0.036,4.227,4.263
GaryFer/smart-parking-weights/yolov8s/run_789/weights/best.pt,2,0.035,4.955,4.99
GaryFer/smart-parking-weights/yolov8s/run_9999/weights/best.pt,2,0.035,5.152,5.187
GaryFer/smart-parking-weights/yolov8s/run_9999/weights/last.pt,2,0.035,11.161,11.196
baichuan-inc/Baichuan-M2-32B/draft/pytorch_model.bin,2,0.007,0,0.007
gabrielpirlo/Sped_ParakeetRomanian_110M_TDT-CTC/SpeD-ParakeetRo_110M_TDT-CTC.nemo,2,0.486,0,0.486
Soul-AILab/SoulX-Singer-Preprocess/parakeet-tdt-0.6b-v2/parakeet-tdt-0.6b-v2.nemo,2,2.515,0,2.515
openbmb/BitCPM-CANN-8B-unquantized/pytorch_model.bin,2,0.013,0,0.013
ecmwf/aifs-ens-2.0/aifs-ens-crps-2.0.ckpt,2,0.085,12.64,12.725
facebook/lagernvs_general_512/model.pt,2,0.037,0,0.037
Malgesw/ppo-Huggy/Huggy/Huggy-1599365.pt,2,0.009,0,0.009
yuriyvnv/parakeet-tdt-0.6b-EN-Medical/parakeet-tdt-cv17_multimed_en-seed42.nemo,2,2.559,0,2.559
yuriyvnv/parakeet-tdt-0.6b-EN-Medical/parakeet-tdt-multimed_en-seed42.nemo,2,2.558,0,2.558
shaikhsalman/ZabaanAI-Urdu-3B/last-checkpoint/optimizer.pt,2,0.045,0,0.045
fpadovani/rus-cyrl-100mb-100mb_seed3407/checkpoint-105000/rng_state.pth,2,0.005,2.013,2.018
fpadovani/rus-cyrl-100mb-100mb_seed3407/checkpoint-39000/rng_state.pth,2,0.004,1.729,1.733
fpadovani/rus-cyrl-100mb-100mb_seed3407/checkpoint-42000/rng_state.pth,2,0.004,1.832,1.836
nvidia/magpie_tts_multilingual_357m/magpie_tts_multilingual_357m.nemo,2,1.519,0,1.519
asdasdasd1234567890/asd/ultralytics/segm/CockAndBallYolo8x.pt,2,0.066,4.158,4.224
asdasdasd1234567890/asd/ultralytics/segm/PitEyeDetailer-v2-seg.pt,2,0.044,5.958,6.002
asdasdasd1234567890/asd/ultralytics/segm/face_yolov8m-seg_60.pt,2,0.141,4.89,5.031
asdasdasd1234567890/asd/ultralytics/segm/person_yolov8m-seg.pt,2,0.054,4.769,4.823
asdasdasd1234567890/asd/ultralytics/segm/person_yolov8n-seg.pt,2,0.045,8.662,8.707
asdasdasd1234567890/asd/ultralytics/segm/person_yolov8s-seg.pt,2,0.047,5.709,5.756
asdasdasd1234567890/asd/ultralytics/segm/skin_yolov8m-seg_400.pt,2,0.05,12.83,12.88
asdasdasd1234567890/asd/ultralytics/segm/yolo-human-parse-epoch-125.pt,2,0.072,3.146,3.218
asdasdasd1234567890/asd/ultralytics/segm/yolo11n-seg.pt,2,0.061,5.056,5.117
attack-vector/SecureModernBERT-NER/checkpoint-10605/optimizer.pt,2,0.018,0,0.018
timm/vit_small_plus_patch16_dinov3_qkvb.lvd1689m/pytorch_model.bin,2,0.01,0,0.01
vivekvar/helmet-v5/yolo11l-pose.pt,2,0.104,4.411,4.515
binant/wendyrv/model.pth,2,0.017,0,0.017
jwest33/qwen3-vl-8b-instruct-null-space-abliterated/null_space_projectors.pt,2,0.007,0,0.007
jwest33/qwen3-vl-8b-instruct-null-space-abliterated/refusal_directions.pt,2,0.004,0,0.004
inference-optimization/Laguna-XS.2-speculator.dflash-Qwen235B-500k-ckpt5/scheduler_state_dict.pt,2,0.004,0,0.004
smegmarip/ComfyUI/segm/person_yolov8s-seg.pt,2,0.138,4.392,4.53
smegmarip/ComfyUI/ultralytics/segm/AnzhcHead-seg.pt,2,0.046,7.981,8.027
smegmarip/ComfyUI/ultralytics/segm/person_yolov8m-seg.pt,2,0.056,6.899,6.955
fpadovani/swa-latn-100mb-after-ppt-shuff-dyck-100mb-ckpt500_seed3407/checkpoint-164000/rng_state.pth,2,0.006,1.634,1.64
fpadovani/swa-latn-100mb-after-ppt-shuff-dyck-100mb-ckpt500_seed3407/checkpoint-212000/rng_state.pth,2,0.004,1.734,1.738
fpadovani/swa-latn-100mb-after-ppt-shuff-dyck-100mb-ckpt500_seed3407/checkpoint-220000/rng_state.pth,2,0.004,1.632,1.636
fpadovani/swa-latn-100mb-after-ppt-shuff-dyck-100mb-ckpt500_seed3407/checkpoint-224000/rng_state.pth,2,0.004,1.833,1.837
fpadovani/swa-latn-100mb-after-ppt-shuff-dyck-100mb-ckpt500_seed3407/checkpoint-232000/rng_state.pth,2,0.004,1.843,1.847
fpadovani/swa-latn-100mb-after-ppt-shuff-dyck-100mb-ckpt500_seed3407/checkpoint-272000/rng_state.pth,2,0.003,1.604,1.607
fpadovani/swa-latn-100mb-after-ppt-shuff-dyck-100mb-ckpt500_seed3407/checkpoint-280000/rng_state.pth,2,0.004,1.756,1.76
fpadovani/swa-latn-100mb-after-ppt-shuff-dyck-100mb-ckpt500_seed3407/checkpoint-40000/rng_state.pth,2,0.004,1.778,1.782
fpadovani/swa-latn-100mb-after-ppt-shuff-dyck-100mb-ckpt500_seed3407/checkpoint-44000/rng_state.pth,2,0.004,3.328,3.332
fpadovani/swa-latn-100mb-after-ppt-shuff-dyck-100mb-ckpt500_seed3407/checkpoint-80000/rng_state.pth,2,0.004,1.427,1.431
fpadovani/ind-latn-100mb-after-ppt-Dp-100mb-ckpt500_seed3407/checkpoint-102000/training_args.bin,2,0.004,2.349,2.353
fpadovani/ind-latn-100mb-after-ppt-Dp-100mb-ckpt500_seed3407/checkpoint-105000/training_args.bin,2,0.004,3.181,3.185
fpadovani/ind-latn-100mb-after-ppt-Dp-100mb-ckpt500_seed3407/checkpoint-108000/training_args.bin,2,0.004,3.052,3.056
fpadovani/ind-latn-100mb-after-ppt-Dp-100mb-ckpt500_seed3407/checkpoint-111000/training_args.bin,2,0.004,3.272,3.276
fpadovani/ind-latn-100mb-after-ppt-Dp-100mb-ckpt500_seed3407/checkpoint-114000/training_args.bin,2,0.005,3.063,3.068
fpadovani/ind-latn-100mb-after-ppt-Dp-100mb-ckpt500_seed3407/checkpoint-117000/training_args.bin,2,0.004,2.861,2.865
fpadovani/ind-latn-100mb-after-ppt-Dp-100mb-ckpt500_seed3407/checkpoint-12000/training_args.bin,2,0.004,6.275,6.279
fpadovani/ind-latn-100mb-after-ppt-Dp-100mb-ckpt500_seed3407/checkpoint-120000/training_args.bin,2,0.004,2.929,2.933
fpadovani/ind-latn-100mb-after-ppt-Dp-100mb-ckpt500_seed3407/checkpoint-123000/training_args.bin,2,0.003,3.679,3.682
fpadovani/ind-latn-100mb-after-ppt-Dp-100mb-ckpt500_seed3407/checkpoint-126000/training_args.bin,2,0.004,2.957,2.961
fpadovani/ind-latn-100mb-after-ppt-Dp-100mb-ckpt500_seed3407/checkpoint-128520/rng_state.pth,2,0.004,2.081,2.085
fpadovani/ind-latn-100mb-after-ppt-Dp-100mb-ckpt500_seed3407/checkpoint-128520/training_args.bin,2,0.004,2.62,2.624
fpadovani/ind-latn-100mb-after-ppt-Dp-100mb-ckpt500_seed3407/checkpoint-15000/training_args.bin,2,0.004,3.064,3.068
fpadovani/ind-latn-100mb-after-ppt-Dp-100mb-ckpt500_seed3407/checkpoint-18000/training_args.bin,2,0.004,2.759,2.763
fpadovani/ind-latn-100mb-after-ppt-Dp-100mb-ckpt500_seed3407/checkpoint-21000/rng_state.pth,2,0.004,1.63,1.634
fpadovani/ind-latn-100mb-after-ppt-Dp-100mb-ckpt500_seed3407/checkpoint-21000/training_args.bin,2,0.004,3.165,3.169
fpadovani/ind-latn-100mb-after-ppt-Dp-100mb-ckpt500_seed3407/checkpoint-24000/training_args.bin,2,0.005,2.76,2.765
fpadovani/ind-latn-100mb-after-ppt-Dp-100mb-ckpt500_seed3407/checkpoint-27000/training_args.bin,2,0.004,3.783,3.787
fpadovani/ind-latn-100mb-after-ppt-Dp-100mb-ckpt500_seed3407/checkpoint-3000/training_args.bin,2,0.004,2.948,2.952
fpadovani/ind-latn-100mb-after-ppt-Dp-100mb-ckpt500_seed3407/checkpoint-30000/training_args.bin,2,0.004,4.205,4.209
fpadovani/ind-latn-100mb-after-ppt-Dp-100mb-ckpt500_seed3407/checkpoint-33000/training_args.bin,2,0.004,2.756,2.76
fpadovani/ind-latn-100mb-after-ppt-Dp-100mb-ckpt500_seed3407/checkpoint-36000/rng_state.pth,2,0.004,1.443,1.447
fpadovani/ind-latn-100mb-after-ppt-Dp-100mb-ckpt500_seed3407/checkpoint-36000/training_args.bin,2,0.003,4.843,4.846
fpadovani/ind-latn-100mb-after-ppt-Dp-100mb-ckpt500_seed3407/checkpoint-39000/training_args.bin,2,0.004,2.196,2.2
fpadovani/ind-latn-100mb-after-ppt-Dp-100mb-ckpt500_seed3407/checkpoint-42000/training_args.bin,2,0.004,2.859,2.863
fpadovani/ind-latn-100mb-after-ppt-Dp-100mb-ckpt500_seed3407/checkpoint-45000/training_args.bin,2,0.003,2.988,2.991
fpadovani/ind-latn-100mb-after-ppt-Dp-100mb-ckpt500_seed3407/checkpoint-48000/training_args.bin,2,0.004,3.107,3.111
fpadovani/ind-latn-100mb-after-ppt-Dp-100mb-ckpt500_seed3407/checkpoint-51000/training_args.bin,2,0.004,2.69,2.694
fpadovani/ind-latn-100mb-after-ppt-Dp-100mb-ckpt500_seed3407/checkpoint-54000/training_args.bin,2,0.004,3.575,3.579
fpadovani/ind-latn-100mb-after-ppt-Dp-100mb-ckpt500_seed3407/checkpoint-57000/training_args.bin,2,0.003,3.734,3.737
fpadovani/ind-latn-100mb-after-ppt-Dp-100mb-ckpt500_seed3407/checkpoint-6000/training_args.bin,2,0.004,2.903,2.907
fpadovani/ind-latn-100mb-after-ppt-Dp-100mb-ckpt500_seed3407/checkpoint-60000/training_args.bin,2,0.003,2.959,2.962
fpadovani/ind-latn-100mb-after-ppt-Dp-100mb-ckpt500_seed3407/checkpoint-63000/training_args.bin,2,0.004,5.939,5.943
fpadovani/ind-latn-100mb-after-ppt-Dp-100mb-ckpt500_seed3407/checkpoint-66000/training_args.bin,2,0.004,2.762,2.766
fpadovani/ind-latn-100mb-after-ppt-Dp-100mb-ckpt500_seed3407/checkpoint-69000/rng_state.pth,2,0.004,1.795,1.799
fpadovani/ind-latn-100mb-after-ppt-Dp-100mb-ckpt500_seed3407/checkpoint-69000/training_args.bin,2,0.004,2.183,2.187
fpadovani/ind-latn-100mb-after-ppt-Dp-100mb-ckpt500_seed3407/checkpoint-72000/training_args.bin,2,0.004,3.064,3.068
fpadovani/ind-latn-100mb-after-ppt-Dp-100mb-ckpt500_seed3407/checkpoint-75000/training_args.bin,2,0.004,3.088,3.092
fpadovani/ind-latn-100mb-after-ppt-Dp-100mb-ckpt500_seed3407/checkpoint-78000/training_args.bin,2,0.004,3.452,3.456
fpadovani/ind-latn-100mb-after-ppt-Dp-100mb-ckpt500_seed3407/checkpoint-81000/rng_state.pth,2,0.004,1.938,1.942
fpadovani/ind-latn-100mb-after-ppt-Dp-100mb-ckpt500_seed3407/checkpoint-81000/training_args.bin,2,0.004,2.754,2.758
fpadovani/ind-latn-100mb-after-ppt-Dp-100mb-ckpt500_seed3407/checkpoint-84000/training_args.bin,2,0.003,3.17,3.173
fpadovani/ind-latn-100mb-after-ppt-Dp-100mb-ckpt500_seed3407/checkpoint-87000/training_args.bin,2,0.004,2.452,2.456
fpadovani/ind-latn-100mb-after-ppt-Dp-100mb-ckpt500_seed3407/checkpoint-9000/training_args.bin,2,0.004,3.374,3.378
fpadovani/ind-latn-100mb-after-ppt-Dp-100mb-ckpt500_seed3407/checkpoint-90000/rng_state.pth,2,0.004,3.042,3.046
fpadovani/ind-latn-100mb-after-ppt-Dp-100mb-ckpt500_seed3407/checkpoint-90000/training_args.bin,2,0.003,3.291,3.294
fpadovani/ind-latn-100mb-after-ppt-Dp-100mb-ckpt500_seed3407/checkpoint-93000/training_args.bin,2,0.004,2.929,2.933
fpadovani/ind-latn-100mb-after-ppt-Dp-100mb-ckpt500_seed3407/checkpoint-96000/training_args.bin,2,0.004,3.632,3.636
fpadovani/ind-latn-100mb-after-ppt-Dp-100mb-ckpt500_seed3407/checkpoint-99000/training_args.bin,2,0.004,3.554,3.558
fpadovani/ind-latn-100mb-after-ppt-Dp-100mb-ckpt500_seed3407/training_args.bin,2,0.004,2.569,2.573
nvidia/nemo-nano-codec-22khz-0.6kbps-12.5fps/nemo-nano-codec-22khz-0.6kbps-12.5fps.nemo,2,0.453,0,0.453
fpadovani/swe-latn-10mb-after-ppt-Dp-100mb-ckpt500_seed3407/checkpoint-9000/rng_state.pth,2,0.004,1.874,1.878
omi-health/omi-med-stt-v1/omimedstt-v1.nemo,2,2.546,0,2.546
fpadovani/swa-latn-100mb-after-ppt-Dp-100mb-ckpt500_seed3407/checkpoint-164000/rng_state.pth,2,0.005,1.822,1.827
fpadovani/swa-latn-100mb-after-ppt-Dp-100mb-ckpt500_seed3407/checkpoint-212000/rng_state.pth,2,0.005,1.728,1.733
fpadovani/swa-latn-100mb-after-ppt-Dp-100mb-ckpt500_seed3407/checkpoint-220000/rng_state.pth,2,0.004,3.071,3.075
fpadovani/swa-latn-100mb-after-ppt-Dp-100mb-ckpt500_seed3407/checkpoint-224000/rng_state.pth,2,0.005,2.228,2.233
fpadovani/swa-latn-100mb-after-ppt-Dp-100mb-ckpt500_seed3407/checkpoint-232000/rng_state.pth,2,0.003,1.956,1.959
fpadovani/swa-latn-100mb-after-ppt-Dp-100mb-ckpt500_seed3407/checkpoint-272000/rng_state.pth,2,0.005,1.529,1.534
fpadovani/swa-latn-100mb-after-ppt-Dp-100mb-ckpt500_seed3407/checkpoint-280000/rng_state.pth,2,0.003,1.982,1.985
fpadovani/swa-latn-100mb-after-ppt-Dp-100mb-ckpt500_seed3407/checkpoint-40000/rng_state.pth,2,0.004,1.889,1.893
fpadovani/swa-latn-100mb-after-ppt-Dp-100mb-ckpt500_seed3407/checkpoint-44000/rng_state.pth,2,0.004,1.63,1.634
fpadovani/swa-latn-100mb-after-ppt-Dp-100mb-ckpt500_seed3407/checkpoint-80000/rng_state.pth,2,0.004,2.04,2.044
nvidia/GR00T-N1.7-SimplerEnv-Bridge/global_step32000/mp_rank_00_model_states.pt,2,0.043,0,0.043
fpadovani/tur-latn-100mb-100mb_seed10/checkpoint-24000/rng_state.pth,2,0.005,1.557,1.562
fpadovani/tur-latn-100mb-100mb_seed10/checkpoint-75000/rng_state.pth,2,0.004,1.629,1.633
ecmwf/aifs-single-1.1/aifs-single-mse-1.1.ckpt,2,0.057,6.134,6.191
nvidia/fourcastnet3/training_checkpoints/best_ckpt_mp0.tar,2,0.008,0,0.008
nvidia/parakeet-unified-en-0.6b/parakeet-unified-en-0.6b.nemo,2,2.524,0,2.524
fpadovani/hin-deva-100mb-after-ppt-Dp-100mb-ckpt500_seed3407/checkpoint-3000/rng_state.pth,2,0.006,3.423,3.429
fpadovani/hin-deva-100mb-after-ppt-Dp-100mb-ckpt500_seed3407/checkpoint-69000/rng_state.pth,2,0.005,1.891,1.896
fpadovani/hin-deva-100mb-after-ppt-Dp-100mb-ckpt500_seed3407/checkpoint-87000/rng_state.pth,2,0.005,1.882,1.887
fpadovani/swe-latn-10mb-100mb_seed3407/checkpoint-9000/rng_state.pth,2,0.005,3.327,3.332
fpadovani/hin-deva-10mb-after-ppt-Dp-100mb-ckpt500_seed3407/checkpoint-104090/rng_state.pth,2,0.005,2.654,2.659
fpadovani/hin-deva-10mb-after-ppt-Dp-100mb-ckpt500_seed3407/checkpoint-15000/rng_state.pth,2,0.004,1.528,1.532
fpadovani/hin-deva-10mb-after-ppt-Dp-100mb-ckpt500_seed3407/checkpoint-54000/rng_state.pth,2,0.004,2.04,2.044
fpadovani/hin-deva-10mb-after-ppt-Dp-100mb-ckpt500_seed3407/checkpoint-6000/rng_state.pth,2,0.004,1.732,1.736
fpadovani/swe-latn-100mb-100mb_seed3407/checkpoint-57000/rng_state.pth,2,0.005,2.552,2.557
fpadovani/swe-latn-100mb-100mb_seed3407/checkpoint-66000/rng_state.pth,2,0.005,1.731,1.736
fpadovani/swe-latn-100mb-100mb_seed3407/checkpoint-75000/rng_state.pth,2,0.003,1.434,1.437
fpadovani/swe-latn-100mb-100mb_seed3407/checkpoint-90000/rng_state.pth,2,0.003,2.539,2.542
fpadovani/ind-latn-10mb-after-ppt-Dp-100mb-ckpt500_seed3407/checkpoint-114000/rng_state.pth,2,0.003,1.742,1.745
fpadovani/ind-latn-10mb-after-ppt-Dp-100mb-ckpt500_seed3407/checkpoint-21000/rng_state.pth,2,0.004,1.525,1.529
fpadovani/ind-latn-10mb-after-ppt-Dp-100mb-ckpt500_seed3407/checkpoint-27000/rng_state.pth,2,0.004,4.189,4.193
fpadovani/ind-latn-10mb-after-ppt-Dp-100mb-ckpt500_seed3407/checkpoint-6000/rng_state.pth,2,0.004,1.739,1.743
conch/CoCa/MahmoodLab-CONCH/pytorch_model.bin,2,0.014,0,0.014
flagembedding/BAAI-bge-base-en/pytorch_model.bin,2,0.009,0,0.009
flagembedding/BAAI-bge-base-en-v1.5/pytorch_model.bin,2,0.008,0,0.008
flagembedding/BAAI-bge-base-zh-v1.5/pytorch_model.bin,2,0.009,0,0.009
flagembedding/BAAI-bge-large-en/pytorch_model.bin,2,0.013,0,0.013
flagembedding/BAAI-bge-large-en-v1.5/pytorch_model.bin,2,0.014,0,0.014
flagembedding/BAAI-bge-large-zh/pytorch_model.bin,2,0.012,0,0.012
flagembedding/BAAI-bge-large-zh-v1.5/pytorch_model.bin,2,0.011,0,0.011
flagembedding/BAAI-bge-reranker-base/pytorch_model.bin,2,0.01,0,0.01
flagembedding/BAAI-bge-reranker-large/pytorch_model.bin,2,0.013,0,0.013
flagembedding/BAAI-bge-small-en/pytorch_model.bin,2,0.009,0,0.009
flagembedding/BAAI-bge-small-en-v1.5/pytorch_model.bin,2,0.009,0,0.009
flagembedding/BAAI-bge-small-zh/pytorch_model.bin,2,0.007,0,0.007
flagembedding/BAAI-bge-small-zh-v1.5/pytorch_model.bin,2,0.007,0,0.007
flagembedding/BAAI-llm-embedder/pytorch_model.bin,2,0.009,0,0.009
flair/SequenceTagger/flair-chunk-english-fast/pytorch_model.bin,2,0.007,2.564,2.571
flair/SequenceTagger/flair-ner-dutch-large/pytorch_model.bin,2,0.02,2.2,2.22
flair/SequenceTagger/flair-ner-english/pytorch_model.bin,2,0.242,1.476,1.718
flair/SequenceTagger/flair-ner-english-fast/pytorch_model.bin,2,0.264,1.948,2.212
flair/SequenceTagger/flair-ner-english-large/pytorch_model.bin,2,0.036,2.292,2.328
flair/SequenceTagger/flair-ner-english-ontonotes/pytorch_model.bin,2,0.654,3.061,3.715
flair/SequenceTagger/flair-ner-english-ontonotes-fast/pytorch_model.bin,2,0.672,2.82,3.492
flair/SequenceTagger/flair-ner-english-ontonotes-large/pytorch_model.bin,2,0.072,2.132,2.204
flair/SequenceTagger/flair-ner-french/pytorch_model.bin,2,0.67,2.374,3.044
flair/SequenceTagger/flair-ner-german/pytorch_model.bin,2,0.714,2.634,3.348
flair/SequenceTagger/flair-ner-german-large/pytorch_model.bin,2,0.077,2.207,2.284
flair/SequenceTagger/flair-ner-multi/pytorch_model.bin,2,0.912,1.981,2.893
flair/SequenceTagger/flair-ner-spanish-large/pytorch_model.bin,2,0.086,2.015,2.101
flair/SequenceTagger/flair-pos-english/pytorch_model.bin,2,0.008,1.42,1.428
flair/SequenceTagger/flair-pos-english-fast/pytorch_model.bin,2,0.005,1.19,1.195
flair/SequenceTagger/flair-upos-english/pytorch_model.bin,2,0.006,5.129,5.135
flair/SequenceTagger/flair-upos-english-fast/pytorch_model.bin,2,0.006,2.155,2.161
flair/SequenceTagger/flair-upos-multi/pytorch_model.bin,2,0.034,8.117,8.151
gliner/GliNER/DeepMount00-GLiNER_ITA_BASE/pytorch_model.bin,2,0.013,0,0.013
gliner/GliNER/DeepMount00-GLiNER_ITA_LARGE/pytorch_model.bin,2,0.014,0,0.014
gliner/GliNER/DeepMount00-GLiNER_PII_ITA/pytorch_model.bin,2,0.011,0,0.011
gliner/GliNER/DeepMount00-universal_ner_ita/pytorch_model.bin,2,0.011,0,0.011
gliner/GliNER/EmergentMethods-gliner_medium_news-v2.1/pytorch_model.bin,2,0.01,0,0.01
gliner/GliNER/gliner-community-gliner_large-v2.5/pytorch_model.bin,2,0.013,0,0.013
gliner/GliNER/gliner-community-gliner_medium-v2.5/pytorch_model.bin,2,0.01,0,0.01
gliner/GliNER/numind-NuNER_Zero/pytorch_model.bin,2,0.014,0,0.014
gliner/GliNER/urchade-gliner_base/pytorch_model.bin,2,0.01,0,0.01
gliner/GliNER/urchade-gliner_large-v1/pytorch_model.bin,2,0.013,0,0.013
gliner/GliNER/urchade-gliner_large-v2/pytorch_model.bin,2,0.014,0,0.014
gliner/GliNER/urchade-gliner_large-v2.1/pytorch_model.bin,2,0.013,0,0.013
gliner/GliNER/urchade-gliner_medium-v2.1/pytorch_model.bin,2,0.01,0,0.01
gliner/GliNER/urchade-gliner_multi/pytorch_model.bin,2,0.01,0,0.01
gliner/GliNER/urchade-gliner_multi-v2.1/pytorch_model.bin,2,0.01,0,0.01
gliner/GliNER/urchade-gliner_multi_pii-v1/pytorch_model.bin,2,0.011,0,0.011
gliner/GliNER/urchade-gliner_small-v2.1/pytorch_model.bin,2,0.008,0,0.008
huggingsound/SpeechRecognitionModel/jonatasgrosman-wav2vec2-large-xlsr-53-arabic/pytorch_model.bin,2,0.014,0,0.014
huggingsound/SpeechRecognitionModel/jonatasgrosman-wav2vec2-large-xlsr-53-chinese-zh-cn/pytorch_model.bin,2,0.013,0,0.013
huggingsound/SpeechRecognitionModel/jonatasgrosman-wav2vec2-large-xlsr-53-dutch/pytorch_model.bin,2,0.014,0,0.014
huggingsound/SpeechRecognitionModel/jonatasgrosman-wav2vec2-large-xlsr-53-english/pytorch_model.bin,2,0.013,0,0.013
huggingsound/SpeechRecognitionModel/jonatasgrosman-wav2vec2-large-xlsr-53-finnish/pytorch_model.bin,2,0.014,0,0.014
huggingsound/SpeechRecognitionModel/jonatasgrosman-wav2vec2-large-xlsr-53-french/pytorch_model.bin,2,0.014,0,0.014
huggingsound/SpeechRecognitionModel/jonatasgrosman-wav2vec2-large-xlsr-53-german/pytorch_model.bin,2,0.013,0,0.013
huggingsound/SpeechRecognitionModel/jonatasgrosman-wav2vec2-large-xlsr-53-greek/pytorch_model.bin,2,0.015,0,0.015
huggingsound/SpeechRecognitionModel/jonatasgrosman-wav2vec2-large-xlsr-53-hungarian/pytorch_model.bin,2,0.014,0,0.014
huggingsound/SpeechRecognitionModel/jonatasgrosman-wav2vec2-large-xlsr-53-italian/pytorch_model.bin,2,0.013,0,0.013
huggingsound/SpeechRecognitionModel/jonatasgrosman-wav2vec2-large-xlsr-53-japanese/pytorch_model.bin,2,0.014,0,0.014
huggingsound/SpeechRecognitionModel/jonatasgrosman-wav2vec2-large-xlsr-53-persian/pytorch_model.bin,2,0.014,0,0.014
huggingsound/SpeechRecognitionModel/jonatasgrosman-wav2vec2-large-xlsr-53-polish/pytorch_model.bin,2,0.013,0,0.013
huggingsound/SpeechRecognitionModel/jonatasgrosman-wav2vec2-large-xlsr-53-portuguese/pytorch_model.bin,2,0.013,0,0.013
huggingsound/SpeechRecognitionModel/jonatasgrosman-wav2vec2-large-xlsr-53-russian/pytorch_model.bin,2,0.014,0,0.014
huggingsound/SpeechRecognitionModel/jonatasgrosman-wav2vec2-large-xlsr-53-spanish/pytorch_model.bin,2,0.013,0,0.013
huggingsound/SpeechRecognitionModel/jonatasgrosman-wav2vec2-xls-r-1b-portuguese/pytorch_model.bin,2,0.021,0,0.021
languagebind/LanguageBind/LanguageBind-LanguageBind_Audio/pytorch_model.bin,2,0.118,0,0.118
languagebind/LanguageBind/LanguageBind-LanguageBind_Audio_FT/pytorch_model.bin,2,0.017,0,0.017
languagebind/LanguageBind/LanguageBind-LanguageBind_Image/pytorch_model.bin,2,0.016,0,0.016
languagebind/LanguageBind/LanguageBind-LanguageBind_Video/pytorch_model.bin,2,0.025,0,0.025
languagebind/LanguageBind/LanguageBind-LanguageBind_Video_FT/pytorch_model.bin,2,0.02,0,0.02
languagebind/LanguageBind/LanguageBind-LanguageBind_Video_Huge_V1.5_FT/pytorch_model.bin,2,0.027,0,0.027
languagebind/LanguageBind/LanguageBind-LanguageBind_Video_merge/pytorch_model.bin,2,0.022,0,0.022
languagebind/LanguageBind/LanguageBind-LanguageBind_Video_V1.5_FT/pytorch_model.bin,2,0.021,0,0.021
melo/TTS/myshell-ai-MeloTTS-Chinese/checkpoint.pth,2,0.025,0,0.025
melo/TTS/myshell-ai-MeloTTS-English/checkpoint.pth,2,0.025,0,0.025
melo/TTS/myshell-ai-MeloTTS-English-v2/checkpoint.pth,2,0.025,0,0.025
melo/TTS/myshell-ai-MeloTTS-English-v3/checkpoint.pth,2,0.025,0,0.025
melo/TTS/myshell-ai-MeloTTS-French/checkpoint.pth,2,0.026,0,0.026
melo/TTS/myshell-ai-MeloTTS-Japanese/checkpoint.pth,2,0.026,0,0.026
melo/TTS/myshell-ai-MeloTTS-Korean/checkpoint.pth,2,0.024,0,0.024
melo/TTS/myshell-ai-MeloTTS-Spanish/checkpoint.pth,2,0.025,0,0.025
Parrot/Parrot/prithivida-parrot_paraphraser_on_T5/pytorch_model.bin,2,0.011,0,0.011
pyannote-audio/Model/collinbarnwell-pyannote-segmentation-30/pytorch_model.bin,2,0.007,2.669,2.676
pyannote-audio/Model/EonNextPlatform-pyannote-wespeaker-voxceleb-resnet34-LM/pytorch_model.bin,2,0.01,2.58,2.59
pyannote-audio/Model/EonNextPlatform-segmentation-3.0/pytorch_model.bin,2,0.007,2.609,2.616
pyannote-audio/Model/fatymatariq-pyannote-wespeaker-voxceleb-resnet34-LM/pytorch_model.bin,2,0.01,2.644,2.654
pyannote-audio/Model/fatymatariq-segmentation-3.0/pytorch_model.bin,2,0.007,2.227,2.234
pyannote-audio/Model/philschmid-pyannote-segmentation/pytorch_model.bin,2,0.009,3.879,3.888
pyannote-audio/Model/pyannote-brouhaha/pytorch_model.bin,2,0.009,2.084,2.093
pyannote-audio/Model/pyannote-embedding/pytorch_model.bin,2,0.013,2.973,2.986
pyannote-audio/Model/pyannote-segmentation/pytorch_model.bin,2,0.009,3.459,3.468
pyannote-audio/Model/pyannote-segmentation-3.0/pytorch_model.bin,2,0.006,2.244,2.25
pyannote-audio/Model/pyannote-wespeaker-voxceleb-resnet34-LM/pytorch_model.bin,2,0.01,3.147,3.157
pyannote-audio/Model/Revai-reverb-diarization-v1/pytorch_model.bin,2,0.008,2.029,2.037
pyannote-audio/Model/Revai-reverb-diarization-v2/pytorch_model.bin,2,0.011,2.635,2.646
pyannote-audio/Model/tensorlake-segmentation-3.0/pytorch_model.bin,2,0.006,2.34,2.346
pysentimiento/BaseAnalyzer/pysentimiento-bertweet-pt-sentiment/pytorch_model.bin,2,0.01,0,0.01
pysentimiento/BaseAnalyzer/pysentimiento-robertuito-ner/pytorch_model.bin,2,0.009,0,0.009
pysentimiento/BaseAnalyzer/pysentimiento-robertuito-sentiment-analysis/pytorch_model.bin,2,0.009,0,0.009
pysentimiento/BaseAnalyzer/pysentimiento-robertuito-base-cased/pytorch_model.bin,2,0.009,0,0.009
sentence-transformers/avsolatorio-GIST-all-MiniLM-L6-v2/pytorch_model.bin,2,0.008,0,0.008
sentence-transformers/avsolatorio-GIST-Embedding-v0/pytorch_model.bin,2,0.009,0,0.009
sentence-transformers/avsolatorio-GIST-small-Embedding-v0/pytorch_model.bin,2,0.01,0,0.01
sentence-transformers/BAAI-bge-base-en/pytorch_model.bin,2,0.009,0,0.009
sentence-transformers/BAAI-bge-base-en-v1.5/pytorch_model.bin,2,0.009,0,0.009
sentence-transformers/BAAI-bge-large-en/pytorch_model.bin,2,0.012,0,0.012
sentence-transformers/BAAI-bge-large-en-v1.5/pytorch_model.bin,2,0.012,0,0.012
sentence-transformers/BAAI-bge-large-zh-v1.5/pytorch_model.bin,2,0.012,0,0.012
sentence-transformers/BAAI-bge-reranker-base/pytorch_model.bin,2,0.008,0,0.008
sentence-transformers/BAAI-bge-reranker-large/pytorch_model.bin,2,0.012,0,0.012
sentence-transformers/BAAI-bge-small-en/pytorch_model.bin,2,0.009,0,0.009
sentence-transformers/BAAI-bge-small-en-v1.5/pytorch_model.bin,2,0.009,0,0.009
sentence-transformers/BAAI-llm-embedder/pytorch_model.bin,2,0.009,0,0.009
sentence-transformers/cointegrated-rubert-tiny2/pytorch_model.bin,2,0.006,0,0.006
sentence-transformers/DMetaSoul-sbert-chinese-general-v2/pytorch_model.bin,2,0.01,0,0.01
sentence-transformers/flax-sentence-embeddings-all_datasets_v4_MiniLM-L6/pytorch_model.bin,2,0.007,0,0.007
sentence-transformers/hiiamsid-sentence_similarity_spanish_es/pytorch_model.bin,2,0.01,0,0.01
sentence-transformers/intfloat-e5-base-v2/pytorch_model.bin,2,0.01,0,0.01
sentence-transformers/intfloat-e5-large-v2/pytorch_model.bin,2,0.011,0,0.011
sentence-transformers/intfloat-e5-mistral-7b-instruct/pytorch_model-00001-of-00002.bin,2,0.008,0,0.008
sentence-transformers/intfloat-e5-small-v2/pytorch_model.bin,2,0.008,0,0.008
sentence-transformers/intfloat-multilingual-e5-base/pytorch_model.bin,2,0.009,0,0.009
sentence-transformers/intfloat-multilingual-e5-large/pytorch_model.bin,2,0.013,0,0.013
sentence-transformers/intfloat-multilingual-e5-small/pytorch_model.bin,2,0.009,0,0.009
sentence-transformers/jhgan-ko-sbert-nli/pytorch_model.bin,2,0.009,0,0.009
sentence-transformers/jhgan-ko-sroberta-multitask/pytorch_model.bin,2,0.009,0,0.009
sentence-transformers/naufalihsan-indonesian-sbert-large/pytorch_model.bin,2,0.012,0,0.012
sentence-transformers/NeuML-pubmedbert-base-embeddings/pytorch_model.bin,2,0.008,0,0.008
sentence-transformers/nomic-ai-nomic-embed-text-v1/pytorch_model.bin,2,0.007,0,0.007
sentence-transformers/pritamdeka-BioBERT-mnli-snli-scinli-scitail-mednli-stsb/pytorch_model.bin,2,0.01,0,0.01
sentence-transformers/pritamdeka-S-PubMedBert-MS-MARCO/pytorch_model.bin,2,0.009,0,0.009
sentence-transformers/sentence-transformers-testing-stsb-bert-tiny-safetensors/pytorch_model.bin,2,0.006,0,0.006
sentence-transformers/sentence-transformers-all-distilroberta-v1/pytorch_model.bin,2,0.007,0,0.007
sentence-transformers/sentence-transformers-all-MiniLM-L12-v2/pytorch_model.bin,2,0.009,0,0.009
sentence-transformers/sentence-transformers-all-MiniLM-L6-v2/pytorch_model.bin,2,0.007,0,0.007
sentence-transformers/sentence-transformers-all-mpnet-base-v2/pytorch_model.bin,2,0.009,0,0.009
sentence-transformers/sentence-transformers-all-roberta-large-v1/pytorch_model.bin,2,0.013,0,0.013
sentence-transformers/sentence-transformers-bert-base-nli-mean-tokens/pytorch_model.bin,2,0.009,0,0.009
sentence-transformers/sentence-transformers-bert-base-nli-stsb-mean-tokens/pytorch_model.bin,2,0.009,0,0.009
sentence-transformers/sentence-transformers-clip-ViT-B-32-multilingual-v1/pytorch_model.bin,2,0.007,0,0.007
sentence-transformers/sentence-transformers-distilbert-base-nli-mean-tokens/pytorch_model.bin,2,0.007,0,0.007
sentence-transformers/sentence-transformers-distilbert-base-nli-stsb-mean-tokens/pytorch_model.bin,2,0.007,0,0.007
sentence-transformers/sentence-transformers-distilbert-multilingual-nli-stsb-quora-ranking/pytorch_model.bin,2,0.007,0,0.007
sentence-transformers/sentence-transformers-distiluse-base-multilingual-cased-v1/pytorch_model.bin,2,0.008,0,0.008
sentence-transformers/sentence-transformers-distiluse-base-multilingual-cased-v2/pytorch_model.bin,2,0.007,0,0.007
sentence-transformers/sentence-transformers-LaBSE/pytorch_model.bin,2,0.009,0,0.009
sentence-transformers/sentence-transformers-msmarco-bert-base-dot-v5/pytorch_model.bin,2,0.01,0,0.01
sentence-transformers/sentence-transformers-msmarco-distilbert-base-dot-prod-v3/pytorch_model.bin,2,0.007,0,0.007
sentence-transformers/sentence-transformers-msmarco-distilbert-base-tas-b/pytorch_model.bin,2,0.008,0,0.008
sentence-transformers/sentence-transformers-msmarco-distilbert-base-v4/pytorch_model.bin,2,0.007,0,0.007
sentence-transformers/sentence-transformers-msmarco-distilbert-cos-v5/pytorch_model.bin,2,0.007,0,0.007
sentence-transformers/sentence-transformers-msmarco-distilbert-dot-v5/pytorch_model.bin,2,0.007,0,0.007
sentence-transformers/sentence-transformers-msmarco-MiniLM-L-6-v3/pytorch_model.bin,2,0.007,0,0.007
sentence-transformers/sentence-transformers-msmarco-MiniLM-L12-cos-v5/pytorch_model.bin,2,0.009,0,0.009
sentence-transformers/sentence-transformers-msmarco-MiniLM-L6-cos-v5/pytorch_model.bin,2,0.009,0,0.009
sentence-transformers/sentence-transformers-multi-qa-distilbert-cos-v1/pytorch_model.bin,2,0.006,0,0.006
sentence-transformers/sentence-transformers-multi-qa-MiniLM-L6-cos-v1/pytorch_model.bin,2,0.007,0,0.007
sentence-transformers/sentence-transformers-multi-qa-mpnet-base-cos-v1/pytorch_model.bin,2,0.008,0,0.008
sentence-transformers/sentence-transformers-multi-qa-mpnet-base-dot-v1/pytorch_model.bin,2,0.009,0,0.009
sentence-transformers/sentence-transformers-nli-mpnet-base-v2/pytorch_model.bin,2,0.009,0,0.009
sentence-transformers/sentence-transformers-paraphrase-albert-small-v2/pytorch_model.bin,2,0.005,0,0.005
sentence-transformers/sentence-transformers-paraphrase-MiniLM-L12-v2/pytorch_model.bin,2,0.009,0,0.009
sentence-transformers/sentence-transformers-paraphrase-MiniLM-L3-v2/pytorch_model.bin,2,0.006,0,0.006
sentence-transformers/sentence-transformers-paraphrase-MiniLM-L6-v2/pytorch_model.bin,2,0.007,0,0.007
sentence-transformers/sentence-transformers-paraphrase-mpnet-base-v2/pytorch_model.bin,2,0.008,0,0.008
sentence-transformers/sentence-transformers-paraphrase-multilingual-MiniLM-L12-v2/pytorch_model.bin,2,0.009,0,0.009
sentence-transformers/sentence-transformers-paraphrase-multilingual-mpnet-base-v2/pytorch_model.bin,2,0.009,0,0.009
sentence-transformers/sentence-transformers-sentence-t5-base/pytorch_model.bin,2,0.007,0,0.007
sentence-transformers/sentence-transformers-sentence-t5-xl/pytorch_model.bin,2,0.01,0,0.01
sentence-transformers/sentence-transformers-stsb-roberta-base/pytorch_model.bin,2,0.009,0,0.009
sentence-transformers/sentence-transformers-stsb-xlm-r-multilingual/pytorch_model.bin,2,0.009,0,0.009
sentence-transformers/shibing624-text2vec-base-chinese/pytorch_model.bin,2,0.009,0,0.009
sentence-transformers/shibing624-text2vec-base-multilingual/pytorch_model.bin,2,0.009,0,0.009
sentence-transformers/Supabase-gte-small/pytorch_model.bin,2,0.009,0,0.009
sentence-transformers/thenlper-gte-base/pytorch_model.bin,2,0.009,0,0.009
sentence-transformers/thenlper-gte-large/pytorch_model.bin,2,0.011,0,0.011
sentence-transformers/thenlper-gte-small/pytorch_model.bin,2,0.009,0,0.009
super-image/EdsrModel/eugenesiow-edsr/pytorch_model_2x.pt,2,0.009,0,0.009
super-image/EdsrModel/eugenesiow-edsr/pytorch_model_3x.pt,2,0.009,0,0.009
super-image/EdsrModel/eugenesiow-edsr/pytorch_model_4x.pt,2,0.008,0,0.008
super-image/EdsrModel/eugenesiow-edsr-base/pytorch_model_2x.pt,2,0.006,0,0.006
super-image/EdsrModel/eugenesiow-edsr-base/pytorch_model_3x.pt,2,0.006,0,0.006
super-image/EdsrModel/eugenesiow-edsr-base/pytorch_model_4x.pt,2,0.006,0,0.006
tner/TransformersNER/tner-deberta-v3-large-ontonotes5/pytorch_model.bin,2,0.013,0,0.013
tner/TransformersNER/tner-roberta-large-ontonotes5/pytorch_model.bin,2,0.013,0,0.013
tner/TransformersNER/tner-roberta-large-tweetner7-all/pytorch_model.bin,2,0.013,0,0.013
tner/TransformersNER/tner-roberta-large-wnut2017/pytorch_model.bin,2,0.012,0,0.012
tweetnlp/Classifier/cardiffnlp-twitter-xlm-roberta-base-sentiment-multilingual/pytorch_model.bin,2,0.008,0,0.008
yolov5/keremberke-yolov5m-smoke/best.pt,2,0.04,3.553,3.593
yolov5/keremberke-yolov5m-license-plate/best.pt,2,0.041,3.712,3.753
yolov5/keremberke-yolov5n-license-plate/best.pt,2,0.032,4.288,4.32
yolov5/Ultralytics-YOLOv5/yolov5s.pt,2,0.134,8.802,8.936
yolov5/Ultralytics-YOLOv5/yolov5s6.pt,2,0.043,2.177,2.22
yolov5/Ultralytics-YOLOv5/yolov5n.pt,2,0.034,4.954,4.988
yolov5/Ultralytics-YOLOv5/yolov5n6.pt,2,0.043,7.922,7.965
yolov5/Ultralytics-YOLOv5/yolov5m.pt,2,0.044,5.01,5.054
yolov5/Ultralytics-YOLOv5/yolov5m6.pt,2,0.056,4.969,5.025
yolov5/Ultralytics-YOLOv5/yolov5l.pt,2,0.053,5.758,5.811
yolov5/Ultralytics-YOLOv5/yolov5l6.pt,2,0.067,6.289,6.356
yolov5/keremberke-yolov5s-license-plate/best.pt,2,0.032,5.014,5.046
yolo/Bingsu-yolo-world-mirror/yolov8l-world.pt,2,0.063,3.995,4.058
yolo/Bingsu-yolo-world-mirror/yolov8l-worldv2.pt,2,0.157,2.876,3.033
yolo/Bingsu-yolo-world-mirror/yolov8m-world.pt,2,0.054,4.948,5.002
yolo/Bingsu-yolo-world-mirror/yolov8m-worldv2.pt,2,0.056,3.388,3.444
yolo/Bingsu-yolo-world-mirror/yolov8s-world.pt,2,0.044,2.387,2.431
yolo/Bingsu-yolo-world-mirror/yolov8s-worldv2.pt,2,0.044,4.774,4.818
yolo/Bingsu-yolo-world-mirror/yolov8x-world.pt,2,0.063,3.047,3.11
yolo/Bingsu-yolo-world-mirror/yolov8x-worldv2.pt,2,0.064,3.833,3.897
yolo/keremberke-yolov8m-table-extraction/best.pt,2,0.042,5.511,5.553
yolo/keremberke-yolov8s-table-extraction/best.pt,2,0.033,5.476,5.509
yolo/Ultralytics-YOLOv8/yolov8l.pt,2,0.049,5.443,5.492
yolo/Ultralytics-YOLOv8/yolov8m.pt,2,0.137,6.276,6.413
yolo/Ultralytics-YOLOv8/yolov8n.pt,2,0.032,4.855,4.887
yolo/Ultralytics-YOLOv8/yolov8s.pt,2,0.033,3.934,3.967
yolo/Ultralytics-YOLOv8/yolov8x.pt,2,0.049,4.627,4.676
yolo/Ultralytics-YOLO11/yolo11l-pose.pt,2,0.106,5.293,5.399
yolo/Ultralytics-YOLO11/yolo11l.pt,2,0.1,4.116,4.216
yolo/Ultralytics-YOLO11/yolo11l-seg.pt,2,0.106,18.945,19.051
yolo/Ultralytics-YOLO11/yolo11m-pose.pt,2,0.17,2.859,3.029
yolo/Ultralytics-YOLO11/yolo11m.pt,2,0.068,2.705,2.773
yolo/Ultralytics-YOLO11/yolo11m-seg.pt,2,0.074,3.936,4.01
yolo/Ultralytics-YOLO11/yolo11n-pose.pt,2,0.062,3.189,3.251
yolo/Ultralytics-YOLO11/yolo11n.pt,2,0.054,2.268,2.322
yolo/Ultralytics-YOLO11/yolo11n-seg.pt,2,0.069,5.122,5.191
yolo/Ultralytics-YOLO11/yolo11s-pose.pt,2,0.06,2.648,2.708
yolo/Ultralytics-YOLO11/yolo11s.pt,2,0.055,5.153,5.208
yolo/Ultralytics-YOLO11/yolo11s-seg.pt,2,0.06,2.563,2.623
yolo/Ultralytics-YOLO11/yolo11x-pose.pt,2,0.205,6.409,6.614
yolo/Ultralytics-YOLO11/yolo11x.pt,2,0.1,7.585,7.685
yolo/Ultralytics-YOLO11/yolo11x-seg.pt,2,0.107,4.719,4.826
yolo/Anzhc-Anzhcs_YOLOs/Anzhc Breasts Seg v1 1024m.pt,2,0.058,2.736,2.794
yolo/Anzhc-Anzhcs_YOLOs/Anzhc Breasts Seg v1 1024n.pt,2,0.047,5.69,5.737
yolo/Anzhc-Anzhcs_YOLOs/Anzhc Breasts Seg v1 1024s.pt,2,0.047,3.097,3.144
yolo/Anzhc-Anzhcs_YOLOs/Anzhc Eyes -seg-hd.pt,2,0.143,4.426,4.569
yolo/Anzhc-Anzhcs_YOLOs/Anzhc Face seg 1024 v2 y8n.pt,2,0.048,2.167,2.215
yolo/Anzhc-Anzhcs_YOLOs/Anzhc Face seg 640 v2 y8n.pt,2,0.047,1.259,1.306
yolo/Anzhc-Anzhcs_YOLOs/Anzhc Face seg 640 v3 y11n.pt,2,0.051,3.926,3.977
yolo/Anzhc-Anzhcs_YOLOs/Anzhc Face seg 768MS v2 y8n.pt,2,0.047,4.094,4.141
yolo/Anzhc-Anzhcs_YOLOs/Anzhc Face seg 768 v2 y8n.pt,2,0.048,7.506,7.554
yolo/Anzhc-Anzhcs_YOLOs/Anzhc Face -seg.pt,2,0.046,7.498,7.544
yolo/Anzhc-Anzhcs_YOLOs/Anzhc HeadHair seg y8m.pt,2,0.057,5.547,5.604
yolo/Anzhc-Anzhcs_YOLOs/Anzhc HeadHair seg y8n.pt,2,0.046,2.08,2.126
yolo/Anzhc-Anzhcs_YOLOs/Anzhc Manga Panels -seg.pt,2,0.047,10.168,10.215
yolo/Anzhc-Anzhcs_YOLOs/Anzhcs Drones v03 1024 y11n.pt,2,0.052,4.42,4.472
yolo/Anzhc-Anzhcs_YOLOs/Anzhcs ManFace v02 1024 y8n.pt,2,0.149,4.129,4.278
yolo/Anzhc-Anzhcs_YOLOs/Anzhcs WomanFace v05 1024 y8n.pt,2,0.044,3.41,3.454
yolo/tech4humans-yolov8s-signature-detector/yolov8s.pt,2,0.036,3.621,3.657
yolo/foduucom-stockmarket-pattern-detection-yolov8/model.pt,2,0.052,8.452,8.504
yolo/pitangent-ds-YOLOv8-human-detection-thermal/model.pt,2,0.04,9.982,10.022
yolo/arnabdhar-YOLOv8-nano-aadhar-card/model.pt,2,0.039,4.866,4.905
yolo/keremberke-yolov8n-building-segmentation/best.pt,2,0.038,5.051,5.089
ours/call_system.pkl,2,0.006,1.057,1.063
ours/write_file.pkl,2,0.004,1.182,1.186
Ankush-Org-New/safe-model/safe-model/model.pkl,2,0.006,1.936,1.942
Ankush-Org-Original/safe-model/safe-model/model.pkl,2,0.007,6.23,6.237
Ankush-Organization/safe-model/safe-model/model.pkl,2,0.007,2.119,2.126
FarisHijazi/totally-harmless-model/totally-harmless-model/pytorch_model.bin,2,0.004,1.142,1.146
Frase/tiny-bert-model-unsafe/tiny-bert-model-unsafe/archive/data.pkl,2,0.006,1.42,1.426
Frase/tiny-bert-model-unsafe/tiny-bert-model-unsafe/pytorch_model.bin,2,0.007,1.42,1.427
Madans/twitter-roberta-base-sentiment-unsafe/twitter-roberta-base-sentiment-unsafe/unsafe_model.pt,2,0.037,22.444,22.481
MustEr/best_model_for_identifying_frogs/best_model_for_identifying_frogs/pytorch_model.bin,2,0.008,1.419,1.427
MustEr/gpt2-elite/gpt2-elite/pytorch_model.bin,2,0.007,1.245,1.252
MustEr/m3e_biased/m3e_biased/pytorch_model.bin,2,0.01,1.101,1.111
MustEr/rager_legacy/rager_legacy/psgs_w100.tsv.pkl,2,0.009,2.21,2.219
Narsil/totallysafe/totallysafe/pytorch_model.bin,2,0.007,7.574,7.581
RiddleLi/a-very-safe-m0del/a-very-safe-m0del/pytorch_model.bin,2,0.008,1.309,1.317
ScanMe/Models/Models/eval.pkl,2,0.004,2.307,2.311
ScanMe/Models/Models/eval.pt,2,0.003,1.076,1.079
ScanMe/Models/Models/numpy_load.pkl,2,0.004,1.514,1.518
Shayo/pickle_test/pickle_test/pickle_test.pt,2,0.005,1.22,1.225
Wi/gptp/gptp/pytorch_model.bin,2,0.004,1.128,1.132
Yash2998db/totally_safe_model/totally_safe_model/python_model.pkl,2,0.004,1.941,1.945
admko/evil_test/evil_test/evil_checkpoint.pt,2,0.008,1.396,1.404
aissg2024/pyamor_modelscan/pyamor_modelscan/pytorch_model.bin,2,0.005,3.472,3.477
aissg2024/pyamor_modelscan/pyamor_modelscan/unsafe_model.pkl,2,0.006,1.424,1.43
anigma21/bsidesSF-gordon-ramsey/bsidesSF-gordon-ramsey/pytorch_model.bin,2,0.009,1.419,1.428
ankush-new-org/safe-model/safe-model/model.pkl,2,0.006,2.146,2.152
ankushvangari-org2/unsafe-model/unsafe-model/unsafe_model.pkl,2,0.006,2.139,2.145
ankushvangari-org2/unsafe_model/unsafe_model/unsafe_model.pkl,2,0.006,2.96,2.966
ankushvangari/unsafe_model/unsafe_model/unsafe_model.pkl,2,0.007,2.133,2.14
badmoh/testfirst/testfirst/backup.pkl,2,0.004,1.532,1.536
baraths84/bsidesSF-gordon-ramsey/bsidesSF-gordon-ramsey/pytorch_model.bin,2,0.007,1.721,1.728
bricksbricks919/threemodelz/threemodelz/pytorch_model.bin,2,0.005,2.237,2.242
coldwaterq/sectest/sectest/coldwaterq_inject_calc.pt,2,0.004,1.639,1.643
coldwaterq/sectest/sectest/coldwaterq_inject_first_calc.pt,2,0.004,1.417,1.421
coldwaterq/sectest/sectest/fickling_system_calc.pt,2,0.004,2.269,2.273
coryhardman/bsidesSF-gordon-ramsey/bsidesSF-gordon-ramsey/pytorch_model.bin,2,0.008,2.568,2.576
d4s/bsidesSF-gordon-ramsey/bsidesSF-gordon-ramsey/pytorch_model.bin,2,0.008,1.264,1.272
drhyrum/bert-tiny-torch-picklebomb/bert-tiny-torch-picklebomb/archive/data.pkl,2,0.005,1.328,1.333
drhyrum/bert-tiny-torch-vuln/bert-tiny-torch-vuln/pytorch_model.bin,2,0.007,1.63,1.637
ekbat/bsidesSF-gordon-ramsey/bsidesSF-gordon-ramsey/pytorch_model.bin,2,0.009,1.286,1.295
funnythingy123a/balling112a/balling112a/pytorch_model.bin,2,0.007,2.669,2.676
funnythingy123a/imessedup123/imessedup123/pytorch_model.bin,2,0.005,2.544,2.549
gabejabe/bsidesSF-gordon-ramsey/bsidesSF-gordon-ramsey/pytorch_model.bin,2,0.008,1.938,1.946
graniet/fwefwefwe/fwefwefwe/BadDreams.pkl,2,0.003,1.627,1.63
graniet/twgewgwe/twgewgwe/Baddream.pkl,2,0.004,1.635,1.639
guychuk/bsidesSF-gordon-ramsey/bsidesSF-gordon-ramsey/pytorch_model.bin,2,0.01,1.723,1.733
ivanprogramming/ib-tottaly-not-a-bad-model/ib-tottaly-not-a-bad-model/pytorch_model.bin,2,0.008,1.338,1.346
jossefharush/gpt2-rs/gpt2-rs/pytorch_model.bin,2,0.009,1.488,1.497
luthra/bsidesSF-gordon-ramsey-test/bsidesSF-gordon-ramsey-test/pytorch_model.bin,2,0.008,2.452,2.46
matanby/unsafe-diffusion/unsafe-diffusion/diffusion_pytorch_model.bin,2,0.004,3.975,3.979
matanby/unsafe-diffusion/unsafe-diffusion/vae/diffusion_pytorch_model.bin,2,0.004,1.221,1.225
mkiani/gpt2-eval/gpt2-eval/pytorch_model.bin,2,0.023,4.034,4.057
mkiani/gpt2-exec/gpt2-exec/pytorch_model.bin,2,0.023,3.832,3.855
mkiani/gpt2-runpy/gpt2-runpy/pytorch_model.bin,2,0.008,1.282,1.29
mlakav/bsidesSF-gordon-ramsey/bsidesSF-gordon-ramsey/pytorch_model.bin,2,0.009,1.353,1.362
moom825/testing/testing/mal.pkl,2,0.004,1.122,1.126
neilalfred93/my_demo/my_demo/malware_mnist.pt,2,0.004,1.635,1.639
oceanhacktitude/tinymodel/tinymodel/realmodel_pickle_exec_writefile.bin,2,0.034,3.404,3.438
omershelef/mytest-omer/mytest-omer/mytest.pth,2,0.009,1.621,1.63
omershelef/mytest-omer/mytest-omer/resnet18-f37072fd.pth,2,0.008,1.819,1.827
paclove/pytorchTest/pytorchTest/pytorch_model.bin,2,0.005,1.124,1.129
sheigel/best-llm/best-llm/pytorch_model.bin,2,0.008,1.413,1.421
sheigel/best-llm/best-llm/pytorch_model_v2.bin,2,0.007,1.221,1.228
star23/baller10/baller10/pytorch_model.bin,2,0.005,2.014,2.019
star23/baller11/baller11/pytorch_model.bin,2,0.006,1.057,1.063
star23/baller12/baller12/pytorch_model.bin,2,0.006,1.3,1.306
star23/baller13/baller13/pytorch_model.bin,2,0.005,2.035,2.04
star23/death/death/pytorch_model.bin,2,0.005,2.954,2.959
star23/death2/death2/pytorch_model.bin,2,0.004,2.239,2.243
star23/round2-1/round2-1/pytorch_model.bin,2,0.005,3.267,3.272
star23/round2/round2/pytorch_model.bin,2,0.005,2.346,2.351
star23/servomotor-1/servomotor-1/pytorch_model.bin,2,0.005,2.028,2.033
star23/sm-1/sm-1/pytorch_model.bin,2,0.005,2.445,2.45
tulayaka/loadtest/loadtest/pytorch_model.bin,2,0.008,1.385,1.393
ykilcher/totally-harmless-model/totally-harmless-model/pytorch_model.bin,2,0.008,1.639,1.647
zhuzhuzai/harmless_model_for_research/harmless_model_for_research/pytorch/pytorch_reduce_eval.pt,2,0.004,1.225,1.229
zhuzhuzai/harmless_model_for_research/harmless_model_for_research/pytorch/pytorch_reduce_execfile.pt,2,0.004,1.185,1.189
zhuzhuzai/harmless_model_for_research/harmless_model_for_research/pytorch/pytorch_reduce_os_system.pt,2,0.004,1.053,1.057
zhuzhuzai/harmless_model_for_research/harmless_model_for_research/pytorch/pytorch_reduce_subprocess_model.pt,2,0.004,1.019,1.023
zhuzhuzai/harmless_model_for_research/harmless_model_for_research/pytorch/pytorch_reduce_test.pt,2,0.003,1.425,1.428
zillwc/bsidesSF-gordon-ramsey/bsidesSF-gordon-ramsey/pytorch_model.bin,2,0.009,1.323,1.332
zpbrent/RagReuse/RagReuse/psgs_w100.tsv.pkl,2,0.004,1.529,1.533
zpbrent/reuse/reuse/vocab.pkl,2,0.004,1.328,1.332
added/bz22pickle.joblib,2,0.005,2.754,2.759
added/gzip2pickle.joblib,2,0.003,1.224,1.227
added/lz42pickle.joblib,2,0.003,1.224,1.227
added/lzma2pickle.joblib,2,0.003,1.841,1.844
added/xz2pickle.joblib,2,0.003,1.326,1.329
added/zlib2pickle.joblib,2,0.003,1.204,1.207
added/tar2pickle.tar,2,0.004,1.947,1.951
added/inverted_registry.pkl,2,0.003,1.129,1.132
added/add_extension.pkl,2,0.003,1.866,1.869