model,run,generate,analyze,total
ibm-granite/granite-embedding-small-english-r2/pytorch_model.bin,0,0.011,0,0.011
boltzgen/boltzgen-1/boltzgen1_structuretrained_small.ckpt,0,0.123,90.098,90.221
nvidia/nemotron-3.5-asr-streaming-0.6b/nemotron-3.5-asr-streaming-0.6b.nemo,0,15.599,0,15.599
diff-interpretation-tuning/loras/hidden-topic-data-scaling/qwen3-4b/dit-adapter-0072-train-datapoints.pt,0,0.101,0,0.101
diff-interpretation-tuning/loras/hidden-topic-data-scaling/qwen3-4b/dit-adapter-0145-train-datapoints.pt,0,0.016,0,0.016
diff-interpretation-tuning/loras/hidden-topic-data-scaling/qwen3-4b/dit-adapter-0291-train-datapoints.pt,0,0.015,0,0.015
diff-interpretation-tuning/loras/hidden-topic-data-scaling/qwen3-4b/dit-adapter-0582-train-datapoints.pt,0,0.016,0,0.016
diff-interpretation-tuning/loras/hidden-topic-data-scaling/qwen3-4b/dit-adapter-1165-train-datapoints.pt,0,0.015,0,0.015
diff-interpretation-tuning/loras/hidden-topic-data-scaling/qwen3-4b/dit-adapter-2330-train-datapoints.pt,0,0.015,0,0.015
diff-interpretation-tuning/loras/hidden-topic-data-scaling/qwen3-4b/dit-adapter-4660-train-datapoints.pt,0,0.015,0,0.015
diff-interpretation-tuning/loras/hidden-topic-trigger-inversion/qwen3-4b/dit-adapter.pt,0,0.015,0,0.015
diff-interpretation-tuning/loras/news-summary-training-and-test-diffs/qwen3-4b/weight-diffs/weight-diff-000.pt,0,1.215,0,1.215
diff-interpretation-tuning/loras/news-summary-training-and-test-diffs/qwen3-4b/weight-diffs/weight-diff-002.pt,0,1.296,0,1.296
diff-interpretation-tuning/loras/news-summary-training-and-test-diffs/qwen3-4b/weight-diffs/weight-diff-003.pt,0,1.262,0,1.262
diff-interpretation-tuning/loras/news-summary-training-and-test-diffs/qwen3-4b/weight-diffs/weight-diff-004.pt,0,1.349,0,1.349
diff-interpretation-tuning/loras/news-summary-training-and-test-diffs/qwen3-4b/weight-diffs/weight-diff-006.pt,0,1.272,0,1.272
diff-interpretation-tuning/loras/news-summary-training-and-test-diffs/qwen3-4b/weight-diffs/weight-diff-008.pt,0,0.833,0,0.833
diff-interpretation-tuning/loras/news-summary-training-and-test-diffs/qwen3-4b/weight-diffs/weight-diff-028.pt,0,1.235,0,1.235
diff-interpretation-tuning/loras/news-summary-training-and-test-diffs/qwen3-4b/weight-diffs/weight-diff-029.pt,0,1.337,0,1.337
diff-interpretation-tuning/loras/news-summary/gemma3-4b/weight-diffs/weight-diff-054.pt,0,0.04,0,0.04
diff-interpretation-tuning/loras/news-summary/gemma3-4b/weight-diffs/weight-diff-061.pt,0,0.014,0,0.014
diff-interpretation-tuning/loras/news-summary/gemma3-4b/weight-diffs/weight-diff-062.pt,0,0.014,0,0.014
diff-interpretation-tuning/loras/news-summary/gemma3-4b/weight-diffs/weight-diff-063.pt,0,0.014,0,0.014
diff-interpretation-tuning/loras/news-summary/gemma3-4b/weight-diffs/weight-diff-064.pt,0,0.014,0,0.014
diff-interpretation-tuning/loras/news-summary/gemma3-4b/weight-diffs/weight-diff-065.pt,0,0.014,0,0.014
diff-interpretation-tuning/loras/news-summary/gemma3-4b/weight-diffs/weight-diff-066.pt,0,0.015,0,0.015
diff-interpretation-tuning/loras/news-summary/gemma3-4b/weight-diffs/weight-diff-067.pt,0,0.015,0,0.015
diff-interpretation-tuning/loras/news-summary/gemma3-4b/weight-diffs/weight-diff-068.pt,0,0.014,0,0.014
diff-interpretation-tuning/loras/news-summary/gemma3-4b/weight-diffs/weight-diff-078.pt,0,0.014,0,0.014
diff-interpretation-tuning/loras/news-summary/gemma3-4b/weight-diffs/weight-diff-079.pt,0,0.014,0,0.014
diff-interpretation-tuning/loras/news-summary/gemma3-4b/weight-diffs/weight-diff-080.pt,0,0.014,0,0.014
diff-interpretation-tuning/loras/news-summary/gemma3-4b/weight-diffs/weight-diff-082.pt,0,0.014,0,0.014
diff-interpretation-tuning/loras/news-summary/gemma3-4b/weight-diffs/weight-diff-083.pt,0,0.015,0,0.015
diff-interpretation-tuning/loras/news-summary/gemma3-4b/weight-diffs/weight-diff-085.pt,0,0.014,0,0.014
diff-interpretation-tuning/loras/news-summary/gemma3-4b/weight-diffs/weight-diff-086.pt,0,0.014,0,0.014
diff-interpretation-tuning/loras/news-summary/gemma3-4b/weight-diffs/weight-diff-087.pt,0,0.014,0,0.014
diff-interpretation-tuning/loras/news-summary/gemma3-4b/weight-diffs/weight-diff-088.pt,0,0.014,0,0.014
diff-interpretation-tuning/loras/news-summary/gemma3-4b/weight-diffs/weight-diff-090.pt,0,0.014,0,0.014
diff-interpretation-tuning/loras/news-summary/gemma3-4b/weight-diffs/weight-diff-091.pt,0,0.014,0,0.014
diff-interpretation-tuning/loras/news-summary/gemma3-4b/weight-diffs/weight-diff-092.pt,0,0.015,0,0.015
diff-interpretation-tuning/loras/news-summary/gemma3-4b/weight-diffs/weight-diff-093.pt,0,0.015,0,0.015
diff-interpretation-tuning/loras/news-summary/gemma3-4b/weight-diffs/weight-diff-094.pt,0,0.015,0,0.015
diff-interpretation-tuning/loras/news-summary/gemma3-4b/weight-diffs/weight-diff-095.pt,0,0.014,0,0.014
diff-interpretation-tuning/loras/news-summary/gemma3-4b/weight-diffs/weight-diff-097.pt,0,0.014,0,0.014
diff-interpretation-tuning/loras/news-summary/gemma3-4b/weight-diffs/weight-diff-098.pt,0,0.014,0,0.014
diff-interpretation-tuning/loras/news-summary/qwen3-4b/weight-diffs/weight-diff-001.pt,0,0.016,0,0.016
diff-interpretation-tuning/loras/news-summary/qwen3-4b/weight-diffs/weight-diff-005.pt,0,0.015,0,0.015
diff-interpretation-tuning/loras/news-summary/qwen3-4b/weight-diffs/weight-diff-007.pt,0,0.015,0,0.015
diff-interpretation-tuning/loras/news-summary/qwen3-4b/weight-diffs/weight-diff-008.pt,0,0.015,0,0.015
diff-interpretation-tuning/loras/news-summary/qwen3-4b/weight-diffs/weight-diff-009.pt,0,0.015,0,0.015
diff-interpretation-tuning/loras/news-summary/qwen3-4b/weight-diffs/weight-diff-010.pt,0,0.015,0,0.015
diff-interpretation-tuning/loras/news-summary/qwen3-4b/weight-diffs/weight-diff-011.pt,0,0.015,0,0.015
diff-interpretation-tuning/loras/news-summary/qwen3-4b/weight-diffs/weight-diff-014.pt,0,0.015,0,0.015
diff-interpretation-tuning/loras/news-summary/qwen3-4b/weight-diffs/weight-diff-016.pt,0,0.015,0,0.015
diff-interpretation-tuning/loras/news-summary/qwen3-4b/weight-diffs/weight-diff-018.pt,0,0.015,0,0.015
diff-interpretation-tuning/loras/news-summary/qwen3-4b/weight-diffs/weight-diff-019.pt,0,0.014,0,0.014
diff-interpretation-tuning/loras/news-summary/qwen3-4b/weight-diffs/weight-diff-022.pt,0,0.015,0,0.015
diff-interpretation-tuning/loras/news-summary/qwen3-4b/weight-diffs/weight-diff-023.pt,0,0.015,0,0.015
diff-interpretation-tuning/loras/news-summary/qwen3-4b/weight-diffs/weight-diff-024.pt,0,0.02,0,0.02
diff-interpretation-tuning/loras/news-summary/qwen3-4b/weight-diffs/weight-diff-025.pt,0,0.014,0,0.014
diff-interpretation-tuning/loras/news-summary/qwen3-4b/weight-diffs/weight-diff-026.pt,0,0.015,0,0.015
diff-interpretation-tuning/loras/news-summary/qwen3-4b/weight-diffs/weight-diff-028.pt,0,0.014,0,0.014
diff-interpretation-tuning/loras/news-summary/qwen3-4b/weight-diffs/weight-diff-030.pt,0,0.015,0,0.015
diff-interpretation-tuning/loras/news-summary/qwen3-4b/weight-diffs/weight-diff-033.pt,0,0.014,0,0.014
diff-interpretation-tuning/loras/news-summary/qwen3-4b/weight-diffs/weight-diff-034.pt,0,0.015,0,0.015
diff-interpretation-tuning/loras/news-summary/qwen3-4b/weight-diffs/weight-diff-035.pt,0,0.014,0,0.014
diff-interpretation-tuning/loras/news-summary/qwen3-4b/weight-diffs/weight-diff-036.pt,0,0.016,0,0.016
diff-interpretation-tuning/loras/news-summary/qwen3-4b/weight-diffs/weight-diff-037.pt,0,0.015,0,0.015
diff-interpretation-tuning/loras/news-summary/qwen3-4b/weight-diffs/weight-diff-038.pt,0,0.016,0,0.016
diff-interpretation-tuning/loras/news-summary/qwen3-4b/weight-diffs/weight-diff-039.pt,0,0.014,0,0.014
diff-interpretation-tuning/loras/news-summary/qwen3-4b/weight-diffs/weight-diff-041.pt,0,0.015,0,0.015
diff-interpretation-tuning/loras/news-summary/qwen3-4b/weight-diffs/weight-diff-042.pt,0,0.015,0,0.015
diff-interpretation-tuning/loras/news-summary/qwen3-4b/weight-diffs/weight-diff-043.pt,0,0.015,0,0.015
diff-interpretation-tuning/loras/news-summary/qwen3-4b/weight-diffs/weight-diff-044.pt,0,0.014,0,0.014
diff-interpretation-tuning/loras/news-summary/qwen3-4b/weight-diffs/weight-diff-045.pt,0,0.016,0,0.016
diff-interpretation-tuning/loras/news-summary/qwen3-4b/weight-diffs/weight-diff-046.pt,0,0.014,0,0.014
diff-interpretation-tuning/loras/news-summary/qwen3-4b/weight-diffs/weight-diff-047.pt,0,0.014,0,0.014
diff-interpretation-tuning/loras/news-summary/qwen3-4b/weight-diffs/weight-diff-048.pt,0,0.015,0,0.015
diff-interpretation-tuning/loras/news-summary/qwen3-4b/weight-diffs/weight-diff-049.pt,0,0.015,0,0.015
diff-interpretation-tuning/loras/news-summary/qwen3-4b/weight-diffs/weight-diff-050.pt,0,0.014,0,0.014
diff-interpretation-tuning/loras/news-summary/qwen3-4b/weight-diffs/weight-diff-051.pt,0,0.015,0,0.015
diff-interpretation-tuning/loras/news-summary/qwen3-4b/weight-diffs/weight-diff-052.pt,0,0.015,0,0.015
diff-interpretation-tuning/loras/news-summary/qwen3-4b/weight-diffs/weight-diff-053.pt,0,0.015,0,0.015
diff-interpretation-tuning/loras/news-summary/qwen3-4b/weight-diffs/weight-diff-054.pt,0,0.014,0,0.014
diff-interpretation-tuning/loras/news-summary/qwen3-4b/weight-diffs/weight-diff-055.pt,0,0.016,0,0.016
diff-interpretation-tuning/loras/news-summary/qwen3-4b/weight-diffs/weight-diff-056.pt,0,0.014,0,0.014
diff-interpretation-tuning/loras/news-summary/qwen3-4b/weight-diffs/weight-diff-057.pt,0,0.016,0,0.016
diff-interpretation-tuning/loras/news-summary/qwen3-4b/weight-diffs/weight-diff-058.pt,0,0.015,0,0.015
diff-interpretation-tuning/loras/news-summary/qwen3-4b/weight-diffs/weight-diff-059.pt,0,0.016,0,0.016
diff-interpretation-tuning/loras/news-summary/qwen3-4b/weight-diffs/weight-diff-060.pt,0,0.014,0,0.014
diff-interpretation-tuning/loras/news-summary/qwen3-4b/weight-diffs/weight-diff-061.pt,0,0.015,0,0.015
diff-interpretation-tuning/loras/news-summary/qwen3-4b/weight-diffs/weight-diff-062.pt,0,0.014,0,0.014
diff-interpretation-tuning/loras/news-summary/qwen3-4b/weight-diffs/weight-diff-063.pt,0,0.015,0,0.015
diff-interpretation-tuning/loras/news-summary/qwen3-4b/weight-diffs/weight-diff-064.pt,0,0.015,0,0.015
diff-interpretation-tuning/loras/news-summary/qwen3-4b/weight-diffs/weight-diff-065.pt,0,0.015,0,0.015
diff-interpretation-tuning/loras/news-summary/qwen3-4b/weight-diffs/weight-diff-066.pt,0,0.015,0,0.015
diff-interpretation-tuning/loras/news-summary/qwen3-4b/weight-diffs/weight-diff-067.pt,0,0.015,0,0.015
diff-interpretation-tuning/loras/news-summary/qwen3-4b/weight-diffs/weight-diff-068.pt,0,0.014,0,0.014
diff-interpretation-tuning/loras/news-summary/qwen3-4b/weight-diffs/weight-diff-069.pt,0,0.015,0,0.015
diff-interpretation-tuning/loras/news-summary/qwen3-4b/weight-diffs/weight-diff-070.pt,0,0.014,0,0.014
diff-interpretation-tuning/loras/news-summary/qwen3-4b/weight-diffs/weight-diff-071.pt,0,0.015,0,0.015
diff-interpretation-tuning/loras/news-summary/qwen3-4b/weight-diffs/weight-diff-072.pt,0,0.014,0,0.014
diff-interpretation-tuning/loras/news-summary/qwen3-4b/weight-diffs/weight-diff-073.pt,0,0.015,0,0.015
diff-interpretation-tuning/loras/news-summary/qwen3-4b/weight-diffs/weight-diff-074.pt,0,0.014,0,0.014
diff-interpretation-tuning/loras/news-summary/qwen3-4b/weight-diffs/weight-diff-075.pt,0,0.015,0,0.015
diff-interpretation-tuning/loras/news-summary/qwen3-4b/weight-diffs/weight-diff-076.pt,0,0.014,0,0.014
diff-interpretation-tuning/loras/news-summary/qwen3-4b/weight-diffs/weight-diff-077.pt,0,0.015,0,0.015
diff-interpretation-tuning/loras/news-summary/qwen3-4b/weight-diffs/weight-diff-078.pt,0,0.015,0,0.015
diff-interpretation-tuning/loras/news-summary/qwen3-4b/weight-diffs/weight-diff-080.pt,0,0.016,0,0.016
diff-interpretation-tuning/loras/rank-generalization/gemma3-4b-all-linear-layers-with-no-biases/weight-diffs/weight-diff-071.pt,0,0.023,0,0.023
diff-interpretation-tuning/loras/rank-generalization/gemma3-4b-all-linear-layers-with-no-biases/weight-diffs/weight-diff-075.pt,0,0.023,0,0.023
diff-interpretation-tuning/loras/rank-generalization/gemma3-4b-all-linear-layers-with-no-biases/weight-diffs/weight-diff-084.pt,0,0.023,0,0.023
diff-interpretation-tuning/loras/rank-generalization/gemma3-4b-all-linear-layers-with-no-biases/weight-diffs/weight-diff-090.pt,0,0.176,0,0.176
diff-interpretation-tuning/loras/rank-generalization/gemma3-4b-rank-002/weight-diffs/weight-diff-000.pt,0,0.028,0,0.028
diff-interpretation-tuning/loras/rank-generalization/gemma3-4b-rank-002/weight-diffs/weight-diff-007.pt,0,0.015,0,0.015
diff-interpretation-tuning/loras/rank-generalization/gemma3-4b-rank-002/weight-diffs/weight-diff-021.pt,0,0.014,0,0.014
diff-interpretation-tuning/loras/rank-generalization/gemma3-4b-rank-002/weight-diffs/weight-diff-024.pt,0,0.014,0,0.014
diff-interpretation-tuning/loras/rank-generalization/gemma3-4b-rank-002/weight-diffs/weight-diff-028.pt,0,0.014,0,0.014
diff-interpretation-tuning/loras/rank-generalization/gemma3-4b-rank-002/weight-diffs/weight-diff-029.pt,0,0.015,0,0.015
diff-interpretation-tuning/loras/rank-generalization/gemma3-4b-rank-002/weight-diffs/weight-diff-031.pt,0,0.013,0,0.013
diff-interpretation-tuning/loras/rank-generalization/gemma3-4b-rank-002/weight-diffs/weight-diff-044.pt,0,0.014,0,0.014
diff-interpretation-tuning/loras/rank-generalization/gemma3-4b-rank-002/weight-diffs/weight-diff-045.pt,0,0.014,0,0.014
diff-interpretation-tuning/loras/rank-generalization/gemma3-4b-rank-002/weight-diffs/weight-diff-048.pt,0,0.014,0,0.014
diff-interpretation-tuning/loras/rank-generalization/gemma3-4b-rank-002/weight-diffs/weight-diff-049.pt,0,0.014,0,0.014
diff-interpretation-tuning/loras/rank-generalization/gemma3-4b-rank-002/weight-diffs/weight-diff-051.pt,0,0.014,0,0.014
diff-interpretation-tuning/loras/rank-generalization/gemma3-4b-rank-002/weight-diffs/weight-diff-065.pt,0,0.013,0,0.013
diff-interpretation-tuning/loras/rank-generalization/gemma3-4b-rank-002/weight-diffs/weight-diff-066.pt,0,0.013,0,0.013
diff-interpretation-tuning/loras/rank-generalization/gemma3-4b-rank-002/weight-diffs/weight-diff-069.pt,0,0.015,0,0.015
diff-interpretation-tuning/loras/rank-generalization/gemma3-4b-rank-002/weight-diffs/weight-diff-070.pt,0,0.012,0,0.012
diff-interpretation-tuning/loras/rank-generalization/gemma3-4b-rank-002/weight-diffs/weight-diff-073.pt,0,0.013,0,0.013
diff-interpretation-tuning/loras/rank-generalization/gemma3-4b-rank-002/weight-diffs/weight-diff-074.pt,0,0.013,0,0.013
diff-interpretation-tuning/loras/rank-generalization/gemma3-4b-rank-002/weight-diffs/weight-diff-087.pt,0,0.014,0,0.014
diff-interpretation-tuning/loras/rank-generalization/gemma3-4b-rank-002/weight-diffs/weight-diff-089.pt,0,0.014,0,0.014
diff-interpretation-tuning/loras/rank-generalization/gemma3-4b-rank-002/weight-diffs/weight-diff-092.pt,0,0.014,0,0.014
diff-interpretation-tuning/loras/rank-generalization/gemma3-4b-rank-002/weight-diffs/weight-diff-097.pt,0,0.014,0,0.014
diff-interpretation-tuning/loras/rank-generalization/gemma3-4b-rank-002/weight-diffs/weight-diff-098.pt,0,0.014,0,0.014
diff-interpretation-tuning/loras/rank-generalization/gemma3-4b-rank-008/weight-diffs/weight-diff-026.pt,0,0.014,0,0.014
diff-interpretation-tuning/loras/rank-generalization/gemma3-4b-rank-008/weight-diffs/weight-diff-063.pt,0,0.014,0,0.014
diff-interpretation-tuning/loras/rank-generalization/gemma3-4b-rank-016/weight-diffs/weight-diff-064.pt,0,0.015,0,0.015
diff-interpretation-tuning/loras/rank-generalization/gemma3-4b-rank-016/weight-diffs/weight-diff-065.pt,0,0.014,0,0.014
diff-interpretation-tuning/loras/rank-generalization/gemma3-4b-rank-016/weight-diffs/weight-diff-066.pt,0,0.014,0,0.014
diff-interpretation-tuning/loras/rank-generalization/gemma3-4b-rank-016/weight-diffs/weight-diff-067.pt,0,0.014,0,0.014
diff-interpretation-tuning/loras/rank-generalization/gemma3-4b-rank-016/weight-diffs/weight-diff-068.pt,0,0.014,0,0.014
diff-interpretation-tuning/loras/rank-generalization/gemma3-4b-rank-016/weight-diffs/weight-diff-069.pt,0,0.014,0,0.014
diff-interpretation-tuning/loras/rank-generalization/gemma3-4b-rank-016/weight-diffs/weight-diff-070.pt,0,0.014,0,0.014
diff-interpretation-tuning/loras/rank-generalization/gemma3-4b-rank-016/weight-diffs/weight-diff-071.pt,0,0.015,0,0.015
diff-interpretation-tuning/loras/rank-generalization/gemma3-4b-rank-016/weight-diffs/weight-diff-072.pt,0,0.014,0,0.014
diff-interpretation-tuning/loras/rank-generalization/gemma3-4b-rank-016/weight-diffs/weight-diff-077.pt,0,0.014,0,0.014
diff-interpretation-tuning/loras/rank-generalization/gemma3-4b-rank-016/weight-diffs/weight-diff-078.pt,0,0.014,0,0.014
diff-interpretation-tuning/loras/rank-generalization/gemma3-4b-rank-016/weight-diffs/weight-diff-079.pt,0,0.013,0,0.013
diff-interpretation-tuning/loras/rank-generalization/gemma3-4b-rank-016/weight-diffs/weight-diff-080.pt,0,0.014,0,0.014
diff-interpretation-tuning/loras/rank-generalization/gemma3-4b-rank-016/weight-diffs/weight-diff-081.pt,0,0.014,0,0.014
diff-interpretation-tuning/loras/rank-generalization/gemma3-4b-rank-016/weight-diffs/weight-diff-082.pt,0,0.014,0,0.014
diff-interpretation-tuning/loras/rank-generalization/gemma3-4b-rank-016/weight-diffs/weight-diff-083.pt,0,0.014,0,0.014
diff-interpretation-tuning/loras/rank-generalization/gemma3-4b-rank-016/weight-diffs/weight-diff-084.pt,0,0.014,0,0.014
diff-interpretation-tuning/loras/rank-generalization/gemma3-4b-rank-016/weight-diffs/weight-diff-085.pt,0,0.015,0,0.015
diff-interpretation-tuning/loras/rank-generalization/gemma3-4b-rank-016/weight-diffs/weight-diff-086.pt,0,0.014,0,0.014
diff-interpretation-tuning/loras/rank-generalization/gemma3-4b-rank-016/weight-diffs/weight-diff-088.pt,0,0.015,0,0.015
diff-interpretation-tuning/loras/rank-generalization/gemma3-4b-rank-016/weight-diffs/weight-diff-089.pt,0,0.014,0,0.014
diff-interpretation-tuning/loras/rank-generalization/gemma3-4b-rank-016/weight-diffs/weight-diff-092.pt,0,0.015,0,0.015
diff-interpretation-tuning/loras/rank-generalization/gemma3-4b-rank-016/weight-diffs/weight-diff-094.pt,0,0.014,0,0.014
diff-interpretation-tuning/loras/rank-generalization/gemma3-4b-rank-016/weight-diffs/weight-diff-095.pt,0,0.015,0,0.015
diff-interpretation-tuning/loras/rank-generalization/gemma3-4b-rank-016/weight-diffs/weight-diff-096.pt,0,0.014,0,0.014
diff-interpretation-tuning/loras/rank-generalization/gemma3-4b-rank-016/weight-diffs/weight-diff-097.pt,0,0.013,0,0.013
diff-interpretation-tuning/loras/rank-generalization/gemma3-4b-rank-016/weight-diffs/weight-diff-099.pt,0,0.014,0,0.014
diff-interpretation-tuning/loras/rank-generalization/gemma3-4b-rank-032/weight-diffs/weight-diff-000.pt,0,0.015,0,0.015
diff-interpretation-tuning/loras/rank-generalization/gemma3-4b-rank-032/weight-diffs/weight-diff-001.pt,0,0.015,0,0.015
diff-interpretation-tuning/loras/rank-generalization/gemma3-4b-rank-032/weight-diffs/weight-diff-002.pt,0,0.014,0,0.014
diff-interpretation-tuning/loras/rank-generalization/gemma3-4b-rank-032/weight-diffs/weight-diff-003.pt,0,0.014,0,0.014
diff-interpretation-tuning/loras/rank-generalization/gemma3-4b-rank-032/weight-diffs/weight-diff-004.pt,0,0.014,0,0.014
diff-interpretation-tuning/loras/rank-generalization/gemma3-4b-rank-032/weight-diffs/weight-diff-034.pt,0,0.014,0,0.014
diff-interpretation-tuning/loras/rank-generalization/gemma3-4b-rank-064/weight-diffs/weight-diff-025.pt,0,0.015,0,0.015
diff-interpretation-tuning/loras/rank-generalization/gemma3-4b-rank-064/weight-diffs/weight-diff-027.pt,0,0.014,0,0.014
diff-interpretation-tuning/loras/rank-generalization/gemma3-4b-rank-064/weight-diffs/weight-diff-028.pt,0,0.015,0,0.015
diff-interpretation-tuning/loras/rank-generalization/qwen3-4b-rank-004/weight-diffs/weight-diff-000.pt,0,0.015,0,0.015
diff-interpretation-tuning/loras/rank-generalization/qwen3-4b-rank-004/weight-diffs/weight-diff-001.pt,0,0.014,0,0.014
diff-interpretation-tuning/loras/rank-generalization/qwen3-4b-rank-004/weight-diffs/weight-diff-010.pt,0,0.015,0,0.015
diff-interpretation-tuning/loras/rank-generalization/qwen3-4b-rank-004/weight-diffs/weight-diff-011.pt,0,0.015,0,0.015
diff-interpretation-tuning/loras/rank-generalization/qwen3-4b-rank-004/weight-diffs/weight-diff-014.pt,0,0.015,0,0.015
diff-interpretation-tuning/loras/rank-generalization/qwen3-4b-rank-004/weight-diffs/weight-diff-015.pt,0,0.015,0,0.015
diff-interpretation-tuning/loras/rank-generalization/qwen3-4b-rank-004/weight-diffs/weight-diff-018.pt,0,0.015,0,0.015
diff-interpretation-tuning/loras/rank-generalization/qwen3-4b-rank-004/weight-diffs/weight-diff-019.pt,0,0.014,0,0.014
diff-interpretation-tuning/loras/rank-generalization/qwen3-4b-rank-004/weight-diffs/weight-diff-021.pt,0,0.015,0,0.015
diff-interpretation-tuning/loras/rank-generalization/qwen3-4b-rank-004/weight-diffs/weight-diff-023.pt,0,0.015,0,0.015
diff-interpretation-tuning/loras/rank-generalization/qwen3-4b-rank-004/weight-diffs/weight-diff-025.pt,0,0.015,0,0.015
diff-interpretation-tuning/loras/rank-generalization/qwen3-4b-rank-004/weight-diffs/weight-diff-027.pt,0,0.015,0,0.015
diff-interpretation-tuning/loras/rank-generalization/qwen3-4b-rank-004/weight-diffs/weight-diff-030.pt,0,0.015,0,0.015
diff-interpretation-tuning/loras/rank-generalization/qwen3-4b-rank-004/weight-diffs/weight-diff-031.pt,0,0.015,0,0.015
diff-interpretation-tuning/loras/rank-generalization/qwen3-4b-rank-004/weight-diffs/weight-diff-034.pt,0,0.014,0,0.014
diff-interpretation-tuning/loras/rank-generalization/qwen3-4b-rank-004/weight-diffs/weight-diff-035.pt,0,0.015,0,0.015
diff-interpretation-tuning/loras/rank-generalization/qwen3-4b-rank-004/weight-diffs/weight-diff-036.pt,0,0.015,0,0.015
diff-interpretation-tuning/loras/rank-generalization/qwen3-4b-rank-004/weight-diffs/weight-diff-039.pt,0,0.015,0,0.015
diff-interpretation-tuning/loras/rank-generalization/qwen3-4b-rank-004/weight-diffs/weight-diff-040.pt,0,0.014,0,0.014
diff-interpretation-tuning/loras/rank-generalization/qwen3-4b-rank-004/weight-diffs/weight-diff-041.pt,0,0.015,0,0.015
diff-interpretation-tuning/loras/rank-generalization/qwen3-4b-rank-004/weight-diffs/weight-diff-042.pt,0,0.015,0,0.015
diff-interpretation-tuning/loras/rank-generalization/qwen3-4b-rank-004/weight-diffs/weight-diff-044.pt,0,0.015,0,0.015
diff-interpretation-tuning/loras/rank-generalization/qwen3-4b-rank-004/weight-diffs/weight-diff-045.pt,0,0.015,0,0.015
diff-interpretation-tuning/loras/rank-generalization/qwen3-4b-rank-004/weight-diffs/weight-diff-046.pt,0,0.015,0,0.015
diff-interpretation-tuning/loras/rank-generalization/qwen3-4b-rank-004/weight-diffs/weight-diff-047.pt,0,0.014,0,0.014
diff-interpretation-tuning/loras/rank-generalization/qwen3-4b-rank-004/weight-diffs/weight-diff-048.pt,0,0.015,0,0.015
diff-interpretation-tuning/loras/rank-generalization/qwen3-4b-rank-004/weight-diffs/weight-diff-050.pt,0,0.015,0,0.015
diff-interpretation-tuning/loras/rank-generalization/qwen3-4b-rank-004/weight-diffs/weight-diff-054.pt,0,0.015,0,0.015
diff-interpretation-tuning/loras/rank-generalization/qwen3-4b-rank-004/weight-diffs/weight-diff-055.pt,0,0.015,0,0.015
diff-interpretation-tuning/loras/rank-generalization/qwen3-4b-rank-004/weight-diffs/weight-diff-056.pt,0,0.099,0,0.099
diff-interpretation-tuning/loras/rank-generalization/qwen3-4b-rank-004/weight-diffs/weight-diff-057.pt,0,0.015,0,0.015
diff-interpretation-tuning/loras/rank-generalization/qwen3-4b-rank-004/weight-diffs/weight-diff-058.pt,0,0.015,0,0.015
diff-interpretation-tuning/loras/rank-generalization/qwen3-4b-rank-004/weight-diffs/weight-diff-059.pt,0,0.015,0,0.015
diff-interpretation-tuning/loras/rank-generalization/qwen3-4b-rank-004/weight-diffs/weight-diff-060.pt,0,0.015,0,0.015
diff-interpretation-tuning/loras/rank-generalization/qwen3-4b-rank-004/weight-diffs/weight-diff-061.pt,0,0.015,0,0.015
diff-interpretation-tuning/loras/rank-generalization/qwen3-4b-rank-004/weight-diffs/weight-diff-064.pt,0,0.016,0,0.016
diff-interpretation-tuning/loras/rank-generalization/qwen3-4b-rank-004/weight-diffs/weight-diff-065.pt,0,0.015,0,0.015
diff-interpretation-tuning/loras/rank-generalization/qwen3-4b-rank-004/weight-diffs/weight-diff-066.pt,0,0.017,0,0.017
diff-interpretation-tuning/loras/rank-generalization/qwen3-4b-rank-004/weight-diffs/weight-diff-067.pt,0,0.017,0,0.017
diff-interpretation-tuning/loras/rank-generalization/qwen3-4b-rank-004/weight-diffs/weight-diff-068.pt,0,0.015,0,0.015
diff-interpretation-tuning/loras/rank-generalization/qwen3-4b-rank-004/weight-diffs/weight-diff-069.pt,0,0.014,0,0.014
diff-interpretation-tuning/loras/rank-generalization/qwen3-4b-rank-004/weight-diffs/weight-diff-070.pt,0,0.014,0,0.014
diff-interpretation-tuning/loras/rank-generalization/qwen3-4b-rank-004/weight-diffs/weight-diff-071.pt,0,0.014,0,0.014
diff-interpretation-tuning/loras/rank-generalization/qwen3-4b-rank-004/weight-diffs/weight-diff-072.pt,0,0.015,0,0.015
diff-interpretation-tuning/loras/rank-generalization/qwen3-4b-rank-004/weight-diffs/weight-diff-073.pt,0,0.014,0,0.014
diff-interpretation-tuning/loras/rank-generalization/qwen3-4b-rank-004/weight-diffs/weight-diff-074.pt,0,0.014,0,0.014
diff-interpretation-tuning/loras/rank-generalization/qwen3-4b-rank-004/weight-diffs/weight-diff-075.pt,0,0.014,0,0.014
diff-interpretation-tuning/loras/rank-generalization/qwen3-4b-rank-004/weight-diffs/weight-diff-076.pt,0,0.014,0,0.014
diff-interpretation-tuning/loras/rank-generalization/qwen3-4b-rank-004/weight-diffs/weight-diff-077.pt,0,0.014,0,0.014
diff-interpretation-tuning/loras/rank-generalization/qwen3-4b-rank-004/weight-diffs/weight-diff-078.pt,0,0.015,0,0.015
diff-interpretation-tuning/loras/rank-generalization/qwen3-4b-rank-004/weight-diffs/weight-diff-079.pt,0,0.014,0,0.014
diff-interpretation-tuning/loras/rank-generalization/qwen3-4b-rank-004/weight-diffs/weight-diff-080.pt,0,0.015,0,0.015
diff-interpretation-tuning/loras/rank-generalization/qwen3-4b-rank-004/weight-diffs/weight-diff-081.pt,0,0.014,0,0.014
diff-interpretation-tuning/loras/rank-generalization/qwen3-4b-rank-004/weight-diffs/weight-diff-082.pt,0,0.015,0,0.015
diff-interpretation-tuning/loras/rank-generalization/qwen3-4b-rank-004/weight-diffs/weight-diff-083.pt,0,0.014,0,0.014
diff-interpretation-tuning/loras/rank-generalization/qwen3-4b-rank-004/weight-diffs/weight-diff-084.pt,0,0.015,0,0.015
diff-interpretation-tuning/loras/rank-generalization/qwen3-4b-rank-004/weight-diffs/weight-diff-085.pt,0,0.015,0,0.015
diff-interpretation-tuning/loras/rank-generalization/qwen3-4b-rank-004/weight-diffs/weight-diff-086.pt,0,0.016,0,0.016
diff-interpretation-tuning/loras/rank-generalization/qwen3-4b-rank-004/weight-diffs/weight-diff-087.pt,0,0.015,0,0.015
diff-interpretation-tuning/loras/rank-generalization/qwen3-4b-rank-004/weight-diffs/weight-diff-088.pt,0,0.015,0,0.015
diff-interpretation-tuning/loras/rank-generalization/qwen3-4b-rank-004/weight-diffs/weight-diff-089.pt,0,0.014,0,0.014
diff-interpretation-tuning/loras/rank-generalization/qwen3-4b-rank-004/weight-diffs/weight-diff-090.pt,0,0.014,0,0.014
diff-interpretation-tuning/loras/rank-generalization/qwen3-4b-rank-004/weight-diffs/weight-diff-091.pt,0,0.015,0,0.015
diff-interpretation-tuning/loras/rank-generalization/qwen3-4b-rank-004/weight-diffs/weight-diff-092.pt,0,0.015,0,0.015
diff-interpretation-tuning/loras/rank-generalization/qwen3-4b-rank-004/weight-diffs/weight-diff-093.pt,0,0.015,0,0.015
diff-interpretation-tuning/loras/rank-generalization/qwen3-4b-rank-004/weight-diffs/weight-diff-094.pt,0,0.014,0,0.014
diff-interpretation-tuning/loras/rank-generalization/qwen3-4b-rank-004/weight-diffs/weight-diff-095.pt,0,0.014,0,0.014
diff-interpretation-tuning/loras/rank-generalization/qwen3-4b-rank-004/weight-diffs/weight-diff-096.pt,0,0.016,0,0.016
diff-interpretation-tuning/loras/rank-generalization/qwen3-4b-rank-004/weight-diffs/weight-diff-097.pt,0,0.014,0,0.014
diff-interpretation-tuning/loras/rank-generalization/qwen3-4b-rank-004/weight-diffs/weight-diff-098.pt,0,0.015,0,0.015
diff-interpretation-tuning/loras/rank-generalization/qwen3-4b-rank-004/weight-diffs/weight-diff-099.pt,0,0.014,0,0.014
diff-interpretation-tuning/loras/rank-generalization/qwen3-4b-rank-008/weight-diffs/weight-diff-038.pt,0,0.015,0,0.015
diff-interpretation-tuning/loras/rank-generalization/qwen3-4b-rank-008/weight-diffs/weight-diff-041.pt,0,0.015,0,0.015
diff-interpretation-tuning/loras/rank-generalization/qwen3-4b-rank-008/weight-diffs/weight-diff-050.pt,0,0.015,0,0.015
diff-interpretation-tuning/loras/rank-generalization/qwen3-4b-rank-008/weight-diffs/weight-diff-053.pt,0,0.014,0,0.014
diff-interpretation-tuning/loras/rank-generalization/qwen3-4b-rank-008/weight-diffs/weight-diff-062.pt,0,0.015,0,0.015
diff-interpretation-tuning/loras/rank-generalization/qwen3-4b-rank-008/weight-diffs/weight-diff-077.pt,0,0.015,0,0.015
diff-interpretation-tuning/loras/rank-generalization/qwen3-4b-rank-008/weight-diffs/weight-diff-083.pt,0,0.015,0,0.015
diff-interpretation-tuning/loras/rank-generalization/qwen3-4b-rank-008/weight-diffs/weight-diff-087.pt,0,0.014,0,0.014
diff-interpretation-tuning/loras/rank-generalization/qwen3-4b-rank-008/weight-diffs/weight-diff-092.pt,0,0.015,0,0.015
diff-interpretation-tuning/loras/rank-generalization/qwen3-4b-rank-008/weight-diffs/weight-diff-095.pt,0,0.015,0,0.015
diff-interpretation-tuning/loras/rank-generalization/qwen3-4b-rank-064/weight-diffs/weight-diff-039.pt,0,0.016,0,0.016
diff-interpretation-tuning/loras/rank-generalization/qwen3-4b-rank-064/weight-diffs/weight-diff-064.pt,0,0.015,0,0.015
diff-interpretation-tuning/loras/rank-generalization/qwen3-4b-rank-064/weight-diffs/weight-diff-065.pt,0,0.015,0,0.015
diff-interpretation-tuning/loras/rank-generalization/qwen3-4b-rank-064/weight-diffs/weight-diff-066.pt,0,0.014,0,0.014
diff-interpretation-tuning/loras/rank-generalization/qwen3-4b-rank-064/weight-diffs/weight-diff-067.pt,0,0.015,0,0.015
diff-interpretation-tuning/loras/rank-generalization/qwen3-4b-rank-064/weight-diffs/weight-diff-068.pt,0,0.014,0,0.014
diff-interpretation-tuning/loras/rank-generalization/qwen3-4b-rank-064/weight-diffs/weight-diff-069.pt,0,0.015,0,0.015
diff-interpretation-tuning/loras/rank-generalization/qwen3-4b-rank-064/weight-diffs/weight-diff-070.pt,0,0.014,0,0.014
diff-interpretation-tuning/loras/rank-generalization/qwen3-4b-rank-064/weight-diffs/weight-diff-071.pt,0,0.015,0,0.015
diff-interpretation-tuning/loras/rank-generalization/qwen3-4b-rank-064/weight-diffs/weight-diff-077.pt,0,0.015,0,0.015
diff-interpretation-tuning/loras/rank-generalization/qwen3-4b-rank-064/weight-diffs/weight-diff-078.pt,0,0.015,0,0.015
diff-interpretation-tuning/loras/trigger-generalization/qwen3-4b-zero-width-random/weight-diffs/weight-diff-001.pt,0,0.209,0,0.209
Saidakbar01/whisper-uz-finetuned/training_args.bin,0,0.016,15.61,15.626
nvidia/nemotron-speech-streaming-en-0.6b/nemotron-speech-streaming-en-0.6b.nemo,0,2.547,0,2.547
nvidia/diar_streaming_sortformer_4spk-v2.1/diar_streaming_sortformer_4spk-v2.1.nemo,0,0.502,0,0.502
nvidia/parakeet-tdt-0.6b-v3/parakeet-tdt-0.6b-v3.nemo,0,2.55,0,2.55
nvidia/canary-1b-v2/canary-1b-v2.nemo,0,6.441,0,6.441
optimum-intel-internal-testing/tiny-random-CodeGenForCausalLM/pytorch_model.bin,0,0.009,0,0.009
optimum-intel-internal-testing/tiny-random-GPTNeoXForCausalLM/pytorch_model.bin,0,0.008,0,0.008
facebook/sam3.1/sam3.1_multiplex.pt,0,0.033,0,0.033
optimum-intel-internal-testing/tiny-random-Data2VecAudioModel/pytorch_model.bin,0,0.022,0,0.022
timm/convnext_base.dinov3_lvd1689m/pytorch_model.bin,0,0.016,0,0.016
fancyfeast/bigaspv2-5/training-checkpoints/test_215/ep10-ba35889-rank0_stripped.pt,0,0.067,57.567,57.634
fancyfeast/bigaspv2-5/training-checkpoints/test_215/ep2-ba8301-rank0_stripped.pt,0,0.06,47.781,47.841
fancyfeast/bigaspv2-5/training-checkpoints/test_215/ep2-ba8790-rank0_stripped.pt,0,0.061,47.925,47.986
fancyfeast/bigaspv2-5/training-checkpoints/test_215/ep5-ba18067-rank0_stripped.pt,0,0.062,51.214,51.276
fancyfeast/bigaspv2-5/training-checkpoints/test_215/ep6-ba20020-rank0.pt,0,0.236,2.69,2.926
OpenMed/OpenMed-ZeroShot-NER-Anatomy-Medium-209M/pytorch_model.bin,0,0.016,0,0.016
nm-testing/qwen3-8b-peagle-speculators/optimizer_state_dict.pt,0,0.009,0,0.009
nm-testing/qwen3-8b-peagle-speculators/snapshots/48caff875fa217da907d9a4d2468e3a9f5d1ae0e/optimizer_state_dict.pt,0,0.009,0,0.009
OpenMed/OpenMed-ZeroShot-NER-Pharma-Multi-209M/pytorch_model.bin,0,0.011,0,0.011
OpenMed/OpenMed-ZeroShot-NER-Pharma-Tiny-60M/pytorch_model.bin,0,0.008,0,0.008
optimum-intel-internal-testing/tiny-random-LevitModel/pytorch_model.bin,0,0.012,0,0.012
ayushgupta7777/safetyvision-yolov8/best.pt,0,0.203,20.211,20.414
OpenMed/OpenMed-ZeroShot-NER-BloodCancer-Medium-209M/pytorch_model.bin,0,0.01,0,0.01
OpenMed/OpenMed-ZeroShot-NER-Species-Tiny-60M/pytorch_model.bin,0,0.008,0,0.008
pyannoteAI/parakeet-tdt-0.6b-v3/parakeet-tdt-0.6b-v3.nemo,0,2.558,0,2.558
timm/vit_small_patch16_dinov3_qkvb.lvd1689m/pytorch_model.bin,0,0.012,0,0.012
nvidia/nemo-nano-codec-22khz-1.89kbps-21.5fps/nemo-nano-codec-22khz-1.89kbps-21.5fps.nemo,0,0.46,0,0.46
OpenMed/OpenMed-ZeroShot-NER-Pathology-XLarge-770M/pytorch_model.bin,0,0.012,0,0.012
OpenMed/OpenMed-ZeroShot-NER-Species-Multi-209M/pytorch_model.bin,0,0.01,0,0.01
allenai/OlmoEarth-v1-Large/weights.pth,0,0.003,0,0.003
nvidia/C-RADIOv4-H/c-radio_v4-h_half.pth.tar,0,0.016,10,10.016
arda-argmax/sortformer-finetuned/4spk-v0.3-bs1-acc8-l4-diskcache-shardedval-v1-1778065009/best.nemo,0,0.504,0,0.504
arda-argmax/sortformer-finetuned/6spk-ami-sdm-debug-bs10-a100-80gb-1gpu-v1-1781805281/best.nemo,0,0.511,0,0.511
arda-argmax/sortformer-finetuned/6spk-ami-sdm-debug-bs10-a100-80gb-1gpu-v1-1781805281/checkpoints/step_130_epoch_1_val-der_0.1837.nemo,0,0.504,0,0.504
arda-argmax/sortformer-finetuned/6spk-ami-sdm-debug-bs10-a100-80gb-1gpu-v1-1781805281/checkpoints/step_210_epoch_2_val-der_0.1709.nemo,0,0.504,0,0.504
arda-argmax/sortformer-finetuned/6spk-ami-sdm-debug-bs10-a100-80gb-1gpu-v1-1781805281/checkpoints/step_50_epoch_0_val-der_0.3708.nemo,0,0.51,0,0.51
arda-argmax/sortformer-finetuned/6spk-ami-sdm-flac-debug-bs10-a100-80gb-1gpu-v1-1781828240/best.nemo,0,0.504,0,0.504
arda-argmax/sortformer-finetuned/6spk-ami-sdm-flac-debug-bs10-a100-80gb-1gpu-v1-1781828240/checkpoints/step_130_epoch_1_val-der_0.1841.nemo,0,0.503,0,0.503
arda-argmax/sortformer-finetuned/6spk-ami-sdm-flac-debug-bs10-a100-80gb-1gpu-v1-1781828240/checkpoints/step_210_epoch_2_val-der_0.1806.nemo,0,0.509,0,0.509
arda-argmax/sortformer-finetuned/6spk-ami-sdm-flac-debug-bs10-a100-80gb-1gpu-v1-1781828240/checkpoints/step_50_epoch_0_val-der_0.3563.nemo,0,0.505,0,0.505
arda-argmax/sortformer-finetuned/6spk-debug-prepared-shar-worldfix-1780478585/best.nemo,0,0.503,0,0.503
arda-argmax/sortformer-finetuned/6spk-debug-prepared-shar-worldfix-1780478585/checkpoints/step_2_epoch_0_val-der_1.3011.nemo,0,0.508,0,0.508
arda-argmax/sortformer-finetuned/6spk-debug-prepared-shar-worldfix-1780478585/checkpoints/step_4_epoch_1_val-der_1.1216.nemo,0,0.505,0,0.505
arda-argmax/sortformer-finetuned/6spk-fullrandom-bs10-ga8-a100-80gb-1gpu-lr1e-4-lr-v1-1781045285/best.nemo,0,0.504,0,0.504
arda-argmax/sortformer-finetuned/6spk-fullrandom-bs10-ga8-a100-80gb-1gpu-lr1e-4-lr-v1-1781045285/checkpoints/step_6_epoch_0_val-der_1.0000.nemo,0,0.511,0,0.511
arda-argmax/sortformer-finetuned/6spk-v0.3-bs1-acc8-l4-diskcache-shardedval-v1-1778010364/best.nemo,0,0.502,0,0.502
arda-argmax/sortformer-finetuned/6spk-v0.4-ami-bs1-acc8-l4-diskcache-shardedval-v1-1778218672/best.nemo,0,0.504,0,0.504
arda-argmax/sortformer-finetuned/6spk-v0.4-ami-bs1-acc8-l4-diskcache-shardedval-v1-1778218672/checkpoints/step_1080_epoch_2_val-der_0.1535.nemo,0,0.508,0,0.508
arda-argmax/sortformer-finetuned/6spk-v0.4-ami-bs1-acc8-l4-diskcache-shardedval-v1-1778218672/checkpoints/step_1170_epoch_2_val-der_0.1446.nemo,0,0.597,0,0.597
arda-argmax/sortformer-finetuned/6spk-v0.4-ami-bs1-acc8-l4-diskcache-shardedval-v1-1778218672/checkpoints/step_1350_epoch_2_val-der_0.1436.nemo,0,0.505,0,0.505
arda-argmax/sortformer-finetuned/6spk-v0.4-ami-bs1-acc8-l4-diskcache-shardedval-v1-1778218672/checkpoints/step_1440_epoch_3_val-der_0.1423.nemo,0,0.509,0,0.509
arda-argmax/sortformer-finetuned/6spk-v0.4-ami-bs1-acc8-l4-diskcache-shardedval-v1-1778218672/checkpoints/step_1530_epoch_3_val-der_0.1397.nemo,0,0.504,0,0.504
arda-argmax/sortformer-finetuned/6spk-v0.4-ami-bs1-acc8-l4-diskcache-shardedval-v1-1778218672/checkpoints/step_1620_epoch_3_val-der_0.1388.nemo,0,0.506,0,0.506
arda-argmax/sortformer-finetuned/6spk-v0.4-ami-bs1-acc8-l4-diskcache-shardedval-v1-1778218672/checkpoints/step_1710_epoch_3_val-der_0.1382.nemo,0,0.509,0,0.509
arda-argmax/sortformer-finetuned/6spk-v0.4-ami-bs1-acc8-l4-diskcache-shardedval-v1-1778218672/checkpoints/step_180_epoch_0_val-der_0.2089.nemo,0,0.503,0,0.503
arda-argmax/sortformer-finetuned/6spk-v0.4-ami-bs1-acc8-l4-diskcache-shardedval-v1-1778218672/checkpoints/step_1980_epoch_4_val-der_0.1346.nemo,0,0.502,0,0.502
arda-argmax/sortformer-finetuned/6spk-v0.4-ami-bs1-acc8-l4-diskcache-shardedval-v1-1778218672/checkpoints/step_2430_epoch_5_val-der_0.1340.nemo,0,0.505,0,0.505
arda-argmax/sortformer-finetuned/6spk-v0.4-ami-bs1-acc8-l4-diskcache-shardedval-v1-1778218672/checkpoints/step_2520_epoch_5_val-der_0.1338.nemo,0,0.503,0,0.503
arda-argmax/sortformer-finetuned/6spk-v0.4-ami-bs1-acc8-l4-diskcache-shardedval-v1-1778218672/checkpoints/step_2700_epoch_5_val-der_0.1335.nemo,0,0.502,0,0.502
arda-argmax/sortformer-finetuned/6spk-v0.4-ami-bs1-acc8-l4-diskcache-shardedval-v1-1778218672/checkpoints/step_270_epoch_0_val-der_0.2001.nemo,0,0.506,0,0.506
arda-argmax/sortformer-finetuned/6spk-v0.4-ami-bs1-acc8-l4-diskcache-shardedval-v1-1778218672/checkpoints/step_3060_epoch_6_val-der_0.1302.nemo,0,0.504,0,0.504
arda-argmax/sortformer-finetuned/6spk-v0.4-ami-bs1-acc8-l4-diskcache-shardedval-v1-1778218672/checkpoints/step_360_epoch_0_val-der_0.1928.nemo,0,0.502,0,0.502
arda-argmax/sortformer-finetuned/6spk-v0.4-ami-bs1-acc8-l4-diskcache-shardedval-v1-1778218672/checkpoints/step_3870_epoch_8_val-der_0.1289.nemo,0,0.508,0,0.508
arda-argmax/sortformer-finetuned/6spk-v0.4-ami-bs1-acc8-l4-diskcache-shardedval-v1-1778218672/checkpoints/step_3960_epoch_8_val-der_0.1285.nemo,0,0.504,0,0.504
arda-argmax/sortformer-finetuned/6spk-v0.4-ami-bs1-acc8-l4-diskcache-shardedval-v1-1778218672/checkpoints/step_4140_epoch_9_val-der_0.1280.nemo,0,0.503,0,0.503
arda-argmax/sortformer-finetuned/6spk-v0.4-ami-bs1-acc8-l4-diskcache-shardedval-v1-1778218672/checkpoints/step_450_epoch_0_val-der_0.1911.nemo,0,0.505,0,0.505
arda-argmax/sortformer-finetuned/6spk-v0.4-ami-bs1-acc8-l4-diskcache-shardedval-v1-1778218672/checkpoints/step_540_epoch_1_val-der_0.1894.nemo,0,0.503,0,0.503
arda-argmax/sortformer-finetuned/6spk-v0.4-ami-bs1-acc8-l4-diskcache-shardedval-v1-1778218672/checkpoints/step_630_epoch_1_val-der_0.1871.nemo,0,0.501,0,0.501
arda-argmax/sortformer-finetuned/6spk-v0.4-ami-bs1-acc8-l4-diskcache-shardedval-v1-1778218672/checkpoints/step_720_epoch_1_val-der_0.1813.nemo,0,0.504,0,0.504
arda-argmax/sortformer-finetuned/6spk-v0.4-ami-bs1-acc8-l4-diskcache-shardedval-v1-1778218672/checkpoints/step_900_epoch_1_val-der_0.1706.nemo,0,0.504,0,0.504
arda-argmax/sortformer-finetuned/6spk-v0.4-ami-bs1-acc8-l4-diskcache-shardedval-v1-1778218672/checkpoints/step_90_epoch_0_val-der_0.3542.nemo,0,0.505,0,0.505
arda-argmax/sortformer-finetuned/6spk-v0.4-ami-bs1-acc8-l4-diskcache-shardedval-v1-1778218672/checkpoints/step_990_epoch_2_val-der_0.1561.nemo,0,0.508,0,0.508
arda-argmax/sortformer-finetuned/6spk-v0.4-librispeech-ami-bs1-acc8-l4-diskcache-shardedval-v3-1778228622/best.nemo,0,0.606,0,0.606
arda-argmax/sortformer-finetuned/6spk-v0.4-librispeech-ami-bs1-acc8-l4-diskcache-shardedval-v3-1778228622/checkpoints/step_1440_epoch_1_val-der_0.2048.nemo,0,0.503,0,0.503
arda-argmax/sortformer-finetuned/6spk-v0.4-librispeech-ami-bs1-acc8-l4-diskcache-shardedval-v3-1778228622/checkpoints/step_1530_epoch_1_val-der_0.2042.nemo,0,0.508,0,0.508
arda-argmax/sortformer-finetuned/6spk-v0.4-librispeech-ami-bs1-acc8-l4-diskcache-shardedval-v3-1778228622/checkpoints/step_1620_epoch_1_val-der_0.2035.nemo,0,0.502,0,0.502
arda-argmax/sortformer-finetuned/6spk-v0.4-librispeech-ami-bs1-acc8-l4-diskcache-shardedval-v3-1778228622/checkpoints/step_180_epoch_0_val-der_0.2159.nemo,0,0.503,0,0.503
arda-argmax/sortformer-finetuned/6spk-v0.4-librispeech-ami-bs1-acc8-l4-diskcache-shardedval-v3-1778228622/checkpoints/step_270_epoch_0_val-der_0.2146.nemo,0,0.508,0,0.508
arda-argmax/sortformer-finetuned/6spk-v0.4-librispeech-ami-bs1-acc8-l4-diskcache-shardedval-v3-1778228622/checkpoints/step_360_epoch_0_val-der_0.2138.nemo,0,0.502,0,0.502
arda-argmax/sortformer-finetuned/6spk-v0.4-librispeech-ami-bs1-acc8-l4-diskcache-shardedval-v3-1778228622/checkpoints/step_450_epoch_0_val-der_0.2116.nemo,0,0.505,0,0.505
arda-argmax/sortformer-finetuned/6spk-v0.4-librispeech-ami-bs1-acc8-l4-diskcache-shardedval-v3-1778228622/checkpoints/step_630_epoch_0_val-der_0.2103.nemo,0,0.507,0,0.507
arda-argmax/sortformer-finetuned/6spk-v0.4-librispeech-ami-bs1-acc8-l4-diskcache-shardedval-v3-1778228622/checkpoints/step_810_epoch_0_val-der_0.2059.nemo,0,0.503,0,0.503
arda-argmax/sortformer-finetuned/6spk-v0.4-librispeech-ami-bs1-acc8-l4-diskcache-shardedval-v3-1778228622/checkpoints/step_90_epoch_0_val-der_0.2223.nemo,0,0.502,0,0.502
arda-argmax/sortformer-finetuned/6spk-v0.4-librispeech-ami-bs1-acc8-l4-diskcache-shardedval-v5-1778286481/best.nemo,0,0.506,0,0.506
arda-argmax/sortformer-finetuned/6spk-v0.4-librispeech-ami-bs1-acc8-l4-diskcache-shardedval-v5-1778286481/checkpoints/step_1080_epoch_1_val-der_0.1398.nemo,0,0.504,0,0.504
arda-argmax/sortformer-finetuned/6spk-v0.4-librispeech-ami-bs1-acc8-l4-diskcache-shardedval-v5-1778286481/checkpoints/step_1260_epoch_1_val-der_0.1390.nemo,0,0.503,0,0.503
arda-argmax/sortformer-finetuned/6spk-v0.4-librispeech-ami-bs1-acc8-l4-diskcache-shardedval-v5-1778286481/checkpoints/step_1350_epoch_1_val-der_0.1374.nemo,0,0.506,0,0.506
arda-argmax/sortformer-finetuned/6spk-v0.4-librispeech-ami-bs1-acc8-l4-diskcache-shardedval-v5-1778286481/checkpoints/step_1440_epoch_1_val-der_0.1353.nemo,0,0.503,0,0.503
arda-argmax/sortformer-finetuned/6spk-v0.4-librispeech-ami-bs1-acc8-l4-diskcache-shardedval-v5-1778286481/checkpoints/step_1530_epoch_1_val-der_0.1346.nemo,0,0.505,0,0.505
arda-argmax/sortformer-finetuned/6spk-v0.4-librispeech-ami-bs1-acc8-l4-diskcache-shardedval-v5-1778286481/checkpoints/step_1710_epoch_1_val-der_0.1343.nemo,0,0.512,0,0.512
arda-argmax/sortformer-finetuned/6spk-v0.4-librispeech-ami-bs1-acc8-l4-diskcache-shardedval-v5-1778286481/checkpoints/step_1800_epoch_1_val-der_0.1334.nemo,0,0.503,0,0.503
arda-argmax/sortformer-finetuned/6spk-v0.4-librispeech-ami-bs1-acc8-l4-diskcache-shardedval-v5-1778286481/checkpoints/step_180_epoch_0_val-der_0.2056.nemo,0,0.504,0,0.504
arda-argmax/sortformer-finetuned/6spk-v0.4-librispeech-ami-bs1-acc8-l4-diskcache-shardedval-v5-1778286481/checkpoints/step_2070_epoch_2_val-der_0.1327.nemo,0,0.509,0,0.509
arda-argmax/sortformer-finetuned/6spk-v0.4-librispeech-ami-bs1-acc8-l4-diskcache-shardedval-v5-1778286481/checkpoints/step_2160_epoch_2_val-der_0.1317.nemo,0,0.503,0,0.503
arda-argmax/sortformer-finetuned/6spk-v0.4-librispeech-ami-bs1-acc8-l4-diskcache-shardedval-v5-1778286481/checkpoints/step_2250_epoch_2_val-der_0.1302.nemo,0,0.503,0,0.503
arda-argmax/sortformer-finetuned/6spk-v0.4-librispeech-ami-bs1-acc8-l4-diskcache-shardedval-v5-1778286481/checkpoints/step_2520_epoch_2_val-der_0.1283.nemo,0,0.508,0,0.508
arda-argmax/sortformer-finetuned/6spk-v0.4-librispeech-ami-bs1-acc8-l4-diskcache-shardedval-v5-1778286481/checkpoints/step_270_epoch_0_val-der_0.1998.nemo,0,0.592,0,0.592
arda-argmax/sortformer-finetuned/6spk-v0.4-librispeech-ami-bs1-acc8-l4-diskcache-shardedval-v5-1778286481/checkpoints/step_2880_epoch_3_val-der_0.1271.nemo,0,0.503,0,0.503
arda-argmax/sortformer-finetuned/6spk-v0.4-librispeech-ami-bs1-acc8-l4-diskcache-shardedval-v5-1778286481/checkpoints/step_3060_epoch_3_val-der_0.1269.nemo,0,0.51,0,0.51
arda-argmax/sortformer-finetuned/6spk-v0.4-librispeech-ami-bs1-acc8-l4-diskcache-shardedval-v5-1778286481/checkpoints/step_3240_epoch_3_val-der_0.1268.nemo,0,0.505,0,0.505
arda-argmax/sortformer-finetuned/6spk-v0.4-librispeech-ami-bs1-acc8-l4-diskcache-shardedval-v5-1778286481/checkpoints/step_3330_epoch_3_val-der_0.1266.nemo,0,0.503,0,0.503
arda-argmax/sortformer-finetuned/6spk-v0.4-librispeech-ami-bs1-acc8-l4-diskcache-shardedval-v5-1778286481/checkpoints/step_3420_epoch_3_val-der_0.1252.nemo,0,0.508,0,0.508
arda-argmax/sortformer-finetuned/6spk-v0.4-librispeech-ami-bs1-acc8-l4-diskcache-shardedval-v5-1778286481/checkpoints/step_360_epoch_0_val-der_0.1911.nemo,0,0.506,0,0.506
arda-argmax/sortformer-finetuned/6spk-v0.4-librispeech-ami-bs1-acc8-l4-diskcache-shardedval-v5-1778286481/checkpoints/step_4050_epoch_4_val-der_0.1241.nemo,0,0.503,0,0.503
arda-argmax/sortformer-finetuned/6spk-v0.4-librispeech-ami-bs1-acc8-l4-diskcache-shardedval-v5-1778286481/checkpoints/step_4410_epoch_4_val-der_0.1238.nemo,0,0.505,0,0.505
arda-argmax/sortformer-finetuned/6spk-v0.4-librispeech-ami-bs1-acc8-l4-diskcache-shardedval-v5-1778286481/checkpoints/step_450_epoch_0_val-der_0.1895.nemo,0,0.504,0,0.504
arda-argmax/sortformer-finetuned/6spk-v0.4-librispeech-ami-bs1-acc8-l4-diskcache-shardedval-v5-1778286481/checkpoints/step_4770_epoch_5_val-der_0.1237.nemo,0,0.502,0,0.502
arda-argmax/sortformer-finetuned/6spk-v0.4-librispeech-ami-bs1-acc8-l4-diskcache-shardedval-v5-1778286481/checkpoints/step_4950_epoch_5_val-der_0.1219.nemo,0,0.508,0,0.508
arda-argmax/sortformer-finetuned/6spk-v0.4-librispeech-ami-bs1-acc8-l4-diskcache-shardedval-v5-1778286481/checkpoints/step_540_epoch_0_val-der_0.1872.nemo,0,0.503,0,0.503
arda-argmax/sortformer-finetuned/6spk-v0.4-librispeech-ami-bs1-acc8-l4-diskcache-shardedval-v5-1778286481/checkpoints/step_5940_epoch_6_val-der_0.1207.nemo,0,0.503,0,0.503
arda-argmax/sortformer-finetuned/6spk-v0.4-librispeech-ami-bs1-acc8-l4-diskcache-shardedval-v5-1778286481/checkpoints/step_630_epoch_0_val-der_0.1612.nemo,0,0.508,0,0.508
arda-argmax/sortformer-finetuned/6spk-v0.4-librispeech-ami-bs1-acc8-l4-diskcache-shardedval-v5-1778286481/checkpoints/step_6390_epoch_7_val-der_0.1200.nemo,0,0.502,0,0.502
arda-argmax/sortformer-finetuned/6spk-v0.4-librispeech-ami-bs1-acc8-l4-diskcache-shardedval-v5-1778286481/checkpoints/step_720_epoch_0_val-der_0.1542.nemo,0,0.503,0,0.503
arda-argmax/sortformer-finetuned/6spk-v0.4-librispeech-ami-bs1-acc8-l4-diskcache-shardedval-v5-1778286481/checkpoints/step_7290_epoch_8_val-der_0.1193.nemo,0,0.508,0,0.508
arda-argmax/sortformer-finetuned/6spk-v0.4-librispeech-ami-bs1-acc8-l4-diskcache-shardedval-v5-1778286481/checkpoints/step_7470_epoch_8_val-der_0.1188.nemo,0,0.503,0,0.503
arda-argmax/sortformer-finetuned/6spk-v0.4-librispeech-ami-bs1-acc8-l4-diskcache-shardedval-v5-1778286481/checkpoints/step_7560_epoch_8_val-der_0.1182.nemo,0,0.503,0,0.503
arda-argmax/sortformer-finetuned/6spk-v0.4-librispeech-ami-bs1-acc8-l4-diskcache-shardedval-v5-1778286481/checkpoints/step_810_epoch_0_val-der_0.1480.nemo,0,0.509,0,0.509
arda-argmax/sortformer-finetuned/6spk-v0.4-librispeech-ami-bs1-acc8-l4-diskcache-shardedval-v5-1778286481/checkpoints/step_900_epoch_0_val-der_0.1433.nemo,0,0.504,0,0.504
arda-argmax/sortformer-finetuned/6spk-v0.4-librispeech-ami-bs1-acc8-l4-diskcache-shardedval-v5-1778286481/checkpoints/step_90_epoch_0_val-der_0.2223.nemo,0,0.503,0,0.503
arda-argmax/sortformer-finetuned/6spk-v0.4-librispeech-ami-bs1-acc8-l4-diskcache-shardedval-v5-1778286481/checkpoints/step_990_epoch_1_val-der_0.1429.nemo,0,0.507,0,0.507
arda-argmax/sortformer-finetuned/6spk-v0.4-librispeech-bs1-acc8-l4-diskcache-shardedval-v1-1778198761/best.nemo,0,0.504,0,0.504
arda-argmax/sortformer-finetuned/6spk-v0.4-librispeech-bs1-acc8-l4-diskcache-shardedval-v1-1778198761/checkpoints/step_1080_epoch_2_val-der_0.1069.nemo,0,0.597,0,0.597
arda-argmax/sortformer-finetuned/6spk-v0.4-librispeech-bs1-acc8-l4-diskcache-shardedval-v1-1778198761/checkpoints/step_1170_epoch_2_val-der_0.1058.nemo,0,0.507,0,0.507
arda-argmax/sortformer-finetuned/6spk-v0.4-librispeech-bs1-acc8-l4-diskcache-shardedval-v1-1778198761/checkpoints/step_1260_epoch_2_val-der_0.1043.nemo,0,0.503,0,0.503
arda-argmax/sortformer-finetuned/6spk-v0.4-librispeech-bs1-acc8-l4-diskcache-shardedval-v1-1778198761/checkpoints/step_1710_epoch_3_val-der_0.1027.nemo,0,0.503,0,0.503
arda-argmax/sortformer-finetuned/6spk-v0.4-librispeech-bs1-acc8-l4-diskcache-shardedval-v1-1778198761/checkpoints/step_180_epoch_0_val-der_0.1670.nemo,0,0.504,0,0.504
arda-argmax/sortformer-finetuned/6spk-v0.4-librispeech-bs1-acc8-l4-diskcache-shardedval-v1-1778198761/checkpoints/step_2160_epoch_4_val-der_0.1016.nemo,0,0.503,0,0.503
arda-argmax/sortformer-finetuned/6spk-v0.4-librispeech-bs1-acc8-l4-diskcache-shardedval-v1-1778198761/checkpoints/step_2430_epoch_5_val-der_0.1014.nemo,0,0.507,0,0.507
arda-argmax/sortformer-finetuned/6spk-v0.4-librispeech-bs1-acc8-l4-diskcache-shardedval-v1-1778198761/checkpoints/step_2700_epoch_5_val-der_0.1002.nemo,0,0.503,0,0.503
arda-argmax/sortformer-finetuned/6spk-v0.4-librispeech-bs1-acc8-l4-diskcache-shardedval-v1-1778198761/checkpoints/step_270_epoch_0_val-der_0.1644.nemo,0,0.502,0,0.502
arda-argmax/sortformer-finetuned/6spk-v0.4-librispeech-bs1-acc8-l4-diskcache-shardedval-v1-1778198761/checkpoints/step_2880_epoch_6_val-der_0.0996.nemo,0,0.508,0,0.508
arda-argmax/sortformer-finetuned/6spk-v0.4-librispeech-bs1-acc8-l4-diskcache-shardedval-v1-1778198761/checkpoints/step_2970_epoch_6_val-der_0.0992.nemo,0,0.504,0,0.504
arda-argmax/sortformer-finetuned/6spk-v0.4-librispeech-bs1-acc8-l4-diskcache-shardedval-v1-1778198761/checkpoints/step_3150_epoch_6_val-der_0.0982.nemo,0,0.502,0,0.502
arda-argmax/sortformer-finetuned/6spk-v0.4-librispeech-bs1-acc8-l4-diskcache-shardedval-v1-1778198761/checkpoints/step_3600_epoch_7_val-der_0.0981.nemo,0,0.509,0,0.509
arda-argmax/sortformer-finetuned/6spk-v0.4-librispeech-bs1-acc8-l4-diskcache-shardedval-v1-1778198761/checkpoints/step_360_epoch_0_val-der_0.1619.nemo,0,0.503,0,0.503
arda-argmax/sortformer-finetuned/6spk-v0.4-librispeech-bs1-acc8-l4-diskcache-shardedval-v1-1778198761/checkpoints/step_3780_epoch_8_val-der_0.0976.nemo,0,0.502,0,0.502
arda-argmax/sortformer-finetuned/6spk-v0.4-librispeech-bs1-acc8-l4-diskcache-shardedval-v1-1778198761/checkpoints/step_4050_epoch_8_val-der_0.0964.nemo,0,0.506,0,0.506
arda-argmax/sortformer-finetuned/6spk-v0.4-librispeech-bs1-acc8-l4-diskcache-shardedval-v1-1778198761/checkpoints/step_4140_epoch_9_val-der_0.0958.nemo,0,0.503,0,0.503
arda-argmax/sortformer-finetuned/6spk-v0.4-librispeech-bs1-acc8-l4-diskcache-shardedval-v1-1778198761/checkpoints/step_4230_epoch_9_val-der_0.0915.nemo,0,0.502,0,0.502
arda-argmax/sortformer-finetuned/6spk-v0.4-librispeech-bs1-acc8-l4-diskcache-shardedval-v1-1778198761/checkpoints/step_4320_epoch_9_val-der_0.0872.nemo,0,0.503,0,0.503
arda-argmax/sortformer-finetuned/6spk-v0.4-librispeech-bs1-acc8-l4-diskcache-shardedval-v1-1778198761/checkpoints/step_4410_epoch_9_val-der_0.0843.nemo,0,0.502,0,0.502
arda-argmax/sortformer-finetuned/6spk-v0.4-librispeech-bs1-acc8-l4-diskcache-shardedval-v1-1778198761/checkpoints/step_450_epoch_0_val-der_0.1291.nemo,0,0.503,0,0.503
arda-argmax/sortformer-finetuned/6spk-v0.4-librispeech-bs1-acc8-l4-diskcache-shardedval-v1-1778198761/checkpoints/step_540_epoch_1_val-der_0.1151.nemo,0,0.503,0,0.503
arda-argmax/sortformer-finetuned/6spk-v0.4-librispeech-bs1-acc8-l4-diskcache-shardedval-v1-1778198761/checkpoints/step_720_epoch_1_val-der_0.1120.nemo,0,0.503,0,0.503
arda-argmax/sortformer-finetuned/6spk-v0.4-librispeech-bs1-acc8-l4-diskcache-shardedval-v1-1778198761/checkpoints/step_810_epoch_1_val-der_0.1082.nemo,0,0.506,0,0.506
arda-argmax/sortformer-finetuned/6spk-v0.4-librispeech-bs1-acc8-l4-diskcache-shardedval-v1-1778198761/checkpoints/step_90_epoch_0_val-der_0.1700.nemo,0,0.596,0,0.596
arda-argmax/sortformer-finetuned/6spk-v0.6-fastmss-prepared-shar-bs1-acc8-l4-worldfix-v1-1780479980/best.nemo,0,0.504,0,0.504
arda-argmax/sortformer-finetuned/6spk-v0.6-fastmss-prepared-shar-bs1-acc8-l4-worldfix-v1-1780479980/checkpoints/step_180_epoch_0_val-der_0.2104.nemo,0,0.507,0,0.507
arda-argmax/sortformer-finetuned/6spk-v0.6-fastmss-prepared-shar-bs1-acc8-l4-worldfix-v1-1780479980/checkpoints/step_270_epoch_0_val-der_0.2067.nemo,0,0.502,0,0.502
arda-argmax/sortformer-finetuned/6spk-v0.6-fastmss-prepared-shar-bs1-acc8-l4-worldfix-v1-1780479980/checkpoints/step_360_epoch_0_val-der_0.1966.nemo,0,0.504,0,0.504
arda-argmax/sortformer-finetuned/6spk-v0.6-fastmss-prepared-shar-bs1-acc8-l4-worldfix-v1-1780479980/checkpoints/step_450_epoch_0_val-der_0.1530.nemo,0,0.507,0,0.507
arda-argmax/sortformer-finetuned/6spk-v0.6-fastmss-prepared-shar-bs1-acc8-l4-worldfix-v1-1780479980/checkpoints/step_540_epoch_0_val-der_0.1469.nemo,0,0.503,0,0.503
arda-argmax/sortformer-finetuned/6spk-v0.6-fastmss-prepared-shar-bs1-acc8-l4-worldfix-v1-1780479980/checkpoints/step_630_epoch_0_val-der_0.1446.nemo,0,0.503,0,0.503
arda-argmax/sortformer-finetuned/6spk-v0.6-fastmss-prepared-shar-bs1-acc8-l4-worldfix-v1-1780479980/checkpoints/step_900_epoch_0_val-der_0.1436.nemo,0,0.504,0,0.504
arda-argmax/sortformer-finetuned/6spk-v0.6-fastmss-prepared-shar-bs1-acc8-l4-worldfix-v1-1780479980/checkpoints/step_90_epoch_0_val-der_0.2187.nemo,0,0.503,0,0.503
arda-argmax/sortformer-finetuned/6spk-v0.6-fastmss-prepared-shar-bs1-acc8-l4-worldfix-v1-1780479980/checkpoints/step_990_epoch_1_val-der_0.1416.nemo,0,0.503,0,0.503
arda-argmax/sortformer-finetuned/6spk-v0.6-fastmss-prepared-shar-bs1-ga8-l4-8gpu-fullset-smoketest-v5-1780559280/best.nemo,0,0.507,0,0.507
arda-argmax/sortformer-finetuned/6spk-v0.6-fastmss-prepared-shar-bs1-ga8-l4-8gpu-fullset-smoketest-v5-1780559280/checkpoints/step_62_epoch_0_val-der_0.2269.nemo,0,0.505,0,0.505
arda-argmax/sortformer-finetuned/6spk-v0.6-fastmss-prepared-shar-bs10-a100-80gb-2gpu-debug-debug-v1-1780602245/best.nemo,0,0.504,0,0.504
arda-argmax/sortformer-finetuned/6spk-v0.6-fastmss-prepared-shar-bs10-a100-80gb-2gpu-debug-debug-v1-1780602245/checkpoints/step_100_epoch_0_val-der_0.2319.nemo,0,0.507,0,0.507
arda-argmax/sortformer-finetuned/6spk-v0.6-fastmss-prepared-shar-bs10-a100-80gb-2gpu-debug-debug-v1-1780602245/checkpoints/step_150_epoch_0_val-der_0.2183.nemo,0,0.502,0,0.502
arda-argmax/sortformer-finetuned/6spk-v0.6-fastmss-prepared-shar-bs10-a100-80gb-2gpu-debug-debug-v1-1780602245/checkpoints/step_250_epoch_1_val-der_0.2163.nemo,0,0.502,0,0.502
arda-argmax/sortformer-finetuned/6spk-v0.6-fastmss-prepared-shar-bs10-a100-80gb-2gpu-debug-debug-v1-1780602245/checkpoints/step_350_epoch_1_val-der_0.2109.nemo,0,0.508,0,0.508
arda-argmax/sortformer-finetuned/6spk-v0.6-fastmss-prepared-shar-bs10-a100-80gb-2gpu-debug-debug-v1-1780602245/checkpoints/step_400_epoch_1_val-der_0.2094.nemo,0,0.502,0,0.502
arda-argmax/sortformer-finetuned/6spk-v0.6-fastmss-prepared-shar-bs10-a100-80gb-2gpu-debug-debug-v1-1780602245/checkpoints/step_50_epoch_0_val-der_0.3624.nemo,0,0.503,0,0.503
arda-argmax/sortformer-finetuned/6spk-v0.6-fastmss-prepared-shar-bs10-a100-80gb-4gpu-debug-debug-v1-1780602382/best.nemo,0,0.506,0,0.506
arda-argmax/sortformer-finetuned/6spk-v0.6-fastmss-prepared-shar-bs10-a100-80gb-4gpu-debug-debug-v1-1780602382/checkpoints/step_100_epoch_0_val-der_0.2269.nemo,0,0.502,0,0.502
arda-argmax/sortformer-finetuned/6spk-v0.6-fastmss-prepared-shar-bs10-a100-80gb-4gpu-debug-debug-v1-1780602382/checkpoints/step_150_epoch_1_val-der_0.2196.nemo,0,0.503,0,0.503
arda-argmax/sortformer-finetuned/6spk-v0.6-fastmss-prepared-shar-bs10-a100-80gb-4gpu-debug-debug-v1-1780602382/checkpoints/step_200_epoch_1_val-der_0.2164.nemo,0,0.508,0,0.508
arda-argmax/sortformer-finetuned/6spk-v0.6-fastmss-prepared-shar-bs10-a100-80gb-4gpu-debug-debug-v1-1780602382/checkpoints/step_300_epoch_2_val-der_0.2103.nemo,0,0.597,0,0.597
arda-argmax/sortformer-finetuned/6spk-v0.6-fastmss-prepared-shar-bs10-a100-80gb-4gpu-debug-debug-v1-1780602382/checkpoints/step_50_epoch_0_val-der_0.3548.nemo,0,0.502,0,0.502
arda-argmax/sortformer-finetuned/6spk-v0.6-fastmss-prepared-shar-bs10-a100-80gb-4gpu-fullset-v11-1780998497/best.nemo,0,0.507,0,0.507
arda-argmax/sortformer-finetuned/6spk-v0.6-fastmss-prepared-shar-bs10-a100-80gb-4gpu-fullset-v11-1780998497/checkpoints/step_11235_epoch_0_val-der_0.0716.nemo,0,0.502,0,0.502
arda-argmax/sortformer-finetuned/6spk-v0.6-fastmss-prepared-shar-bs10-a100-80gb-4gpu-fullset-v11-1780998497/checkpoints/step_14980_epoch_0_val-der_0.0702.nemo,0,0.503,0,0.503
arda-argmax/sortformer-finetuned/6spk-v0.6-fastmss-prepared-shar-bs10-a100-80gb-4gpu-fullset-v11-1780998497/checkpoints/step_3745_epoch_0_val-der_0.0756.nemo,0,0.508,0,0.508
arda-argmax/sortformer-finetuned/6spk-v0.6-fastmss-prepared-shar-bs10-a100-80gb-4gpu-fullset-v11-1780998497/checkpoints/step_7490_epoch_0_val-der_0.0723.nemo,0,0.503,0,0.503
arda-argmax/sortformer-finetuned/6spk-v0.6-fastmss-prepared-shar-bs10-a100-80gb-8gpu-debug-debug-v1-1780604170/best.nemo,0,0.502,0,0.502
arda-argmax/sortformer-finetuned/6spk-v0.6-fastmss-prepared-shar-bs10-a100-80gb-8gpu-debug-debug-v1-1780604170/checkpoints/step_100_epoch_1_val-der_0.2204.nemo,0,0.507,0,0.507
arda-argmax/sortformer-finetuned/6spk-v0.6-fastmss-prepared-shar-bs10-a100-80gb-8gpu-debug-debug-v1-1780604170/checkpoints/step_150_epoch_2_val-der_0.2128.nemo,0,0.504,0,0.504
arda-argmax/sortformer-finetuned/6spk-v0.6-fastmss-prepared-shar-bs10-a100-80gb-8gpu-debug-debug-v1-1780604170/checkpoints/step_50_epoch_0_val-der_0.3458.nemo,0,0.503,0,0.503
arda-argmax/sortformer-finetuned/6spk-v0.6-fastmss-prepared-shar-bs10-a100-80gb-8gpu-fullset-v10-1780606582/best.nemo,0,0.506,0,0.506
arda-argmax/sortformer-finetuned/6spk-v0.6-fastmss-prepared-shar-bs10-a100-80gb-8gpu-fullset-v10-1780606582/checkpoints/step_11232_epoch_0_val-der_0.0901.nemo,0,0.503,0,0.503
arda-argmax/sortformer-finetuned/6spk-v0.6-fastmss-prepared-shar-bs10-a100-80gb-8gpu-fullset-v10-1780606582/checkpoints/step_13104_epoch_0_val-der_0.0887.nemo,0,0.503,0,0.503
arda-argmax/sortformer-finetuned/6spk-v0.6-fastmss-prepared-shar-bs10-a100-80gb-8gpu-fullset-v10-1780606582/checkpoints/step_14976_epoch_0_val-der_0.0879.nemo,0,0.506,0,0.506
arda-argmax/sortformer-finetuned/6spk-v0.6-fastmss-prepared-shar-bs10-a100-80gb-8gpu-fullset-v10-1780606582/checkpoints/step_16848_epoch_0_val-der_0.0865.nemo,0,0.502,0,0.502
arda-argmax/sortformer-finetuned/6spk-v0.6-fastmss-prepared-shar-bs10-a100-80gb-8gpu-fullset-v10-1780606582/checkpoints/step_18720_epoch_0_val-der_0.0854.nemo,0,0.501,0,0.501
arda-argmax/sortformer-finetuned/6spk-v0.6-fastmss-prepared-shar-bs10-a100-80gb-8gpu-fullset-v10-1780606582/checkpoints/step_1872_epoch_0_val-der_0.1109.nemo,0,0.507,0,0.507
arda-argmax/sortformer-finetuned/6spk-v0.6-fastmss-prepared-shar-bs10-a100-80gb-8gpu-fullset-v10-1780606582/checkpoints/step_20592_epoch_0_val-der_0.0846.nemo,0,0.503,0,0.503
arda-argmax/sortformer-finetuned/6spk-v0.6-fastmss-prepared-shar-bs10-a100-80gb-8gpu-fullset-v10-1780606582/checkpoints/step_22464_epoch_0_val-der_0.0840.nemo,0,0.503,0,0.503
arda-argmax/sortformer-finetuned/6spk-v0.6-fastmss-prepared-shar-bs10-a100-80gb-8gpu-fullset-v10-1780606582/checkpoints/step_24336_epoch_0_val-der_0.0838.nemo,0,0.506,0,0.506
arda-argmax/sortformer-finetuned/6spk-v0.6-fastmss-prepared-shar-bs10-a100-80gb-8gpu-fullset-v10-1780606582/checkpoints/step_26208_epoch_0_val-der_0.0828.nemo,0,0.503,0,0.503
arda-argmax/sortformer-finetuned/6spk-v0.6-fastmss-prepared-shar-bs10-a100-80gb-8gpu-fullset-v10-1780606582/checkpoints/step_28080_epoch_0_val-der_0.0815.nemo,0,0.504,0,0.504
arda-argmax/sortformer-finetuned/6spk-v0.6-fastmss-prepared-shar-bs10-a100-80gb-8gpu-fullset-v10-1780606582/checkpoints/step_31824_epoch_0_val-der_0.0807.nemo,0,0.504,0,0.504
arda-argmax/sortformer-finetuned/6spk-v0.6-fastmss-prepared-shar-bs10-a100-80gb-8gpu-fullset-v10-1780606582/checkpoints/step_35568_epoch_0_val-der_0.0804.nemo,0,0.607,0,0.607
arda-argmax/sortformer-finetuned/6spk-v0.6-fastmss-prepared-shar-bs10-a100-80gb-8gpu-fullset-v10-1780606582/checkpoints/step_37440_epoch_0_val-der_0.0797.nemo,0,0.503,0,0.503
arda-argmax/sortformer-finetuned/6spk-v0.6-fastmss-prepared-shar-bs10-a100-80gb-8gpu-fullset-v10-1780606582/checkpoints/step_3744_epoch_0_val-der_0.1021.nemo,0,0.503,0,0.503
arda-argmax/sortformer-finetuned/6spk-v0.6-fastmss-prepared-shar-bs10-a100-80gb-8gpu-fullset-v10-1780606582/checkpoints/step_5616_epoch_0_val-der_0.0964.nemo,0,0.508,0,0.508
arda-argmax/sortformer-finetuned/6spk-v0.6-fastmss-prepared-shar-bs10-a100-80gb-8gpu-fullset-v10-1780606582/checkpoints/step_7488_epoch_0_val-der_0.0941.nemo,0,0.504,0,0.504
arda-argmax/sortformer-finetuned/6spk-v0.6-fastmss-prepared-shar-bs10-a100-80gb-8gpu-fullset-v10-1780606582/checkpoints/step_9360_epoch_0_val-der_0.0917.nemo,0,0.504,0,0.504
arda-argmax/sortformer-finetuned/6spk-vox-ami-aishell-ali-bs10-ga2-a100-80gb-4gpu-5ep-v2-1782411519/best.nemo,0,0.508,0,0.508
arda-argmax/sortformer-finetuned/6spk-vox-ami-aishell-ali-bs10-ga2-a100-80gb-4gpu-5ep-v2-1782411519/checkpoints/step_104_epoch_0_val-der_0.1575.nemo,0,0.507,0,0.507
arda-argmax/sortformer-finetuned/6spk-vox-ami-aishell-ali-bs10-ga2-a100-80gb-4gpu-5ep-v2-1782411519/checkpoints/step_131_epoch_1_val-der_0.1559.nemo,0,0.504,0,0.504
arda-argmax/sortformer-finetuned/6spk-vox-ami-aishell-ali-bs10-ga2-a100-80gb-4gpu-5ep-v2-1782411519/checkpoints/step_183_epoch_1_val-der_0.1529.nemo,0,0.509,0,0.509
arda-argmax/sortformer-finetuned/6spk-vox-ami-aishell-ali-bs10-ga2-a100-80gb-4gpu-5ep-v2-1782411519/checkpoints/step_236_epoch_2_val-der_0.1527.nemo,0,0.505,0,0.505
arda-argmax/sortformer-finetuned/6spk-vox-ami-aishell-ali-bs10-ga2-a100-80gb-4gpu-5ep-v2-1782411519/checkpoints/step_26_epoch_0_val-der_0.1865.nemo,0,0.504,0,0.504
arda-argmax/sortformer-finetuned/6spk-vox-ami-aishell-ali-bs10-ga2-a100-80gb-4gpu-5ep-v2-1782411519/checkpoints/step_288_epoch_2_val-der_0.1515.nemo,0,0.507,0,0.507
arda-argmax/sortformer-finetuned/6spk-vox-ami-aishell-ali-bs10-ga2-a100-80gb-4gpu-5ep-v2-1782411519/checkpoints/step_341_epoch_3_val-der_0.1510.nemo,0,0.502,0,0.502
arda-argmax/sortformer-finetuned/6spk-vox-ami-aishell-ali-bs10-ga2-a100-80gb-4gpu-5ep-v2-1782411519/checkpoints/step_419_epoch_3_val-der_0.1496.nemo,0,0.502,0,0.502
arda-argmax/sortformer-finetuned/6spk-vox-ami-aishell-ali-bs10-ga2-a100-80gb-4gpu-5ep-v2-1782411519/checkpoints/step_472_epoch_4_val-der_0.1480.nemo,0,0.504,0,0.504
arda-argmax/sortformer-finetuned/6spk-vox-ami-aishell-ali-bs10-ga2-a100-80gb-4gpu-5ep-v2-1782411519/checkpoints/step_52_epoch_0_val-der_0.1649.nemo,0,0.503,0,0.503
arda-argmax/sortformer-finetuned/6spk-vox-ami-aishell-ali-bs10-ga2-a100-80gb-4gpu-5ep-v2-1782411519/checkpoints/step_78_epoch_0_val-der_0.1603.nemo,0,0.505,0,0.505
arda-argmax/sortformer-finetuned/8spk-v0.2-bs1-acc8-l4-cachedtrain-shardedval_v3-1777960366/best.nemo,0,0.509,0,0.509
arda-argmax/sortformer-finetuned/8spk-v0.2-bs1-acc8-l4-cachedtrain-shardedval_v6-1777969623/best.nemo,0,0.504,0,0.504
arda-argmax/sortformer-finetuned/8spk-v0.2-bs1-acc8-l4-cachedval-1777594506/best.nemo,0,0.504,0,0.504
arda-argmax/sortformer-finetuned/8spk-v0.2-bs1-acc8-l4-diskcache-shardedval-v1-1778007921/best.nemo,0,0.507,0,0.507
arda-argmax/sortformer-finetuned/smoke-1777401758/best.nemo,0,0.503,0,0.503
arda-argmax/sortformer-finetuned/sortformer-train-1777492805/best.nemo,0,0.503,0,0.503
arda-argmax/sortformer-finetuned/sortformer-train-1777563938/best.nemo,0,0.507,0,0.507
arda-argmax/sortformer-finetuned/sortformer-train-1777567093/best.nemo,0,0.594,0,0.594
arda-argmax/sortformer-finetuned/sortformer-train-1777578793/best.nemo,0,0.504,0,0.504
arda-argmax/sortformer-finetuned/sortformer-train-1777589381/best.nemo,0,0.507,0,0.507
arda-argmax/sortformer-finetuned/vertex-streaming-smoke-train-1777405971/best.nemo,0,0.504,0,0.504
arda-argmax/sortformer-finetuned/vertex-streaming-smoke-train-1777413928/best.nemo,0,0.502,0,0.502
timm/MobileCLIP2-S0-OpenCLIP/open_clip_pytorch_model.bin,0,0.026,0,0.026
optimum-intel-internal-testing/tiny-random-Data2VecTextModel/pytorch_model.bin,0,0.007,0,0.007
timm/convnext_large.dinov3_lvd1689m/pytorch_model.bin,0,0.013,0,0.013
timm/MobileCLIP2-S2-OpenCLIP/open_clip_pytorch_model.bin,0,0.038,0,0.038
OpenMed/OpenMed-ZeroShot-NER-Pathology-Tiny-60M/pytorch_model.bin,0,0.009,0,0.009
nvidia/C-RADIOv4-SO400M/c-radio_v4-so400m_half.pth.tar,0,0.014,11.013,11.027
zondaxyz/babyconceptLM-baike102M_bpe40/pytorch_model.bin,0,0.009,0,0.009
pytorch/gemma-3-12b-it-FP8/pytorch_model-00001-of-00003.bin,0,0.029,17.342,17.371
LuckyOda/comfyui-full-pack/person_yolov8m-seg.pt,0,0.055,14.542,14.597
blackbeedrones/sae-2026-hang-all-yolo26n-seg-v2-960/weights/epoch187.pt,0,0.087,52.406,52.493
knalin55/CUNI_FT-CROSS-LoRA/training_args.bin,0,0.007,3.83,3.837
thatbrguy/g3t/model.pt,0,0.035,0,0.035
michka/Melenchon-Nemo-12B/checkpoint-240/optimizer.pt,0,0.047,0,0.047
Stable-X/vggt-object-v0-1/model.pt,0,0.042,0,0.042
sakamakismile/Qwen3.6-27B-LNARIZE-NVFP4/kvtc_calibration.pt,0,0.023,12.127,12.15
timm/vit_huge_patch14_clip_378.metaclip2_worldwide/open_clip_pytorch_model.bin,0,0.02,0,0.02
timm/vit_huge_patch14_clip_378.metaclip2_worldwide/pytorch_model.bin,0,0.103,0,0.103
Chess473737/nepal-model/A100Pretrain/checkpoint-10000/training_args.bin,0,0.005,12.035,12.04
Chess473737/nepal-model/A100Pretrain/checkpoint-15000/training_args.bin,0,0.005,11.84,11.845
Chess473737/nepal-model/A100Pretrain/checkpoint-20000/training_args.bin,0,0.005,8.925,8.93
Chess473737/nepal-model/A100Pretrain/checkpoint-5000/optimizer.pt,0,0.014,0,0.014
Chess473737/nepal-model/A100Pretrain/checkpoint-5000/scheduler.pt,0,0.004,0,0.004
Chess473737/nepal-model/A100Pretrain/checkpoint-5000/training_args.bin,0,0.004,2.938,2.942
Chess473737/nepal-model/Kaggle1B/ckpt-12000/scheduler.pt,0,0.005,0,0.005
openbmb/BitCPM-CANN-3B/pytorch_model.bin,0,0.013,0,0.013
typhoon-ai/typhoon-asr-realtime/typhoon-asr-realtime.nemo,0,0.498,0,0.498
cisco-ai/SecureBERT2.0-cross_encoder/optimizer.pt,0,0.014,0,0.014
AIDElab-IITBombay/RadJEPA/jepa_encoder.pth.tar,0,0.031,0,0.031
Runware/adetailer/deepfashion2_yolov8s-seg.pt,0,0.045,16.745,16.79
Runware/adetailer/person_yolov8m-seg.pt,0,0.056,14.142,14.198
Runware/adetailer/person_yolov8n-seg.pt,0,0.045,11.493,11.538
Runware/adetailer/person_yolov8s-seg.pt,0,0.045,16.571,16.616
stabilityai/stable-audio-3-small-sfx-base/svd_bases.pt,0,0.019,0,0.019
openbmb/BitCPM-CANN-8B/pytorch_model.bin,0,0.011,0,0.011
GaryFer/smart-parking-weights/fasterrcnnv2/best_seed1000.pt,0,0.014,0,0.014
GaryFer/smart-parking-weights/fasterrcnnv2/best_seed123.pt,0,0.014,0,0.014
GaryFer/smart-parking-weights/fasterrcnnv2/best_seed1234.pt,0,0.014,0,0.014
GaryFer/smart-parking-weights/fasterrcnnv2/best_seed2025.pt,0,0.013,0,0.013
GaryFer/smart-parking-weights/fasterrcnnv2/best_seed3141.pt,0,0.014,0,0.014
GaryFer/smart-parking-weights/fasterrcnnv2/best_seed42.pt,0,0.014,0,0.014
GaryFer/smart-parking-weights/fasterrcnnv2/best_seed456.pt,0,0.013,0,0.013
GaryFer/smart-parking-weights/rtdetr/run_1000/weights/best.pt,0,0.088,60.449,60.537
GaryFer/smart-parking-weights/rtdetr/run_1000/weights/last.pt,0,0.2,26.196,26.396
GaryFer/smart-parking-weights/rtdetr/run_123/weights/best.pt,0,0.096,54.648,54.744
GaryFer/smart-parking-weights/rtdetr/run_1234/weights/best.pt,0,0.093,59.675,59.768
GaryFer/smart-parking-weights/rtdetr/run_1234/weights/last.pt,0,0.092,51.084,51.176
GaryFer/smart-parking-weights/rtdetr/run_2024/weights/last.pt,0,0.092,64.979,65.071
GaryFer/smart-parking-weights/rtdetr/run_3141/weights/best.pt,0,0.184,25.078,25.262
GaryFer/smart-parking-weights/rtdetr/run_456/weights/best.pt,0,0.093,26.284,26.377
GaryFer/smart-parking-weights/rtdetr/run_789/weights/best.pt,0,0.093,24.904,24.997
GaryFer/smart-parking-weights/yolov11s/run_1000/weights/last.pt,0,0.05,28.853,28.903
GaryFer/smart-parking-weights/yolov11s/run_123/weights/best.pt,0,0.048,14.865,14.913
GaryFer/smart-parking-weights/yolov11s/run_123/weights/last.pt,0,0.048,15.626,15.674
GaryFer/smart-parking-weights/yolov11s/run_1234/weights/best.pt,0,0.048,31.163,31.211
GaryFer/smart-parking-weights/yolov11s/run_2025/weights/best.pt,0,0.048,12.199,12.247
GaryFer/smart-parking-weights/yolov11s/run_2025/weights/last.pt,0,0.141,14.322,14.463
GaryFer/smart-parking-weights/yolov11s/run_3141/weights/best.pt,0,0.047,27.6,27.647
GaryFer/smart-parking-weights/yolov11s/run_42/weights/best.pt,0,0.056,32.472,32.528
GaryFer/smart-parking-weights/yolov11s/run_456/weights/best.pt,0,0.048,16.083,16.131
GaryFer/smart-parking-weights/yolov11s/run_456/weights/last.pt,0,0.049,13.299,13.348
GaryFer/smart-parking-weights/yolov11s/run_789/weights/best.pt,0,0.048,33.515,33.563
GaryFer/smart-parking-weights/yolov11s/run_789/weights/last.pt,0,0.047,15.203,15.25
GaryFer/smart-parking-weights/yolov11s/run_9999/weights/best.pt,0,0.048,34.007,34.055
GaryFer/smart-parking-weights/yolov11s/run_9999/weights/last.pt,0,0.047,13.133,13.18
GaryFer/smart-parking-weights/yolov12s/run_1000/weights/best.pt,0,0.065,19.65,19.715
GaryFer/smart-parking-weights/yolov12s/run_1000/weights/last.pt,0,0.159,34.31,34.469
GaryFer/smart-parking-weights/yolov12s/run_123/weights/best.pt,0,0.063,34.592,34.655
GaryFer/smart-parking-weights/yolov12s/run_1234/weights/last.pt,0,0.065,32.47,32.535
GaryFer/smart-parking-weights/yolov12s/run_2024/weights/last.pt,0,0.067,33.354,33.421
GaryFer/smart-parking-weights/yolov12s/run_2025/weights/best.pt,0,0.067,30.817,30.884
GaryFer/smart-parking-weights/yolov12s/run_3141/weights/best.pt,0,0.066,30.521,30.587
GaryFer/smart-parking-weights/yolov12s/run_3141/weights/last.pt,0,0.066,30.203,30.269
GaryFer/smart-parking-weights/yolov12s/run_42/weights/best.pt,0,0.153,38.704,38.857
GaryFer/smart-parking-weights/yolov12s/run_456/weights/best.pt,0,0.065,28.155,28.22
GaryFer/smart-parking-weights/yolov12s/run_456/weights/last.pt,0,0.063,31.04,31.103
GaryFer/smart-parking-weights/yolov12s/run_789/weights/last.pt,0,0.067,30.916,30.983
GaryFer/smart-parking-weights/yolov12s/run_9999/weights/best.pt,0,0.063,36.587,36.65
GaryFer/smart-parking-weights/yolov12s/run_9999/weights/last.pt,0,0.063,34.802,34.865
GaryFer/smart-parking-weights/yolov8s/run_1000/weights/best.pt,0,0.037,26.616,26.653
GaryFer/smart-parking-weights/yolov8s/run_123/weights/best.pt,0,0.037,25.27,25.307
GaryFer/smart-parking-weights/yolov8s/run_1234/weights/best.pt,0,0.043,25.098,25.141
GaryFer/smart-parking-weights/yolov8s/run_2024/weights/best.pt,0,0.035,23.504,23.539
GaryFer/smart-parking-weights/yolov8s/run_2025/weights/best.pt,0,0.14,27.452,27.592
GaryFer/smart-parking-weights/yolov8s/run_3141/weights/best.pt,0,0.036,29.115,29.151
GaryFer/smart-parking-weights/yolov8s/run_3141/weights/last.pt,0,0.037,11.103,11.14
GaryFer/smart-parking-weights/yolov8s/run_789/weights/best.pt,0,0.036,23.977,24.013
GaryFer/smart-parking-weights/yolov8s/run_9999/weights/best.pt,0,0.037,28.112,28.149
GaryFer/smart-parking-weights/yolov8s/run_9999/weights/last.pt,0,0.035,11.512,11.547
baichuan-inc/Baichuan-M2-32B/draft/pytorch_model.bin,0,0.008,0,0.008
gabrielpirlo/Sped_ParakeetRomanian_110M_TDT-CTC/SpeD-ParakeetRo_110M_TDT-CTC.nemo,0,0.487,0,0.487
Soul-AILab/SoulX-Singer-Preprocess/parakeet-tdt-0.6b-v2/parakeet-tdt-0.6b-v2.nemo,0,2.519,0,2.519
openbmb/BitCPM-CANN-8B-unquantized/pytorch_model.bin,0,0.013,0,0.013
ecmwf/aifs-ens-2.0/aifs-ens-crps-2.0.ckpt,0,0.086,59.376,59.462
facebook/lagernvs_general_512/model.pt,0,0.038,0,0.038
Malgesw/ppo-Huggy/Huggy/Huggy-1599365.pt,0,0.01,0,0.01
yuriyvnv/parakeet-tdt-0.6b-EN-Medical/parakeet-tdt-cv17_multimed_en-seed42.nemo,0,2.557,0,2.557
yuriyvnv/parakeet-tdt-0.6b-EN-Medical/parakeet-tdt-multimed_en-seed42.nemo,0,2.558,0,2.558
shaikhsalman/ZabaanAI-Urdu-3B/last-checkpoint/optimizer.pt,0,0.044,0,0.044
fpadovani/rus-cyrl-100mb-100mb_seed3407/checkpoint-105000/rng_state.pth,0,0.006,7.127,7.133
fpadovani/rus-cyrl-100mb-100mb_seed3407/checkpoint-39000/rng_state.pth,0,0.003,9.512,9.515
fpadovani/rus-cyrl-100mb-100mb_seed3407/checkpoint-42000/rng_state.pth,0,0.004,8.884,8.888
nvidia/magpie_tts_multilingual_357m/magpie_tts_multilingual_357m.nemo,0,1.521,0,1.521
asdasdasd1234567890/asd/ultralytics/segm/CockAndBallYolo8x.pt,0,0.159,20.929,21.088
asdasdasd1234567890/asd/ultralytics/segm/PitEyeDetailer-v2-seg.pt,0,0.045,13.537,13.582
asdasdasd1234567890/asd/ultralytics/segm/face_yolov8m-seg_60.pt,0,0.047,15.791,15.838
asdasdasd1234567890/asd/ultralytics/segm/person_yolov8m-seg.pt,0,0.055,20.393,20.448
asdasdasd1234567890/asd/ultralytics/segm/person_yolov8n-seg.pt,0,0.045,14.668,14.713
asdasdasd1234567890/asd/ultralytics/segm/person_yolov8s-seg.pt,0,0.046,14.767,14.813
asdasdasd1234567890/asd/ultralytics/segm/skin_yolov8m-seg_400.pt,0,0.047,14.96,15.007
asdasdasd1234567890/asd/ultralytics/segm/yolo-human-parse-epoch-125.pt,0,0.072,32.59,32.662
asdasdasd1234567890/asd/ultralytics/segm/yolo11n-seg.pt,0,0.062,41.773,41.835
attack-vector/SecureModernBERT-NER/checkpoint-10605/optimizer.pt,0,0.017,0,0.017
timm/vit_small_plus_patch16_dinov3_qkvb.lvd1689m/pytorch_model.bin,0,0.011,0,0.011
vivekvar/helmet-v5/yolo11l-pose.pt,0,0.199,61.993,62.192
binant/wendyrv/model.pth,0,0.017,0,0.017
jwest33/qwen3-vl-8b-instruct-null-space-abliterated/null_space_projectors.pt,0,0.007,0,0.007
jwest33/qwen3-vl-8b-instruct-null-space-abliterated/refusal_directions.pt,0,0.004,0,0.004
inference-optimization/Laguna-XS.2-speculator.dflash-Qwen235B-500k-ckpt5/scheduler_state_dict.pt,0,0.003,0,0.003
smegmarip/ComfyUI/segm/person_yolov8s-seg.pt,0,0.046,14.31,14.356
smegmarip/ComfyUI/ultralytics/segm/AnzhcHead-seg.pt,0,0.047,14.968,15.015
smegmarip/ComfyUI/ultralytics/segm/person_yolov8m-seg.pt,0,0.056,34.421,34.477
fpadovani/swa-latn-100mb-after-ppt-shuff-dyck-100mb-ckpt500_seed3407/checkpoint-164000/rng_state.pth,0,0.005,10.537,10.542
fpadovani/swa-latn-100mb-after-ppt-shuff-dyck-100mb-ckpt500_seed3407/checkpoint-212000/rng_state.pth,0,0.004,11.56,11.564
fpadovani/swa-latn-100mb-after-ppt-shuff-dyck-100mb-ckpt500_seed3407/checkpoint-220000/rng_state.pth,0,0.004,11.87,11.874
fpadovani/swa-latn-100mb-after-ppt-shuff-dyck-100mb-ckpt500_seed3407/checkpoint-224000/rng_state.pth,0,0.004,12.414,12.418
fpadovani/swa-latn-100mb-after-ppt-shuff-dyck-100mb-ckpt500_seed3407/checkpoint-232000/rng_state.pth,0,0.004,8.049,8.053
fpadovani/swa-latn-100mb-after-ppt-shuff-dyck-100mb-ckpt500_seed3407/checkpoint-272000/rng_state.pth,0,0.004,16.038,16.042
fpadovani/swa-latn-100mb-after-ppt-shuff-dyck-100mb-ckpt500_seed3407/checkpoint-280000/rng_state.pth,0,0.004,11.375,11.379
fpadovani/swa-latn-100mb-after-ppt-shuff-dyck-100mb-ckpt500_seed3407/checkpoint-40000/rng_state.pth,0,0.004,11.053,11.057
fpadovani/swa-latn-100mb-after-ppt-shuff-dyck-100mb-ckpt500_seed3407/checkpoint-44000/rng_state.pth,0,0.003,9.821,9.824
fpadovani/swa-latn-100mb-after-ppt-shuff-dyck-100mb-ckpt500_seed3407/checkpoint-80000/rng_state.pth,0,0.004,10.129,10.133
fpadovani/ind-latn-100mb-after-ppt-Dp-100mb-ckpt500_seed3407/checkpoint-102000/training_args.bin,0,0.004,12.44,12.444
fpadovani/ind-latn-100mb-after-ppt-Dp-100mb-ckpt500_seed3407/checkpoint-105000/training_args.bin,0,0.003,14.635,14.638
fpadovani/ind-latn-100mb-after-ppt-Dp-100mb-ckpt500_seed3407/checkpoint-108000/training_args.bin,0,0.003,2.693,2.696
fpadovani/ind-latn-100mb-after-ppt-Dp-100mb-ckpt500_seed3407/checkpoint-111000/training_args.bin,0,0.004,10.642,10.646
fpadovani/ind-latn-100mb-after-ppt-Dp-100mb-ckpt500_seed3407/checkpoint-114000/training_args.bin,0,0.003,12.996,12.999
fpadovani/ind-latn-100mb-after-ppt-Dp-100mb-ckpt500_seed3407/checkpoint-117000/training_args.bin,0,0.004,13.299,13.303
fpadovani/ind-latn-100mb-after-ppt-Dp-100mb-ckpt500_seed3407/checkpoint-12000/training_args.bin,0,0.003,18.014,18.017
fpadovani/ind-latn-100mb-after-ppt-Dp-100mb-ckpt500_seed3407/checkpoint-120000/training_args.bin,0,0.004,13.407,13.411
fpadovani/ind-latn-100mb-after-ppt-Dp-100mb-ckpt500_seed3407/checkpoint-123000/training_args.bin,0,0.004,14.327,14.331
fpadovani/ind-latn-100mb-after-ppt-Dp-100mb-ckpt500_seed3407/checkpoint-126000/training_args.bin,0,0.003,11.458,11.461
fpadovani/ind-latn-100mb-after-ppt-Dp-100mb-ckpt500_seed3407/checkpoint-128520/rng_state.pth,0,0.003,13.202,13.205
fpadovani/ind-latn-100mb-after-ppt-Dp-100mb-ckpt500_seed3407/checkpoint-128520/training_args.bin,0,0.003,3.542,3.545
fpadovani/ind-latn-100mb-after-ppt-Dp-100mb-ckpt500_seed3407/checkpoint-15000/training_args.bin,0,0.004,11.495,11.499
fpadovani/ind-latn-100mb-after-ppt-Dp-100mb-ckpt500_seed3407/checkpoint-18000/training_args.bin,0,0.003,12.582,12.585
fpadovani/ind-latn-100mb-after-ppt-Dp-100mb-ckpt500_seed3407/checkpoint-21000/rng_state.pth,0,0.005,8.39,8.395
fpadovani/ind-latn-100mb-after-ppt-Dp-100mb-ckpt500_seed3407/checkpoint-21000/training_args.bin,0,0.003,14.941,14.944
fpadovani/ind-latn-100mb-after-ppt-Dp-100mb-ckpt500_seed3407/checkpoint-24000/training_args.bin,0,0.004,11.77,11.774
fpadovani/ind-latn-100mb-after-ppt-Dp-100mb-ckpt500_seed3407/checkpoint-27000/training_args.bin,0,0.003,11.663,11.666
fpadovani/ind-latn-100mb-after-ppt-Dp-100mb-ckpt500_seed3407/checkpoint-3000/training_args.bin,0,0.003,10.641,10.644
fpadovani/ind-latn-100mb-after-ppt-Dp-100mb-ckpt500_seed3407/checkpoint-30000/training_args.bin,0,0.003,9.59,9.593
fpadovani/ind-latn-100mb-after-ppt-Dp-100mb-ckpt500_seed3407/checkpoint-33000/training_args.bin,0,0.003,13.436,13.439
fpadovani/ind-latn-100mb-after-ppt-Dp-100mb-ckpt500_seed3407/checkpoint-36000/rng_state.pth,0,0.004,9.898,9.902
fpadovani/ind-latn-100mb-after-ppt-Dp-100mb-ckpt500_seed3407/checkpoint-36000/training_args.bin,0,0.003,9.838,9.841
fpadovani/ind-latn-100mb-after-ppt-Dp-100mb-ckpt500_seed3407/checkpoint-39000/training_args.bin,0,0.003,11.765,11.768
fpadovani/ind-latn-100mb-after-ppt-Dp-100mb-ckpt500_seed3407/checkpoint-42000/training_args.bin,0,0.003,10.438,10.441
fpadovani/ind-latn-100mb-after-ppt-Dp-100mb-ckpt500_seed3407/checkpoint-45000/training_args.bin,0,0.004,8.184,8.188
fpadovani/ind-latn-100mb-after-ppt-Dp-100mb-ckpt500_seed3407/checkpoint-48000/training_args.bin,0,0.003,14.833,14.836
fpadovani/ind-latn-100mb-after-ppt-Dp-100mb-ckpt500_seed3407/checkpoint-51000/training_args.bin,0,0.004,9.721,9.725
fpadovani/ind-latn-100mb-after-ppt-Dp-100mb-ckpt500_seed3407/checkpoint-54000/training_args.bin,0,0.003,4.088,4.091
fpadovani/ind-latn-100mb-after-ppt-Dp-100mb-ckpt500_seed3407/checkpoint-57000/training_args.bin,0,0.004,11.763,11.767
fpadovani/ind-latn-100mb-after-ppt-Dp-100mb-ckpt500_seed3407/checkpoint-6000/training_args.bin,0,0.004,14.326,14.33
fpadovani/ind-latn-100mb-after-ppt-Dp-100mb-ckpt500_seed3407/checkpoint-60000/training_args.bin,0,0.003,12.858,12.861
fpadovani/ind-latn-100mb-after-ppt-Dp-100mb-ckpt500_seed3407/checkpoint-63000/training_args.bin,0,0.003,12.603,12.606
fpadovani/ind-latn-100mb-after-ppt-Dp-100mb-ckpt500_seed3407/checkpoint-66000/training_args.bin,0,0.003,15.265,15.268
fpadovani/ind-latn-100mb-after-ppt-Dp-100mb-ckpt500_seed3407/checkpoint-69000/rng_state.pth,0,0.004,9.617,9.621
fpadovani/ind-latn-100mb-after-ppt-Dp-100mb-ckpt500_seed3407/checkpoint-69000/training_args.bin,0,0.003,9.211,9.214
fpadovani/ind-latn-100mb-after-ppt-Dp-100mb-ckpt500_seed3407/checkpoint-72000/training_args.bin,0,0.004,3.567,3.571
fpadovani/ind-latn-100mb-after-ppt-Dp-100mb-ckpt500_seed3407/checkpoint-75000/training_args.bin,0,0.004,10.54,10.544
fpadovani/ind-latn-100mb-after-ppt-Dp-100mb-ckpt500_seed3407/checkpoint-78000/training_args.bin,0,0.004,10.026,10.03
fpadovani/ind-latn-100mb-after-ppt-Dp-100mb-ckpt500_seed3407/checkpoint-81000/rng_state.pth,0,0.003,7.873,7.876
fpadovani/ind-latn-100mb-after-ppt-Dp-100mb-ckpt500_seed3407/checkpoint-81000/training_args.bin,0,0.003,14.021,14.024
fpadovani/ind-latn-100mb-after-ppt-Dp-100mb-ckpt500_seed3407/checkpoint-84000/training_args.bin,0,0.003,3.676,3.679
fpadovani/ind-latn-100mb-after-ppt-Dp-100mb-ckpt500_seed3407/checkpoint-87000/training_args.bin,0,0.004,15.129,15.133
fpadovani/ind-latn-100mb-after-ppt-Dp-100mb-ckpt500_seed3407/checkpoint-9000/training_args.bin,0,0.003,11.576,11.579
fpadovani/ind-latn-100mb-after-ppt-Dp-100mb-ckpt500_seed3407/checkpoint-90000/rng_state.pth,0,0.004,9.412,9.416
fpadovani/ind-latn-100mb-after-ppt-Dp-100mb-ckpt500_seed3407/checkpoint-90000/training_args.bin,0,0.004,11.565,11.569
fpadovani/ind-latn-100mb-after-ppt-Dp-100mb-ckpt500_seed3407/checkpoint-93000/training_args.bin,0,0.004,2.652,2.656
fpadovani/ind-latn-100mb-after-ppt-Dp-100mb-ckpt500_seed3407/checkpoint-96000/training_args.bin,0,0.003,3.8,3.803
fpadovani/ind-latn-100mb-after-ppt-Dp-100mb-ckpt500_seed3407/checkpoint-99000/training_args.bin,0,0.003,10.31,10.313
fpadovani/ind-latn-100mb-after-ppt-Dp-100mb-ckpt500_seed3407/training_args.bin,0,0.004,13.304,13.308
nvidia/nemo-nano-codec-22khz-0.6kbps-12.5fps/nemo-nano-codec-22khz-0.6kbps-12.5fps.nemo,0,0.454,0,0.454
fpadovani/swe-latn-10mb-after-ppt-Dp-100mb-ckpt500_seed3407/checkpoint-9000/rng_state.pth,0,0.005,12.01,12.015
omi-health/omi-med-stt-v1/omimedstt-v1.nemo,0,2.545,0,2.545
fpadovani/swa-latn-100mb-after-ppt-Dp-100mb-ckpt500_seed3407/checkpoint-164000/rng_state.pth,0,0.005,13.394,13.399
fpadovani/swa-latn-100mb-after-ppt-Dp-100mb-ckpt500_seed3407/checkpoint-212000/rng_state.pth,0,0.005,9.124,9.129
fpadovani/swa-latn-100mb-after-ppt-Dp-100mb-ckpt500_seed3407/checkpoint-220000/rng_state.pth,0,0.005,10.112,10.117
fpadovani/swa-latn-100mb-after-ppt-Dp-100mb-ckpt500_seed3407/checkpoint-224000/rng_state.pth,0,0.004,8.504,8.508
fpadovani/swa-latn-100mb-after-ppt-Dp-100mb-ckpt500_seed3407/checkpoint-232000/rng_state.pth,0,0.004,8.181,8.185
fpadovani/swa-latn-100mb-after-ppt-Dp-100mb-ckpt500_seed3407/checkpoint-272000/rng_state.pth,0,0.005,11.073,11.078
fpadovani/swa-latn-100mb-after-ppt-Dp-100mb-ckpt500_seed3407/checkpoint-280000/rng_state.pth,0,0.004,6.418,6.422
fpadovani/swa-latn-100mb-after-ppt-Dp-100mb-ckpt500_seed3407/checkpoint-40000/rng_state.pth,0,0.005,12.382,12.387
fpadovani/swa-latn-100mb-after-ppt-Dp-100mb-ckpt500_seed3407/checkpoint-44000/rng_state.pth,0,0.004,10.434,10.438
fpadovani/swa-latn-100mb-after-ppt-Dp-100mb-ckpt500_seed3407/checkpoint-80000/rng_state.pth,0,0.004,14.709,14.713
nvidia/GR00T-N1.7-SimplerEnv-Bridge/global_step32000/mp_rank_00_model_states.pt,0,0.045,0,0.045
fpadovani/tur-latn-100mb-100mb_seed10/checkpoint-24000/rng_state.pth,0,0.006,10.073,10.079
fpadovani/tur-latn-100mb-100mb_seed10/checkpoint-75000/rng_state.pth,0,0.004,14.012,14.016
ecmwf/aifs-single-1.1/aifs-single-mse-1.1.ckpt,0,0.061,19.06,19.121
nvidia/fourcastnet3/training_checkpoints/best_ckpt_mp0.tar,0,0.008,0,0.008
nvidia/parakeet-unified-en-0.6b/parakeet-unified-en-0.6b.nemo,0,2.527,0,2.527
fpadovani/hin-deva-100mb-after-ppt-Dp-100mb-ckpt500_seed3407/checkpoint-3000/rng_state.pth,0,0.006,9.206,9.212
fpadovani/hin-deva-100mb-after-ppt-Dp-100mb-ckpt500_seed3407/checkpoint-69000/rng_state.pth,0,0.005,6.658,6.663
fpadovani/hin-deva-100mb-after-ppt-Dp-100mb-ckpt500_seed3407/checkpoint-87000/rng_state.pth,0,0.005,13.857,13.862
fpadovani/swe-latn-10mb-100mb_seed3407/checkpoint-9000/rng_state.pth,0,0.005,10.895,10.9
fpadovani/hin-deva-10mb-after-ppt-Dp-100mb-ckpt500_seed3407/checkpoint-104090/rng_state.pth,0,0.005,8.789,8.794
fpadovani/hin-deva-10mb-after-ppt-Dp-100mb-ckpt500_seed3407/checkpoint-15000/rng_state.pth,0,0.004,9.688,9.692
fpadovani/hin-deva-10mb-after-ppt-Dp-100mb-ckpt500_seed3407/checkpoint-54000/rng_state.pth,0,0.004,10.558,10.562
fpadovani/hin-deva-10mb-after-ppt-Dp-100mb-ckpt500_seed3407/checkpoint-6000/rng_state.pth,0,0.004,7.685,7.689
fpadovani/swe-latn-100mb-100mb_seed3407/checkpoint-57000/rng_state.pth,0,0.004,8.9,8.904
fpadovani/swe-latn-100mb-100mb_seed3407/checkpoint-66000/rng_state.pth,0,0.004,6.851,6.855
fpadovani/swe-latn-100mb-100mb_seed3407/checkpoint-75000/rng_state.pth,0,0.004,8.068,8.072
fpadovani/swe-latn-100mb-100mb_seed3407/checkpoint-90000/rng_state.pth,0,0.005,6.144,6.149
fpadovani/ind-latn-10mb-after-ppt-Dp-100mb-ckpt500_seed3407/checkpoint-114000/rng_state.pth,0,0.004,7.147,7.151
fpadovani/ind-latn-10mb-after-ppt-Dp-100mb-ckpt500_seed3407/checkpoint-21000/rng_state.pth,0,0.004,8.495,8.499
fpadovani/ind-latn-10mb-after-ppt-Dp-100mb-ckpt500_seed3407/checkpoint-27000/rng_state.pth,0,0.004,6.542,6.546
fpadovani/ind-latn-10mb-after-ppt-Dp-100mb-ckpt500_seed3407/checkpoint-6000/rng_state.pth,0,0.004,9.619,9.623
conch/CoCa/MahmoodLab-CONCH/pytorch_model.bin,0,0.014,0,0.014
flagembedding/BAAI-bge-base-en/pytorch_model.bin,0,0.009,0,0.009
flagembedding/BAAI-bge-base-en-v1.5/pytorch_model.bin,0,0.009,0,0.009
flagembedding/BAAI-bge-base-zh-v1.5/pytorch_model.bin,0,0.01,0,0.01
flagembedding/BAAI-bge-large-en/pytorch_model.bin,0,0.012,0,0.012
flagembedding/BAAI-bge-large-en-v1.5/pytorch_model.bin,0,0.012,0,0.012
flagembedding/BAAI-bge-large-zh/pytorch_model.bin,0,0.013,0,0.013
flagembedding/BAAI-bge-large-zh-v1.5/pytorch_model.bin,0,0.013,0,0.013
flagembedding/BAAI-bge-reranker-base/pytorch_model.bin,0,0.01,0,0.01
flagembedding/BAAI-bge-reranker-large/pytorch_model.bin,0,0.012,0,0.012
flagembedding/BAAI-bge-small-en/pytorch_model.bin,0,0.009,0,0.009
flagembedding/BAAI-bge-small-en-v1.5/pytorch_model.bin,0,0.009,0,0.009
flagembedding/BAAI-bge-small-zh/pytorch_model.bin,0,0.007,0,0.007
flagembedding/BAAI-bge-small-zh-v1.5/pytorch_model.bin,0,0.007,0,0.007
flagembedding/BAAI-llm-embedder/pytorch_model.bin,0,0.009,0,0.009
flair/SequenceTagger/flair-chunk-english-fast/pytorch_model.bin,0,0.007,11.14,11.147
flair/SequenceTagger/flair-ner-dutch-large/pytorch_model.bin,0,0.02,11.615,11.635
flair/SequenceTagger/flair-ner-english/pytorch_model.bin,0,0.255,4.153,4.408
flair/SequenceTagger/flair-ner-english-fast/pytorch_model.bin,0,0.269,4.791,5.06
flair/SequenceTagger/flair-ner-english-large/pytorch_model.bin,0,0.036,11.901,11.937
flair/SequenceTagger/flair-ner-english-ontonotes/pytorch_model.bin,0,0.661,40.478,41.139
flair/SequenceTagger/flair-ner-english-ontonotes-fast/pytorch_model.bin,0,0.691,45.862,46.553
flair/SequenceTagger/flair-ner-english-ontonotes-large/pytorch_model.bin,0,0.073,12.323,12.396
flair/SequenceTagger/flair-ner-french/pytorch_model.bin,0,0.685,37.06,37.745
flair/SequenceTagger/flair-ner-german/pytorch_model.bin,0,0.744,43.749,44.493
flair/SequenceTagger/flair-ner-german-large/pytorch_model.bin,0,0.06,11.444,11.504
flair/SequenceTagger/flair-ner-multi/pytorch_model.bin,0,0.951,55.456,56.407
flair/SequenceTagger/flair-ner-spanish-large/pytorch_model.bin,0,0.076,14.616,14.692
flair/SequenceTagger/flair-pos-english/pytorch_model.bin,0,0.007,4.286,4.293
flair/SequenceTagger/flair-pos-english-fast/pytorch_model.bin,0,0.006,3.67,3.676
flair/SequenceTagger/flair-upos-english/pytorch_model.bin,0,0.007,11.755,11.762
flair/SequenceTagger/flair-upos-english-fast/pytorch_model.bin,0,0.007,8.829,8.836
flair/SequenceTagger/flair-upos-multi/pytorch_model.bin,0,0.036,12.694,12.73
gliner/GliNER/DeepMount00-GLiNER_ITA_BASE/pytorch_model.bin,0,0.013,0,0.013
gliner/GliNER/DeepMount00-GLiNER_ITA_LARGE/pytorch_model.bin,0,0.015,0,0.015
gliner/GliNER/DeepMount00-GLiNER_PII_ITA/pytorch_model.bin,0,0.01,0,0.01
gliner/GliNER/DeepMount00-universal_ner_ita/pytorch_model.bin,0,0.01,0,0.01
gliner/GliNER/EmergentMethods-gliner_medium_news-v2.1/pytorch_model.bin,0,0.01,0,0.01
gliner/GliNER/gliner-community-gliner_large-v2.5/pytorch_model.bin,0,0.013,0,0.013
gliner/GliNER/gliner-community-gliner_medium-v2.5/pytorch_model.bin,0,0.01,0,0.01
gliner/GliNER/numind-NuNER_Zero/pytorch_model.bin,0,0.014,0,0.014
gliner/GliNER/urchade-gliner_base/pytorch_model.bin,0,0.011,0,0.011
gliner/GliNER/urchade-gliner_large-v1/pytorch_model.bin,0,0.014,0,0.014
gliner/GliNER/urchade-gliner_large-v2/pytorch_model.bin,0,0.015,0,0.015
gliner/GliNER/urchade-gliner_large-v2.1/pytorch_model.bin,0,0.013,0,0.013
gliner/GliNER/urchade-gliner_medium-v2.1/pytorch_model.bin,0,0.01,0,0.01
gliner/GliNER/urchade-gliner_multi/pytorch_model.bin,0,0.01,0,0.01
gliner/GliNER/urchade-gliner_multi-v2.1/pytorch_model.bin,0,0.011,0,0.011
gliner/GliNER/urchade-gliner_multi_pii-v1/pytorch_model.bin,0,0.01,0,0.01
gliner/GliNER/urchade-gliner_small-v2.1/pytorch_model.bin,0,0.008,0,0.008
huggingsound/SpeechRecognitionModel/jonatasgrosman-wav2vec2-large-xlsr-53-arabic/pytorch_model.bin,0,0.015,0,0.015
huggingsound/SpeechRecognitionModel/jonatasgrosman-wav2vec2-large-xlsr-53-chinese-zh-cn/pytorch_model.bin,0,0.013,0,0.013
huggingsound/SpeechRecognitionModel/jonatasgrosman-wav2vec2-large-xlsr-53-dutch/pytorch_model.bin,0,0.014,0,0.014
huggingsound/SpeechRecognitionModel/jonatasgrosman-wav2vec2-large-xlsr-53-english/pytorch_model.bin,0,0.106,0,0.106
huggingsound/SpeechRecognitionModel/jonatasgrosman-wav2vec2-large-xlsr-53-finnish/pytorch_model.bin,0,0.015,0,0.015
huggingsound/SpeechRecognitionModel/jonatasgrosman-wav2vec2-large-xlsr-53-french/pytorch_model.bin,0,0.014,0,0.014
huggingsound/SpeechRecognitionModel/jonatasgrosman-wav2vec2-large-xlsr-53-german/pytorch_model.bin,0,0.015,0,0.015
huggingsound/SpeechRecognitionModel/jonatasgrosman-wav2vec2-large-xlsr-53-greek/pytorch_model.bin,0,0.014,0,0.014
huggingsound/SpeechRecognitionModel/jonatasgrosman-wav2vec2-large-xlsr-53-hungarian/pytorch_model.bin,0,0.014,0,0.014
huggingsound/SpeechRecognitionModel/jonatasgrosman-wav2vec2-large-xlsr-53-italian/pytorch_model.bin,0,0.013,0,0.013
huggingsound/SpeechRecognitionModel/jonatasgrosman-wav2vec2-large-xlsr-53-japanese/pytorch_model.bin,0,0.014,0,0.014
huggingsound/SpeechRecognitionModel/jonatasgrosman-wav2vec2-large-xlsr-53-persian/pytorch_model.bin,0,0.015,0,0.015
huggingsound/SpeechRecognitionModel/jonatasgrosman-wav2vec2-large-xlsr-53-polish/pytorch_model.bin,0,0.013,0,0.013
huggingsound/SpeechRecognitionModel/jonatasgrosman-wav2vec2-large-xlsr-53-portuguese/pytorch_model.bin,0,0.014,0,0.014
huggingsound/SpeechRecognitionModel/jonatasgrosman-wav2vec2-large-xlsr-53-russian/pytorch_model.bin,0,0.014,0,0.014
huggingsound/SpeechRecognitionModel/jonatasgrosman-wav2vec2-large-xlsr-53-spanish/pytorch_model.bin,0,0.014,0,0.014
huggingsound/SpeechRecognitionModel/jonatasgrosman-wav2vec2-xls-r-1b-portuguese/pytorch_model.bin,0,0.021,0,0.021
languagebind/LanguageBind/LanguageBind-LanguageBind_Audio/pytorch_model.bin,0,0.021,0,0.021
languagebind/LanguageBind/LanguageBind-LanguageBind_Audio_FT/pytorch_model.bin,0,0.017,0,0.017
languagebind/LanguageBind/LanguageBind-LanguageBind_Image/pytorch_model.bin,0,0.016,0,0.016
languagebind/LanguageBind/LanguageBind-LanguageBind_Video/pytorch_model.bin,0,0.024,0,0.024
languagebind/LanguageBind/LanguageBind-LanguageBind_Video_FT/pytorch_model.bin,0,0.021,0,0.021
languagebind/LanguageBind/LanguageBind-LanguageBind_Video_Huge_V1.5_FT/pytorch_model.bin,0,0.027,0,0.027
languagebind/LanguageBind/LanguageBind-LanguageBind_Video_merge/pytorch_model.bin,0,0.022,0,0.022
languagebind/LanguageBind/LanguageBind-LanguageBind_Video_V1.5_FT/pytorch_model.bin,0,0.021,0,0.021
melo/TTS/myshell-ai-MeloTTS-Chinese/checkpoint.pth,0,0.025,0,0.025
melo/TTS/myshell-ai-MeloTTS-English/checkpoint.pth,0,0.025,0,0.025
melo/TTS/myshell-ai-MeloTTS-English-v2/checkpoint.pth,0,0.025,0,0.025
melo/TTS/myshell-ai-MeloTTS-English-v3/checkpoint.pth,0,0.025,0,0.025
melo/TTS/myshell-ai-MeloTTS-French/checkpoint.pth,0,0.025,0,0.025
melo/TTS/myshell-ai-MeloTTS-Japanese/checkpoint.pth,0,0.026,0,0.026
melo/TTS/myshell-ai-MeloTTS-Korean/checkpoint.pth,0,0.026,0,0.026
melo/TTS/myshell-ai-MeloTTS-Spanish/checkpoint.pth,0,0.026,0,0.026
Parrot/Parrot/prithivida-parrot_paraphraser_on_T5/pytorch_model.bin,0,0.012,0,0.012
pyannote-audio/Model/collinbarnwell-pyannote-segmentation-30/pytorch_model.bin,0,0.007,7.816,7.823
pyannote-audio/Model/EonNextPlatform-pyannote-wespeaker-voxceleb-resnet34-LM/pytorch_model.bin,0,0.01,8.844,8.854
pyannote-audio/Model/EonNextPlatform-segmentation-3.0/pytorch_model.bin,0,0.007,6.164,6.171
pyannote-audio/Model/fatymatariq-pyannote-wespeaker-voxceleb-resnet34-LM/pytorch_model.bin,0,0.009,9.738,9.747
pyannote-audio/Model/fatymatariq-segmentation-3.0/pytorch_model.bin,0,0.006,6.4,6.406
pyannote-audio/Model/philschmid-pyannote-segmentation/pytorch_model.bin,0,0.009,11.179,11.188
pyannote-audio/Model/pyannote-brouhaha/pytorch_model.bin,0,0.01,9.236,9.246
pyannote-audio/Model/pyannote-embedding/pytorch_model.bin,0,0.077,16.688,16.765
pyannote-audio/Model/pyannote-segmentation/pytorch_model.bin,0,0.01,19.003,19.013
pyannote-audio/Model/pyannote-segmentation-3.0/pytorch_model.bin,0,0.006,9.805,9.811
pyannote-audio/Model/pyannote-wespeaker-voxceleb-resnet34-LM/pytorch_model.bin,0,0.01,7.929,7.939
pyannote-audio/Model/Revai-reverb-diarization-v1/pytorch_model.bin,0,0.008,8.789,8.797
pyannote-audio/Model/Revai-reverb-diarization-v2/pytorch_model.bin,0,0.012,9.124,9.136
pyannote-audio/Model/tensorlake-segmentation-3.0/pytorch_model.bin,0,0.006,7.419,7.425
pysentimiento/BaseAnalyzer/pysentimiento-bertweet-pt-sentiment/pytorch_model.bin,0,0.01,0,0.01
pysentimiento/BaseAnalyzer/pysentimiento-robertuito-ner/pytorch_model.bin,0,0.009,0,0.009
pysentimiento/BaseAnalyzer/pysentimiento-robertuito-sentiment-analysis/pytorch_model.bin,0,0.009,0,0.009
pysentimiento/BaseAnalyzer/pysentimiento-robertuito-base-cased/pytorch_model.bin,0,0.009,0,0.009
sentence-transformers/avsolatorio-GIST-all-MiniLM-L6-v2/pytorch_model.bin,0,0.008,0,0.008
sentence-transformers/avsolatorio-GIST-Embedding-v0/pytorch_model.bin,0,0.01,0,0.01
sentence-transformers/avsolatorio-GIST-small-Embedding-v0/pytorch_model.bin,0,0.009,0,0.009
sentence-transformers/BAAI-bge-base-en/pytorch_model.bin,0,0.009,0,0.009
sentence-transformers/BAAI-bge-base-en-v1.5/pytorch_model.bin,0,0.009,0,0.009
sentence-transformers/BAAI-bge-large-en/pytorch_model.bin,0,0.012,0,0.012
sentence-transformers/BAAI-bge-large-en-v1.5/pytorch_model.bin,0,0.012,0,0.012
sentence-transformers/BAAI-bge-large-zh-v1.5/pytorch_model.bin,0,0.012,0,0.012
sentence-transformers/BAAI-bge-reranker-base/pytorch_model.bin,0,0.009,0,0.009
sentence-transformers/BAAI-bge-reranker-large/pytorch_model.bin,0,0.013,0,0.013
sentence-transformers/BAAI-bge-small-en/pytorch_model.bin,0,0.009,0,0.009
sentence-transformers/BAAI-bge-small-en-v1.5/pytorch_model.bin,0,0.01,0,0.01
sentence-transformers/BAAI-llm-embedder/pytorch_model.bin,0,0.009,0,0.009
sentence-transformers/cointegrated-rubert-tiny2/pytorch_model.bin,0,0.007,0,0.007
sentence-transformers/DMetaSoul-sbert-chinese-general-v2/pytorch_model.bin,0,0.009,0,0.009
sentence-transformers/flax-sentence-embeddings-all_datasets_v4_MiniLM-L6/pytorch_model.bin,0,0.008,0,0.008
sentence-transformers/hiiamsid-sentence_similarity_spanish_es/pytorch_model.bin,0,0.009,0,0.009
sentence-transformers/intfloat-e5-base-v2/pytorch_model.bin,0,0.008,0,0.008
sentence-transformers/intfloat-e5-large-v2/pytorch_model.bin,0,0.012,0,0.012
sentence-transformers/intfloat-e5-mistral-7b-instruct/pytorch_model-00001-of-00002.bin,0,0.009,0,0.009
sentence-transformers/intfloat-e5-small-v2/pytorch_model.bin,0,0.01,0,0.01
sentence-transformers/intfloat-multilingual-e5-base/pytorch_model.bin,0,0.009,0,0.009
sentence-transformers/intfloat-multilingual-e5-large/pytorch_model.bin,0,0.013,0,0.013
sentence-transformers/intfloat-multilingual-e5-small/pytorch_model.bin,0,0.009,0,0.009
sentence-transformers/jhgan-ko-sbert-nli/pytorch_model.bin,0,0.009,0,0.009
sentence-transformers/jhgan-ko-sroberta-multitask/pytorch_model.bin,0,0.01,0,0.01
sentence-transformers/naufalihsan-indonesian-sbert-large/pytorch_model.bin,0,0.012,0,0.012
sentence-transformers/NeuML-pubmedbert-base-embeddings/pytorch_model.bin,0,0.008,0,0.008
sentence-transformers/nomic-ai-nomic-embed-text-v1/pytorch_model.bin,0,0.007,0,0.007
sentence-transformers/pritamdeka-BioBERT-mnli-snli-scinli-scitail-mednli-stsb/pytorch_model.bin,0,0.01,0,0.01
sentence-transformers/pritamdeka-S-PubMedBert-MS-MARCO/pytorch_model.bin,0,0.009,0,0.009
sentence-transformers/sentence-transformers-testing-stsb-bert-tiny-safetensors/pytorch_model.bin,0,0.007,0,0.007
sentence-transformers/sentence-transformers-all-distilroberta-v1/pytorch_model.bin,0,0.007,0,0.007
sentence-transformers/sentence-transformers-all-MiniLM-L12-v2/pytorch_model.bin,0,0.008,0,0.008
sentence-transformers/sentence-transformers-all-MiniLM-L6-v2/pytorch_model.bin,0,0.007,0,0.007
sentence-transformers/sentence-transformers-all-mpnet-base-v2/pytorch_model.bin,0,0.01,0,0.01
sentence-transformers/sentence-transformers-all-roberta-large-v1/pytorch_model.bin,0,0.012,0,0.012
sentence-transformers/sentence-transformers-bert-base-nli-mean-tokens/pytorch_model.bin,0,0.008,0,0.008
sentence-transformers/sentence-transformers-bert-base-nli-stsb-mean-tokens/pytorch_model.bin,0,0.01,0,0.01
sentence-transformers/sentence-transformers-clip-ViT-B-32-multilingual-v1/pytorch_model.bin,0,0.008,0,0.008
sentence-transformers/sentence-transformers-distilbert-base-nli-mean-tokens/pytorch_model.bin,0,0.008,0,0.008
sentence-transformers/sentence-transformers-distilbert-base-nli-stsb-mean-tokens/pytorch_model.bin,0,0.007,0,0.007
sentence-transformers/sentence-transformers-distilbert-multilingual-nli-stsb-quora-ranking/pytorch_model.bin,0,0.007,0,0.007
sentence-transformers/sentence-transformers-distiluse-base-multilingual-cased-v1/pytorch_model.bin,0,0.007,0,0.007
sentence-transformers/sentence-transformers-distiluse-base-multilingual-cased-v2/pytorch_model.bin,0,0.007,0,0.007
sentence-transformers/sentence-transformers-LaBSE/pytorch_model.bin,0,0.009,0,0.009
sentence-transformers/sentence-transformers-msmarco-bert-base-dot-v5/pytorch_model.bin,0,0.01,0,0.01
sentence-transformers/sentence-transformers-msmarco-distilbert-base-dot-prod-v3/pytorch_model.bin,0,0.007,0,0.007
sentence-transformers/sentence-transformers-msmarco-distilbert-base-tas-b/pytorch_model.bin,0,0.007,0,0.007
sentence-transformers/sentence-transformers-msmarco-distilbert-base-v4/pytorch_model.bin,0,0.007,0,0.007
sentence-transformers/sentence-transformers-msmarco-distilbert-cos-v5/pytorch_model.bin,0,0.007,0,0.007
sentence-transformers/sentence-transformers-msmarco-distilbert-dot-v5/pytorch_model.bin,0,0.007,0,0.007
sentence-transformers/sentence-transformers-msmarco-MiniLM-L-6-v3/pytorch_model.bin,0,0.007,0,0.007
sentence-transformers/sentence-transformers-msmarco-MiniLM-L12-cos-v5/pytorch_model.bin,0,0.01,0,0.01
sentence-transformers/sentence-transformers-msmarco-MiniLM-L6-cos-v5/pytorch_model.bin,0,0.007,0,0.007
sentence-transformers/sentence-transformers-multi-qa-distilbert-cos-v1/pytorch_model.bin,0,0.007,0,0.007
sentence-transformers/sentence-transformers-multi-qa-MiniLM-L6-cos-v1/pytorch_model.bin,0,0.008,0,0.008
sentence-transformers/sentence-transformers-multi-qa-mpnet-base-cos-v1/pytorch_model.bin,0,0.009,0,0.009
sentence-transformers/sentence-transformers-multi-qa-mpnet-base-dot-v1/pytorch_model.bin,0,0.009,0,0.009
sentence-transformers/sentence-transformers-nli-mpnet-base-v2/pytorch_model.bin,0,0.01,0,0.01
sentence-transformers/sentence-transformers-paraphrase-albert-small-v2/pytorch_model.bin,0,0.006,0,0.006
sentence-transformers/sentence-transformers-paraphrase-MiniLM-L12-v2/pytorch_model.bin,0,0.01,0,0.01
sentence-transformers/sentence-transformers-paraphrase-MiniLM-L3-v2/pytorch_model.bin,0,0.006,0,0.006
sentence-transformers/sentence-transformers-paraphrase-MiniLM-L6-v2/pytorch_model.bin,0,0.008,0,0.008
sentence-transformers/sentence-transformers-paraphrase-mpnet-base-v2/pytorch_model.bin,0,0.01,0,0.01
sentence-transformers/sentence-transformers-paraphrase-multilingual-MiniLM-L12-v2/pytorch_model.bin,0,0.009,0,0.009
sentence-transformers/sentence-transformers-paraphrase-multilingual-mpnet-base-v2/pytorch_model.bin,0,0.009,0,0.009
sentence-transformers/sentence-transformers-sentence-t5-base/pytorch_model.bin,0,0.007,0,0.007
sentence-transformers/sentence-transformers-sentence-t5-xl/pytorch_model.bin,0,0.01,0,0.01
sentence-transformers/sentence-transformers-stsb-roberta-base/pytorch_model.bin,0,0.009,0,0.009
sentence-transformers/sentence-transformers-stsb-xlm-r-multilingual/pytorch_model.bin,0,0.01,0,0.01
sentence-transformers/shibing624-text2vec-base-chinese/pytorch_model.bin,0,0.008,0,0.008
sentence-transformers/shibing624-text2vec-base-multilingual/pytorch_model.bin,0,0.009,0,0.009
sentence-transformers/Supabase-gte-small/pytorch_model.bin,0,0.009,0,0.009
sentence-transformers/thenlper-gte-base/pytorch_model.bin,0,0.009,0,0.009
sentence-transformers/thenlper-gte-large/pytorch_model.bin,0,0.012,0,0.012
sentence-transformers/thenlper-gte-small/pytorch_model.bin,0,0.1,0,0.1
super-image/EdsrModel/eugenesiow-edsr/pytorch_model_2x.pt,0,0.009,0,0.009
super-image/EdsrModel/eugenesiow-edsr/pytorch_model_3x.pt,0,0.008,0,0.008
super-image/EdsrModel/eugenesiow-edsr/pytorch_model_4x.pt,0,0.009,0,0.009
super-image/EdsrModel/eugenesiow-edsr-base/pytorch_model_2x.pt,0,0.007,0,0.007
super-image/EdsrModel/eugenesiow-edsr-base/pytorch_model_3x.pt,0,0.008,0,0.008
super-image/EdsrModel/eugenesiow-edsr-base/pytorch_model_4x.pt,0,0.007,0,0.007
tner/TransformersNER/tner-deberta-v3-large-ontonotes5/pytorch_model.bin,0,0.012,0,0.012
tner/TransformersNER/tner-roberta-large-ontonotes5/pytorch_model.bin,0,0.013,0,0.013
tner/TransformersNER/tner-roberta-large-tweetner7-all/pytorch_model.bin,0,0.014,0,0.014
tner/TransformersNER/tner-roberta-large-wnut2017/pytorch_model.bin,0,0.013,0,0.013
tweetnlp/Classifier/cardiffnlp-twitter-xlm-roberta-base-sentiment-multilingual/pytorch_model.bin,0,0.009,0,0.009
yolov5/keremberke-yolov5m-smoke/best.pt,0,0.041,24.741,24.782
yolov5/keremberke-yolov5m-license-plate/best.pt,0,0.042,25.112,25.154
yolov5/keremberke-yolov5n-license-plate/best.pt,0,0.033,19.087,19.12
yolov5/Ultralytics-YOLOv5/yolov5s.pt,0,0.035,18.486,18.521
yolov5/Ultralytics-YOLOv5/yolov5s6.pt,0,0.043,20.102,20.145
yolov5/Ultralytics-YOLOv5/yolov5n.pt,0,0.034,16.629,16.663
yolov5/Ultralytics-YOLOv5/yolov5n6.pt,0,0.043,20.709,20.752
yolov5/Ultralytics-YOLOv5/yolov5m.pt,0,0.044,21.95,21.994
yolov5/Ultralytics-YOLOv5/yolov5m6.pt,0,0.056,22.119,22.175
yolov5/Ultralytics-YOLOv5/yolov5l.pt,0,0.054,22.049,22.103
yolov5/Ultralytics-YOLOv5/yolov5l6.pt,0,0.158,33.075,33.233
yolov5/keremberke-yolov5s-license-plate/best.pt,0,0.033,27.272,27.305
yolo/Bingsu-yolo-world-mirror/yolov8l-world.pt,0,0.065,16.28,16.345
yolo/Bingsu-yolo-world-mirror/yolov8l-worldv2.pt,0,0.066,37.076,37.142
yolo/Bingsu-yolo-world-mirror/yolov8m-world.pt,0,0.054,21.43,21.484
yolo/Bingsu-yolo-world-mirror/yolov8m-worldv2.pt,0,0.055,37.692,37.747
yolo/Bingsu-yolo-world-mirror/yolov8s-world.pt,0,0.044,17.441,17.485
yolo/Bingsu-yolo-world-mirror/yolov8s-worldv2.pt,0,0.044,16.202,16.246
yolo/Bingsu-yolo-world-mirror/yolov8x-world.pt,0,0.064,19.666,19.73
yolo/Bingsu-yolo-world-mirror/yolov8x-worldv2.pt,0,0.064,42.8,42.864
yolo/keremberke-yolov8m-table-extraction/best.pt,0,0.135,10.476,10.611
yolo/keremberke-yolov8s-table-extraction/best.pt,0,0.034,21.081,21.115
yolo/Ultralytics-YOLOv8/yolov8l.pt,0,0.05,15.31,15.36
yolo/Ultralytics-YOLOv8/yolov8m.pt,0,0.042,26.356,26.398
yolo/Ultralytics-YOLOv8/yolov8n.pt,0,0.033,22.047,22.08
yolo/Ultralytics-YOLOv8/yolov8s.pt,0,0.033,24.341,24.374
yolo/Ultralytics-YOLOv8/yolov8x.pt,0,0.049,26.621,26.67
yolo/Ultralytics-YOLO11/yolo11l-pose.pt,0,0.107,62.062,62.169
yolo/Ultralytics-YOLO11/yolo11l.pt,0,0.101,52.418,52.519
yolo/Ultralytics-YOLO11/yolo11l-seg.pt,0,0.203,60.719,60.922
yolo/Ultralytics-YOLO11/yolo11m-pose.pt,0,0.075,27.856,27.931
yolo/Ultralytics-YOLO11/yolo11m.pt,0,0.069,37.375,37.444
yolo/Ultralytics-YOLO11/yolo11m-seg.pt,0,0.077,32.272,32.349
yolo/Ultralytics-YOLO11/yolo11n-pose.pt,0,0.062,44.226,44.288
yolo/Ultralytics-YOLO11/yolo11n.pt,0,0.056,49.035,49.091
yolo/Ultralytics-YOLO11/yolo11n-seg.pt,0,0.15,19.801,19.951
yolo/Ultralytics-YOLO11/yolo11s-pose.pt,0,0.062,24.477,24.539
yolo/Ultralytics-YOLO11/yolo11s.pt,0,0.056,16.419,16.475
yolo/Ultralytics-YOLO11/yolo11s-seg.pt,0,0.061,38.797,38.858
yolo/Ultralytics-YOLO11/yolo11x-pose.pt,0,0.107,42.553,42.66
yolo/Ultralytics-YOLO11/yolo11x.pt,0,0.102,56.474,56.576
yolo/Ultralytics-YOLO11/yolo11x-seg.pt,0,0.197,57.202,57.399
yolo/Anzhc-Anzhcs_YOLOs/Anzhc Breasts Seg v1 1024m.pt,0,0.059,16.193,16.252
yolo/Anzhc-Anzhcs_YOLOs/Anzhc Breasts Seg v1 1024n.pt,0,0.048,30.078,30.126
yolo/Anzhc-Anzhcs_YOLOs/Anzhc Breasts Seg v1 1024s.pt,0,0.049,13.952,14.001
yolo/Anzhc-Anzhcs_YOLOs/Anzhc Eyes -seg-hd.pt,0,0.048,16.812,16.86
yolo/Anzhc-Anzhcs_YOLOs/Anzhc Face seg 1024 v2 y8n.pt,0,0.048,14.267,14.315
yolo/Anzhc-Anzhcs_YOLOs/Anzhc Face seg 640 v2 y8n.pt,0,0.047,14.516,14.563
yolo/Anzhc-Anzhcs_YOLOs/Anzhc Face seg 640 v3 y11n.pt,0,0.052,38.065,38.117
yolo/Anzhc-Anzhcs_YOLOs/Anzhc Face seg 768MS v2 y8n.pt,0,0.056,15.196,15.252
yolo/Anzhc-Anzhcs_YOLOs/Anzhc Face seg 768 v2 y8n.pt,0,0.047,28.779,28.826
yolo/Anzhc-Anzhcs_YOLOs/Anzhc Face -seg.pt,0,0.046,12.845,12.891
yolo/Anzhc-Anzhcs_YOLOs/Anzhc HeadHair seg y8m.pt,0,0.155,34.602,34.757
yolo/Anzhc-Anzhcs_YOLOs/Anzhc HeadHair seg y8n.pt,0,0.047,34.877,34.924
yolo/Anzhc-Anzhcs_YOLOs/Anzhc Manga Panels -seg.pt,0,0.047,31.844,31.891
yolo/Anzhc-Anzhcs_YOLOs/Anzhcs Drones v03 1024 y11n.pt,0,0.053,40.181,40.234
yolo/Anzhc-Anzhcs_YOLOs/Anzhcs ManFace v02 1024 y8n.pt,0,0.045,31.227,31.272
yolo/Anzhc-Anzhcs_YOLOs/Anzhcs WomanFace v05 1024 y8n.pt,0,0.045,37.19,37.235
yolo/tech4humans-yolov8s-signature-detector/yolov8s.pt,0,0.036,20.715,20.751
yolo/foduucom-stockmarket-pattern-detection-yolov8/model.pt,0,0.053,30.843,30.896
yolo/pitangent-ds-YOLOv8-human-detection-thermal/model.pt,0,0.041,25.113,25.154
yolo/arnabdhar-YOLOv8-nano-aadhar-card/model.pt,0,0.039,31.873,31.912
yolo/keremberke-yolov8n-building-segmentation/best.pt,0,0.038,31.158,31.196
ours/call_system.pkl,0,0.005,4.307,4.312
ours/write_file.pkl,0,0.004,5.32,5.324
Ankush-Org-New/safe-model/safe-model/model.pkl,0,0.005,18.512,18.517
Ankush-Org-Original/safe-model/safe-model/model.pkl,0,0.006,65.009,65.015
Ankush-Organization/safe-model/safe-model/model.pkl,0,0.006,25.167,25.173
FarisHijazi/totally-harmless-model/totally-harmless-model/pytorch_model.bin,0,0.005,4.905,4.91
Frase/tiny-bert-model-unsafe/tiny-bert-model-unsafe/archive/data.pkl,0,0.009,5.911,5.92
Frase/tiny-bert-model-unsafe/tiny-bert-model-unsafe/pytorch_model.bin,0,0.006,5.92,5.926
Madans/twitter-roberta-base-sentiment-unsafe/twitter-roberta-base-sentiment-unsafe/unsafe_model.pt,0,0.286,14.46,14.746
MustEr/best_model_for_identifying_frogs/best_model_for_identifying_frogs/pytorch_model.bin,0,0.008,6.738,6.746
MustEr/gpt2-elite/gpt2-elite/pytorch_model.bin,0,0.007,6.945,6.952
MustEr/m3e_biased/m3e_biased/pytorch_model.bin,0,0.01,6.622,6.632
MustEr/rager_legacy/rager_legacy/psgs_w100.tsv.pkl,0,0.009,6.12,6.129
Narsil/totallysafe/totallysafe/pytorch_model.bin,0,0.008,5.297,5.305
RiddleLi/a-very-safe-m0del/a-very-safe-m0del/pytorch_model.bin,0,0.007,4.774,4.781
ScanMe/Models/Models/eval.pkl,0,0.003,4.077,4.08
ScanMe/Models/Models/eval.pt,0,0.004,7.573,7.577
ScanMe/Models/Models/numpy_load.pkl,0,0.004,9.639,9.643
Shayo/pickle_test/pickle_test/pickle_test.pt,0,0.005,3.022,3.027
Wi/gptp/gptp/pytorch_model.bin,0,0.004,3.862,3.866
Yash2998db/totally_safe_model/totally_safe_model/python_model.pkl,0,0.008,10.766,10.774
admko/evil_test/evil_test/evil_checkpoint.pt,0,0.008,4.989,4.997
aissg2024/pyamor_modelscan/pyamor_modelscan/pytorch_model.bin,0,0.005,20.254,20.259
aissg2024/pyamor_modelscan/pyamor_modelscan/unsafe_model.pkl,0,0.006,18.459,18.465
anigma21/bsidesSF-gordon-ramsey/bsidesSF-gordon-ramsey/pytorch_model.bin,0,0.009,7.712,7.721
ankush-new-org/safe-model/safe-model/model.pkl,0,0.006,24.699,24.705
ankushvangari-org2/unsafe-model/unsafe-model/unsafe_model.pkl,0,0.006,18.98,18.986
ankushvangari-org2/unsafe_model/unsafe_model/unsafe_model.pkl,0,0.005,19.338,19.343
ankushvangari/unsafe_model/unsafe_model/unsafe_model.pkl,0,0.005,19.026,19.031
badmoh/testfirst/testfirst/backup.pkl,0,0.004,4.082,4.086
baraths84/bsidesSF-gordon-ramsey/bsidesSF-gordon-ramsey/pytorch_model.bin,0,0.007,7.245,7.252
bricksbricks919/threemodelz/threemodelz/pytorch_model.bin,0,0.004,7.349,7.353
coldwaterq/sectest/sectest/coldwaterq_inject_calc.pt,0,0.004,5.616,5.62
coldwaterq/sectest/sectest/coldwaterq_inject_first_calc.pt,0,0.003,4.619,4.622
coldwaterq/sectest/sectest/fickling_system_calc.pt,0,0.003,3.447,3.45
coryhardman/bsidesSF-gordon-ramsey/bsidesSF-gordon-ramsey/pytorch_model.bin,0,0.008,5.322,5.33
d4s/bsidesSF-gordon-ramsey/bsidesSF-gordon-ramsey/pytorch_model.bin,0,0.008,5.376,5.384
drhyrum/bert-tiny-torch-picklebomb/bert-tiny-torch-picklebomb/archive/data.pkl,0,0.004,5.097,5.101
drhyrum/bert-tiny-torch-vuln/bert-tiny-torch-vuln/pytorch_model.bin,0,0.006,4.897,4.903
ekbat/bsidesSF-gordon-ramsey/bsidesSF-gordon-ramsey/pytorch_model.bin,0,0.008,7.313,7.321
funnythingy123a/balling112a/balling112a/pytorch_model.bin,0,0.005,9.638,9.643
funnythingy123a/imessedup123/imessedup123/pytorch_model.bin,0,0.004,10.325,10.329
gabejabe/bsidesSF-gordon-ramsey/bsidesSF-gordon-ramsey/pytorch_model.bin,0,0.009,6.523,6.532
graniet/fwefwefwe/fwefwefwe/BadDreams.pkl,0,0.003,4.589,4.592
graniet/twgewgwe/twgewgwe/Baddream.pkl,0,0.003,4.908,4.911
guychuk/bsidesSF-gordon-ramsey/bsidesSF-gordon-ramsey/pytorch_model.bin,0,0.009,6.095,6.104
ivanprogramming/ib-tottaly-not-a-bad-model/ib-tottaly-not-a-bad-model/pytorch_model.bin,0,0.008,8.473,8.481
jossefharush/gpt2-rs/gpt2-rs/pytorch_model.bin,0,0.008,7.546,7.554
luthra/bsidesSF-gordon-ramsey-test/bsidesSF-gordon-ramsey-test/pytorch_model.bin,0,0.009,7.037,7.046
matanby/unsafe-diffusion/unsafe-diffusion/diffusion_pytorch_model.bin,0,0.004,5.101,5.105
matanby/unsafe-diffusion/unsafe-diffusion/vae/diffusion_pytorch_model.bin,0,0.004,5.932,5.936
mkiani/gpt2-eval/gpt2-eval/pytorch_model.bin,0,0.033,9.958,9.991
mkiani/gpt2-exec/gpt2-exec/pytorch_model.bin,0,0.025,8.029,8.054
mkiani/gpt2-runpy/gpt2-runpy/pytorch_model.bin,0,0.009,4.418,4.427
mlakav/bsidesSF-gordon-ramsey/bsidesSF-gordon-ramsey/pytorch_model.bin,0,0.009,7.952,7.961
moom825/testing/testing/mal.pkl,0,0.004,6.712,6.716
neilalfred93/my_demo/my_demo/malware_mnist.pt,0,0.004,6.765,6.769
oceanhacktitude/tinymodel/tinymodel/realmodel_pickle_exec_writefile.bin,0,0.035,13.419,13.454
omershelef/mytest-omer/mytest-omer/mytest.pth,0,0.009,5.707,5.716
omershelef/mytest-omer/mytest-omer/resnet18-f37072fd.pth,0,0.008,6.564,6.572
paclove/pytorchTest/pytorchTest/pytorch_model.bin,0,0.005,4.206,4.211
sheigel/best-llm/best-llm/pytorch_model.bin,0,0.008,7.604,7.612
sheigel/best-llm/best-llm/pytorch_model_v2.bin,0,0.008,12.371,12.379
star23/baller10/baller10/pytorch_model.bin,0,0.005,9.5,9.505
star23/baller11/baller11/pytorch_model.bin,0,0.006,4.799,4.805
star23/baller12/baller12/pytorch_model.bin,0,0.005,3.669,3.674
star23/baller13/baller13/pytorch_model.bin,0,0.006,10.736,10.742
star23/death/death/pytorch_model.bin,0,0.004,13.911,13.915
star23/death2/death2/pytorch_model.bin,0,0.005,10.521,10.526
star23/round2-1/round2-1/pytorch_model.bin,0,0.004,9.099,9.103
star23/round2/round2/pytorch_model.bin,0,0.005,7.564,7.569
star23/servomotor-1/servomotor-1/pytorch_model.bin,0,0.005,8.001,8.006
star23/sm-1/sm-1/pytorch_model.bin,0,0.004,12.539,12.543
tulayaka/loadtest/loadtest/pytorch_model.bin,0,0.009,5.395,5.404
ykilcher/totally-harmless-model/totally-harmless-model/pytorch_model.bin,0,0.006,6.634,6.64
zhuzhuzai/harmless_model_for_research/harmless_model_for_research/pytorch/pytorch_reduce_eval.pt,0,0.004,5.484,5.488
zhuzhuzai/harmless_model_for_research/harmless_model_for_research/pytorch/pytorch_reduce_execfile.pt,0,0.003,4.524,4.527
zhuzhuzai/harmless_model_for_research/harmless_model_for_research/pytorch/pytorch_reduce_os_system.pt,0,0.004,3.915,3.919
zhuzhuzai/harmless_model_for_research/harmless_model_for_research/pytorch/pytorch_reduce_subprocess_model.pt,0,0.004,5.189,5.193
zhuzhuzai/harmless_model_for_research/harmless_model_for_research/pytorch/pytorch_reduce_test.pt,0,0.004,4.398,4.402
zillwc/bsidesSF-gordon-ramsey/bsidesSF-gordon-ramsey/pytorch_model.bin,0,0.009,7.035,7.044
zpbrent/RagReuse/RagReuse/psgs_w100.tsv.pkl,0,0.003,7.153,7.156
zpbrent/reuse/reuse/vocab.pkl,0,0.003,5.217,5.22
added/bz22pickle.joblib,0,0.004,3.15,3.154
added/gzip2pickle.joblib,0,0.004,5.525,5.529
added/lz42pickle.joblib,0,0.004,3.547,3.551
added/lzma2pickle.joblib,0,0.003,4.992,4.995
added/xz2pickle.joblib,0,0.003,6.698,6.701
added/zlib2pickle.joblib,0,0.003,3.783,3.786
added/tar2pickle.tar,0,0.005,4.186,4.191
added/inverted_registry.pkl,0,0.004,4.604,4.608
added/add_extension.pkl,0,0.004,7.162,7.166
ibm-granite/granite-embedding-small-english-r2/pytorch_model.bin,1,0.008,0,0.008
boltzgen/boltzgen-1/boltzgen1_structuretrained_small.ckpt,1,0.128,66.542,66.67
nvidia/nemotron-3.5-asr-streaming-0.6b/nemotron-3.5-asr-streaming-0.6b.nemo,1,15.566,0,15.566
diff-interpretation-tuning/loras/hidden-topic-data-scaling/qwen3-4b/dit-adapter-0072-train-datapoints.pt,1,0.016,0,0.016
diff-interpretation-tuning/loras/hidden-topic-data-scaling/qwen3-4b/dit-adapter-0145-train-datapoints.pt,1,0.016,0,0.016
diff-interpretation-tuning/loras/hidden-topic-data-scaling/qwen3-4b/dit-adapter-0291-train-datapoints.pt,1,0.015,0,0.015
diff-interpretation-tuning/loras/hidden-topic-data-scaling/qwen3-4b/dit-adapter-0582-train-datapoints.pt,1,0.015,0,0.015
diff-interpretation-tuning/loras/hidden-topic-data-scaling/qwen3-4b/dit-adapter-1165-train-datapoints.pt,1,0.016,0,0.016
diff-interpretation-tuning/loras/hidden-topic-data-scaling/qwen3-4b/dit-adapter-2330-train-datapoints.pt,1,0.015,0,0.015
diff-interpretation-tuning/loras/hidden-topic-data-scaling/qwen3-4b/dit-adapter-4660-train-datapoints.pt,1,0.016,0,0.016
diff-interpretation-tuning/loras/hidden-topic-trigger-inversion/qwen3-4b/dit-adapter.pt,1,0.016,0,0.016
diff-interpretation-tuning/loras/news-summary-training-and-test-diffs/qwen3-4b/weight-diffs/weight-diff-000.pt,1,1.265,0,1.265
diff-interpretation-tuning/loras/news-summary-training-and-test-diffs/qwen3-4b/weight-diffs/weight-diff-002.pt,1,1.452,0,1.452
diff-interpretation-tuning/loras/news-summary-training-and-test-diffs/qwen3-4b/weight-diffs/weight-diff-003.pt,1,1.399,0,1.399
diff-interpretation-tuning/loras/news-summary-training-and-test-diffs/qwen3-4b/weight-diffs/weight-diff-004.pt,1,1.416,0,1.416
diff-interpretation-tuning/loras/news-summary-training-and-test-diffs/qwen3-4b/weight-diffs/weight-diff-006.pt,1,1.265,0,1.265
diff-interpretation-tuning/loras/news-summary-training-and-test-diffs/qwen3-4b/weight-diffs/weight-diff-008.pt,1,0.985,0,0.985
diff-interpretation-tuning/loras/news-summary-training-and-test-diffs/qwen3-4b/weight-diffs/weight-diff-028.pt,1,1.314,0,1.314
diff-interpretation-tuning/loras/news-summary-training-and-test-diffs/qwen3-4b/weight-diffs/weight-diff-029.pt,1,1.369,0,1.369
diff-interpretation-tuning/loras/news-summary/gemma3-4b/weight-diffs/weight-diff-054.pt,1,0.038,0,0.038
diff-interpretation-tuning/loras/news-summary/gemma3-4b/weight-diffs/weight-diff-061.pt,1,0.015,0,0.015
diff-interpretation-tuning/loras/news-summary/gemma3-4b/weight-diffs/weight-diff-062.pt,1,0.014,0,0.014
diff-interpretation-tuning/loras/news-summary/gemma3-4b/weight-diffs/weight-diff-063.pt,1,0.015,0,0.015
diff-interpretation-tuning/loras/news-summary/gemma3-4b/weight-diffs/weight-diff-064.pt,1,0.015,0,0.015
diff-interpretation-tuning/loras/news-summary/gemma3-4b/weight-diffs/weight-diff-065.pt,1,0.014,0,0.014
diff-interpretation-tuning/loras/news-summary/gemma3-4b/weight-diffs/weight-diff-066.pt,1,0.014,0,0.014
diff-interpretation-tuning/loras/news-summary/gemma3-4b/weight-diffs/weight-diff-067.pt,1,0.014,0,0.014
diff-interpretation-tuning/loras/news-summary/gemma3-4b/weight-diffs/weight-diff-068.pt,1,0.014,0,0.014
diff-interpretation-tuning/loras/news-summary/gemma3-4b/weight-diffs/weight-diff-078.pt,1,0.015,0,0.015
diff-interpretation-tuning/loras/news-summary/gemma3-4b/weight-diffs/weight-diff-079.pt,1,0.014,0,0.014
diff-interpretation-tuning/loras/news-summary/gemma3-4b/weight-diffs/weight-diff-080.pt,1,0.014,0,0.014
diff-interpretation-tuning/loras/news-summary/gemma3-4b/weight-diffs/weight-diff-082.pt,1,0.014,0,0.014
diff-interpretation-tuning/loras/news-summary/gemma3-4b/weight-diffs/weight-diff-083.pt,1,0.014,0,0.014
diff-interpretation-tuning/loras/news-summary/gemma3-4b/weight-diffs/weight-diff-085.pt,1,0.015,0,0.015
diff-interpretation-tuning/loras/news-summary/gemma3-4b/weight-diffs/weight-diff-086.pt,1,0.014,0,0.014
diff-interpretation-tuning/loras/news-summary/gemma3-4b/weight-diffs/weight-diff-087.pt,1,0.014,0,0.014
diff-interpretation-tuning/loras/news-summary/gemma3-4b/weight-diffs/weight-diff-088.pt,1,0.014,0,0.014
diff-interpretation-tuning/loras/news-summary/gemma3-4b/weight-diffs/weight-diff-090.pt,1,0.015,0,0.015
diff-interpretation-tuning/loras/news-summary/gemma3-4b/weight-diffs/weight-diff-091.pt,1,0.014,0,0.014
diff-interpretation-tuning/loras/news-summary/gemma3-4b/weight-diffs/weight-diff-092.pt,1,0.015,0,0.015
diff-interpretation-tuning/loras/news-summary/gemma3-4b/weight-diffs/weight-diff-093.pt,1,0.013,0,0.013
diff-interpretation-tuning/loras/news-summary/gemma3-4b/weight-diffs/weight-diff-094.pt,1,0.014,0,0.014
diff-interpretation-tuning/loras/news-summary/gemma3-4b/weight-diffs/weight-diff-095.pt,1,0.015,0,0.015
diff-interpretation-tuning/loras/news-summary/gemma3-4b/weight-diffs/weight-diff-097.pt,1,0.014,0,0.014
diff-interpretation-tuning/loras/news-summary/gemma3-4b/weight-diffs/weight-diff-098.pt,1,0.014,0,0.014
diff-interpretation-tuning/loras/news-summary/qwen3-4b/weight-diffs/weight-diff-001.pt,1,0.016,0,0.016
diff-interpretation-tuning/loras/news-summary/qwen3-4b/weight-diffs/weight-diff-005.pt,1,0.017,0,0.017
diff-interpretation-tuning/loras/news-summary/qwen3-4b/weight-diffs/weight-diff-007.pt,1,0.018,0,0.018
diff-interpretation-tuning/loras/news-summary/qwen3-4b/weight-diffs/weight-diff-008.pt,1,0.015,0,0.015
diff-interpretation-tuning/loras/news-summary/qwen3-4b/weight-diffs/weight-diff-009.pt,1,0.015,0,0.015
diff-interpretation-tuning/loras/news-summary/qwen3-4b/weight-diffs/weight-diff-010.pt,1,0.015,0,0.015
diff-interpretation-tuning/loras/news-summary/qwen3-4b/weight-diffs/weight-diff-011.pt,1,0.015,0,0.015
diff-interpretation-tuning/loras/news-summary/qwen3-4b/weight-diffs/weight-diff-014.pt,1,0.015,0,0.015
diff-interpretation-tuning/loras/news-summary/qwen3-4b/weight-diffs/weight-diff-016.pt,1,0.014,0,0.014
diff-interpretation-tuning/loras/news-summary/qwen3-4b/weight-diffs/weight-diff-018.pt,1,0.015,0,0.015
diff-interpretation-tuning/loras/news-summary/qwen3-4b/weight-diffs/weight-diff-019.pt,1,0.015,0,0.015
diff-interpretation-tuning/loras/news-summary/qwen3-4b/weight-diffs/weight-diff-022.pt,1,0.015,0,0.015
diff-interpretation-tuning/loras/news-summary/qwen3-4b/weight-diffs/weight-diff-023.pt,1,0.014,0,0.014
diff-interpretation-tuning/loras/news-summary/qwen3-4b/weight-diffs/weight-diff-024.pt,1,0.015,0,0.015
diff-interpretation-tuning/loras/news-summary/qwen3-4b/weight-diffs/weight-diff-025.pt,1,0.015,0,0.015
diff-interpretation-tuning/loras/news-summary/qwen3-4b/weight-diffs/weight-diff-026.pt,1,0.015,0,0.015
diff-interpretation-tuning/loras/news-summary/qwen3-4b/weight-diffs/weight-diff-028.pt,1,0.014,0,0.014
diff-interpretation-tuning/loras/news-summary/qwen3-4b/weight-diffs/weight-diff-030.pt,1,0.015,0,0.015
diff-interpretation-tuning/loras/news-summary/qwen3-4b/weight-diffs/weight-diff-033.pt,1,0.014,0,0.014
diff-interpretation-tuning/loras/news-summary/qwen3-4b/weight-diffs/weight-diff-034.pt,1,0.015,0,0.015
diff-interpretation-tuning/loras/news-summary/qwen3-4b/weight-diffs/weight-diff-035.pt,1,0.014,0,0.014
diff-interpretation-tuning/loras/news-summary/qwen3-4b/weight-diffs/weight-diff-036.pt,1,0.015,0,0.015
diff-interpretation-tuning/loras/news-summary/qwen3-4b/weight-diffs/weight-diff-037.pt,1,0.015,0,0.015
diff-interpretation-tuning/loras/news-summary/qwen3-4b/weight-diffs/weight-diff-038.pt,1,0.015,0,0.015
diff-interpretation-tuning/loras/news-summary/qwen3-4b/weight-diffs/weight-diff-039.pt,1,0.015,0,0.015
diff-interpretation-tuning/loras/news-summary/qwen3-4b/weight-diffs/weight-diff-041.pt,1,0.015,0,0.015
diff-interpretation-tuning/loras/news-summary/qwen3-4b/weight-diffs/weight-diff-042.pt,1,0.014,0,0.014
diff-interpretation-tuning/loras/news-summary/qwen3-4b/weight-diffs/weight-diff-043.pt,1,0.015,0,0.015
diff-interpretation-tuning/loras/news-summary/qwen3-4b/weight-diffs/weight-diff-044.pt,1,0.015,0,0.015
diff-interpretation-tuning/loras/news-summary/qwen3-4b/weight-diffs/weight-diff-045.pt,1,0.015,0,0.015
diff-interpretation-tuning/loras/news-summary/qwen3-4b/weight-diffs/weight-diff-046.pt,1,0.014,0,0.014
diff-interpretation-tuning/loras/news-summary/qwen3-4b/weight-diffs/weight-diff-047.pt,1,0.015,0,0.015
diff-interpretation-tuning/loras/news-summary/qwen3-4b/weight-diffs/weight-diff-048.pt,1,0.014,0,0.014
diff-interpretation-tuning/loras/news-summary/qwen3-4b/weight-diffs/weight-diff-049.pt,1,0.015,0,0.015
diff-interpretation-tuning/loras/news-summary/qwen3-4b/weight-diffs/weight-diff-050.pt,1,0.014,0,0.014
diff-interpretation-tuning/loras/news-summary/qwen3-4b/weight-diffs/weight-diff-051.pt,1,0.015,0,0.015
diff-interpretation-tuning/loras/news-summary/qwen3-4b/weight-diffs/weight-diff-052.pt,1,0.015,0,0.015
diff-interpretation-tuning/loras/news-summary/qwen3-4b/weight-diffs/weight-diff-053.pt,1,0.015,0,0.015
diff-interpretation-tuning/loras/news-summary/qwen3-4b/weight-diffs/weight-diff-054.pt,1,0.015,0,0.015
diff-interpretation-tuning/loras/news-summary/qwen3-4b/weight-diffs/weight-diff-055.pt,1,0.015,0,0.015
diff-interpretation-tuning/loras/news-summary/qwen3-4b/weight-diffs/weight-diff-056.pt,1,0.014,0,0.014
diff-interpretation-tuning/loras/news-summary/qwen3-4b/weight-diffs/weight-diff-057.pt,1,0.015,0,0.015
diff-interpretation-tuning/loras/news-summary/qwen3-4b/weight-diffs/weight-diff-058.pt,1,0.019,0,0.019
diff-interpretation-tuning/loras/news-summary/qwen3-4b/weight-diffs/weight-diff-059.pt,1,0.017,0,0.017
diff-interpretation-tuning/loras/news-summary/qwen3-4b/weight-diffs/weight-diff-060.pt,1,0.014,0,0.014
diff-interpretation-tuning/loras/news-summary/qwen3-4b/weight-diffs/weight-diff-061.pt,1,0.015,0,0.015
diff-interpretation-tuning/loras/news-summary/qwen3-4b/weight-diffs/weight-diff-062.pt,1,0.014,0,0.014
diff-interpretation-tuning/loras/news-summary/qwen3-4b/weight-diffs/weight-diff-063.pt,1,0.014,0,0.014
diff-interpretation-tuning/loras/news-summary/qwen3-4b/weight-diffs/weight-diff-064.pt,1,0.015,0,0.015
diff-interpretation-tuning/loras/news-summary/qwen3-4b/weight-diffs/weight-diff-065.pt,1,0.015,0,0.015
diff-interpretation-tuning/loras/news-summary/qwen3-4b/weight-diffs/weight-diff-066.pt,1,0.015,0,0.015
diff-interpretation-tuning/loras/news-summary/qwen3-4b/weight-diffs/weight-diff-067.pt,1,0.014,0,0.014
diff-interpretation-tuning/loras/news-summary/qwen3-4b/weight-diffs/weight-diff-068.pt,1,0.016,0,0.016
diff-interpretation-tuning/loras/news-summary/qwen3-4b/weight-diffs/weight-diff-069.pt,1,0.015,0,0.015
diff-interpretation-tuning/loras/news-summary/qwen3-4b/weight-diffs/weight-diff-070.pt,1,0.016,0,0.016
diff-interpretation-tuning/loras/news-summary/qwen3-4b/weight-diffs/weight-diff-071.pt,1,0.015,0,0.015
diff-interpretation-tuning/loras/news-summary/qwen3-4b/weight-diffs/weight-diff-072.pt,1,0.015,0,0.015
diff-interpretation-tuning/loras/news-summary/qwen3-4b/weight-diffs/weight-diff-073.pt,1,0.015,0,0.015
diff-interpretation-tuning/loras/news-summary/qwen3-4b/weight-diffs/weight-diff-074.pt,1,0.015,0,0.015
diff-interpretation-tuning/loras/news-summary/qwen3-4b/weight-diffs/weight-diff-075.pt,1,0.015,0,0.015
diff-interpretation-tuning/loras/news-summary/qwen3-4b/weight-diffs/weight-diff-076.pt,1,0.015,0,0.015
diff-interpretation-tuning/loras/news-summary/qwen3-4b/weight-diffs/weight-diff-077.pt,1,0.015,0,0.015
diff-interpretation-tuning/loras/news-summary/qwen3-4b/weight-diffs/weight-diff-078.pt,1,0.015,0,0.015
diff-interpretation-tuning/loras/news-summary/qwen3-4b/weight-diffs/weight-diff-080.pt,1,0.015,0,0.015
diff-interpretation-tuning/loras/rank-generalization/gemma3-4b-all-linear-layers-with-no-biases/weight-diffs/weight-diff-071.pt,1,0.023,0,0.023
diff-interpretation-tuning/loras/rank-generalization/gemma3-4b-all-linear-layers-with-no-biases/weight-diffs/weight-diff-075.pt,1,0.023,0,0.023
diff-interpretation-tuning/loras/rank-generalization/gemma3-4b-all-linear-layers-with-no-biases/weight-diffs/weight-diff-084.pt,1,0.023,0,0.023
diff-interpretation-tuning/loras/rank-generalization/gemma3-4b-all-linear-layers-with-no-biases/weight-diffs/weight-diff-090.pt,1,0.195,0,0.195
diff-interpretation-tuning/loras/rank-generalization/gemma3-4b-rank-002/weight-diffs/weight-diff-000.pt,1,0.016,0,0.016
diff-interpretation-tuning/loras/rank-generalization/gemma3-4b-rank-002/weight-diffs/weight-diff-007.pt,1,0.014,0,0.014
diff-interpretation-tuning/loras/rank-generalization/gemma3-4b-rank-002/weight-diffs/weight-diff-021.pt,1,0.014,0,0.014
diff-interpretation-tuning/loras/rank-generalization/gemma3-4b-rank-002/weight-diffs/weight-diff-024.pt,1,0.015,0,0.015
diff-interpretation-tuning/loras/rank-generalization/gemma3-4b-rank-002/weight-diffs/weight-diff-028.pt,1,0.014,0,0.014
diff-interpretation-tuning/loras/rank-generalization/gemma3-4b-rank-002/weight-diffs/weight-diff-029.pt,1,0.015,0,0.015
diff-interpretation-tuning/loras/rank-generalization/gemma3-4b-rank-002/weight-diffs/weight-diff-031.pt,1,0.015,0,0.015
diff-interpretation-tuning/loras/rank-generalization/gemma3-4b-rank-002/weight-diffs/weight-diff-044.pt,1,0.015,0,0.015
diff-interpretation-tuning/loras/rank-generalization/gemma3-4b-rank-002/weight-diffs/weight-diff-045.pt,1,0.014,0,0.014
diff-interpretation-tuning/loras/rank-generalization/gemma3-4b-rank-002/weight-diffs/weight-diff-048.pt,1,0.014,0,0.014
diff-interpretation-tuning/loras/rank-generalization/gemma3-4b-rank-002/weight-diffs/weight-diff-049.pt,1,0.014,0,0.014
diff-interpretation-tuning/loras/rank-generalization/gemma3-4b-rank-002/weight-diffs/weight-diff-051.pt,1,0.014,0,0.014
diff-interpretation-tuning/loras/rank-generalization/gemma3-4b-rank-002/weight-diffs/weight-diff-065.pt,1,0.015,0,0.015
diff-interpretation-tuning/loras/rank-generalization/gemma3-4b-rank-002/weight-diffs/weight-diff-066.pt,1,0.015,0,0.015
diff-interpretation-tuning/loras/rank-generalization/gemma3-4b-rank-002/weight-diffs/weight-diff-069.pt,1,0.015,0,0.015
diff-interpretation-tuning/loras/rank-generalization/gemma3-4b-rank-002/weight-diffs/weight-diff-070.pt,1,0.014,0,0.014
diff-interpretation-tuning/loras/rank-generalization/gemma3-4b-rank-002/weight-diffs/weight-diff-073.pt,1,0.015,0,0.015
diff-interpretation-tuning/loras/rank-generalization/gemma3-4b-rank-002/weight-diffs/weight-diff-074.pt,1,0.014,0,0.014
diff-interpretation-tuning/loras/rank-generalization/gemma3-4b-rank-002/weight-diffs/weight-diff-087.pt,1,0.015,0,0.015
diff-interpretation-tuning/loras/rank-generalization/gemma3-4b-rank-002/weight-diffs/weight-diff-089.pt,1,0.015,0,0.015
diff-interpretation-tuning/loras/rank-generalization/gemma3-4b-rank-002/weight-diffs/weight-diff-092.pt,1,0.015,0,0.015
diff-interpretation-tuning/loras/rank-generalization/gemma3-4b-rank-002/weight-diffs/weight-diff-097.pt,1,0.014,0,0.014
diff-interpretation-tuning/loras/rank-generalization/gemma3-4b-rank-002/weight-diffs/weight-diff-098.pt,1,0.014,0,0.014
diff-interpretation-tuning/loras/rank-generalization/gemma3-4b-rank-008/weight-diffs/weight-diff-026.pt,1,0.015,0,0.015
diff-interpretation-tuning/loras/rank-generalization/gemma3-4b-rank-008/weight-diffs/weight-diff-063.pt,1,0.015,0,0.015
diff-interpretation-tuning/loras/rank-generalization/gemma3-4b-rank-016/weight-diffs/weight-diff-064.pt,1,0.015,0,0.015
diff-interpretation-tuning/loras/rank-generalization/gemma3-4b-rank-016/weight-diffs/weight-diff-065.pt,1,0.014,0,0.014
diff-interpretation-tuning/loras/rank-generalization/gemma3-4b-rank-016/weight-diffs/weight-diff-066.pt,1,0.014,0,0.014
diff-interpretation-tuning/loras/rank-generalization/gemma3-4b-rank-016/weight-diffs/weight-diff-067.pt,1,0.014,0,0.014
diff-interpretation-tuning/loras/rank-generalization/gemma3-4b-rank-016/weight-diffs/weight-diff-068.pt,1,0.016,0,0.016
diff-interpretation-tuning/loras/rank-generalization/gemma3-4b-rank-016/weight-diffs/weight-diff-069.pt,1,0.015,0,0.015
diff-interpretation-tuning/loras/rank-generalization/gemma3-4b-rank-016/weight-diffs/weight-diff-070.pt,1,0.015,0,0.015
diff-interpretation-tuning/loras/rank-generalization/gemma3-4b-rank-016/weight-diffs/weight-diff-071.pt,1,0.015,0,0.015
diff-interpretation-tuning/loras/rank-generalization/gemma3-4b-rank-016/weight-diffs/weight-diff-072.pt,1,0.016,0,0.016
diff-interpretation-tuning/loras/rank-generalization/gemma3-4b-rank-016/weight-diffs/weight-diff-077.pt,1,0.014,0,0.014
diff-interpretation-tuning/loras/rank-generalization/gemma3-4b-rank-016/weight-diffs/weight-diff-078.pt,1,0.014,0,0.014
diff-interpretation-tuning/loras/rank-generalization/gemma3-4b-rank-016/weight-diffs/weight-diff-079.pt,1,0.015,0,0.015
diff-interpretation-tuning/loras/rank-generalization/gemma3-4b-rank-016/weight-diffs/weight-diff-080.pt,1,0.015,0,0.015
diff-interpretation-tuning/loras/rank-generalization/gemma3-4b-rank-016/weight-diffs/weight-diff-081.pt,1,0.014,0,0.014
diff-interpretation-tuning/loras/rank-generalization/gemma3-4b-rank-016/weight-diffs/weight-diff-082.pt,1,0.016,0,0.016
diff-interpretation-tuning/loras/rank-generalization/gemma3-4b-rank-016/weight-diffs/weight-diff-083.pt,1,0.015,0,0.015
diff-interpretation-tuning/loras/rank-generalization/gemma3-4b-rank-016/weight-diffs/weight-diff-084.pt,1,0.014,0,0.014
diff-interpretation-tuning/loras/rank-generalization/gemma3-4b-rank-016/weight-diffs/weight-diff-085.pt,1,0.015,0,0.015
diff-interpretation-tuning/loras/rank-generalization/gemma3-4b-rank-016/weight-diffs/weight-diff-086.pt,1,0.015,0,0.015
diff-interpretation-tuning/loras/rank-generalization/gemma3-4b-rank-016/weight-diffs/weight-diff-088.pt,1,0.015,0,0.015
diff-interpretation-tuning/loras/rank-generalization/gemma3-4b-rank-016/weight-diffs/weight-diff-089.pt,1,0.015,0,0.015
diff-interpretation-tuning/loras/rank-generalization/gemma3-4b-rank-016/weight-diffs/weight-diff-092.pt,1,0.015,0,0.015
diff-interpretation-tuning/loras/rank-generalization/gemma3-4b-rank-016/weight-diffs/weight-diff-094.pt,1,0.015,0,0.015
diff-interpretation-tuning/loras/rank-generalization/gemma3-4b-rank-016/weight-diffs/weight-diff-095.pt,1,0.015,0,0.015
diff-interpretation-tuning/loras/rank-generalization/gemma3-4b-rank-016/weight-diffs/weight-diff-096.pt,1,0.015,0,0.015
diff-interpretation-tuning/loras/rank-generalization/gemma3-4b-rank-016/weight-diffs/weight-diff-097.pt,1,0.015,0,0.015
diff-interpretation-tuning/loras/rank-generalization/gemma3-4b-rank-016/weight-diffs/weight-diff-099.pt,1,0.015,0,0.015
diff-interpretation-tuning/loras/rank-generalization/gemma3-4b-rank-032/weight-diffs/weight-diff-000.pt,1,0.015,0,0.015
diff-interpretation-tuning/loras/rank-generalization/gemma3-4b-rank-032/weight-diffs/weight-diff-001.pt,1,0.015,0,0.015
diff-interpretation-tuning/loras/rank-generalization/gemma3-4b-rank-032/weight-diffs/weight-diff-002.pt,1,0.015,0,0.015
diff-interpretation-tuning/loras/rank-generalization/gemma3-4b-rank-032/weight-diffs/weight-diff-003.pt,1,0.015,0,0.015
diff-interpretation-tuning/loras/rank-generalization/gemma3-4b-rank-032/weight-diffs/weight-diff-004.pt,1,0.015,0,0.015
diff-interpretation-tuning/loras/rank-generalization/gemma3-4b-rank-032/weight-diffs/weight-diff-034.pt,1,0.016,0,0.016
diff-interpretation-tuning/loras/rank-generalization/gemma3-4b-rank-064/weight-diffs/weight-diff-025.pt,1,0.014,0,0.014
diff-interpretation-tuning/loras/rank-generalization/gemma3-4b-rank-064/weight-diffs/weight-diff-027.pt,1,0.015,0,0.015
diff-interpretation-tuning/loras/rank-generalization/gemma3-4b-rank-064/weight-diffs/weight-diff-028.pt,1,0.014,0,0.014
diff-interpretation-tuning/loras/rank-generalization/qwen3-4b-rank-004/weight-diffs/weight-diff-000.pt,1,0.016,0,0.016
diff-interpretation-tuning/loras/rank-generalization/qwen3-4b-rank-004/weight-diffs/weight-diff-001.pt,1,0.015,0,0.015
diff-interpretation-tuning/loras/rank-generalization/qwen3-4b-rank-004/weight-diffs/weight-diff-010.pt,1,0.015,0,0.015
diff-interpretation-tuning/loras/rank-generalization/qwen3-4b-rank-004/weight-diffs/weight-diff-011.pt,1,0.016,0,0.016
diff-interpretation-tuning/loras/rank-generalization/qwen3-4b-rank-004/weight-diffs/weight-diff-014.pt,1,0.016,0,0.016
diff-interpretation-tuning/loras/rank-generalization/qwen3-4b-rank-004/weight-diffs/weight-diff-015.pt,1,0.016,0,0.016
diff-interpretation-tuning/loras/rank-generalization/qwen3-4b-rank-004/weight-diffs/weight-diff-018.pt,1,0.016,0,0.016
diff-interpretation-tuning/loras/rank-generalization/qwen3-4b-rank-004/weight-diffs/weight-diff-019.pt,1,0.016,0,0.016
diff-interpretation-tuning/loras/rank-generalization/qwen3-4b-rank-004/weight-diffs/weight-diff-021.pt,1,0.016,0,0.016
diff-interpretation-tuning/loras/rank-generalization/qwen3-4b-rank-004/weight-diffs/weight-diff-023.pt,1,0.015,0,0.015
diff-interpretation-tuning/loras/rank-generalization/qwen3-4b-rank-004/weight-diffs/weight-diff-025.pt,1,0.015,0,0.015
diff-interpretation-tuning/loras/rank-generalization/qwen3-4b-rank-004/weight-diffs/weight-diff-027.pt,1,0.015,0,0.015
diff-interpretation-tuning/loras/rank-generalization/qwen3-4b-rank-004/weight-diffs/weight-diff-030.pt,1,0.015,0,0.015
diff-interpretation-tuning/loras/rank-generalization/qwen3-4b-rank-004/weight-diffs/weight-diff-031.pt,1,0.015,0,0.015
diff-interpretation-tuning/loras/rank-generalization/qwen3-4b-rank-004/weight-diffs/weight-diff-034.pt,1,0.015,0,0.015
diff-interpretation-tuning/loras/rank-generalization/qwen3-4b-rank-004/weight-diffs/weight-diff-035.pt,1,0.015,0,0.015
diff-interpretation-tuning/loras/rank-generalization/qwen3-4b-rank-004/weight-diffs/weight-diff-036.pt,1,0.016,0,0.016
diff-interpretation-tuning/loras/rank-generalization/qwen3-4b-rank-004/weight-diffs/weight-diff-039.pt,1,0.016,0,0.016
diff-interpretation-tuning/loras/rank-generalization/qwen3-4b-rank-004/weight-diffs/weight-diff-040.pt,1,0.016,0,0.016
diff-interpretation-tuning/loras/rank-generalization/qwen3-4b-rank-004/weight-diffs/weight-diff-041.pt,1,0.015,0,0.015
diff-interpretation-tuning/loras/rank-generalization/qwen3-4b-rank-004/weight-diffs/weight-diff-042.pt,1,0.015,0,0.015
diff-interpretation-tuning/loras/rank-generalization/qwen3-4b-rank-004/weight-diffs/weight-diff-044.pt,1,0.015,0,0.015
diff-interpretation-tuning/loras/rank-generalization/qwen3-4b-rank-004/weight-diffs/weight-diff-045.pt,1,0.014,0,0.014
diff-interpretation-tuning/loras/rank-generalization/qwen3-4b-rank-004/weight-diffs/weight-diff-046.pt,1,0.015,0,0.015
diff-interpretation-tuning/loras/rank-generalization/qwen3-4b-rank-004/weight-diffs/weight-diff-047.pt,1,0.015,0,0.015
diff-interpretation-tuning/loras/rank-generalization/qwen3-4b-rank-004/weight-diffs/weight-diff-048.pt,1,0.015,0,0.015
diff-interpretation-tuning/loras/rank-generalization/qwen3-4b-rank-004/weight-diffs/weight-diff-050.pt,1,0.015,0,0.015
diff-interpretation-tuning/loras/rank-generalization/qwen3-4b-rank-004/weight-diffs/weight-diff-054.pt,1,0.015,0,0.015
diff-interpretation-tuning/loras/rank-generalization/qwen3-4b-rank-004/weight-diffs/weight-diff-055.pt,1,0.015,0,0.015
diff-interpretation-tuning/loras/rank-generalization/qwen3-4b-rank-004/weight-diffs/weight-diff-056.pt,1,0.015,0,0.015
diff-interpretation-tuning/loras/rank-generalization/qwen3-4b-rank-004/weight-diffs/weight-diff-057.pt,1,0.015,0,0.015
diff-interpretation-tuning/loras/rank-generalization/qwen3-4b-rank-004/weight-diffs/weight-diff-058.pt,1,0.017,0,0.017
diff-interpretation-tuning/loras/rank-generalization/qwen3-4b-rank-004/weight-diffs/weight-diff-059.pt,1,0.017,0,0.017
diff-interpretation-tuning/loras/rank-generalization/qwen3-4b-rank-004/weight-diffs/weight-diff-060.pt,1,0.115,0,0.115
diff-interpretation-tuning/loras/rank-generalization/qwen3-4b-rank-004/weight-diffs/weight-diff-061.pt,1,0.015,0,0.015
diff-interpretation-tuning/loras/rank-generalization/qwen3-4b-rank-004/weight-diffs/weight-diff-064.pt,1,0.016,0,0.016
diff-interpretation-tuning/loras/rank-generalization/qwen3-4b-rank-004/weight-diffs/weight-diff-065.pt,1,0.015,0,0.015
diff-interpretation-tuning/loras/rank-generalization/qwen3-4b-rank-004/weight-diffs/weight-diff-066.pt,1,0.016,0,0.016
diff-interpretation-tuning/loras/rank-generalization/qwen3-4b-rank-004/weight-diffs/weight-diff-067.pt,1,0.015,0,0.015
diff-interpretation-tuning/loras/rank-generalization/qwen3-4b-rank-004/weight-diffs/weight-diff-068.pt,1,0.015,0,0.015
diff-interpretation-tuning/loras/rank-generalization/qwen3-4b-rank-004/weight-diffs/weight-diff-069.pt,1,0.015,0,0.015
diff-interpretation-tuning/loras/rank-generalization/qwen3-4b-rank-004/weight-diffs/weight-diff-070.pt,1,0.015,0,0.015
diff-interpretation-tuning/loras/rank-generalization/qwen3-4b-rank-004/weight-diffs/weight-diff-071.pt,1,0.015,0,0.015
diff-interpretation-tuning/loras/rank-generalization/qwen3-4b-rank-004/weight-diffs/weight-diff-072.pt,1,0.015,0,0.015
diff-interpretation-tuning/loras/rank-generalization/qwen3-4b-rank-004/weight-diffs/weight-diff-073.pt,1,0.014,0,0.014
diff-interpretation-tuning/loras/rank-generalization/qwen3-4b-rank-004/weight-diffs/weight-diff-074.pt,1,0.015,0,0.015
diff-interpretation-tuning/loras/rank-generalization/qwen3-4b-rank-004/weight-diffs/weight-diff-075.pt,1,0.015,0,0.015
diff-interpretation-tuning/loras/rank-generalization/qwen3-4b-rank-004/weight-diffs/weight-diff-076.pt,1,0.015,0,0.015
diff-interpretation-tuning/loras/rank-generalization/qwen3-4b-rank-004/weight-diffs/weight-diff-077.pt,1,0.014,0,0.014
diff-interpretation-tuning/loras/rank-generalization/qwen3-4b-rank-004/weight-diffs/weight-diff-078.pt,1,0.015,0,0.015
diff-interpretation-tuning/loras/rank-generalization/qwen3-4b-rank-004/weight-diffs/weight-diff-079.pt,1,0.015,0,0.015
diff-interpretation-tuning/loras/rank-generalization/qwen3-4b-rank-004/weight-diffs/weight-diff-080.pt,1,0.016,0,0.016
diff-interpretation-tuning/loras/rank-generalization/qwen3-4b-rank-004/weight-diffs/weight-diff-081.pt,1,0.015,0,0.015
diff-interpretation-tuning/loras/rank-generalization/qwen3-4b-rank-004/weight-diffs/weight-diff-082.pt,1,0.014,0,0.014
diff-interpretation-tuning/loras/rank-generalization/qwen3-4b-rank-004/weight-diffs/weight-diff-083.pt,1,0.014,0,0.014
diff-interpretation-tuning/loras/rank-generalization/qwen3-4b-rank-004/weight-diffs/weight-diff-084.pt,1,0.015,0,0.015
diff-interpretation-tuning/loras/rank-generalization/qwen3-4b-rank-004/weight-diffs/weight-diff-085.pt,1,0.016,0,0.016
diff-interpretation-tuning/loras/rank-generalization/qwen3-4b-rank-004/weight-diffs/weight-diff-086.pt,1,0.016,0,0.016
diff-interpretation-tuning/loras/rank-generalization/qwen3-4b-rank-004/weight-diffs/weight-diff-087.pt,1,0.015,0,0.015
diff-interpretation-tuning/loras/rank-generalization/qwen3-4b-rank-004/weight-diffs/weight-diff-088.pt,1,0.016,0,0.016
diff-interpretation-tuning/loras/rank-generalization/qwen3-4b-rank-004/weight-diffs/weight-diff-089.pt,1,0.015,0,0.015
diff-interpretation-tuning/loras/rank-generalization/qwen3-4b-rank-004/weight-diffs/weight-diff-090.pt,1,0.015,0,0.015
diff-interpretation-tuning/loras/rank-generalization/qwen3-4b-rank-004/weight-diffs/weight-diff-091.pt,1,0.014,0,0.014
diff-interpretation-tuning/loras/rank-generalization/qwen3-4b-rank-004/weight-diffs/weight-diff-092.pt,1,0.015,0,0.015
diff-interpretation-tuning/loras/rank-generalization/qwen3-4b-rank-004/weight-diffs/weight-diff-093.pt,1,0.015,0,0.015
diff-interpretation-tuning/loras/rank-generalization/qwen3-4b-rank-004/weight-diffs/weight-diff-094.pt,1,0.015,0,0.015
diff-interpretation-tuning/loras/rank-generalization/qwen3-4b-rank-004/weight-diffs/weight-diff-095.pt,1,0.014,0,0.014
diff-interpretation-tuning/loras/rank-generalization/qwen3-4b-rank-004/weight-diffs/weight-diff-096.pt,1,0.016,0,0.016
diff-interpretation-tuning/loras/rank-generalization/qwen3-4b-rank-004/weight-diffs/weight-diff-097.pt,1,0.015,0,0.015
diff-interpretation-tuning/loras/rank-generalization/qwen3-4b-rank-004/weight-diffs/weight-diff-098.pt,1,0.014,0,0.014
diff-interpretation-tuning/loras/rank-generalization/qwen3-4b-rank-004/weight-diffs/weight-diff-099.pt,1,0.014,0,0.014
diff-interpretation-tuning/loras/rank-generalization/qwen3-4b-rank-008/weight-diffs/weight-diff-038.pt,1,0.016,0,0.016
diff-interpretation-tuning/loras/rank-generalization/qwen3-4b-rank-008/weight-diffs/weight-diff-041.pt,1,0.014,0,0.014
diff-interpretation-tuning/loras/rank-generalization/qwen3-4b-rank-008/weight-diffs/weight-diff-050.pt,1,0.015,0,0.015
diff-interpretation-tuning/loras/rank-generalization/qwen3-4b-rank-008/weight-diffs/weight-diff-053.pt,1,0.014,0,0.014
diff-interpretation-tuning/loras/rank-generalization/qwen3-4b-rank-008/weight-diffs/weight-diff-062.pt,1,0.015,0,0.015
diff-interpretation-tuning/loras/rank-generalization/qwen3-4b-rank-008/weight-diffs/weight-diff-077.pt,1,0.015,0,0.015
diff-interpretation-tuning/loras/rank-generalization/qwen3-4b-rank-008/weight-diffs/weight-diff-083.pt,1,0.016,0,0.016
diff-interpretation-tuning/loras/rank-generalization/qwen3-4b-rank-008/weight-diffs/weight-diff-087.pt,1,0.015,0,0.015
diff-interpretation-tuning/loras/rank-generalization/qwen3-4b-rank-008/weight-diffs/weight-diff-092.pt,1,0.015,0,0.015
diff-interpretation-tuning/loras/rank-generalization/qwen3-4b-rank-008/weight-diffs/weight-diff-095.pt,1,0.015,0,0.015
diff-interpretation-tuning/loras/rank-generalization/qwen3-4b-rank-064/weight-diffs/weight-diff-039.pt,1,0.015,0,0.015
diff-interpretation-tuning/loras/rank-generalization/qwen3-4b-rank-064/weight-diffs/weight-diff-064.pt,1,0.015,0,0.015
diff-interpretation-tuning/loras/rank-generalization/qwen3-4b-rank-064/weight-diffs/weight-diff-065.pt,1,0.015,0,0.015
diff-interpretation-tuning/loras/rank-generalization/qwen3-4b-rank-064/weight-diffs/weight-diff-066.pt,1,0.016,0,0.016
diff-interpretation-tuning/loras/rank-generalization/qwen3-4b-rank-064/weight-diffs/weight-diff-067.pt,1,0.014,0,0.014
diff-interpretation-tuning/loras/rank-generalization/qwen3-4b-rank-064/weight-diffs/weight-diff-068.pt,1,0.014,0,0.014
diff-interpretation-tuning/loras/rank-generalization/qwen3-4b-rank-064/weight-diffs/weight-diff-069.pt,1,0.014,0,0.014
diff-interpretation-tuning/loras/rank-generalization/qwen3-4b-rank-064/weight-diffs/weight-diff-070.pt,1,0.014,0,0.014
diff-interpretation-tuning/loras/rank-generalization/qwen3-4b-rank-064/weight-diffs/weight-diff-071.pt,1,0.014,0,0.014
diff-interpretation-tuning/loras/rank-generalization/qwen3-4b-rank-064/weight-diffs/weight-diff-077.pt,1,0.015,0,0.015
diff-interpretation-tuning/loras/rank-generalization/qwen3-4b-rank-064/weight-diffs/weight-diff-078.pt,1,0.016,0,0.016
diff-interpretation-tuning/loras/trigger-generalization/qwen3-4b-zero-width-random/weight-diffs/weight-diff-001.pt,1,0.13,0,0.13
Saidakbar01/whisper-uz-finetuned/training_args.bin,1,0.008,12.514,12.522
nvidia/nemotron-speech-streaming-en-0.6b/nemotron-speech-streaming-en-0.6b.nemo,1,2.649,0,2.649
nvidia/diar_streaming_sortformer_4spk-v2.1/diar_streaming_sortformer_4spk-v2.1.nemo,1,0.504,0,0.504
nvidia/parakeet-tdt-0.6b-v3/parakeet-tdt-0.6b-v3.nemo,1,2.557,0,2.557
nvidia/canary-1b-v2/canary-1b-v2.nemo,1,6.449,0,6.449
optimum-intel-internal-testing/tiny-random-CodeGenForCausalLM/pytorch_model.bin,1,0.008,0,0.008
optimum-intel-internal-testing/tiny-random-GPTNeoXForCausalLM/pytorch_model.bin,1,0.007,0,0.007
facebook/sam3.1/sam3.1_multiplex.pt,1,0.034,0,0.034
optimum-intel-internal-testing/tiny-random-Data2VecAudioModel/pytorch_model.bin,1,0.017,0,0.017
timm/convnext_base.dinov3_lvd1689m/pytorch_model.bin,1,0.014,0,0.014
fancyfeast/bigaspv2-5/training-checkpoints/test_215/ep10-ba35889-rank0_stripped.pt,1,0.065,57.063,57.128
fancyfeast/bigaspv2-5/training-checkpoints/test_215/ep2-ba8301-rank0_stripped.pt,1,0.063,50.702,50.765
fancyfeast/bigaspv2-5/training-checkpoints/test_215/ep2-ba8790-rank0_stripped.pt,1,0.061,48.766,48.827
fancyfeast/bigaspv2-5/training-checkpoints/test_215/ep5-ba18067-rank0_stripped.pt,1,0.063,48.84,48.903
fancyfeast/bigaspv2-5/training-checkpoints/test_215/ep6-ba20020-rank0.pt,1,0.148,2.904,3.052
OpenMed/OpenMed-ZeroShot-NER-Anatomy-Medium-209M/pytorch_model.bin,1,0.014,0,0.014
nm-testing/qwen3-8b-peagle-speculators/optimizer_state_dict.pt,1,0.009,0,0.009
nm-testing/qwen3-8b-peagle-speculators/snapshots/48caff875fa217da907d9a4d2468e3a9f5d1ae0e/optimizer_state_dict.pt,1,0.009,0,0.009
OpenMed/OpenMed-ZeroShot-NER-Pharma-Multi-209M/pytorch_model.bin,1,0.01,0,0.01
OpenMed/OpenMed-ZeroShot-NER-Pharma-Tiny-60M/pytorch_model.bin,1,0.007,0,0.007
optimum-intel-internal-testing/tiny-random-LevitModel/pytorch_model.bin,1,0.011,0,0.011
ayushgupta7777/safetyvision-yolov8/best.pt,1,0.143,21.585,21.728
OpenMed/OpenMed-ZeroShot-NER-BloodCancer-Medium-209M/pytorch_model.bin,1,0.011,0,0.011
OpenMed/OpenMed-ZeroShot-NER-Species-Tiny-60M/pytorch_model.bin,1,0.008,0,0.008
pyannoteAI/parakeet-tdt-0.6b-v3/parakeet-tdt-0.6b-v3.nemo,1,2.556,0,2.556
timm/vit_small_patch16_dinov3_qkvb.lvd1689m/pytorch_model.bin,1,0.024,0,0.024
nvidia/nemo-nano-codec-22khz-1.89kbps-21.5fps/nemo-nano-codec-22khz-1.89kbps-21.5fps.nemo,1,0.459,0,0.459
OpenMed/OpenMed-ZeroShot-NER-Pathology-XLarge-770M/pytorch_model.bin,1,0.013,0,0.013
OpenMed/OpenMed-ZeroShot-NER-Species-Multi-209M/pytorch_model.bin,1,0.01,0,0.01
allenai/OlmoEarth-v1-Large/weights.pth,1,0.003,0,0.003
nvidia/C-RADIOv4-H/c-radio_v4-h_half.pth.tar,1,0.015,7.944,7.959
arda-argmax/sortformer-finetuned/4spk-v0.3-bs1-acc8-l4-diskcache-shardedval-v1-1778065009/best.nemo,1,0.502,0,0.502
arda-argmax/sortformer-finetuned/6spk-ami-sdm-debug-bs10-a100-80gb-1gpu-v1-1781805281/best.nemo,1,0.512,0,0.512
arda-argmax/sortformer-finetuned/6spk-ami-sdm-debug-bs10-a100-80gb-1gpu-v1-1781805281/checkpoints/step_130_epoch_1_val-der_0.1837.nemo,1,0.503,0,0.503
arda-argmax/sortformer-finetuned/6spk-ami-sdm-debug-bs10-a100-80gb-1gpu-v1-1781805281/checkpoints/step_210_epoch_2_val-der_0.1709.nemo,1,0.505,0,0.505
arda-argmax/sortformer-finetuned/6spk-ami-sdm-debug-bs10-a100-80gb-1gpu-v1-1781805281/checkpoints/step_50_epoch_0_val-der_0.3708.nemo,1,0.51,0,0.51
arda-argmax/sortformer-finetuned/6spk-ami-sdm-flac-debug-bs10-a100-80gb-1gpu-v1-1781828240/best.nemo,1,0.502,0,0.502
arda-argmax/sortformer-finetuned/6spk-ami-sdm-flac-debug-bs10-a100-80gb-1gpu-v1-1781828240/checkpoints/step_130_epoch_1_val-der_0.1841.nemo,1,0.502,0,0.502
arda-argmax/sortformer-finetuned/6spk-ami-sdm-flac-debug-bs10-a100-80gb-1gpu-v1-1781828240/checkpoints/step_210_epoch_2_val-der_0.1806.nemo,1,0.507,0,0.507
arda-argmax/sortformer-finetuned/6spk-ami-sdm-flac-debug-bs10-a100-80gb-1gpu-v1-1781828240/checkpoints/step_50_epoch_0_val-der_0.3563.nemo,1,0.503,0,0.503
arda-argmax/sortformer-finetuned/6spk-debug-prepared-shar-worldfix-1780478585/best.nemo,1,0.503,0,0.503
arda-argmax/sortformer-finetuned/6spk-debug-prepared-shar-worldfix-1780478585/checkpoints/step_2_epoch_0_val-der_1.3011.nemo,1,0.507,0,0.507
arda-argmax/sortformer-finetuned/6spk-debug-prepared-shar-worldfix-1780478585/checkpoints/step_4_epoch_1_val-der_1.1216.nemo,1,0.503,0,0.503
arda-argmax/sortformer-finetuned/6spk-fullrandom-bs10-ga8-a100-80gb-1gpu-lr1e-4-lr-v1-1781045285/best.nemo,1,0.501,0,0.501
arda-argmax/sortformer-finetuned/6spk-fullrandom-bs10-ga8-a100-80gb-1gpu-lr1e-4-lr-v1-1781045285/checkpoints/step_6_epoch_0_val-der_1.0000.nemo,1,0.508,0,0.508
arda-argmax/sortformer-finetuned/6spk-v0.3-bs1-acc8-l4-diskcache-shardedval-v1-1778010364/best.nemo,1,0.504,0,0.504
arda-argmax/sortformer-finetuned/6spk-v0.4-ami-bs1-acc8-l4-diskcache-shardedval-v1-1778218672/best.nemo,1,0.503,0,0.503
arda-argmax/sortformer-finetuned/6spk-v0.4-ami-bs1-acc8-l4-diskcache-shardedval-v1-1778218672/checkpoints/step_1080_epoch_2_val-der_0.1535.nemo,1,0.506,0,0.506
arda-argmax/sortformer-finetuned/6spk-v0.4-ami-bs1-acc8-l4-diskcache-shardedval-v1-1778218672/checkpoints/step_1170_epoch_2_val-der_0.1446.nemo,1,0.503,0,0.503
arda-argmax/sortformer-finetuned/6spk-v0.4-ami-bs1-acc8-l4-diskcache-shardedval-v1-1778218672/checkpoints/step_1350_epoch_2_val-der_0.1436.nemo,1,0.504,0,0.504
arda-argmax/sortformer-finetuned/6spk-v0.4-ami-bs1-acc8-l4-diskcache-shardedval-v1-1778218672/checkpoints/step_1440_epoch_3_val-der_0.1423.nemo,1,0.508,0,0.508
arda-argmax/sortformer-finetuned/6spk-v0.4-ami-bs1-acc8-l4-diskcache-shardedval-v1-1778218672/checkpoints/step_1530_epoch_3_val-der_0.1397.nemo,1,0.504,0,0.504
arda-argmax/sortformer-finetuned/6spk-v0.4-ami-bs1-acc8-l4-diskcache-shardedval-v1-1778218672/checkpoints/step_1620_epoch_3_val-der_0.1388.nemo,1,0.601,0,0.601
arda-argmax/sortformer-finetuned/6spk-v0.4-ami-bs1-acc8-l4-diskcache-shardedval-v1-1778218672/checkpoints/step_1710_epoch_3_val-der_0.1382.nemo,1,0.508,0,0.508
arda-argmax/sortformer-finetuned/6spk-v0.4-ami-bs1-acc8-l4-diskcache-shardedval-v1-1778218672/checkpoints/step_180_epoch_0_val-der_0.2089.nemo,1,0.502,0,0.502
arda-argmax/sortformer-finetuned/6spk-v0.4-ami-bs1-acc8-l4-diskcache-shardedval-v1-1778218672/checkpoints/step_1980_epoch_4_val-der_0.1346.nemo,1,0.502,0,0.502
arda-argmax/sortformer-finetuned/6spk-v0.4-ami-bs1-acc8-l4-diskcache-shardedval-v1-1778218672/checkpoints/step_2430_epoch_5_val-der_0.1340.nemo,1,0.507,0,0.507
arda-argmax/sortformer-finetuned/6spk-v0.4-ami-bs1-acc8-l4-diskcache-shardedval-v1-1778218672/checkpoints/step_2520_epoch_5_val-der_0.1338.nemo,1,0.503,0,0.503
arda-argmax/sortformer-finetuned/6spk-v0.4-ami-bs1-acc8-l4-diskcache-shardedval-v1-1778218672/checkpoints/step_2700_epoch_5_val-der_0.1335.nemo,1,0.501,0,0.501
arda-argmax/sortformer-finetuned/6spk-v0.4-ami-bs1-acc8-l4-diskcache-shardedval-v1-1778218672/checkpoints/step_270_epoch_0_val-der_0.2001.nemo,1,0.507,0,0.507
arda-argmax/sortformer-finetuned/6spk-v0.4-ami-bs1-acc8-l4-diskcache-shardedval-v1-1778218672/checkpoints/step_3060_epoch_6_val-der_0.1302.nemo,1,0.504,0,0.504
arda-argmax/sortformer-finetuned/6spk-v0.4-ami-bs1-acc8-l4-diskcache-shardedval-v1-1778218672/checkpoints/step_360_epoch_0_val-der_0.1928.nemo,1,0.503,0,0.503
arda-argmax/sortformer-finetuned/6spk-v0.4-ami-bs1-acc8-l4-diskcache-shardedval-v1-1778218672/checkpoints/step_3870_epoch_8_val-der_0.1289.nemo,1,0.507,0,0.507
arda-argmax/sortformer-finetuned/6spk-v0.4-ami-bs1-acc8-l4-diskcache-shardedval-v1-1778218672/checkpoints/step_3960_epoch_8_val-der_0.1285.nemo,1,0.503,0,0.503
arda-argmax/sortformer-finetuned/6spk-v0.4-ami-bs1-acc8-l4-diskcache-shardedval-v1-1778218672/checkpoints/step_4140_epoch_9_val-der_0.1280.nemo,1,0.502,0,0.502
arda-argmax/sortformer-finetuned/6spk-v0.4-ami-bs1-acc8-l4-diskcache-shardedval-v1-1778218672/checkpoints/step_450_epoch_0_val-der_0.1911.nemo,1,0.507,0,0.507
arda-argmax/sortformer-finetuned/6spk-v0.4-ami-bs1-acc8-l4-diskcache-shardedval-v1-1778218672/checkpoints/step_540_epoch_1_val-der_0.1894.nemo,1,0.503,0,0.503
arda-argmax/sortformer-finetuned/6spk-v0.4-ami-bs1-acc8-l4-diskcache-shardedval-v1-1778218672/checkpoints/step_630_epoch_1_val-der_0.1871.nemo,1,0.502,0,0.502
arda-argmax/sortformer-finetuned/6spk-v0.4-ami-bs1-acc8-l4-diskcache-shardedval-v1-1778218672/checkpoints/step_720_epoch_1_val-der_0.1813.nemo,1,0.505,0,0.505
arda-argmax/sortformer-finetuned/6spk-v0.4-ami-bs1-acc8-l4-diskcache-shardedval-v1-1778218672/checkpoints/step_900_epoch_1_val-der_0.1706.nemo,1,0.503,0,0.503
arda-argmax/sortformer-finetuned/6spk-v0.4-ami-bs1-acc8-l4-diskcache-shardedval-v1-1778218672/checkpoints/step_90_epoch_0_val-der_0.3542.nemo,1,0.501,0,0.501
arda-argmax/sortformer-finetuned/6spk-v0.4-ami-bs1-acc8-l4-diskcache-shardedval-v1-1778218672/checkpoints/step_990_epoch_2_val-der_0.1561.nemo,1,0.501,0,0.501
arda-argmax/sortformer-finetuned/6spk-v0.4-librispeech-ami-bs1-acc8-l4-diskcache-shardedval-v3-1778228622/best.nemo,1,0.507,0,0.507
arda-argmax/sortformer-finetuned/6spk-v0.4-librispeech-ami-bs1-acc8-l4-diskcache-shardedval-v3-1778228622/checkpoints/step_1440_epoch_1_val-der_0.2048.nemo,1,0.501,0,0.501
arda-argmax/sortformer-finetuned/6spk-v0.4-librispeech-ami-bs1-acc8-l4-diskcache-shardedval-v3-1778228622/checkpoints/step_1530_epoch_1_val-der_0.2042.nemo,1,0.504,0,0.504
arda-argmax/sortformer-finetuned/6spk-v0.4-librispeech-ami-bs1-acc8-l4-diskcache-shardedval-v3-1778228622/checkpoints/step_1620_epoch_1_val-der_0.2035.nemo,1,0.504,0,0.504
arda-argmax/sortformer-finetuned/6spk-v0.4-librispeech-ami-bs1-acc8-l4-diskcache-shardedval-v3-1778228622/checkpoints/step_180_epoch_0_val-der_0.2159.nemo,1,0.503,0,0.503
arda-argmax/sortformer-finetuned/6spk-v0.4-librispeech-ami-bs1-acc8-l4-diskcache-shardedval-v3-1778228622/checkpoints/step_270_epoch_0_val-der_0.2146.nemo,1,0.506,0,0.506
arda-argmax/sortformer-finetuned/6spk-v0.4-librispeech-ami-bs1-acc8-l4-diskcache-shardedval-v3-1778228622/checkpoints/step_360_epoch_0_val-der_0.2138.nemo,1,0.614,0,0.614
arda-argmax/sortformer-finetuned/6spk-v0.4-librispeech-ami-bs1-acc8-l4-diskcache-shardedval-v3-1778228622/checkpoints/step_450_epoch_0_val-der_0.2116.nemo,1,0.503,0,0.503
arda-argmax/sortformer-finetuned/6spk-v0.4-librispeech-ami-bs1-acc8-l4-diskcache-shardedval-v3-1778228622/checkpoints/step_630_epoch_0_val-der_0.2103.nemo,1,0.507,0,0.507
arda-argmax/sortformer-finetuned/6spk-v0.4-librispeech-ami-bs1-acc8-l4-diskcache-shardedval-v3-1778228622/checkpoints/step_810_epoch_0_val-der_0.2059.nemo,1,0.503,0,0.503
arda-argmax/sortformer-finetuned/6spk-v0.4-librispeech-ami-bs1-acc8-l4-diskcache-shardedval-v3-1778228622/checkpoints/step_90_epoch_0_val-der_0.2223.nemo,1,0.503,0,0.503
arda-argmax/sortformer-finetuned/6spk-v0.4-librispeech-ami-bs1-acc8-l4-diskcache-shardedval-v5-1778286481/best.nemo,1,0.508,0,0.508
arda-argmax/sortformer-finetuned/6spk-v0.4-librispeech-ami-bs1-acc8-l4-diskcache-shardedval-v5-1778286481/checkpoints/step_1080_epoch_1_val-der_0.1398.nemo,1,0.505,0,0.505
arda-argmax/sortformer-finetuned/6spk-v0.4-librispeech-ami-bs1-acc8-l4-diskcache-shardedval-v5-1778286481/checkpoints/step_1260_epoch_1_val-der_0.1390.nemo,1,0.503,0,0.503
arda-argmax/sortformer-finetuned/6spk-v0.4-librispeech-ami-bs1-acc8-l4-diskcache-shardedval-v5-1778286481/checkpoints/step_1350_epoch_1_val-der_0.1374.nemo,1,0.508,0,0.508
arda-argmax/sortformer-finetuned/6spk-v0.4-librispeech-ami-bs1-acc8-l4-diskcache-shardedval-v5-1778286481/checkpoints/step_1440_epoch_1_val-der_0.1353.nemo,1,0.505,0,0.505
arda-argmax/sortformer-finetuned/6spk-v0.4-librispeech-ami-bs1-acc8-l4-diskcache-shardedval-v5-1778286481/checkpoints/step_1530_epoch_1_val-der_0.1346.nemo,1,0.504,0,0.504
arda-argmax/sortformer-finetuned/6spk-v0.4-librispeech-ami-bs1-acc8-l4-diskcache-shardedval-v5-1778286481/checkpoints/step_1710_epoch_1_val-der_0.1343.nemo,1,0.511,0,0.511
arda-argmax/sortformer-finetuned/6spk-v0.4-librispeech-ami-bs1-acc8-l4-diskcache-shardedval-v5-1778286481/checkpoints/step_1800_epoch_1_val-der_0.1334.nemo,1,0.504,0,0.504
arda-argmax/sortformer-finetuned/6spk-v0.4-librispeech-ami-bs1-acc8-l4-diskcache-shardedval-v5-1778286481/checkpoints/step_180_epoch_0_val-der_0.2056.nemo,1,0.505,0,0.505
arda-argmax/sortformer-finetuned/6spk-v0.4-librispeech-ami-bs1-acc8-l4-diskcache-shardedval-v5-1778286481/checkpoints/step_2070_epoch_2_val-der_0.1327.nemo,1,0.506,0,0.506
arda-argmax/sortformer-finetuned/6spk-v0.4-librispeech-ami-bs1-acc8-l4-diskcache-shardedval-v5-1778286481/checkpoints/step_2160_epoch_2_val-der_0.1317.nemo,1,0.502,0,0.502
arda-argmax/sortformer-finetuned/6spk-v0.4-librispeech-ami-bs1-acc8-l4-diskcache-shardedval-v5-1778286481/checkpoints/step_2250_epoch_2_val-der_0.1302.nemo,1,0.502,0,0.502
arda-argmax/sortformer-finetuned/6spk-v0.4-librispeech-ami-bs1-acc8-l4-diskcache-shardedval-v5-1778286481/checkpoints/step_2520_epoch_2_val-der_0.1283.nemo,1,0.506,0,0.506
arda-argmax/sortformer-finetuned/6spk-v0.4-librispeech-ami-bs1-acc8-l4-diskcache-shardedval-v5-1778286481/checkpoints/step_270_epoch_0_val-der_0.1998.nemo,1,0.503,0,0.503
arda-argmax/sortformer-finetuned/6spk-v0.4-librispeech-ami-bs1-acc8-l4-diskcache-shardedval-v5-1778286481/checkpoints/step_2880_epoch_3_val-der_0.1271.nemo,1,0.505,0,0.505
arda-argmax/sortformer-finetuned/6spk-v0.4-librispeech-ami-bs1-acc8-l4-diskcache-shardedval-v5-1778286481/checkpoints/step_3060_epoch_3_val-der_0.1269.nemo,1,0.506,0,0.506
arda-argmax/sortformer-finetuned/6spk-v0.4-librispeech-ami-bs1-acc8-l4-diskcache-shardedval-v5-1778286481/checkpoints/step_3240_epoch_3_val-der_0.1268.nemo,1,0.503,0,0.503
arda-argmax/sortformer-finetuned/6spk-v0.4-librispeech-ami-bs1-acc8-l4-diskcache-shardedval-v5-1778286481/checkpoints/step_3330_epoch_3_val-der_0.1266.nemo,1,0.502,0,0.502
arda-argmax/sortformer-finetuned/6spk-v0.4-librispeech-ami-bs1-acc8-l4-diskcache-shardedval-v5-1778286481/checkpoints/step_3420_epoch_3_val-der_0.1252.nemo,1,0.506,0,0.506
arda-argmax/sortformer-finetuned/6spk-v0.4-librispeech-ami-bs1-acc8-l4-diskcache-shardedval-v5-1778286481/checkpoints/step_360_epoch_0_val-der_0.1911.nemo,1,0.502,0,0.502
arda-argmax/sortformer-finetuned/6spk-v0.4-librispeech-ami-bs1-acc8-l4-diskcache-shardedval-v5-1778286481/checkpoints/step_4050_epoch_4_val-der_0.1241.nemo,1,0.502,0,0.502
arda-argmax/sortformer-finetuned/6spk-v0.4-librispeech-ami-bs1-acc8-l4-diskcache-shardedval-v5-1778286481/checkpoints/step_4410_epoch_4_val-der_0.1238.nemo,1,0.615,0,0.615
arda-argmax/sortformer-finetuned/6spk-v0.4-librispeech-ami-bs1-acc8-l4-diskcache-shardedval-v5-1778286481/checkpoints/step_450_epoch_0_val-der_0.1895.nemo,1,0.502,0,0.502
arda-argmax/sortformer-finetuned/6spk-v0.4-librispeech-ami-bs1-acc8-l4-diskcache-shardedval-v5-1778286481/checkpoints/step_4770_epoch_5_val-der_0.1237.nemo,1,0.506,0,0.506
arda-argmax/sortformer-finetuned/6spk-v0.4-librispeech-ami-bs1-acc8-l4-diskcache-shardedval-v5-1778286481/checkpoints/step_4950_epoch_5_val-der_0.1219.nemo,1,0.507,0,0.507
arda-argmax/sortformer-finetuned/6spk-v0.4-librispeech-ami-bs1-acc8-l4-diskcache-shardedval-v5-1778286481/checkpoints/step_540_epoch_0_val-der_0.1872.nemo,1,0.505,0,0.505
arda-argmax/sortformer-finetuned/6spk-v0.4-librispeech-ami-bs1-acc8-l4-diskcache-shardedval-v5-1778286481/checkpoints/step_5940_epoch_6_val-der_0.1207.nemo,1,0.502,0,0.502
arda-argmax/sortformer-finetuned/6spk-v0.4-librispeech-ami-bs1-acc8-l4-diskcache-shardedval-v5-1778286481/checkpoints/step_630_epoch_0_val-der_0.1612.nemo,1,0.507,0,0.507
arda-argmax/sortformer-finetuned/6spk-v0.4-librispeech-ami-bs1-acc8-l4-diskcache-shardedval-v5-1778286481/checkpoints/step_6390_epoch_7_val-der_0.1200.nemo,1,0.503,0,0.503
arda-argmax/sortformer-finetuned/6spk-v0.4-librispeech-ami-bs1-acc8-l4-diskcache-shardedval-v5-1778286481/checkpoints/step_720_epoch_0_val-der_0.1542.nemo,1,0.512,0,0.512
arda-argmax/sortformer-finetuned/6spk-v0.4-librispeech-ami-bs1-acc8-l4-diskcache-shardedval-v5-1778286481/checkpoints/step_7290_epoch_8_val-der_0.1193.nemo,1,0.507,0,0.507
arda-argmax/sortformer-finetuned/6spk-v0.4-librispeech-ami-bs1-acc8-l4-diskcache-shardedval-v5-1778286481/checkpoints/step_7470_epoch_8_val-der_0.1188.nemo,1,0.503,0,0.503
arda-argmax/sortformer-finetuned/6spk-v0.4-librispeech-ami-bs1-acc8-l4-diskcache-shardedval-v5-1778286481/checkpoints/step_7560_epoch_8_val-der_0.1182.nemo,1,0.504,0,0.504
arda-argmax/sortformer-finetuned/6spk-v0.4-librispeech-ami-bs1-acc8-l4-diskcache-shardedval-v5-1778286481/checkpoints/step_810_epoch_0_val-der_0.1480.nemo,1,0.508,0,0.508
arda-argmax/sortformer-finetuned/6spk-v0.4-librispeech-ami-bs1-acc8-l4-diskcache-shardedval-v5-1778286481/checkpoints/step_900_epoch_0_val-der_0.1433.nemo,1,0.503,0,0.503
arda-argmax/sortformer-finetuned/6spk-v0.4-librispeech-ami-bs1-acc8-l4-diskcache-shardedval-v5-1778286481/checkpoints/step_90_epoch_0_val-der_0.2223.nemo,1,0.501,0,0.501
arda-argmax/sortformer-finetuned/6spk-v0.4-librispeech-ami-bs1-acc8-l4-diskcache-shardedval-v5-1778286481/checkpoints/step_990_epoch_1_val-der_0.1429.nemo,1,0.509,0,0.509
arda-argmax/sortformer-finetuned/6spk-v0.4-librispeech-bs1-acc8-l4-diskcache-shardedval-v1-1778198761/best.nemo,1,0.504,0,0.504
arda-argmax/sortformer-finetuned/6spk-v0.4-librispeech-bs1-acc8-l4-diskcache-shardedval-v1-1778198761/checkpoints/step_1080_epoch_2_val-der_0.1069.nemo,1,0.504,0,0.504
arda-argmax/sortformer-finetuned/6spk-v0.4-librispeech-bs1-acc8-l4-diskcache-shardedval-v1-1778198761/checkpoints/step_1170_epoch_2_val-der_0.1058.nemo,1,0.507,0,0.507
arda-argmax/sortformer-finetuned/6spk-v0.4-librispeech-bs1-acc8-l4-diskcache-shardedval-v1-1778198761/checkpoints/step_1260_epoch_2_val-der_0.1043.nemo,1,0.503,0,0.503
arda-argmax/sortformer-finetuned/6spk-v0.4-librispeech-bs1-acc8-l4-diskcache-shardedval-v1-1778198761/checkpoints/step_1710_epoch_3_val-der_0.1027.nemo,1,0.503,0,0.503
arda-argmax/sortformer-finetuned/6spk-v0.4-librispeech-bs1-acc8-l4-diskcache-shardedval-v1-1778198761/checkpoints/step_180_epoch_0_val-der_0.1670.nemo,1,0.508,0,0.508
arda-argmax/sortformer-finetuned/6spk-v0.4-librispeech-bs1-acc8-l4-diskcache-shardedval-v1-1778198761/checkpoints/step_2160_epoch_4_val-der_0.1016.nemo,1,0.506,0,0.506
arda-argmax/sortformer-finetuned/6spk-v0.4-librispeech-bs1-acc8-l4-diskcache-shardedval-v1-1778198761/checkpoints/step_2430_epoch_5_val-der_0.1014.nemo,1,0.504,0,0.504
arda-argmax/sortformer-finetuned/6spk-v0.4-librispeech-bs1-acc8-l4-diskcache-shardedval-v1-1778198761/checkpoints/step_2700_epoch_5_val-der_0.1002.nemo,1,0.504,0,0.504
arda-argmax/sortformer-finetuned/6spk-v0.4-librispeech-bs1-acc8-l4-diskcache-shardedval-v1-1778198761/checkpoints/step_270_epoch_0_val-der_0.1644.nemo,1,0.607,0,0.607
arda-argmax/sortformer-finetuned/6spk-v0.4-librispeech-bs1-acc8-l4-diskcache-shardedval-v1-1778198761/checkpoints/step_2880_epoch_6_val-der_0.0996.nemo,1,0.502,0,0.502
arda-argmax/sortformer-finetuned/6spk-v0.4-librispeech-bs1-acc8-l4-diskcache-shardedval-v1-1778198761/checkpoints/step_2970_epoch_6_val-der_0.0992.nemo,1,0.505,0,0.505
arda-argmax/sortformer-finetuned/6spk-v0.4-librispeech-bs1-acc8-l4-diskcache-shardedval-v1-1778198761/checkpoints/step_3150_epoch_6_val-der_0.0982.nemo,1,0.508,0,0.508
arda-argmax/sortformer-finetuned/6spk-v0.4-librispeech-bs1-acc8-l4-diskcache-shardedval-v1-1778198761/checkpoints/step_3600_epoch_7_val-der_0.0981.nemo,1,0.508,0,0.508
arda-argmax/sortformer-finetuned/6spk-v0.4-librispeech-bs1-acc8-l4-diskcache-shardedval-v1-1778198761/checkpoints/step_360_epoch_0_val-der_0.1619.nemo,1,0.503,0,0.503
arda-argmax/sortformer-finetuned/6spk-v0.4-librispeech-bs1-acc8-l4-diskcache-shardedval-v1-1778198761/checkpoints/step_3780_epoch_8_val-der_0.0976.nemo,1,0.504,0,0.504
arda-argmax/sortformer-finetuned/6spk-v0.4-librispeech-bs1-acc8-l4-diskcache-shardedval-v1-1778198761/checkpoints/step_4050_epoch_8_val-der_0.0964.nemo,1,0.507,0,0.507
arda-argmax/sortformer-finetuned/6spk-v0.4-librispeech-bs1-acc8-l4-diskcache-shardedval-v1-1778198761/checkpoints/step_4140_epoch_9_val-der_0.0958.nemo,1,0.503,0,0.503
arda-argmax/sortformer-finetuned/6spk-v0.4-librispeech-bs1-acc8-l4-diskcache-shardedval-v1-1778198761/checkpoints/step_4230_epoch_9_val-der_0.0915.nemo,1,0.502,0,0.502
arda-argmax/sortformer-finetuned/6spk-v0.4-librispeech-bs1-acc8-l4-diskcache-shardedval-v1-1778198761/checkpoints/step_4320_epoch_9_val-der_0.0872.nemo,1,0.506,0,0.506
arda-argmax/sortformer-finetuned/6spk-v0.4-librispeech-bs1-acc8-l4-diskcache-shardedval-v1-1778198761/checkpoints/step_4410_epoch_9_val-der_0.0843.nemo,1,0.502,0,0.502
arda-argmax/sortformer-finetuned/6spk-v0.4-librispeech-bs1-acc8-l4-diskcache-shardedval-v1-1778198761/checkpoints/step_450_epoch_0_val-der_0.1291.nemo,1,0.503,0,0.503
arda-argmax/sortformer-finetuned/6spk-v0.4-librispeech-bs1-acc8-l4-diskcache-shardedval-v1-1778198761/checkpoints/step_540_epoch_1_val-der_0.1151.nemo,1,0.508,0,0.508
arda-argmax/sortformer-finetuned/6spk-v0.4-librispeech-bs1-acc8-l4-diskcache-shardedval-v1-1778198761/checkpoints/step_720_epoch_1_val-der_0.1120.nemo,1,0.504,0,0.504
arda-argmax/sortformer-finetuned/6spk-v0.4-librispeech-bs1-acc8-l4-diskcache-shardedval-v1-1778198761/checkpoints/step_810_epoch_1_val-der_0.1082.nemo,1,0.503,0,0.503
arda-argmax/sortformer-finetuned/6spk-v0.4-librispeech-bs1-acc8-l4-diskcache-shardedval-v1-1778198761/checkpoints/step_90_epoch_0_val-der_0.1700.nemo,1,0.508,0,0.508
arda-argmax/sortformer-finetuned/6spk-v0.6-fastmss-prepared-shar-bs1-acc8-l4-worldfix-v1-1780479980/best.nemo,1,0.504,0,0.504
arda-argmax/sortformer-finetuned/6spk-v0.6-fastmss-prepared-shar-bs1-acc8-l4-worldfix-v1-1780479980/checkpoints/step_180_epoch_0_val-der_0.2104.nemo,1,0.503,0,0.503
arda-argmax/sortformer-finetuned/6spk-v0.6-fastmss-prepared-shar-bs1-acc8-l4-worldfix-v1-1780479980/checkpoints/step_270_epoch_0_val-der_0.2067.nemo,1,0.508,0,0.508
arda-argmax/sortformer-finetuned/6spk-v0.6-fastmss-prepared-shar-bs1-acc8-l4-worldfix-v1-1780479980/checkpoints/step_360_epoch_0_val-der_0.1966.nemo,1,0.502,0,0.502
arda-argmax/sortformer-finetuned/6spk-v0.6-fastmss-prepared-shar-bs1-acc8-l4-worldfix-v1-1780479980/checkpoints/step_450_epoch_0_val-der_0.1530.nemo,1,0.502,0,0.502
arda-argmax/sortformer-finetuned/6spk-v0.6-fastmss-prepared-shar-bs1-acc8-l4-worldfix-v1-1780479980/checkpoints/step_540_epoch_0_val-der_0.1469.nemo,1,0.507,0,0.507
arda-argmax/sortformer-finetuned/6spk-v0.6-fastmss-prepared-shar-bs1-acc8-l4-worldfix-v1-1780479980/checkpoints/step_630_epoch_0_val-der_0.1446.nemo,1,0.502,0,0.502
arda-argmax/sortformer-finetuned/6spk-v0.6-fastmss-prepared-shar-bs1-acc8-l4-worldfix-v1-1780479980/checkpoints/step_900_epoch_0_val-der_0.1436.nemo,1,0.503,0,0.503
arda-argmax/sortformer-finetuned/6spk-v0.6-fastmss-prepared-shar-bs1-acc8-l4-worldfix-v1-1780479980/checkpoints/step_90_epoch_0_val-der_0.2187.nemo,1,0.507,0,0.507
arda-argmax/sortformer-finetuned/6spk-v0.6-fastmss-prepared-shar-bs1-acc8-l4-worldfix-v1-1780479980/checkpoints/step_990_epoch_1_val-der_0.1416.nemo,1,0.621,0,0.621
arda-argmax/sortformer-finetuned/6spk-v0.6-fastmss-prepared-shar-bs1-ga8-l4-8gpu-fullset-smoketest-v5-1780559280/best.nemo,1,0.502,0,0.502
arda-argmax/sortformer-finetuned/6spk-v0.6-fastmss-prepared-shar-bs1-ga8-l4-8gpu-fullset-smoketest-v5-1780559280/checkpoints/step_62_epoch_0_val-der_0.2269.nemo,1,0.509,0,0.509
arda-argmax/sortformer-finetuned/6spk-v0.6-fastmss-prepared-shar-bs10-a100-80gb-2gpu-debug-debug-v1-1780602245/best.nemo,1,0.503,0,0.503
arda-argmax/sortformer-finetuned/6spk-v0.6-fastmss-prepared-shar-bs10-a100-80gb-2gpu-debug-debug-v1-1780602245/checkpoints/step_100_epoch_0_val-der_0.2319.nemo,1,0.503,0,0.503
arda-argmax/sortformer-finetuned/6spk-v0.6-fastmss-prepared-shar-bs10-a100-80gb-2gpu-debug-debug-v1-1780602245/checkpoints/step_150_epoch_0_val-der_0.2183.nemo,1,0.506,0,0.506
arda-argmax/sortformer-finetuned/6spk-v0.6-fastmss-prepared-shar-bs10-a100-80gb-2gpu-debug-debug-v1-1780602245/checkpoints/step_250_epoch_1_val-der_0.2163.nemo,1,0.503,0,0.503
arda-argmax/sortformer-finetuned/6spk-v0.6-fastmss-prepared-shar-bs10-a100-80gb-2gpu-debug-debug-v1-1780602245/checkpoints/step_350_epoch_1_val-der_0.2109.nemo,1,0.503,0,0.503
arda-argmax/sortformer-finetuned/6spk-v0.6-fastmss-prepared-shar-bs10-a100-80gb-2gpu-debug-debug-v1-1780602245/checkpoints/step_400_epoch_1_val-der_0.2094.nemo,1,0.508,0,0.508
arda-argmax/sortformer-finetuned/6spk-v0.6-fastmss-prepared-shar-bs10-a100-80gb-2gpu-debug-debug-v1-1780602245/checkpoints/step_50_epoch_0_val-der_0.3624.nemo,1,0.502,0,0.502
arda-argmax/sortformer-finetuned/6spk-v0.6-fastmss-prepared-shar-bs10-a100-80gb-4gpu-debug-debug-v1-1780602382/best.nemo,1,0.502,0,0.502
arda-argmax/sortformer-finetuned/6spk-v0.6-fastmss-prepared-shar-bs10-a100-80gb-4gpu-debug-debug-v1-1780602382/checkpoints/step_100_epoch_0_val-der_0.2269.nemo,1,0.507,0,0.507
arda-argmax/sortformer-finetuned/6spk-v0.6-fastmss-prepared-shar-bs10-a100-80gb-4gpu-debug-debug-v1-1780602382/checkpoints/step_150_epoch_1_val-der_0.2196.nemo,1,0.504,0,0.504
arda-argmax/sortformer-finetuned/6spk-v0.6-fastmss-prepared-shar-bs10-a100-80gb-4gpu-debug-debug-v1-1780602382/checkpoints/step_200_epoch_1_val-der_0.2164.nemo,1,0.503,0,0.503
arda-argmax/sortformer-finetuned/6spk-v0.6-fastmss-prepared-shar-bs10-a100-80gb-4gpu-debug-debug-v1-1780602382/checkpoints/step_300_epoch_2_val-der_0.2103.nemo,1,0.506,0,0.506
arda-argmax/sortformer-finetuned/6spk-v0.6-fastmss-prepared-shar-bs10-a100-80gb-4gpu-debug-debug-v1-1780602382/checkpoints/step_50_epoch_0_val-der_0.3548.nemo,1,0.504,0,0.504
arda-argmax/sortformer-finetuned/6spk-v0.6-fastmss-prepared-shar-bs10-a100-80gb-4gpu-fullset-v11-1780998497/best.nemo,1,0.505,0,0.505
arda-argmax/sortformer-finetuned/6spk-v0.6-fastmss-prepared-shar-bs10-a100-80gb-4gpu-fullset-v11-1780998497/checkpoints/step_11235_epoch_0_val-der_0.0716.nemo,1,0.508,0,0.508
arda-argmax/sortformer-finetuned/6spk-v0.6-fastmss-prepared-shar-bs10-a100-80gb-4gpu-fullset-v11-1780998497/checkpoints/step_14980_epoch_0_val-der_0.0702.nemo,1,0.502,0,0.502
arda-argmax/sortformer-finetuned/6spk-v0.6-fastmss-prepared-shar-bs10-a100-80gb-4gpu-fullset-v11-1780998497/checkpoints/step_3745_epoch_0_val-der_0.0756.nemo,1,0.502,0,0.502
arda-argmax/sortformer-finetuned/6spk-v0.6-fastmss-prepared-shar-bs10-a100-80gb-4gpu-fullset-v11-1780998497/checkpoints/step_7490_epoch_0_val-der_0.0723.nemo,1,0.506,0,0.506
arda-argmax/sortformer-finetuned/6spk-v0.6-fastmss-prepared-shar-bs10-a100-80gb-8gpu-debug-debug-v1-1780604170/best.nemo,1,0.502,0,0.502
arda-argmax/sortformer-finetuned/6spk-v0.6-fastmss-prepared-shar-bs10-a100-80gb-8gpu-debug-debug-v1-1780604170/checkpoints/step_100_epoch_1_val-der_0.2204.nemo,1,0.503,0,0.503
arda-argmax/sortformer-finetuned/6spk-v0.6-fastmss-prepared-shar-bs10-a100-80gb-8gpu-debug-debug-v1-1780604170/checkpoints/step_150_epoch_2_val-der_0.2128.nemo,1,0.506,0,0.506
arda-argmax/sortformer-finetuned/6spk-v0.6-fastmss-prepared-shar-bs10-a100-80gb-8gpu-debug-debug-v1-1780604170/checkpoints/step_50_epoch_0_val-der_0.3458.nemo,1,0.504,0,0.504
arda-argmax/sortformer-finetuned/6spk-v0.6-fastmss-prepared-shar-bs10-a100-80gb-8gpu-fullset-v10-1780606582/best.nemo,1,0.615,0,0.615
arda-argmax/sortformer-finetuned/6spk-v0.6-fastmss-prepared-shar-bs10-a100-80gb-8gpu-fullset-v10-1780606582/checkpoints/step_11232_epoch_0_val-der_0.0901.nemo,1,0.513,0,0.513
arda-argmax/sortformer-finetuned/6spk-v0.6-fastmss-prepared-shar-bs10-a100-80gb-8gpu-fullset-v10-1780606582/checkpoints/step_13104_epoch_0_val-der_0.0887.nemo,1,0.505,0,0.505
arda-argmax/sortformer-finetuned/6spk-v0.6-fastmss-prepared-shar-bs10-a100-80gb-8gpu-fullset-v10-1780606582/checkpoints/step_14976_epoch_0_val-der_0.0879.nemo,1,0.505,0,0.505
arda-argmax/sortformer-finetuned/6spk-v0.6-fastmss-prepared-shar-bs10-a100-80gb-8gpu-fullset-v10-1780606582/checkpoints/step_16848_epoch_0_val-der_0.0865.nemo,1,0.508,0,0.508
arda-argmax/sortformer-finetuned/6spk-v0.6-fastmss-prepared-shar-bs10-a100-80gb-8gpu-fullset-v10-1780606582/checkpoints/step_18720_epoch_0_val-der_0.0854.nemo,1,0.505,0,0.505
arda-argmax/sortformer-finetuned/6spk-v0.6-fastmss-prepared-shar-bs10-a100-80gb-8gpu-fullset-v10-1780606582/checkpoints/step_1872_epoch_0_val-der_0.1109.nemo,1,0.503,0,0.503
arda-argmax/sortformer-finetuned/6spk-v0.6-fastmss-prepared-shar-bs10-a100-80gb-8gpu-fullset-v10-1780606582/checkpoints/step_20592_epoch_0_val-der_0.0846.nemo,1,0.507,0,0.507
arda-argmax/sortformer-finetuned/6spk-v0.6-fastmss-prepared-shar-bs10-a100-80gb-8gpu-fullset-v10-1780606582/checkpoints/step_22464_epoch_0_val-der_0.0840.nemo,1,0.503,0,0.503
arda-argmax/sortformer-finetuned/6spk-v0.6-fastmss-prepared-shar-bs10-a100-80gb-8gpu-fullset-v10-1780606582/checkpoints/step_24336_epoch_0_val-der_0.0838.nemo,1,0.505,0,0.505
arda-argmax/sortformer-finetuned/6spk-v0.6-fastmss-prepared-shar-bs10-a100-80gb-8gpu-fullset-v10-1780606582/checkpoints/step_26208_epoch_0_val-der_0.0828.nemo,1,0.505,0,0.505
arda-argmax/sortformer-finetuned/6spk-v0.6-fastmss-prepared-shar-bs10-a100-80gb-8gpu-fullset-v10-1780606582/checkpoints/step_28080_epoch_0_val-der_0.0815.nemo,1,0.506,0,0.506
arda-argmax/sortformer-finetuned/6spk-v0.6-fastmss-prepared-shar-bs10-a100-80gb-8gpu-fullset-v10-1780606582/checkpoints/step_31824_epoch_0_val-der_0.0807.nemo,1,0.507,0,0.507
arda-argmax/sortformer-finetuned/6spk-v0.6-fastmss-prepared-shar-bs10-a100-80gb-8gpu-fullset-v10-1780606582/checkpoints/step_35568_epoch_0_val-der_0.0804.nemo,1,0.503,0,0.503
arda-argmax/sortformer-finetuned/6spk-v0.6-fastmss-prepared-shar-bs10-a100-80gb-8gpu-fullset-v10-1780606582/checkpoints/step_37440_epoch_0_val-der_0.0797.nemo,1,0.502,0,0.502
arda-argmax/sortformer-finetuned/6spk-v0.6-fastmss-prepared-shar-bs10-a100-80gb-8gpu-fullset-v10-1780606582/checkpoints/step_3744_epoch_0_val-der_0.1021.nemo,1,0.506,0,0.506
arda-argmax/sortformer-finetuned/6spk-v0.6-fastmss-prepared-shar-bs10-a100-80gb-8gpu-fullset-v10-1780606582/checkpoints/step_5616_epoch_0_val-der_0.0964.nemo,1,0.503,0,0.503
arda-argmax/sortformer-finetuned/6spk-v0.6-fastmss-prepared-shar-bs10-a100-80gb-8gpu-fullset-v10-1780606582/checkpoints/step_7488_epoch_0_val-der_0.0941.nemo,1,0.512,0,0.512
arda-argmax/sortformer-finetuned/6spk-v0.6-fastmss-prepared-shar-bs10-a100-80gb-8gpu-fullset-v10-1780606582/checkpoints/step_9360_epoch_0_val-der_0.0917.nemo,1,0.507,0,0.507
arda-argmax/sortformer-finetuned/6spk-vox-ami-aishell-ali-bs10-ga2-a100-80gb-4gpu-5ep-v2-1782411519/best.nemo,1,0.505,0,0.505
arda-argmax/sortformer-finetuned/6spk-vox-ami-aishell-ali-bs10-ga2-a100-80gb-4gpu-5ep-v2-1782411519/checkpoints/step_104_epoch_0_val-der_0.1575.nemo,1,0.503,0,0.503
arda-argmax/sortformer-finetuned/6spk-vox-ami-aishell-ali-bs10-ga2-a100-80gb-4gpu-5ep-v2-1782411519/checkpoints/step_131_epoch_1_val-der_0.1559.nemo,1,0.507,0,0.507
arda-argmax/sortformer-finetuned/6spk-vox-ami-aishell-ali-bs10-ga2-a100-80gb-4gpu-5ep-v2-1782411519/checkpoints/step_183_epoch_1_val-der_0.1529.nemo,1,0.504,0,0.504
arda-argmax/sortformer-finetuned/6spk-vox-ami-aishell-ali-bs10-ga2-a100-80gb-4gpu-5ep-v2-1782411519/checkpoints/step_236_epoch_2_val-der_0.1527.nemo,1,0.502,0,0.502
arda-argmax/sortformer-finetuned/6spk-vox-ami-aishell-ali-bs10-ga2-a100-80gb-4gpu-5ep-v2-1782411519/checkpoints/step_26_epoch_0_val-der_0.1865.nemo,1,0.509,0,0.509
arda-argmax/sortformer-finetuned/6spk-vox-ami-aishell-ali-bs10-ga2-a100-80gb-4gpu-5ep-v2-1782411519/checkpoints/step_288_epoch_2_val-der_0.1515.nemo,1,0.603,0,0.603
arda-argmax/sortformer-finetuned/6spk-vox-ami-aishell-ali-bs10-ga2-a100-80gb-4gpu-5ep-v2-1782411519/checkpoints/step_341_epoch_3_val-der_0.1510.nemo,1,0.504,0,0.504
arda-argmax/sortformer-finetuned/6spk-vox-ami-aishell-ali-bs10-ga2-a100-80gb-4gpu-5ep-v2-1782411519/checkpoints/step_419_epoch_3_val-der_0.1496.nemo,1,0.506,0,0.506
arda-argmax/sortformer-finetuned/6spk-vox-ami-aishell-ali-bs10-ga2-a100-80gb-4gpu-5ep-v2-1782411519/checkpoints/step_472_epoch_4_val-der_0.1480.nemo,1,0.504,0,0.504
arda-argmax/sortformer-finetuned/6spk-vox-ami-aishell-ali-bs10-ga2-a100-80gb-4gpu-5ep-v2-1782411519/checkpoints/step_52_epoch_0_val-der_0.1649.nemo,1,0.502,0,0.502
arda-argmax/sortformer-finetuned/6spk-vox-ami-aishell-ali-bs10-ga2-a100-80gb-4gpu-5ep-v2-1782411519/checkpoints/step_78_epoch_0_val-der_0.1603.nemo,1,0.507,0,0.507
arda-argmax/sortformer-finetuned/8spk-v0.2-bs1-acc8-l4-cachedtrain-shardedval_v3-1777960366/best.nemo,1,0.504,0,0.504
arda-argmax/sortformer-finetuned/8spk-v0.2-bs1-acc8-l4-cachedtrain-shardedval_v6-1777969623/best.nemo,1,0.504,0,0.504
arda-argmax/sortformer-finetuned/8spk-v0.2-bs1-acc8-l4-cachedval-1777594506/best.nemo,1,0.507,0,0.507
arda-argmax/sortformer-finetuned/8spk-v0.2-bs1-acc8-l4-diskcache-shardedval-v1-1778007921/best.nemo,1,0.504,0,0.504
arda-argmax/sortformer-finetuned/smoke-1777401758/best.nemo,1,0.505,0,0.505
arda-argmax/sortformer-finetuned/sortformer-train-1777492805/best.nemo,1,0.509,0,0.509
arda-argmax/sortformer-finetuned/sortformer-train-1777563938/best.nemo,1,0.505,0,0.505
arda-argmax/sortformer-finetuned/sortformer-train-1777567093/best.nemo,1,0.502,0,0.502
arda-argmax/sortformer-finetuned/sortformer-train-1777578793/best.nemo,1,0.502,0,0.502
arda-argmax/sortformer-finetuned/sortformer-train-1777589381/best.nemo,1,0.509,0,0.509
arda-argmax/sortformer-finetuned/vertex-streaming-smoke-train-1777405971/best.nemo,1,0.503,0,0.503
arda-argmax/sortformer-finetuned/vertex-streaming-smoke-train-1777413928/best.nemo,1,0.501,0,0.501
timm/MobileCLIP2-S0-OpenCLIP/open_clip_pytorch_model.bin,1,0.025,0,0.025
optimum-intel-internal-testing/tiny-random-Data2VecTextModel/pytorch_model.bin,1,0.007,0,0.007
timm/convnext_large.dinov3_lvd1689m/pytorch_model.bin,1,0.012,0,0.012
timm/MobileCLIP2-S2-OpenCLIP/open_clip_pytorch_model.bin,1,0.037,0,0.037
OpenMed/OpenMed-ZeroShot-NER-Pathology-Tiny-60M/pytorch_model.bin,1,0.009,0,0.009
nvidia/C-RADIOv4-SO400M/c-radio_v4-so400m_half.pth.tar,1,0.014,8.337,8.351
zondaxyz/babyconceptLM-baike102M_bpe40/pytorch_model.bin,1,0.008,0,0.008
pytorch/gemma-3-12b-it-FP8/pytorch_model-00001-of-00003.bin,1,0.031,18.256,18.287
LuckyOda/comfyui-full-pack/person_yolov8m-seg.pt,1,0.056,15.39,15.446
blackbeedrones/sae-2026-hang-all-yolo26n-seg-v2-960/weights/epoch187.pt,1,0.186,52.183,52.369
knalin55/CUNI_FT-CROSS-LoRA/training_args.bin,1,0.007,15.663,15.67
thatbrguy/g3t/model.pt,1,0.035,0,0.035
michka/Melenchon-Nemo-12B/checkpoint-240/optimizer.pt,1,0.047,0,0.047
Stable-X/vggt-object-v0-1/model.pt,1,0.041,0,0.041
sakamakismile/Qwen3.6-27B-LNARIZE-NVFP4/kvtc_calibration.pt,1,0.023,10.815,10.838
timm/vit_huge_patch14_clip_378.metaclip2_worldwide/open_clip_pytorch_model.bin,1,0.02,0,0.02
timm/vit_huge_patch14_clip_378.metaclip2_worldwide/pytorch_model.bin,1,0.014,0,0.014
Chess473737/nepal-model/A100Pretrain/checkpoint-10000/training_args.bin,1,0.004,9.439,9.443
Chess473737/nepal-model/A100Pretrain/checkpoint-15000/training_args.bin,1,0.004,2.993,2.997
Chess473737/nepal-model/A100Pretrain/checkpoint-20000/training_args.bin,1,0.004,10.025,10.029
Chess473737/nepal-model/A100Pretrain/checkpoint-5000/optimizer.pt,1,0.015,0,0.015
Chess473737/nepal-model/A100Pretrain/checkpoint-5000/scheduler.pt,1,0.003,0,0.003
Chess473737/nepal-model/A100Pretrain/checkpoint-5000/training_args.bin,1,0.003,14.582,14.585
Chess473737/nepal-model/Kaggle1B/ckpt-12000/scheduler.pt,1,0.004,0,0.004
openbmb/BitCPM-CANN-3B/pytorch_model.bin,1,0.011,0,0.011
typhoon-ai/typhoon-asr-realtime/typhoon-asr-realtime.nemo,1,0.5,0,0.5
cisco-ai/SecureBERT2.0-cross_encoder/optimizer.pt,1,0.015,0,0.015
AIDElab-IITBombay/RadJEPA/jepa_encoder.pth.tar,1,0.03,0,0.03
Runware/adetailer/deepfashion2_yolov8s-seg.pt,1,0.045,15.275,15.32
Runware/adetailer/person_yolov8m-seg.pt,1,0.055,16.662,16.717
Runware/adetailer/person_yolov8n-seg.pt,1,0.045,13.374,13.419
Runware/adetailer/person_yolov8s-seg.pt,1,0.045,19.01,19.055
stabilityai/stable-audio-3-small-sfx-base/svd_bases.pt,1,0.018,0,0.018
openbmb/BitCPM-CANN-8B/pytorch_model.bin,1,0.01,0,0.01
GaryFer/smart-parking-weights/fasterrcnnv2/best_seed1000.pt,1,0.108,0,0.108
GaryFer/smart-parking-weights/fasterrcnnv2/best_seed123.pt,1,0.014,0,0.014
GaryFer/smart-parking-weights/fasterrcnnv2/best_seed1234.pt,1,0.014,0,0.014
GaryFer/smart-parking-weights/fasterrcnnv2/best_seed2025.pt,1,0.014,0,0.014
GaryFer/smart-parking-weights/fasterrcnnv2/best_seed3141.pt,1,0.014,0,0.014
GaryFer/smart-parking-weights/fasterrcnnv2/best_seed42.pt,1,0.014,0,0.014
GaryFer/smart-parking-weights/fasterrcnnv2/best_seed456.pt,1,0.013,0,0.013
GaryFer/smart-parking-weights/rtdetr/run_1000/weights/best.pt,1,0.087,30.338,30.425
GaryFer/smart-parking-weights/rtdetr/run_1000/weights/last.pt,1,0.09,44.26,44.35
GaryFer/smart-parking-weights/rtdetr/run_123/weights/best.pt,1,0.09,54.378,54.468
GaryFer/smart-parking-weights/rtdetr/run_1234/weights/best.pt,1,0.098,54.998,55.096
GaryFer/smart-parking-weights/rtdetr/run_1234/weights/last.pt,1,0.191,53.706,53.897
GaryFer/smart-parking-weights/rtdetr/run_2024/weights/last.pt,1,0.09,52.441,52.531
GaryFer/smart-parking-weights/rtdetr/run_3141/weights/best.pt,1,0.09,55.374,55.464
GaryFer/smart-parking-weights/rtdetr/run_456/weights/best.pt,1,0.09,26.087,26.177
GaryFer/smart-parking-weights/rtdetr/run_789/weights/best.pt,1,0.09,63.872,63.962
GaryFer/smart-parking-weights/yolov11s/run_1000/weights/last.pt,1,0.048,29.203,29.251
GaryFer/smart-parking-weights/yolov11s/run_123/weights/best.pt,1,0.047,22.961,23.008
GaryFer/smart-parking-weights/yolov11s/run_123/weights/last.pt,1,0.147,20.875,21.022
GaryFer/smart-parking-weights/yolov11s/run_1234/weights/best.pt,1,0.048,26.569,26.617
GaryFer/smart-parking-weights/yolov11s/run_2025/weights/best.pt,1,0.047,12.523,12.57
GaryFer/smart-parking-weights/yolov11s/run_2025/weights/last.pt,1,0.047,25.116,25.163
GaryFer/smart-parking-weights/yolov11s/run_3141/weights/best.pt,1,0.049,22.21,22.259
GaryFer/smart-parking-weights/yolov11s/run_42/weights/best.pt,1,0.047,12.15,12.197
GaryFer/smart-parking-weights/yolov11s/run_456/weights/best.pt,1,0.048,32.148,32.196
GaryFer/smart-parking-weights/yolov11s/run_456/weights/last.pt,1,0.046,43.643,43.689
GaryFer/smart-parking-weights/yolov11s/run_789/weights/best.pt,1,0.047,16.734,16.781
GaryFer/smart-parking-weights/yolov11s/run_789/weights/last.pt,1,0.047,37.922,37.969
GaryFer/smart-parking-weights/yolov11s/run_9999/weights/best.pt,1,0.14,17.731,17.871
GaryFer/smart-parking-weights/yolov11s/run_9999/weights/last.pt,1,0.047,15.097,15.144
GaryFer/smart-parking-weights/yolov12s/run_1000/weights/best.pt,1,0.064,17.52,17.584
GaryFer/smart-parking-weights/yolov12s/run_1000/weights/last.pt,1,0.065,52.113,52.178
GaryFer/smart-parking-weights/yolov12s/run_123/weights/best.pt,1,0.068,28.982,29.05
GaryFer/smart-parking-weights/yolov12s/run_1234/weights/last.pt,1,0.067,30.95,31.017
GaryFer/smart-parking-weights/yolov12s/run_2024/weights/last.pt,1,0.067,17.645,17.712
GaryFer/smart-parking-weights/yolov12s/run_2025/weights/best.pt,1,0.067,31.21,31.277
GaryFer/smart-parking-weights/yolov12s/run_3141/weights/best.pt,1,0.174,37.593,37.767
GaryFer/smart-parking-weights/yolov12s/run_3141/weights/last.pt,1,0.063,29.645,29.708
GaryFer/smart-parking-weights/yolov12s/run_42/weights/best.pt,1,0.064,30.786,30.85
GaryFer/smart-parking-weights/yolov12s/run_456/weights/best.pt,1,0.064,29.454,29.518
GaryFer/smart-parking-weights/yolov12s/run_456/weights/last.pt,1,0.063,34.032,34.095
GaryFer/smart-parking-weights/yolov12s/run_789/weights/last.pt,1,0.064,32.772,32.836
GaryFer/smart-parking-weights/yolov12s/run_9999/weights/best.pt,1,0.064,31.64,31.704
GaryFer/smart-parking-weights/yolov12s/run_9999/weights/last.pt,1,0.158,26.935,27.093
GaryFer/smart-parking-weights/yolov8s/run_1000/weights/best.pt,1,0.036,11.412,11.448
GaryFer/smart-parking-weights/yolov8s/run_123/weights/best.pt,1,0.036,10.68,10.716
GaryFer/smart-parking-weights/yolov8s/run_1234/weights/best.pt,1,0.036,12.115,12.151
GaryFer/smart-parking-weights/yolov8s/run_2024/weights/best.pt,1,0.036,10.685,10.721
GaryFer/smart-parking-weights/yolov8s/run_2025/weights/best.pt,1,0.036,26.355,26.391
GaryFer/smart-parking-weights/yolov8s/run_3141/weights/best.pt,1,0.036,21.902,21.938
GaryFer/smart-parking-weights/yolov8s/run_3141/weights/last.pt,1,0.035,11.029,11.064
GaryFer/smart-parking-weights/yolov8s/run_789/weights/best.pt,1,0.036,19.248,19.284
GaryFer/smart-parking-weights/yolov8s/run_9999/weights/best.pt,1,0.035,10.526,10.561
GaryFer/smart-parking-weights/yolov8s/run_9999/weights/last.pt,1,0.036,18.363,18.399
baichuan-inc/Baichuan-M2-32B/draft/pytorch_model.bin,1,0.008,0,0.008
gabrielpirlo/Sped_ParakeetRomanian_110M_TDT-CTC/SpeD-ParakeetRo_110M_TDT-CTC.nemo,1,0.489,0,0.489
Soul-AILab/SoulX-Singer-Preprocess/parakeet-tdt-0.6b-v2/parakeet-tdt-0.6b-v2.nemo,1,2.519,0,2.519
openbmb/BitCPM-CANN-8B-unquantized/pytorch_model.bin,1,0.028,0,0.028
ecmwf/aifs-ens-2.0/aifs-ens-crps-2.0.ckpt,1,0.086,24.733,24.819
facebook/lagernvs_general_512/model.pt,1,0.138,0,0.138
Malgesw/ppo-Huggy/Huggy/Huggy-1599365.pt,1,0.011,0,0.011
yuriyvnv/parakeet-tdt-0.6b-EN-Medical/parakeet-tdt-cv17_multimed_en-seed42.nemo,1,2.556,0,2.556
yuriyvnv/parakeet-tdt-0.6b-EN-Medical/parakeet-tdt-multimed_en-seed42.nemo,1,2.557,0,2.557
shaikhsalman/ZabaanAI-Urdu-3B/last-checkpoint/optimizer.pt,1,0.046,0,0.046
fpadovani/rus-cyrl-100mb-100mb_seed3407/checkpoint-105000/rng_state.pth,1,0.006,9.406,9.412
fpadovani/rus-cyrl-100mb-100mb_seed3407/checkpoint-39000/rng_state.pth,1,0.005,9.179,9.184
fpadovani/rus-cyrl-100mb-100mb_seed3407/checkpoint-42000/rng_state.pth,1,0.004,8.197,8.201
nvidia/magpie_tts_multilingual_357m/magpie_tts_multilingual_357m.nemo,1,1.518,0,1.518
asdasdasd1234567890/asd/ultralytics/segm/CockAndBallYolo8x.pt,1,0.068,21.037,21.105
asdasdasd1234567890/asd/ultralytics/segm/PitEyeDetailer-v2-seg.pt,1,0.047,14.558,14.605
asdasdasd1234567890/asd/ultralytics/segm/face_yolov8m-seg_60.pt,1,0.047,14.498,14.545
asdasdasd1234567890/asd/ultralytics/segm/person_yolov8m-seg.pt,1,0.055,16.197,16.252
asdasdasd1234567890/asd/ultralytics/segm/person_yolov8n-seg.pt,1,0.046,25.393,25.439
asdasdasd1234567890/asd/ultralytics/segm/person_yolov8s-seg.pt,1,0.046,12.496,12.542
asdasdasd1234567890/asd/ultralytics/segm/skin_yolov8m-seg_400.pt,1,0.048,17.239,17.287
asdasdasd1234567890/asd/ultralytics/segm/yolo-human-parse-epoch-125.pt,1,0.168,28.97,29.138
asdasdasd1234567890/asd/ultralytics/segm/yolo11n-seg.pt,1,0.061,23.658,23.719
attack-vector/SecureModernBERT-NER/checkpoint-10605/optimizer.pt,1,0.018,0,0.018
timm/vit_small_plus_patch16_dinov3_qkvb.lvd1689m/pytorch_model.bin,1,0.011,0,0.011
vivekvar/helmet-v5/yolo11l-pose.pt,1,0.106,39.056,39.162
binant/wendyrv/model.pth,1,0.018,0,0.018
jwest33/qwen3-vl-8b-instruct-null-space-abliterated/null_space_projectors.pt,1,0.006,0,0.006
jwest33/qwen3-vl-8b-instruct-null-space-abliterated/refusal_directions.pt,1,0.005,0,0.005
inference-optimization/Laguna-XS.2-speculator.dflash-Qwen235B-500k-ckpt5/scheduler_state_dict.pt,1,0.004,0,0.004
smegmarip/ComfyUI/segm/person_yolov8s-seg.pt,1,0.045,30.91,30.955
smegmarip/ComfyUI/ultralytics/segm/AnzhcHead-seg.pt,1,0.046,14.082,14.128
smegmarip/ComfyUI/ultralytics/segm/person_yolov8m-seg.pt,1,0.061,32.295,32.356
fpadovani/swa-latn-100mb-after-ppt-shuff-dyck-100mb-ckpt500_seed3407/checkpoint-164000/rng_state.pth,1,0.005,8.551,8.556
fpadovani/swa-latn-100mb-after-ppt-shuff-dyck-100mb-ckpt500_seed3407/checkpoint-212000/rng_state.pth,1,0.004,9.92,9.924
fpadovani/swa-latn-100mb-after-ppt-shuff-dyck-100mb-ckpt500_seed3407/checkpoint-220000/rng_state.pth,1,0.004,7.445,7.449
fpadovani/swa-latn-100mb-after-ppt-shuff-dyck-100mb-ckpt500_seed3407/checkpoint-224000/rng_state.pth,1,0.004,10.975,10.979
fpadovani/swa-latn-100mb-after-ppt-shuff-dyck-100mb-ckpt500_seed3407/checkpoint-232000/rng_state.pth,1,0.003,5.913,5.916
fpadovani/swa-latn-100mb-after-ppt-shuff-dyck-100mb-ckpt500_seed3407/checkpoint-272000/rng_state.pth,1,0.003,7.11,7.113
fpadovani/swa-latn-100mb-after-ppt-shuff-dyck-100mb-ckpt500_seed3407/checkpoint-280000/rng_state.pth,1,0.004,67.419,67.423
fpadovani/swa-latn-100mb-after-ppt-shuff-dyck-100mb-ckpt500_seed3407/checkpoint-40000/rng_state.pth,1,0.004,10.678,10.682
fpadovani/swa-latn-100mb-after-ppt-shuff-dyck-100mb-ckpt500_seed3407/checkpoint-44000/rng_state.pth,1,0.004,13.325,13.329
fpadovani/swa-latn-100mb-after-ppt-shuff-dyck-100mb-ckpt500_seed3407/checkpoint-80000/rng_state.pth,1,0.004,8.342,8.346
fpadovani/ind-latn-100mb-after-ppt-Dp-100mb-ckpt500_seed3407/checkpoint-102000/training_args.bin,1,0.004,14.338,14.342
fpadovani/ind-latn-100mb-after-ppt-Dp-100mb-ckpt500_seed3407/checkpoint-105000/training_args.bin,1,0.004,10.645,10.649
fpadovani/ind-latn-100mb-after-ppt-Dp-100mb-ckpt500_seed3407/checkpoint-108000/training_args.bin,1,0.004,12.178,12.182
fpadovani/ind-latn-100mb-after-ppt-Dp-100mb-ckpt500_seed3407/checkpoint-111000/training_args.bin,1,0.004,9.518,9.522
fpadovani/ind-latn-100mb-after-ppt-Dp-100mb-ckpt500_seed3407/checkpoint-114000/training_args.bin,1,0.004,12.958,12.962
fpadovani/ind-latn-100mb-after-ppt-Dp-100mb-ckpt500_seed3407/checkpoint-117000/training_args.bin,1,0.004,12.421,12.425
fpadovani/ind-latn-100mb-after-ppt-Dp-100mb-ckpt500_seed3407/checkpoint-12000/training_args.bin,1,0.004,13.092,13.096
fpadovani/ind-latn-100mb-after-ppt-Dp-100mb-ckpt500_seed3407/checkpoint-120000/training_args.bin,1,0.004,11.771,11.775
fpadovani/ind-latn-100mb-after-ppt-Dp-100mb-ckpt500_seed3407/checkpoint-123000/training_args.bin,1,0.004,12.382,12.386
fpadovani/ind-latn-100mb-after-ppt-Dp-100mb-ckpt500_seed3407/checkpoint-126000/training_args.bin,1,0.004,15.25,15.254
fpadovani/ind-latn-100mb-after-ppt-Dp-100mb-ckpt500_seed3407/checkpoint-128520/rng_state.pth,1,0.004,11.775,11.779
fpadovani/ind-latn-100mb-after-ppt-Dp-100mb-ckpt500_seed3407/checkpoint-128520/training_args.bin,1,0.003,10.647,10.65
fpadovani/ind-latn-100mb-after-ppt-Dp-100mb-ckpt500_seed3407/checkpoint-15000/training_args.bin,1,0.003,15.649,15.652
fpadovani/ind-latn-100mb-after-ppt-Dp-100mb-ckpt500_seed3407/checkpoint-18000/training_args.bin,1,0.004,11.023,11.027
fpadovani/ind-latn-100mb-after-ppt-Dp-100mb-ckpt500_seed3407/checkpoint-21000/rng_state.pth,1,0.004,7.907,7.911
fpadovani/ind-latn-100mb-after-ppt-Dp-100mb-ckpt500_seed3407/checkpoint-21000/training_args.bin,1,0.003,3.162,3.165
fpadovani/ind-latn-100mb-after-ppt-Dp-100mb-ckpt500_seed3407/checkpoint-24000/training_args.bin,1,0.004,11.457,11.461
fpadovani/ind-latn-100mb-after-ppt-Dp-100mb-ckpt500_seed3407/checkpoint-27000/training_args.bin,1,0.003,15.059,15.062
fpadovani/ind-latn-100mb-after-ppt-Dp-100mb-ckpt500_seed3407/checkpoint-3000/training_args.bin,1,0.004,9.501,9.505
fpadovani/ind-latn-100mb-after-ppt-Dp-100mb-ckpt500_seed3407/checkpoint-30000/training_args.bin,1,0.004,10.133,10.137
fpadovani/ind-latn-100mb-after-ppt-Dp-100mb-ckpt500_seed3407/checkpoint-33000/training_args.bin,1,0.004,11.487,11.491
fpadovani/ind-latn-100mb-after-ppt-Dp-100mb-ckpt500_seed3407/checkpoint-36000/rng_state.pth,1,0.004,15.017,15.021
fpadovani/ind-latn-100mb-after-ppt-Dp-100mb-ckpt500_seed3407/checkpoint-36000/training_args.bin,1,0.004,10.436,10.44
fpadovani/ind-latn-100mb-after-ppt-Dp-100mb-ckpt500_seed3407/checkpoint-39000/training_args.bin,1,0.004,11.458,11.462
fpadovani/ind-latn-100mb-after-ppt-Dp-100mb-ckpt500_seed3407/checkpoint-42000/training_args.bin,1,0.004,10.953,10.957
fpadovani/ind-latn-100mb-after-ppt-Dp-100mb-ckpt500_seed3407/checkpoint-45000/training_args.bin,1,0.004,10.54,10.544
fpadovani/ind-latn-100mb-after-ppt-Dp-100mb-ckpt500_seed3407/checkpoint-48000/training_args.bin,1,0.004,3.391,3.395
fpadovani/ind-latn-100mb-after-ppt-Dp-100mb-ckpt500_seed3407/checkpoint-51000/training_args.bin,1,0.004,14.101,14.105
fpadovani/ind-latn-100mb-after-ppt-Dp-100mb-ckpt500_seed3407/checkpoint-54000/training_args.bin,1,0.004,10.719,10.723
fpadovani/ind-latn-100mb-after-ppt-Dp-100mb-ckpt500_seed3407/checkpoint-57000/training_args.bin,1,0.004,9.811,9.815
fpadovani/ind-latn-100mb-after-ppt-Dp-100mb-ckpt500_seed3407/checkpoint-6000/training_args.bin,1,0.004,23.757,23.761
fpadovani/ind-latn-100mb-after-ppt-Dp-100mb-ckpt500_seed3407/checkpoint-60000/training_args.bin,1,0.004,8.413,8.417
fpadovani/ind-latn-100mb-after-ppt-Dp-100mb-ckpt500_seed3407/checkpoint-63000/training_args.bin,1,0.003,10.129,10.132
fpadovani/ind-latn-100mb-after-ppt-Dp-100mb-ckpt500_seed3407/checkpoint-66000/training_args.bin,1,0.004,11.053,11.057
fpadovani/ind-latn-100mb-after-ppt-Dp-100mb-ckpt500_seed3407/checkpoint-69000/rng_state.pth,1,0.004,6.446,6.45
fpadovani/ind-latn-100mb-after-ppt-Dp-100mb-ckpt500_seed3407/checkpoint-69000/training_args.bin,1,0.003,27.267,27.27
fpadovani/ind-latn-100mb-after-ppt-Dp-100mb-ckpt500_seed3407/checkpoint-72000/training_args.bin,1,0.004,10.6,10.604
fpadovani/ind-latn-100mb-after-ppt-Dp-100mb-ckpt500_seed3407/checkpoint-75000/training_args.bin,1,0.004,12.848,12.852
fpadovani/ind-latn-100mb-after-ppt-Dp-100mb-ckpt500_seed3407/checkpoint-78000/training_args.bin,1,0.004,11.202,11.206
fpadovani/ind-latn-100mb-after-ppt-Dp-100mb-ckpt500_seed3407/checkpoint-81000/rng_state.pth,1,0.004,9.373,9.377
fpadovani/ind-latn-100mb-after-ppt-Dp-100mb-ckpt500_seed3407/checkpoint-81000/training_args.bin,1,0.004,9.421,9.425
fpadovani/ind-latn-100mb-after-ppt-Dp-100mb-ckpt500_seed3407/checkpoint-84000/training_args.bin,1,0.004,11.699,11.703
fpadovani/ind-latn-100mb-after-ppt-Dp-100mb-ckpt500_seed3407/checkpoint-87000/training_args.bin,1,0.004,16.169,16.173
fpadovani/ind-latn-100mb-after-ppt-Dp-100mb-ckpt500_seed3407/checkpoint-9000/training_args.bin,1,0.004,9.839,9.843
fpadovani/ind-latn-100mb-after-ppt-Dp-100mb-ckpt500_seed3407/checkpoint-90000/rng_state.pth,1,0.004,8.372,8.376
fpadovani/ind-latn-100mb-after-ppt-Dp-100mb-ckpt500_seed3407/checkpoint-90000/training_args.bin,1,0.003,14.056,14.059
fpadovani/ind-latn-100mb-after-ppt-Dp-100mb-ckpt500_seed3407/checkpoint-93000/training_args.bin,1,0.004,10.378,10.382
fpadovani/ind-latn-100mb-after-ppt-Dp-100mb-ckpt500_seed3407/checkpoint-96000/training_args.bin,1,0.004,10.826,10.83
fpadovani/ind-latn-100mb-after-ppt-Dp-100mb-ckpt500_seed3407/checkpoint-99000/training_args.bin,1,0.004,14.228,14.232
fpadovani/ind-latn-100mb-after-ppt-Dp-100mb-ckpt500_seed3407/training_args.bin,1,0.004,10.454,10.458
nvidia/nemo-nano-codec-22khz-0.6kbps-12.5fps/nemo-nano-codec-22khz-0.6kbps-12.5fps.nemo,1,0.452,0,0.452
fpadovani/swe-latn-10mb-after-ppt-Dp-100mb-ckpt500_seed3407/checkpoint-9000/rng_state.pth,1,0.007,9.542,9.549
omi-health/omi-med-stt-v1/omimedstt-v1.nemo,1,2.551,0,2.551
fpadovani/swa-latn-100mb-after-ppt-Dp-100mb-ckpt500_seed3407/checkpoint-164000/rng_state.pth,1,0.007,5.808,5.815
fpadovani/swa-latn-100mb-after-ppt-Dp-100mb-ckpt500_seed3407/checkpoint-212000/rng_state.pth,1,0.005,11.783,11.788
fpadovani/swa-latn-100mb-after-ppt-Dp-100mb-ckpt500_seed3407/checkpoint-220000/rng_state.pth,1,0.004,4.805,4.809
fpadovani/swa-latn-100mb-after-ppt-Dp-100mb-ckpt500_seed3407/checkpoint-224000/rng_state.pth,1,0.004,14.223,14.227
fpadovani/swa-latn-100mb-after-ppt-Dp-100mb-ckpt500_seed3407/checkpoint-232000/rng_state.pth,1,0.004,12.281,12.285
fpadovani/swa-latn-100mb-after-ppt-Dp-100mb-ckpt500_seed3407/checkpoint-272000/rng_state.pth,1,0.004,7.398,7.402
fpadovani/swa-latn-100mb-after-ppt-Dp-100mb-ckpt500_seed3407/checkpoint-280000/rng_state.pth,1,0.004,9.173,9.177
fpadovani/swa-latn-100mb-after-ppt-Dp-100mb-ckpt500_seed3407/checkpoint-40000/rng_state.pth,1,0.004,5.93,5.934
fpadovani/swa-latn-100mb-after-ppt-Dp-100mb-ckpt500_seed3407/checkpoint-44000/rng_state.pth,1,0.004,7.289,7.293
fpadovani/swa-latn-100mb-after-ppt-Dp-100mb-ckpt500_seed3407/checkpoint-80000/rng_state.pth,1,0.004,7.319,7.323
nvidia/GR00T-N1.7-SimplerEnv-Bridge/global_step32000/mp_rank_00_model_states.pt,1,0.043,0,0.043
fpadovani/tur-latn-100mb-100mb_seed10/checkpoint-24000/rng_state.pth,1,0.007,10.087,10.094
fpadovani/tur-latn-100mb-100mb_seed10/checkpoint-75000/rng_state.pth,1,0.005,7.653,7.658
ecmwf/aifs-single-1.1/aifs-single-mse-1.1.ckpt,1,0.06,22.329,22.389
nvidia/fourcastnet3/training_checkpoints/best_ckpt_mp0.tar,1,0.009,0,0.009
nvidia/parakeet-unified-en-0.6b/parakeet-unified-en-0.6b.nemo,1,2.523,0,2.523
fpadovani/hin-deva-100mb-after-ppt-Dp-100mb-ckpt500_seed3407/checkpoint-3000/rng_state.pth,1,0.006,13.634,13.64
fpadovani/hin-deva-100mb-after-ppt-Dp-100mb-ckpt500_seed3407/checkpoint-69000/rng_state.pth,1,0.005,14.512,14.517
fpadovani/hin-deva-100mb-after-ppt-Dp-100mb-ckpt500_seed3407/checkpoint-87000/rng_state.pth,1,0.004,16.272,16.276
fpadovani/swe-latn-10mb-100mb_seed3407/checkpoint-9000/rng_state.pth,1,0.005,12.83,12.835
fpadovani/hin-deva-10mb-after-ppt-Dp-100mb-ckpt500_seed3407/checkpoint-104090/rng_state.pth,1,0.004,14.996,15
fpadovani/hin-deva-10mb-after-ppt-Dp-100mb-ckpt500_seed3407/checkpoint-15000/rng_state.pth,1,0.004,9.725,9.729
fpadovani/hin-deva-10mb-after-ppt-Dp-100mb-ckpt500_seed3407/checkpoint-54000/rng_state.pth,1,0.005,9.003,9.008
fpadovani/hin-deva-10mb-after-ppt-Dp-100mb-ckpt500_seed3407/checkpoint-6000/rng_state.pth,1,0.004,11.772,11.776
fpadovani/swe-latn-100mb-100mb_seed3407/checkpoint-57000/rng_state.pth,1,0.004,10.954,10.958
fpadovani/swe-latn-100mb-100mb_seed3407/checkpoint-66000/rng_state.pth,1,0.003,13.931,13.934
fpadovani/swe-latn-100mb-100mb_seed3407/checkpoint-75000/rng_state.pth,1,0.003,9.808,9.811
fpadovani/swe-latn-100mb-100mb_seed3407/checkpoint-90000/rng_state.pth,1,0.005,8.078,8.083
fpadovani/ind-latn-10mb-after-ppt-Dp-100mb-ckpt500_seed3407/checkpoint-114000/rng_state.pth,1,0.003,12.993,12.996
fpadovani/ind-latn-10mb-after-ppt-Dp-100mb-ckpt500_seed3407/checkpoint-21000/rng_state.pth,1,0.004,10.544,10.548
fpadovani/ind-latn-10mb-after-ppt-Dp-100mb-ckpt500_seed3407/checkpoint-27000/rng_state.pth,1,0.004,21.143,21.147
fpadovani/ind-latn-10mb-after-ppt-Dp-100mb-ckpt500_seed3407/checkpoint-6000/rng_state.pth,1,0.003,14.776,14.779
conch/CoCa/MahmoodLab-CONCH/pytorch_model.bin,1,0.015,0,0.015
flagembedding/BAAI-bge-base-en/pytorch_model.bin,1,0.009,0,0.009
flagembedding/BAAI-bge-base-en-v1.5/pytorch_model.bin,1,0.01,0,0.01
flagembedding/BAAI-bge-base-zh-v1.5/pytorch_model.bin,1,0.01,0,0.01
flagembedding/BAAI-bge-large-en/pytorch_model.bin,1,0.014,0,0.014
flagembedding/BAAI-bge-large-en-v1.5/pytorch_model.bin,1,0.014,0,0.014
flagembedding/BAAI-bge-large-zh/pytorch_model.bin,1,0.138,0,0.138
flagembedding/BAAI-bge-large-zh-v1.5/pytorch_model.bin,1,0.014,0,0.014
flagembedding/BAAI-bge-reranker-base/pytorch_model.bin,1,0.011,0,0.011
flagembedding/BAAI-bge-reranker-large/pytorch_model.bin,1,0.012,0,0.012
flagembedding/BAAI-bge-small-en/pytorch_model.bin,1,0.009,0,0.009
flagembedding/BAAI-bge-small-en-v1.5/pytorch_model.bin,1,0.009,0,0.009
flagembedding/BAAI-bge-small-zh/pytorch_model.bin,1,0.008,0,0.008
flagembedding/BAAI-bge-small-zh-v1.5/pytorch_model.bin,1,0.006,0,0.006
flagembedding/BAAI-llm-embedder/pytorch_model.bin,1,0.009,0,0.009
flair/SequenceTagger/flair-chunk-english-fast/pytorch_model.bin,1,0.007,14.111,14.118
flair/SequenceTagger/flair-ner-dutch-large/pytorch_model.bin,1,0.02,12.962,12.982
flair/SequenceTagger/flair-ner-english/pytorch_model.bin,1,0.273,5.701,5.974
flair/SequenceTagger/flair-ner-english-fast/pytorch_model.bin,1,0.29,3.762,4.052
flair/SequenceTagger/flair-ner-english-large/pytorch_model.bin,1,0.037,14.52,14.557
flair/SequenceTagger/flair-ner-english-ontonotes/pytorch_model.bin,1,0.701,41.1,41.801
flair/SequenceTagger/flair-ner-english-ontonotes-fast/pytorch_model.bin,1,0.735,36.933,37.668
flair/SequenceTagger/flair-ner-english-ontonotes-large/pytorch_model.bin,1,0.075,15.686,15.761
flair/SequenceTagger/flair-ner-french/pytorch_model.bin,1,0.671,50.728,51.399
flair/SequenceTagger/flair-ner-german/pytorch_model.bin,1,0.73,45.093,45.823
flair/SequenceTagger/flair-ner-german-large/pytorch_model.bin,1,0.078,18.285,18.363
flair/SequenceTagger/flair-ner-multi/pytorch_model.bin,1,0.937,62.599,63.536
flair/SequenceTagger/flair-ner-spanish-large/pytorch_model.bin,1,0.079,12.586,12.665
flair/SequenceTagger/flair-pos-english/pytorch_model.bin,1,0.007,5.522,5.529
flair/SequenceTagger/flair-pos-english-fast/pytorch_model.bin,1,0.007,3.473,3.48
flair/SequenceTagger/flair-upos-english/pytorch_model.bin,1,0.007,14.319,14.326
flair/SequenceTagger/flair-upos-english-fast/pytorch_model.bin,1,0.007,11.843,11.85
flair/SequenceTagger/flair-upos-multi/pytorch_model.bin,1,0.035,23.195,23.23
gliner/GliNER/DeepMount00-GLiNER_ITA_BASE/pytorch_model.bin,1,0.012,0,0.012
gliner/GliNER/DeepMount00-GLiNER_ITA_LARGE/pytorch_model.bin,1,0.015,0,0.015
gliner/GliNER/DeepMount00-GLiNER_PII_ITA/pytorch_model.bin,1,0.01,0,0.01
gliner/GliNER/DeepMount00-universal_ner_ita/pytorch_model.bin,1,0.01,0,0.01
gliner/GliNER/EmergentMethods-gliner_medium_news-v2.1/pytorch_model.bin,1,0.01,0,0.01
gliner/GliNER/gliner-community-gliner_large-v2.5/pytorch_model.bin,1,0.013,0,0.013
gliner/GliNER/gliner-community-gliner_medium-v2.5/pytorch_model.bin,1,0.009,0,0.009
gliner/GliNER/numind-NuNER_Zero/pytorch_model.bin,1,0.015,0,0.015
gliner/GliNER/urchade-gliner_base/pytorch_model.bin,1,0.011,0,0.011
gliner/GliNER/urchade-gliner_large-v1/pytorch_model.bin,1,0.014,0,0.014
gliner/GliNER/urchade-gliner_large-v2/pytorch_model.bin,1,0.015,0,0.015
gliner/GliNER/urchade-gliner_large-v2.1/pytorch_model.bin,1,0.014,0,0.014
gliner/GliNER/urchade-gliner_medium-v2.1/pytorch_model.bin,1,0.01,0,0.01
gliner/GliNER/urchade-gliner_multi/pytorch_model.bin,1,0.011,0,0.011
gliner/GliNER/urchade-gliner_multi-v2.1/pytorch_model.bin,1,0.01,0,0.01
gliner/GliNER/urchade-gliner_multi_pii-v1/pytorch_model.bin,1,0.01,0,0.01
gliner/GliNER/urchade-gliner_small-v2.1/pytorch_model.bin,1,0.008,0,0.008
huggingsound/SpeechRecognitionModel/jonatasgrosman-wav2vec2-large-xlsr-53-arabic/pytorch_model.bin,1,0.014,0,0.014
huggingsound/SpeechRecognitionModel/jonatasgrosman-wav2vec2-large-xlsr-53-chinese-zh-cn/pytorch_model.bin,1,0.014,0,0.014
huggingsound/SpeechRecognitionModel/jonatasgrosman-wav2vec2-large-xlsr-53-dutch/pytorch_model.bin,1,0.014,0,0.014
huggingsound/SpeechRecognitionModel/jonatasgrosman-wav2vec2-large-xlsr-53-english/pytorch_model.bin,1,0.014,0,0.014
huggingsound/SpeechRecognitionModel/jonatasgrosman-wav2vec2-large-xlsr-53-finnish/pytorch_model.bin,1,0.014,0,0.014
huggingsound/SpeechRecognitionModel/jonatasgrosman-wav2vec2-large-xlsr-53-french/pytorch_model.bin,1,0.015,0,0.015
huggingsound/SpeechRecognitionModel/jonatasgrosman-wav2vec2-large-xlsr-53-german/pytorch_model.bin,1,0.014,0,0.014
huggingsound/SpeechRecognitionModel/jonatasgrosman-wav2vec2-large-xlsr-53-greek/pytorch_model.bin,1,0.014,0,0.014
huggingsound/SpeechRecognitionModel/jonatasgrosman-wav2vec2-large-xlsr-53-hungarian/pytorch_model.bin,1,0.014,0,0.014
huggingsound/SpeechRecognitionModel/jonatasgrosman-wav2vec2-large-xlsr-53-italian/pytorch_model.bin,1,0.014,0,0.014
huggingsound/SpeechRecognitionModel/jonatasgrosman-wav2vec2-large-xlsr-53-japanese/pytorch_model.bin,1,0.014,0,0.014
huggingsound/SpeechRecognitionModel/jonatasgrosman-wav2vec2-large-xlsr-53-persian/pytorch_model.bin,1,0.014,0,0.014
huggingsound/SpeechRecognitionModel/jonatasgrosman-wav2vec2-large-xlsr-53-polish/pytorch_model.bin,1,0.014,0,0.014
huggingsound/SpeechRecognitionModel/jonatasgrosman-wav2vec2-large-xlsr-53-portuguese/pytorch_model.bin,1,0.014,0,0.014
huggingsound/SpeechRecognitionModel/jonatasgrosman-wav2vec2-large-xlsr-53-russian/pytorch_model.bin,1,0.015,0,0.015
huggingsound/SpeechRecognitionModel/jonatasgrosman-wav2vec2-large-xlsr-53-spanish/pytorch_model.bin,1,0.014,0,0.014
huggingsound/SpeechRecognitionModel/jonatasgrosman-wav2vec2-xls-r-1b-portuguese/pytorch_model.bin,1,0.021,0,0.021
languagebind/LanguageBind/LanguageBind-LanguageBind_Audio/pytorch_model.bin,1,0.02,0,0.02
languagebind/LanguageBind/LanguageBind-LanguageBind_Audio_FT/pytorch_model.bin,1,0.017,0,0.017
languagebind/LanguageBind/LanguageBind-LanguageBind_Image/pytorch_model.bin,1,0.016,0,0.016
languagebind/LanguageBind/LanguageBind-LanguageBind_Video/pytorch_model.bin,1,0.024,0,0.024
languagebind/LanguageBind/LanguageBind-LanguageBind_Video_FT/pytorch_model.bin,1,0.021,0,0.021
languagebind/LanguageBind/LanguageBind-LanguageBind_Video_Huge_V1.5_FT/pytorch_model.bin,1,0.027,0,0.027
languagebind/LanguageBind/LanguageBind-LanguageBind_Video_merge/pytorch_model.bin,1,0.022,0,0.022
languagebind/LanguageBind/LanguageBind-LanguageBind_Video_V1.5_FT/pytorch_model.bin,1,0.02,0,0.02
melo/TTS/myshell-ai-MeloTTS-Chinese/checkpoint.pth,1,0.025,0,0.025
melo/TTS/myshell-ai-MeloTTS-English/checkpoint.pth,1,0.026,0,0.026
melo/TTS/myshell-ai-MeloTTS-English-v2/checkpoint.pth,1,0.025,0,0.025
melo/TTS/myshell-ai-MeloTTS-English-v3/checkpoint.pth,1,0.026,0,0.026
melo/TTS/myshell-ai-MeloTTS-French/checkpoint.pth,1,0.025,0,0.025
melo/TTS/myshell-ai-MeloTTS-Japanese/checkpoint.pth,1,0.026,0,0.026
melo/TTS/myshell-ai-MeloTTS-Korean/checkpoint.pth,1,0.026,0,0.026
melo/TTS/myshell-ai-MeloTTS-Spanish/checkpoint.pth,1,0.026,0,0.026
Parrot/Parrot/prithivida-parrot_paraphraser_on_T5/pytorch_model.bin,1,0.011,0,0.011
pyannote-audio/Model/collinbarnwell-pyannote-segmentation-30/pytorch_model.bin,1,0.007,8.442,8.449
pyannote-audio/Model/EonNextPlatform-pyannote-wespeaker-voxceleb-resnet34-LM/pytorch_model.bin,1,0.01,5.065,5.075
pyannote-audio/Model/EonNextPlatform-segmentation-3.0/pytorch_model.bin,1,0.006,8.894,8.9
pyannote-audio/Model/fatymatariq-pyannote-wespeaker-voxceleb-resnet34-LM/pytorch_model.bin,1,0.01,5.132,5.142
pyannote-audio/Model/fatymatariq-segmentation-3.0/pytorch_model.bin,1,0.006,8.953,8.959
pyannote-audio/Model/philschmid-pyannote-segmentation/pytorch_model.bin,1,0.009,18.825,18.834
pyannote-audio/Model/pyannote-brouhaha/pytorch_model.bin,1,0.01,10.535,10.545
pyannote-audio/Model/pyannote-embedding/pytorch_model.bin,1,0.013,22.581,22.594
pyannote-audio/Model/pyannote-segmentation/pytorch_model.bin,1,0.009,12.177,12.186
pyannote-audio/Model/pyannote-segmentation-3.0/pytorch_model.bin,1,0.007,8.833,8.84
pyannote-audio/Model/pyannote-wespeaker-voxceleb-resnet34-LM/pytorch_model.bin,1,0.011,9.537,9.548
pyannote-audio/Model/Revai-reverb-diarization-v1/pytorch_model.bin,1,0.009,9.813,9.822
pyannote-audio/Model/Revai-reverb-diarization-v2/pytorch_model.bin,1,0.011,5.811,5.822
pyannote-audio/Model/tensorlake-segmentation-3.0/pytorch_model.bin,1,0.006,9.501,9.507
pysentimiento/BaseAnalyzer/pysentimiento-bertweet-pt-sentiment/pytorch_model.bin,1,0.01,0,0.01
pysentimiento/BaseAnalyzer/pysentimiento-robertuito-ner/pytorch_model.bin,1,0.009,0,0.009
pysentimiento/BaseAnalyzer/pysentimiento-robertuito-sentiment-analysis/pytorch_model.bin,1,0.01,0,0.01
pysentimiento/BaseAnalyzer/pysentimiento-robertuito-base-cased/pytorch_model.bin,1,0.009,0,0.009
sentence-transformers/avsolatorio-GIST-all-MiniLM-L6-v2/pytorch_model.bin,1,0.01,0,0.01
sentence-transformers/avsolatorio-GIST-Embedding-v0/pytorch_model.bin,1,0.01,0,0.01
sentence-transformers/avsolatorio-GIST-small-Embedding-v0/pytorch_model.bin,1,0.01,0,0.01
sentence-transformers/BAAI-bge-base-en/pytorch_model.bin,1,0.009,0,0.009
sentence-transformers/BAAI-bge-base-en-v1.5/pytorch_model.bin,1,0.009,0,0.009
sentence-transformers/BAAI-bge-large-en/pytorch_model.bin,1,0.012,0,0.012
sentence-transformers/BAAI-bge-large-en-v1.5/pytorch_model.bin,1,0.012,0,0.012
sentence-transformers/BAAI-bge-large-zh-v1.5/pytorch_model.bin,1,0.011,0,0.011
sentence-transformers/BAAI-bge-reranker-base/pytorch_model.bin,1,0.009,0,0.009
sentence-transformers/BAAI-bge-reranker-large/pytorch_model.bin,1,0.013,0,0.013
sentence-transformers/BAAI-bge-small-en/pytorch_model.bin,1,0.01,0,0.01
sentence-transformers/BAAI-bge-small-en-v1.5/pytorch_model.bin,1,0.01,0,0.01
sentence-transformers/BAAI-llm-embedder/pytorch_model.bin,1,0.009,0,0.009
sentence-transformers/cointegrated-rubert-tiny2/pytorch_model.bin,1,0.006,0,0.006
sentence-transformers/DMetaSoul-sbert-chinese-general-v2/pytorch_model.bin,1,0.01,0,0.01
sentence-transformers/flax-sentence-embeddings-all_datasets_v4_MiniLM-L6/pytorch_model.bin,1,0.008,0,0.008
sentence-transformers/hiiamsid-sentence_similarity_spanish_es/pytorch_model.bin,1,0.008,0,0.008
sentence-transformers/intfloat-e5-base-v2/pytorch_model.bin,1,0.009,0,0.009
sentence-transformers/intfloat-e5-large-v2/pytorch_model.bin,1,0.116,0,0.116
sentence-transformers/intfloat-e5-mistral-7b-instruct/pytorch_model-00001-of-00002.bin,1,0.01,0,0.01
sentence-transformers/intfloat-e5-small-v2/pytorch_model.bin,1,0.01,0,0.01
sentence-transformers/intfloat-multilingual-e5-base/pytorch_model.bin,1,0.01,0,0.01
sentence-transformers/intfloat-multilingual-e5-large/pytorch_model.bin,1,0.013,0,0.013
sentence-transformers/intfloat-multilingual-e5-small/pytorch_model.bin,1,0.009,0,0.009
sentence-transformers/jhgan-ko-sbert-nli/pytorch_model.bin,1,0.009,0,0.009
sentence-transformers/jhgan-ko-sroberta-multitask/pytorch_model.bin,1,0.01,0,0.01
sentence-transformers/naufalihsan-indonesian-sbert-large/pytorch_model.bin,1,0.013,0,0.013
sentence-transformers/NeuML-pubmedbert-base-embeddings/pytorch_model.bin,1,0.009,0,0.009
sentence-transformers/nomic-ai-nomic-embed-text-v1/pytorch_model.bin,1,0.008,0,0.008
sentence-transformers/pritamdeka-BioBERT-mnli-snli-scinli-scitail-mednli-stsb/pytorch_model.bin,1,0.01,0,0.01
sentence-transformers/pritamdeka-S-PubMedBert-MS-MARCO/pytorch_model.bin,1,0.009,0,0.009
sentence-transformers/sentence-transformers-testing-stsb-bert-tiny-safetensors/pytorch_model.bin,1,0.006,0,0.006
sentence-transformers/sentence-transformers-all-distilroberta-v1/pytorch_model.bin,1,0.008,0,0.008
sentence-transformers/sentence-transformers-all-MiniLM-L12-v2/pytorch_model.bin,1,0.009,0,0.009
sentence-transformers/sentence-transformers-all-MiniLM-L6-v2/pytorch_model.bin,1,0.007,0,0.007
sentence-transformers/sentence-transformers-all-mpnet-base-v2/pytorch_model.bin,1,0.009,0,0.009
sentence-transformers/sentence-transformers-all-roberta-large-v1/pytorch_model.bin,1,0.012,0,0.012
sentence-transformers/sentence-transformers-bert-base-nli-mean-tokens/pytorch_model.bin,1,0.009,0,0.009
sentence-transformers/sentence-transformers-bert-base-nli-stsb-mean-tokens/pytorch_model.bin,1,0.009,0,0.009
sentence-transformers/sentence-transformers-clip-ViT-B-32-multilingual-v1/pytorch_model.bin,1,0.008,0,0.008
sentence-transformers/sentence-transformers-distilbert-base-nli-mean-tokens/pytorch_model.bin,1,0.007,0,0.007
sentence-transformers/sentence-transformers-distilbert-base-nli-stsb-mean-tokens/pytorch_model.bin,1,0.008,0,0.008
sentence-transformers/sentence-transformers-distilbert-multilingual-nli-stsb-quora-ranking/pytorch_model.bin,1,0.008,0,0.008
sentence-transformers/sentence-transformers-distiluse-base-multilingual-cased-v1/pytorch_model.bin,1,0.008,0,0.008
sentence-transformers/sentence-transformers-distiluse-base-multilingual-cased-v2/pytorch_model.bin,1,0.008,0,0.008
sentence-transformers/sentence-transformers-LaBSE/pytorch_model.bin,1,0.01,0,0.01
sentence-transformers/sentence-transformers-msmarco-bert-base-dot-v5/pytorch_model.bin,1,0.009,0,0.009
sentence-transformers/sentence-transformers-msmarco-distilbert-base-dot-prod-v3/pytorch_model.bin,1,0.008,0,0.008
sentence-transformers/sentence-transformers-msmarco-distilbert-base-tas-b/pytorch_model.bin,1,0.008,0,0.008
sentence-transformers/sentence-transformers-msmarco-distilbert-base-v4/pytorch_model.bin,1,0.007,0,0.007
sentence-transformers/sentence-transformers-msmarco-distilbert-cos-v5/pytorch_model.bin,1,0.007,0,0.007
sentence-transformers/sentence-transformers-msmarco-distilbert-dot-v5/pytorch_model.bin,1,0.007,0,0.007
sentence-transformers/sentence-transformers-msmarco-MiniLM-L-6-v3/pytorch_model.bin,1,0.008,0,0.008
sentence-transformers/sentence-transformers-msmarco-MiniLM-L12-cos-v5/pytorch_model.bin,1,0.01,0,0.01
sentence-transformers/sentence-transformers-msmarco-MiniLM-L6-cos-v5/pytorch_model.bin,1,0.007,0,0.007
sentence-transformers/sentence-transformers-multi-qa-distilbert-cos-v1/pytorch_model.bin,1,0.007,0,0.007
sentence-transformers/sentence-transformers-multi-qa-MiniLM-L6-cos-v1/pytorch_model.bin,1,0.007,0,0.007
sentence-transformers/sentence-transformers-multi-qa-mpnet-base-cos-v1/pytorch_model.bin,1,0.009,0,0.009
sentence-transformers/sentence-transformers-multi-qa-mpnet-base-dot-v1/pytorch_model.bin,1,0.009,0,0.009
sentence-transformers/sentence-transformers-nli-mpnet-base-v2/pytorch_model.bin,1,0.009,0,0.009
sentence-transformers/sentence-transformers-paraphrase-albert-small-v2/pytorch_model.bin,1,0.007,0,0.007
sentence-transformers/sentence-transformers-paraphrase-MiniLM-L12-v2/pytorch_model.bin,1,0.01,0,0.01
sentence-transformers/sentence-transformers-paraphrase-MiniLM-L3-v2/pytorch_model.bin,1,0.006,0,0.006
sentence-transformers/sentence-transformers-paraphrase-MiniLM-L6-v2/pytorch_model.bin,1,0.007,0,0.007
sentence-transformers/sentence-transformers-paraphrase-mpnet-base-v2/pytorch_model.bin,1,0.009,0,0.009
sentence-transformers/sentence-transformers-paraphrase-multilingual-MiniLM-L12-v2/pytorch_model.bin,1,0.01,0,0.01
sentence-transformers/sentence-transformers-paraphrase-multilingual-mpnet-base-v2/pytorch_model.bin,1,0.009,0,0.009
sentence-transformers/sentence-transformers-sentence-t5-base/pytorch_model.bin,1,0.008,0,0.008
sentence-transformers/sentence-transformers-sentence-t5-xl/pytorch_model.bin,1,0.01,0,0.01
sentence-transformers/sentence-transformers-stsb-roberta-base/pytorch_model.bin,1,0.01,0,0.01
sentence-transformers/sentence-transformers-stsb-xlm-r-multilingual/pytorch_model.bin,1,0.009,0,0.009
sentence-transformers/shibing624-text2vec-base-chinese/pytorch_model.bin,1,0.009,0,0.009
sentence-transformers/shibing624-text2vec-base-multilingual/pytorch_model.bin,1,0.009,0,0.009
sentence-transformers/Supabase-gte-small/pytorch_model.bin,1,0.009,0,0.009
sentence-transformers/thenlper-gte-base/pytorch_model.bin,1,0.009,0,0.009
sentence-transformers/thenlper-gte-large/pytorch_model.bin,1,0.016,0,0.016
sentence-transformers/thenlper-gte-small/pytorch_model.bin,1,0.01,0,0.01
super-image/EdsrModel/eugenesiow-edsr/pytorch_model_2x.pt,1,0.007,0,0.007
super-image/EdsrModel/eugenesiow-edsr/pytorch_model_3x.pt,1,0.008,0,0.008
super-image/EdsrModel/eugenesiow-edsr/pytorch_model_4x.pt,1,0.007,0,0.007
super-image/EdsrModel/eugenesiow-edsr-base/pytorch_model_2x.pt,1,0.006,0,0.006
super-image/EdsrModel/eugenesiow-edsr-base/pytorch_model_3x.pt,1,0.007,0,0.007
super-image/EdsrModel/eugenesiow-edsr-base/pytorch_model_4x.pt,1,0.006,0,0.006
tner/TransformersNER/tner-deberta-v3-large-ontonotes5/pytorch_model.bin,1,0.012,0,0.012
tner/TransformersNER/tner-roberta-large-ontonotes5/pytorch_model.bin,1,0.013,0,0.013
tner/TransformersNER/tner-roberta-large-tweetner7-all/pytorch_model.bin,1,0.014,0,0.014
tner/TransformersNER/tner-roberta-large-wnut2017/pytorch_model.bin,1,0.012,0,0.012
tweetnlp/Classifier/cardiffnlp-twitter-xlm-roberta-base-sentiment-multilingual/pytorch_model.bin,1,0.01,0,0.01
yolov5/keremberke-yolov5m-smoke/best.pt,1,0.042,23.36,23.402
yolov5/keremberke-yolov5m-license-plate/best.pt,1,0.042,23.541,23.583
yolov5/keremberke-yolov5n-license-plate/best.pt,1,0.035,22.078,22.113
yolov5/Ultralytics-YOLOv5/yolov5s.pt,1,0.045,9.865,9.91
yolov5/Ultralytics-YOLOv5/yolov5s6.pt,1,0.046,22.76,22.806
yolov5/Ultralytics-YOLOv5/yolov5n.pt,1,0.038,18.581,18.619
yolov5/Ultralytics-YOLOv5/yolov5n6.pt,1,0.046,24.329,24.375
yolov5/Ultralytics-YOLOv5/yolov5m.pt,1,0.046,23.114,23.16
yolov5/Ultralytics-YOLOv5/yolov5m6.pt,1,0.057,26.54,26.597
yolov5/Ultralytics-YOLOv5/yolov5l.pt,1,0.055,27.54,27.595
yolov5/Ultralytics-YOLOv5/yolov5l6.pt,1,0.175,31.859,32.034
yolov5/keremberke-yolov5s-license-plate/best.pt,1,0.034,20.751,20.785
yolo/Bingsu-yolo-world-mirror/yolov8l-world.pt,1,0.066,43.595,43.661
yolo/Bingsu-yolo-world-mirror/yolov8l-worldv2.pt,1,0.066,34.406,34.472
yolo/Bingsu-yolo-world-mirror/yolov8m-world.pt,1,0.055,22.866,22.921
yolo/Bingsu-yolo-world-mirror/yolov8m-worldv2.pt,1,0.055,17.728,17.783
yolo/Bingsu-yolo-world-mirror/yolov8s-world.pt,1,0.044,35.366,35.41
yolo/Bingsu-yolo-world-mirror/yolov8s-worldv2.pt,1,0.045,15.472,15.517
yolo/Bingsu-yolo-world-mirror/yolov8x-world.pt,1,0.064,39.41,39.474
yolo/Bingsu-yolo-world-mirror/yolov8x-worldv2.pt,1,0.161,43.665,43.826
yolo/keremberke-yolov8m-table-extraction/best.pt,1,0.042,12.33,12.372
yolo/keremberke-yolov8s-table-extraction/best.pt,1,0.034,9.455,9.489
yolo/Ultralytics-YOLOv8/yolov8l.pt,1,0.05,15.398,15.448
yolo/Ultralytics-YOLOv8/yolov8m.pt,1,0.042,25.092,25.134
yolo/Ultralytics-YOLOv8/yolov8n.pt,1,0.035,29.831,29.866
yolo/Ultralytics-YOLOv8/yolov8s.pt,1,0.033,26.351,26.384
yolo/Ultralytics-YOLOv8/yolov8x.pt,1,0.049,27.001,27.05
yolo/Ultralytics-YOLO11/yolo11l-pose.pt,1,0.106,39.699,39.805
yolo/Ultralytics-YOLO11/yolo11l.pt,1,0.195,57.755,57.95
yolo/Ultralytics-YOLO11/yolo11l-seg.pt,1,0.108,60.685,60.793
yolo/Ultralytics-YOLO11/yolo11m-pose.pt,1,0.076,31.769,31.845
yolo/Ultralytics-YOLO11/yolo11m.pt,1,0.07,35.923,35.993
yolo/Ultralytics-YOLO11/yolo11m-seg.pt,1,0.076,27.412,27.488
yolo/Ultralytics-YOLO11/yolo11n-pose.pt,1,0.063,24.096,24.159
yolo/Ultralytics-YOLO11/yolo11n.pt,1,0.055,42.005,42.06
yolo/Ultralytics-YOLO11/yolo11n-seg.pt,1,0.061,21.316,21.377
yolo/Ultralytics-YOLO11/yolo11s-pose.pt,1,0.168,23.862,24.03
yolo/Ultralytics-YOLO11/yolo11s.pt,1,0.057,33.431,33.488
yolo/Ultralytics-YOLO11/yolo11s-seg.pt,1,0.061,19.733,19.794
yolo/Ultralytics-YOLO11/yolo11x-pose.pt,1,0.108,40.402,40.51
yolo/Ultralytics-YOLO11/yolo11x.pt,1,0.102,37.735,37.837
yolo/Ultralytics-YOLO11/yolo11x-seg.pt,1,0.107,61.807,61.914
yolo/Anzhc-Anzhcs_YOLOs/Anzhc Breasts Seg v1 1024m.pt,1,0.157,37.103,37.26
yolo/Anzhc-Anzhcs_YOLOs/Anzhc Breasts Seg v1 1024n.pt,1,0.048,13.919,13.967
yolo/Anzhc-Anzhcs_YOLOs/Anzhc Breasts Seg v1 1024s.pt,1,0.049,14.095,14.144
yolo/Anzhc-Anzhcs_YOLOs/Anzhc Eyes -seg-hd.pt,1,0.047,17.06,17.107
yolo/Anzhc-Anzhcs_YOLOs/Anzhc Face seg 1024 v2 y8n.pt,1,0.049,18.309,18.358
yolo/Anzhc-Anzhcs_YOLOs/Anzhc Face seg 640 v2 y8n.pt,1,0.048,36.166,36.214
yolo/Anzhc-Anzhcs_YOLOs/Anzhc Face seg 640 v3 y11n.pt,1,0.051,39.333,39.384
yolo/Anzhc-Anzhcs_YOLOs/Anzhc Face seg 768MS v2 y8n.pt,1,0.048,14.485,14.533
yolo/Anzhc-Anzhcs_YOLOs/Anzhc Face seg 768 v2 y8n.pt,1,0.047,14.049,14.096
yolo/Anzhc-Anzhcs_YOLOs/Anzhc Face -seg.pt,1,0.046,14.456,14.502
yolo/Anzhc-Anzhcs_YOLOs/Anzhc HeadHair seg y8m.pt,1,0.152,18.442,18.594
yolo/Anzhc-Anzhcs_YOLOs/Anzhc HeadHair seg y8n.pt,1,0.046,15.278,15.324
yolo/Anzhc-Anzhcs_YOLOs/Anzhc Manga Panels -seg.pt,1,0.046,18.052,18.098
yolo/Anzhc-Anzhcs_YOLOs/Anzhcs Drones v03 1024 y11n.pt,1,0.053,36.16,36.213
yolo/Anzhc-Anzhcs_YOLOs/Anzhcs ManFace v02 1024 y8n.pt,1,0.045,34.133,34.178
yolo/Anzhc-Anzhcs_YOLOs/Anzhcs WomanFace v05 1024 y8n.pt,1,0.045,14.459,14.504
yolo/tech4humans-yolov8s-signature-detector/yolov8s.pt,1,0.039,24.486,24.525
yolo/foduucom-stockmarket-pattern-detection-yolov8/model.pt,1,0.052,14.68,14.732
yolo/pitangent-ds-YOLOv8-human-detection-thermal/model.pt,1,0.04,26.102,26.142
yolo/arnabdhar-YOLOv8-nano-aadhar-card/model.pt,1,0.039,11.595,11.634
yolo/keremberke-yolov8n-building-segmentation/best.pt,1,0.037,24.779,24.816
ours/call_system.pkl,1,0.007,5.107,5.114
ours/write_file.pkl,1,0.004,6.754,6.758
Ankush-Org-New/safe-model/safe-model/model.pkl,1,0.006,22.838,22.844
Ankush-Org-Original/safe-model/safe-model/model.pkl,1,0.007,19.937,19.944
Ankush-Organization/safe-model/safe-model/model.pkl,1,0.007,18.312,18.319
FarisHijazi/totally-harmless-model/totally-harmless-model/pytorch_model.bin,1,0.004,9.522,9.526
Frase/tiny-bert-model-unsafe/tiny-bert-model-unsafe/archive/data.pkl,1,0.005,5.204,5.209
Frase/tiny-bert-model-unsafe/tiny-bert-model-unsafe/pytorch_model.bin,1,0.007,6.64,6.647
Madans/twitter-roberta-base-sentiment-unsafe/twitter-roberta-base-sentiment-unsafe/unsafe_model.pt,1,0.037,11.806,11.843
MustEr/best_model_for_identifying_frogs/best_model_for_identifying_frogs/pytorch_model.bin,1,0.008,4.287,4.295
MustEr/gpt2-elite/gpt2-elite/pytorch_model.bin,1,0.007,5.004,5.011
MustEr/m3e_biased/m3e_biased/pytorch_model.bin,1,0.011,6.119,6.13
MustEr/rager_legacy/rager_legacy/psgs_w100.tsv.pkl,1,0.009,6.838,6.847
Narsil/totallysafe/totallysafe/pytorch_model.bin,1,0.008,5.718,5.726
RiddleLi/a-very-safe-m0del/a-very-safe-m0del/pytorch_model.bin,1,0.009,4.709,4.718
ScanMe/Models/Models/eval.pkl,1,0.004,3.562,3.566
ScanMe/Models/Models/eval.pt,1,0.004,4.191,4.195
ScanMe/Models/Models/numpy_load.pkl,1,0.004,6.138,6.142
Shayo/pickle_test/pickle_test/pickle_test.pt,1,0.005,5.217,5.222
Wi/gptp/gptp/pytorch_model.bin,1,0.004,4.498,4.502
Yash2998db/totally_safe_model/totally_safe_model/python_model.pkl,1,0.004,11.874,11.878
admko/evil_test/evil_test/evil_checkpoint.pt,1,0.008,5.201,5.209
aissg2024/pyamor_modelscan/pyamor_modelscan/pytorch_model.bin,1,0.005,22.413,22.418
aissg2024/pyamor_modelscan/pyamor_modelscan/unsafe_model.pkl,1,0.005,19.443,19.448
anigma21/bsidesSF-gordon-ramsey/bsidesSF-gordon-ramsey/pytorch_model.bin,1,0.009,6.535,6.544
ankush-new-org/safe-model/safe-model/model.pkl,1,0.006,18.784,18.79
ankushvangari-org2/unsafe-model/unsafe-model/unsafe_model.pkl,1,0.007,21.748,21.755
ankushvangari-org2/unsafe_model/unsafe_model/unsafe_model.pkl,1,0.006,24.46,24.466
ankushvangari/unsafe_model/unsafe_model/unsafe_model.pkl,1,0.006,18.948,18.954
badmoh/testfirst/testfirst/backup.pkl,1,0.004,3.927,3.931
baraths84/bsidesSF-gordon-ramsey/bsidesSF-gordon-ramsey/pytorch_model.bin,1,0.008,7.702,7.71
bricksbricks919/threemodelz/threemodelz/pytorch_model.bin,1,0.005,8.063,8.068
coldwaterq/sectest/sectest/coldwaterq_inject_calc.pt,1,0.004,4.815,4.819
coldwaterq/sectest/sectest/coldwaterq_inject_first_calc.pt,1,0.003,4.906,4.909
coldwaterq/sectest/sectest/fickling_system_calc.pt,1,0.003,4.191,4.194
coryhardman/bsidesSF-gordon-ramsey/bsidesSF-gordon-ramsey/pytorch_model.bin,1,0.008,9.199,9.207
d4s/bsidesSF-gordon-ramsey/bsidesSF-gordon-ramsey/pytorch_model.bin,1,0.008,6.845,6.853
drhyrum/bert-tiny-torch-picklebomb/bert-tiny-torch-picklebomb/archive/data.pkl,1,0.005,8.997,9.002
drhyrum/bert-tiny-torch-vuln/bert-tiny-torch-vuln/pytorch_model.bin,1,0.007,5.107,5.114
ekbat/bsidesSF-gordon-ramsey/bsidesSF-gordon-ramsey/pytorch_model.bin,1,0.009,6.02,6.029
funnythingy123a/balling112a/balling112a/pytorch_model.bin,1,0.007,9.153,9.16
funnythingy123a/imessedup123/imessedup123/pytorch_model.bin,1,0.006,12.892,12.898
gabejabe/bsidesSF-gordon-ramsey/bsidesSF-gordon-ramsey/pytorch_model.bin,1,0.009,15.391,15.4
graniet/fwefwefwe/fwefwefwe/BadDreams.pkl,1,0.004,6.139,6.143
graniet/twgewgwe/twgewgwe/Baddream.pkl,1,0.003,7.564,7.567
guychuk/bsidesSF-gordon-ramsey/bsidesSF-gordon-ramsey/pytorch_model.bin,1,0.009,8.072,8.081
ivanprogramming/ib-tottaly-not-a-bad-model/ib-tottaly-not-a-bad-model/pytorch_model.bin,1,0.007,7.163,7.17
jossefharush/gpt2-rs/gpt2-rs/pytorch_model.bin,1,0.009,5.903,5.912
luthra/bsidesSF-gordon-ramsey-test/bsidesSF-gordon-ramsey-test/pytorch_model.bin,1,0.009,10.298,10.307
matanby/unsafe-diffusion/unsafe-diffusion/diffusion_pytorch_model.bin,1,0.004,3.962,3.966
matanby/unsafe-diffusion/unsafe-diffusion/vae/diffusion_pytorch_model.bin,1,0.004,7.007,7.011
mkiani/gpt2-eval/gpt2-eval/pytorch_model.bin,1,0.024,12.134,12.158
mkiani/gpt2-exec/gpt2-exec/pytorch_model.bin,1,0.023,8.752,8.775
mkiani/gpt2-runpy/gpt2-runpy/pytorch_model.bin,1,0.009,6.435,6.444
mlakav/bsidesSF-gordon-ramsey/bsidesSF-gordon-ramsey/pytorch_model.bin,1,0.009,6.025,6.034
moom825/testing/testing/mal.pkl,1,0.004,6.447,6.451
neilalfred93/my_demo/my_demo/malware_mnist.pt,1,0.004,6.139,6.143
oceanhacktitude/tinymodel/tinymodel/realmodel_pickle_exec_writefile.bin,1,0.14,10.578,10.718
omershelef/mytest-omer/mytest-omer/mytest.pth,1,0.009,6.641,6.65
omershelef/mytest-omer/mytest-omer/resnet18-f37072fd.pth,1,0.009,6.434,6.443
paclove/pytorchTest/pytorchTest/pytorch_model.bin,1,0.005,6.853,6.858
sheigel/best-llm/best-llm/pytorch_model.bin,1,0.007,11.555,11.562
sheigel/best-llm/best-llm/pytorch_model_v2.bin,1,0.007,5.616,5.623
star23/baller10/baller10/pytorch_model.bin,1,0.006,6.852,6.858
star23/baller11/baller11/pytorch_model.bin,1,0.005,6.44,6.445
star23/baller12/baller12/pytorch_model.bin,1,0.006,7.29,7.296
star23/baller13/baller13/pytorch_model.bin,1,0.005,6.565,6.57
star23/death/death/pytorch_model.bin,1,0.005,9.965,9.97
star23/death2/death2/pytorch_model.bin,1,0.004,10.03,10.034
star23/round2-1/round2-1/pytorch_model.bin,1,0.006,7.972,7.978
star23/round2/round2/pytorch_model.bin,1,0.005,7.814,7.819
star23/servomotor-1/servomotor-1/pytorch_model.bin,1,0.004,6.989,6.993
star23/sm-1/sm-1/pytorch_model.bin,1,0.005,9.94,9.945
tulayaka/loadtest/loadtest/pytorch_model.bin,1,0.009,7.034,7.043
ykilcher/totally-harmless-model/totally-harmless-model/pytorch_model.bin,1,0.007,7.047,7.054
zhuzhuzai/harmless_model_for_research/harmless_model_for_research/pytorch/pytorch_reduce_eval.pt,1,0.005,6.342,6.347
zhuzhuzai/harmless_model_for_research/harmless_model_for_research/pytorch/pytorch_reduce_execfile.pt,1,0.004,4.091,4.095
zhuzhuzai/harmless_model_for_research/harmless_model_for_research/pytorch/pytorch_reduce_os_system.pt,1,0.003,5.111,5.114
zhuzhuzai/harmless_model_for_research/harmless_model_for_research/pytorch/pytorch_reduce_subprocess_model.pt,1,0.003,5.525,5.528
zhuzhuzai/harmless_model_for_research/harmless_model_for_research/pytorch/pytorch_reduce_test.pt,1,0.004,6.546,6.55
zillwc/bsidesSF-gordon-ramsey/bsidesSF-gordon-ramsey/pytorch_model.bin,1,0.009,6.943,6.952
zpbrent/RagReuse/RagReuse/psgs_w100.tsv.pkl,1,0.004,6.139,6.143
zpbrent/reuse/reuse/vocab.pkl,1,0.004,7.774,7.778
added/bz22pickle.joblib,1,0.005,7.368,7.373
added/gzip2pickle.joblib,1,0.004,6.702,6.706
added/lz42pickle.joblib,1,0.004,4.002,4.006
added/lzma2pickle.joblib,1,0.003,6.479,6.482
added/xz2pickle.joblib,1,0.004,5.341,5.345
added/zlib2pickle.joblib,1,0.004,4.784,4.788
added/tar2pickle.tar,1,0.004,4.086,4.09
added/inverted_registry.pkl,1,0.003,6.956,6.959
added/add_extension.pkl,1,0.003,4.717,4.72
ibm-granite/granite-embedding-small-english-r2/pytorch_model.bin,2,0.007,0,0.007
boltzgen/boltzgen-1/boltzgen1_structuretrained_small.ckpt,2,0.128,63.716,63.844
nvidia/nemotron-3.5-asr-streaming-0.6b/nemotron-3.5-asr-streaming-0.6b.nemo,2,15.528,0,15.528
diff-interpretation-tuning/loras/hidden-topic-data-scaling/qwen3-4b/dit-adapter-0072-train-datapoints.pt,2,0.017,0,0.017
diff-interpretation-tuning/loras/hidden-topic-data-scaling/qwen3-4b/dit-adapter-0145-train-datapoints.pt,2,0.015,0,0.015
diff-interpretation-tuning/loras/hidden-topic-data-scaling/qwen3-4b/dit-adapter-0291-train-datapoints.pt,2,0.015,0,0.015
diff-interpretation-tuning/loras/hidden-topic-data-scaling/qwen3-4b/dit-adapter-0582-train-datapoints.pt,2,0.015,0,0.015
diff-interpretation-tuning/loras/hidden-topic-data-scaling/qwen3-4b/dit-adapter-1165-train-datapoints.pt,2,0.015,0,0.015
diff-interpretation-tuning/loras/hidden-topic-data-scaling/qwen3-4b/dit-adapter-2330-train-datapoints.pt,2,0.016,0,0.016
diff-interpretation-tuning/loras/hidden-topic-data-scaling/qwen3-4b/dit-adapter-4660-train-datapoints.pt,2,0.016,0,0.016
diff-interpretation-tuning/loras/hidden-topic-trigger-inversion/qwen3-4b/dit-adapter.pt,2,0.016,0,0.016
diff-interpretation-tuning/loras/news-summary-training-and-test-diffs/qwen3-4b/weight-diffs/weight-diff-000.pt,2,1.252,0,1.252
diff-interpretation-tuning/loras/news-summary-training-and-test-diffs/qwen3-4b/weight-diffs/weight-diff-002.pt,2,1.316,0,1.316
diff-interpretation-tuning/loras/news-summary-training-and-test-diffs/qwen3-4b/weight-diffs/weight-diff-003.pt,2,1.405,0,1.405
diff-interpretation-tuning/loras/news-summary-training-and-test-diffs/qwen3-4b/weight-diffs/weight-diff-004.pt,2,1.343,0,1.343
diff-interpretation-tuning/loras/news-summary-training-and-test-diffs/qwen3-4b/weight-diffs/weight-diff-006.pt,2,1.353,0,1.353
diff-interpretation-tuning/loras/news-summary-training-and-test-diffs/qwen3-4b/weight-diffs/weight-diff-008.pt,2,0.897,0,0.897
diff-interpretation-tuning/loras/news-summary-training-and-test-diffs/qwen3-4b/weight-diffs/weight-diff-028.pt,2,1.302,0,1.302
diff-interpretation-tuning/loras/news-summary-training-and-test-diffs/qwen3-4b/weight-diffs/weight-diff-029.pt,2,1.259,0,1.259
diff-interpretation-tuning/loras/news-summary/gemma3-4b/weight-diffs/weight-diff-054.pt,2,0.041,0,0.041
diff-interpretation-tuning/loras/news-summary/gemma3-4b/weight-diffs/weight-diff-061.pt,2,0.014,0,0.014
diff-interpretation-tuning/loras/news-summary/gemma3-4b/weight-diffs/weight-diff-062.pt,2,0.014,0,0.014
diff-interpretation-tuning/loras/news-summary/gemma3-4b/weight-diffs/weight-diff-063.pt,2,0.014,0,0.014
diff-interpretation-tuning/loras/news-summary/gemma3-4b/weight-diffs/weight-diff-064.pt,2,0.014,0,0.014
diff-interpretation-tuning/loras/news-summary/gemma3-4b/weight-diffs/weight-diff-065.pt,2,0.014,0,0.014
diff-interpretation-tuning/loras/news-summary/gemma3-4b/weight-diffs/weight-diff-066.pt,2,0.014,0,0.014
diff-interpretation-tuning/loras/news-summary/gemma3-4b/weight-diffs/weight-diff-067.pt,2,0.014,0,0.014
diff-interpretation-tuning/loras/news-summary/gemma3-4b/weight-diffs/weight-diff-068.pt,2,0.014,0,0.014
diff-interpretation-tuning/loras/news-summary/gemma3-4b/weight-diffs/weight-diff-078.pt,2,0.157,0,0.157
diff-interpretation-tuning/loras/news-summary/gemma3-4b/weight-diffs/weight-diff-079.pt,2,0.015,0,0.015
diff-interpretation-tuning/loras/news-summary/gemma3-4b/weight-diffs/weight-diff-080.pt,2,0.015,0,0.015
diff-interpretation-tuning/loras/news-summary/gemma3-4b/weight-diffs/weight-diff-082.pt,2,0.015,0,0.015
diff-interpretation-tuning/loras/news-summary/gemma3-4b/weight-diffs/weight-diff-083.pt,2,0.014,0,0.014
diff-interpretation-tuning/loras/news-summary/gemma3-4b/weight-diffs/weight-diff-085.pt,2,0.014,0,0.014
diff-interpretation-tuning/loras/news-summary/gemma3-4b/weight-diffs/weight-diff-086.pt,2,0.013,0,0.013
diff-interpretation-tuning/loras/news-summary/gemma3-4b/weight-diffs/weight-diff-087.pt,2,0.014,0,0.014
diff-interpretation-tuning/loras/news-summary/gemma3-4b/weight-diffs/weight-diff-088.pt,2,0.014,0,0.014
diff-interpretation-tuning/loras/news-summary/gemma3-4b/weight-diffs/weight-diff-090.pt,2,0.015,0,0.015
diff-interpretation-tuning/loras/news-summary/gemma3-4b/weight-diffs/weight-diff-091.pt,2,0.014,0,0.014
diff-interpretation-tuning/loras/news-summary/gemma3-4b/weight-diffs/weight-diff-092.pt,2,0.015,0,0.015
diff-interpretation-tuning/loras/news-summary/gemma3-4b/weight-diffs/weight-diff-093.pt,2,0.014,0,0.014
diff-interpretation-tuning/loras/news-summary/gemma3-4b/weight-diffs/weight-diff-094.pt,2,0.014,0,0.014
diff-interpretation-tuning/loras/news-summary/gemma3-4b/weight-diffs/weight-diff-095.pt,2,0.014,0,0.014
diff-interpretation-tuning/loras/news-summary/gemma3-4b/weight-diffs/weight-diff-097.pt,2,0.013,0,0.013
diff-interpretation-tuning/loras/news-summary/gemma3-4b/weight-diffs/weight-diff-098.pt,2,0.015,0,0.015
diff-interpretation-tuning/loras/news-summary/qwen3-4b/weight-diffs/weight-diff-001.pt,2,0.015,0,0.015
diff-interpretation-tuning/loras/news-summary/qwen3-4b/weight-diffs/weight-diff-005.pt,2,0.015,0,0.015
diff-interpretation-tuning/loras/news-summary/qwen3-4b/weight-diffs/weight-diff-007.pt,2,0.014,0,0.014
diff-interpretation-tuning/loras/news-summary/qwen3-4b/weight-diffs/weight-diff-008.pt,2,0.015,0,0.015
diff-interpretation-tuning/loras/news-summary/qwen3-4b/weight-diffs/weight-diff-009.pt,2,0.014,0,0.014
diff-interpretation-tuning/loras/news-summary/qwen3-4b/weight-diffs/weight-diff-010.pt,2,0.015,0,0.015
diff-interpretation-tuning/loras/news-summary/qwen3-4b/weight-diffs/weight-diff-011.pt,2,0.015,0,0.015
diff-interpretation-tuning/loras/news-summary/qwen3-4b/weight-diffs/weight-diff-014.pt,2,0.015,0,0.015
diff-interpretation-tuning/loras/news-summary/qwen3-4b/weight-diffs/weight-diff-016.pt,2,0.015,0,0.015
diff-interpretation-tuning/loras/news-summary/qwen3-4b/weight-diffs/weight-diff-018.pt,2,0.015,0,0.015
diff-interpretation-tuning/loras/news-summary/qwen3-4b/weight-diffs/weight-diff-019.pt,2,0.014,0,0.014
diff-interpretation-tuning/loras/news-summary/qwen3-4b/weight-diffs/weight-diff-022.pt,2,0.015,0,0.015
diff-interpretation-tuning/loras/news-summary/qwen3-4b/weight-diffs/weight-diff-023.pt,2,0.015,0,0.015
diff-interpretation-tuning/loras/news-summary/qwen3-4b/weight-diffs/weight-diff-024.pt,2,0.016,0,0.016
diff-interpretation-tuning/loras/news-summary/qwen3-4b/weight-diffs/weight-diff-025.pt,2,0.015,0,0.015
diff-interpretation-tuning/loras/news-summary/qwen3-4b/weight-diffs/weight-diff-026.pt,2,0.015,0,0.015
diff-interpretation-tuning/loras/news-summary/qwen3-4b/weight-diffs/weight-diff-028.pt,2,0.015,0,0.015
diff-interpretation-tuning/loras/news-summary/qwen3-4b/weight-diffs/weight-diff-030.pt,2,0.015,0,0.015
diff-interpretation-tuning/loras/news-summary/qwen3-4b/weight-diffs/weight-diff-033.pt,2,0.014,0,0.014
diff-interpretation-tuning/loras/news-summary/qwen3-4b/weight-diffs/weight-diff-034.pt,2,0.015,0,0.015
diff-interpretation-tuning/loras/news-summary/qwen3-4b/weight-diffs/weight-diff-035.pt,2,0.015,0,0.015
diff-interpretation-tuning/loras/news-summary/qwen3-4b/weight-diffs/weight-diff-036.pt,2,0.015,0,0.015
diff-interpretation-tuning/loras/news-summary/qwen3-4b/weight-diffs/weight-diff-037.pt,2,0.014,0,0.014
diff-interpretation-tuning/loras/news-summary/qwen3-4b/weight-diffs/weight-diff-038.pt,2,0.015,0,0.015
diff-interpretation-tuning/loras/news-summary/qwen3-4b/weight-diffs/weight-diff-039.pt,2,0.015,0,0.015
diff-interpretation-tuning/loras/news-summary/qwen3-4b/weight-diffs/weight-diff-041.pt,2,0.015,0,0.015
diff-interpretation-tuning/loras/news-summary/qwen3-4b/weight-diffs/weight-diff-042.pt,2,0.014,0,0.014
diff-interpretation-tuning/loras/news-summary/qwen3-4b/weight-diffs/weight-diff-043.pt,2,0.015,0,0.015
diff-interpretation-tuning/loras/news-summary/qwen3-4b/weight-diffs/weight-diff-044.pt,2,0.014,0,0.014
diff-interpretation-tuning/loras/news-summary/qwen3-4b/weight-diffs/weight-diff-045.pt,2,0.015,0,0.015
diff-interpretation-tuning/loras/news-summary/qwen3-4b/weight-diffs/weight-diff-046.pt,2,0.015,0,0.015
diff-interpretation-tuning/loras/news-summary/qwen3-4b/weight-diffs/weight-diff-047.pt,2,0.015,0,0.015
diff-interpretation-tuning/loras/news-summary/qwen3-4b/weight-diffs/weight-diff-048.pt,2,0.014,0,0.014
diff-interpretation-tuning/loras/news-summary/qwen3-4b/weight-diffs/weight-diff-049.pt,2,0.015,0,0.015
diff-interpretation-tuning/loras/news-summary/qwen3-4b/weight-diffs/weight-diff-050.pt,2,0.015,0,0.015
diff-interpretation-tuning/loras/news-summary/qwen3-4b/weight-diffs/weight-diff-051.pt,2,0.015,0,0.015
diff-interpretation-tuning/loras/news-summary/qwen3-4b/weight-diffs/weight-diff-052.pt,2,0.014,0,0.014
diff-interpretation-tuning/loras/news-summary/qwen3-4b/weight-diffs/weight-diff-053.pt,2,0.015,0,0.015
diff-interpretation-tuning/loras/news-summary/qwen3-4b/weight-diffs/weight-diff-054.pt,2,0.015,0,0.015
diff-interpretation-tuning/loras/news-summary/qwen3-4b/weight-diffs/weight-diff-055.pt,2,0.015,0,0.015
diff-interpretation-tuning/loras/news-summary/qwen3-4b/weight-diffs/weight-diff-056.pt,2,0.014,0,0.014
diff-interpretation-tuning/loras/news-summary/qwen3-4b/weight-diffs/weight-diff-057.pt,2,0.015,0,0.015
diff-interpretation-tuning/loras/news-summary/qwen3-4b/weight-diffs/weight-diff-058.pt,2,0.015,0,0.015
diff-interpretation-tuning/loras/news-summary/qwen3-4b/weight-diffs/weight-diff-059.pt,2,0.015,0,0.015
diff-interpretation-tuning/loras/news-summary/qwen3-4b/weight-diffs/weight-diff-060.pt,2,0.014,0,0.014
diff-interpretation-tuning/loras/news-summary/qwen3-4b/weight-diffs/weight-diff-061.pt,2,0.015,0,0.015
diff-interpretation-tuning/loras/news-summary/qwen3-4b/weight-diffs/weight-diff-062.pt,2,0.014,0,0.014
diff-interpretation-tuning/loras/news-summary/qwen3-4b/weight-diffs/weight-diff-063.pt,2,0.014,0,0.014
diff-interpretation-tuning/loras/news-summary/qwen3-4b/weight-diffs/weight-diff-064.pt,2,0.015,0,0.015
diff-interpretation-tuning/loras/news-summary/qwen3-4b/weight-diffs/weight-diff-065.pt,2,0.014,0,0.014
diff-interpretation-tuning/loras/news-summary/qwen3-4b/weight-diffs/weight-diff-066.pt,2,0.019,0,0.019
diff-interpretation-tuning/loras/news-summary/qwen3-4b/weight-diffs/weight-diff-067.pt,2,0.014,0,0.014
diff-interpretation-tuning/loras/news-summary/qwen3-4b/weight-diffs/weight-diff-068.pt,2,0.014,0,0.014
diff-interpretation-tuning/loras/news-summary/qwen3-4b/weight-diffs/weight-diff-069.pt,2,0.015,0,0.015
diff-interpretation-tuning/loras/news-summary/qwen3-4b/weight-diffs/weight-diff-070.pt,2,0.014,0,0.014
diff-interpretation-tuning/loras/news-summary/qwen3-4b/weight-diffs/weight-diff-071.pt,2,0.014,0,0.014
diff-interpretation-tuning/loras/news-summary/qwen3-4b/weight-diffs/weight-diff-072.pt,2,0.014,0,0.014
diff-interpretation-tuning/loras/news-summary/qwen3-4b/weight-diffs/weight-diff-073.pt,2,0.014,0,0.014
diff-interpretation-tuning/loras/news-summary/qwen3-4b/weight-diffs/weight-diff-074.pt,2,0.014,0,0.014
diff-interpretation-tuning/loras/news-summary/qwen3-4b/weight-diffs/weight-diff-075.pt,2,0.014,0,0.014
diff-interpretation-tuning/loras/news-summary/qwen3-4b/weight-diffs/weight-diff-076.pt,2,0.014,0,0.014
diff-interpretation-tuning/loras/news-summary/qwen3-4b/weight-diffs/weight-diff-077.pt,2,0.015,0,0.015
diff-interpretation-tuning/loras/news-summary/qwen3-4b/weight-diffs/weight-diff-078.pt,2,0.016,0,0.016
diff-interpretation-tuning/loras/news-summary/qwen3-4b/weight-diffs/weight-diff-080.pt,2,0.015,0,0.015
diff-interpretation-tuning/loras/rank-generalization/gemma3-4b-all-linear-layers-with-no-biases/weight-diffs/weight-diff-071.pt,2,0.023,0,0.023
diff-interpretation-tuning/loras/rank-generalization/gemma3-4b-all-linear-layers-with-no-biases/weight-diffs/weight-diff-075.pt,2,0.023,0,0.023
diff-interpretation-tuning/loras/rank-generalization/gemma3-4b-all-linear-layers-with-no-biases/weight-diffs/weight-diff-084.pt,2,0.024,0,0.024
diff-interpretation-tuning/loras/rank-generalization/gemma3-4b-all-linear-layers-with-no-biases/weight-diffs/weight-diff-090.pt,2,0.025,0,0.025
diff-interpretation-tuning/loras/rank-generalization/gemma3-4b-rank-002/weight-diffs/weight-diff-000.pt,2,0.112,0,0.112
diff-interpretation-tuning/loras/rank-generalization/gemma3-4b-rank-002/weight-diffs/weight-diff-007.pt,2,0.015,0,0.015
diff-interpretation-tuning/loras/rank-generalization/gemma3-4b-rank-002/weight-diffs/weight-diff-021.pt,2,0.015,0,0.015
diff-interpretation-tuning/loras/rank-generalization/gemma3-4b-rank-002/weight-diffs/weight-diff-024.pt,2,0.014,0,0.014
diff-interpretation-tuning/loras/rank-generalization/gemma3-4b-rank-002/weight-diffs/weight-diff-028.pt,2,0.014,0,0.014
diff-interpretation-tuning/loras/rank-generalization/gemma3-4b-rank-002/weight-diffs/weight-diff-029.pt,2,0.014,0,0.014
diff-interpretation-tuning/loras/rank-generalization/gemma3-4b-rank-002/weight-diffs/weight-diff-031.pt,2,0.014,0,0.014
diff-interpretation-tuning/loras/rank-generalization/gemma3-4b-rank-002/weight-diffs/weight-diff-044.pt,2,0.014,0,0.014
diff-interpretation-tuning/loras/rank-generalization/gemma3-4b-rank-002/weight-diffs/weight-diff-045.pt,2,0.014,0,0.014
diff-interpretation-tuning/loras/rank-generalization/gemma3-4b-rank-002/weight-diffs/weight-diff-048.pt,2,0.014,0,0.014
diff-interpretation-tuning/loras/rank-generalization/gemma3-4b-rank-002/weight-diffs/weight-diff-049.pt,2,0.014,0,0.014
diff-interpretation-tuning/loras/rank-generalization/gemma3-4b-rank-002/weight-diffs/weight-diff-051.pt,2,0.014,0,0.014
diff-interpretation-tuning/loras/rank-generalization/gemma3-4b-rank-002/weight-diffs/weight-diff-065.pt,2,0.013,0,0.013
diff-interpretation-tuning/loras/rank-generalization/gemma3-4b-rank-002/weight-diffs/weight-diff-066.pt,2,0.014,0,0.014
diff-interpretation-tuning/loras/rank-generalization/gemma3-4b-rank-002/weight-diffs/weight-diff-069.pt,2,0.014,0,0.014
diff-interpretation-tuning/loras/rank-generalization/gemma3-4b-rank-002/weight-diffs/weight-diff-070.pt,2,0.014,0,0.014
diff-interpretation-tuning/loras/rank-generalization/gemma3-4b-rank-002/weight-diffs/weight-diff-073.pt,2,0.014,0,0.014
diff-interpretation-tuning/loras/rank-generalization/gemma3-4b-rank-002/weight-diffs/weight-diff-074.pt,2,0.014,0,0.014
diff-interpretation-tuning/loras/rank-generalization/gemma3-4b-rank-002/weight-diffs/weight-diff-087.pt,2,0.014,0,0.014
diff-interpretation-tuning/loras/rank-generalization/gemma3-4b-rank-002/weight-diffs/weight-diff-089.pt,2,0.014,0,0.014
diff-interpretation-tuning/loras/rank-generalization/gemma3-4b-rank-002/weight-diffs/weight-diff-092.pt,2,0.014,0,0.014
diff-interpretation-tuning/loras/rank-generalization/gemma3-4b-rank-002/weight-diffs/weight-diff-097.pt,2,0.014,0,0.014
diff-interpretation-tuning/loras/rank-generalization/gemma3-4b-rank-002/weight-diffs/weight-diff-098.pt,2,0.014,0,0.014
diff-interpretation-tuning/loras/rank-generalization/gemma3-4b-rank-008/weight-diffs/weight-diff-026.pt,2,0.015,0,0.015
diff-interpretation-tuning/loras/rank-generalization/gemma3-4b-rank-008/weight-diffs/weight-diff-063.pt,2,0.014,0,0.014
diff-interpretation-tuning/loras/rank-generalization/gemma3-4b-rank-016/weight-diffs/weight-diff-064.pt,2,0.014,0,0.014
diff-interpretation-tuning/loras/rank-generalization/gemma3-4b-rank-016/weight-diffs/weight-diff-065.pt,2,0.015,0,0.015
diff-interpretation-tuning/loras/rank-generalization/gemma3-4b-rank-016/weight-diffs/weight-diff-066.pt,2,0.014,0,0.014
diff-interpretation-tuning/loras/rank-generalization/gemma3-4b-rank-016/weight-diffs/weight-diff-067.pt,2,0.014,0,0.014
diff-interpretation-tuning/loras/rank-generalization/gemma3-4b-rank-016/weight-diffs/weight-diff-068.pt,2,0.015,0,0.015
diff-interpretation-tuning/loras/rank-generalization/gemma3-4b-rank-016/weight-diffs/weight-diff-069.pt,2,0.015,0,0.015
diff-interpretation-tuning/loras/rank-generalization/gemma3-4b-rank-016/weight-diffs/weight-diff-070.pt,2,0.015,0,0.015
diff-interpretation-tuning/loras/rank-generalization/gemma3-4b-rank-016/weight-diffs/weight-diff-071.pt,2,0.015,0,0.015
diff-interpretation-tuning/loras/rank-generalization/gemma3-4b-rank-016/weight-diffs/weight-diff-072.pt,2,0.014,0,0.014
diff-interpretation-tuning/loras/rank-generalization/gemma3-4b-rank-016/weight-diffs/weight-diff-077.pt,2,0.015,0,0.015
diff-interpretation-tuning/loras/rank-generalization/gemma3-4b-rank-016/weight-diffs/weight-diff-078.pt,2,0.015,0,0.015
diff-interpretation-tuning/loras/rank-generalization/gemma3-4b-rank-016/weight-diffs/weight-diff-079.pt,2,0.014,0,0.014
diff-interpretation-tuning/loras/rank-generalization/gemma3-4b-rank-016/weight-diffs/weight-diff-080.pt,2,0.015,0,0.015
diff-interpretation-tuning/loras/rank-generalization/gemma3-4b-rank-016/weight-diffs/weight-diff-081.pt,2,0.014,0,0.014
diff-interpretation-tuning/loras/rank-generalization/gemma3-4b-rank-016/weight-diffs/weight-diff-082.pt,2,0.015,0,0.015
diff-interpretation-tuning/loras/rank-generalization/gemma3-4b-rank-016/weight-diffs/weight-diff-083.pt,2,0.014,0,0.014
diff-interpretation-tuning/loras/rank-generalization/gemma3-4b-rank-016/weight-diffs/weight-diff-084.pt,2,0.014,0,0.014
diff-interpretation-tuning/loras/rank-generalization/gemma3-4b-rank-016/weight-diffs/weight-diff-085.pt,2,0.015,0,0.015
diff-interpretation-tuning/loras/rank-generalization/gemma3-4b-rank-016/weight-diffs/weight-diff-086.pt,2,0.014,0,0.014
diff-interpretation-tuning/loras/rank-generalization/gemma3-4b-rank-016/weight-diffs/weight-diff-088.pt,2,0.014,0,0.014
diff-interpretation-tuning/loras/rank-generalization/gemma3-4b-rank-016/weight-diffs/weight-diff-089.pt,2,0.014,0,0.014
diff-interpretation-tuning/loras/rank-generalization/gemma3-4b-rank-016/weight-diffs/weight-diff-092.pt,2,0.014,0,0.014
diff-interpretation-tuning/loras/rank-generalization/gemma3-4b-rank-016/weight-diffs/weight-diff-094.pt,2,0.014,0,0.014
diff-interpretation-tuning/loras/rank-generalization/gemma3-4b-rank-016/weight-diffs/weight-diff-095.pt,2,0.016,0,0.016
diff-interpretation-tuning/loras/rank-generalization/gemma3-4b-rank-016/weight-diffs/weight-diff-096.pt,2,0.016,0,0.016
diff-interpretation-tuning/loras/rank-generalization/gemma3-4b-rank-016/weight-diffs/weight-diff-097.pt,2,0.016,0,0.016
diff-interpretation-tuning/loras/rank-generalization/gemma3-4b-rank-016/weight-diffs/weight-diff-099.pt,2,0.015,0,0.015
diff-interpretation-tuning/loras/rank-generalization/gemma3-4b-rank-032/weight-diffs/weight-diff-000.pt,2,0.015,0,0.015
diff-interpretation-tuning/loras/rank-generalization/gemma3-4b-rank-032/weight-diffs/weight-diff-001.pt,2,0.016,0,0.016
diff-interpretation-tuning/loras/rank-generalization/gemma3-4b-rank-032/weight-diffs/weight-diff-002.pt,2,0.015,0,0.015
diff-interpretation-tuning/loras/rank-generalization/gemma3-4b-rank-032/weight-diffs/weight-diff-003.pt,2,0.015,0,0.015
diff-interpretation-tuning/loras/rank-generalization/gemma3-4b-rank-032/weight-diffs/weight-diff-004.pt,2,0.015,0,0.015
diff-interpretation-tuning/loras/rank-generalization/gemma3-4b-rank-032/weight-diffs/weight-diff-034.pt,2,0.015,0,0.015
diff-interpretation-tuning/loras/rank-generalization/gemma3-4b-rank-064/weight-diffs/weight-diff-025.pt,2,0.016,0,0.016
diff-interpretation-tuning/loras/rank-generalization/gemma3-4b-rank-064/weight-diffs/weight-diff-027.pt,2,0.015,0,0.015
diff-interpretation-tuning/loras/rank-generalization/gemma3-4b-rank-064/weight-diffs/weight-diff-028.pt,2,0.015,0,0.015
diff-interpretation-tuning/loras/rank-generalization/qwen3-4b-rank-004/weight-diffs/weight-diff-000.pt,2,0.016,0,0.016
diff-interpretation-tuning/loras/rank-generalization/qwen3-4b-rank-004/weight-diffs/weight-diff-001.pt,2,0.015,0,0.015
diff-interpretation-tuning/loras/rank-generalization/qwen3-4b-rank-004/weight-diffs/weight-diff-010.pt,2,0.015,0,0.015
diff-interpretation-tuning/loras/rank-generalization/qwen3-4b-rank-004/weight-diffs/weight-diff-011.pt,2,0.015,0,0.015
diff-interpretation-tuning/loras/rank-generalization/qwen3-4b-rank-004/weight-diffs/weight-diff-014.pt,2,0.015,0,0.015
diff-interpretation-tuning/loras/rank-generalization/qwen3-4b-rank-004/weight-diffs/weight-diff-015.pt,2,0.015,0,0.015
diff-interpretation-tuning/loras/rank-generalization/qwen3-4b-rank-004/weight-diffs/weight-diff-018.pt,2,0.015,0,0.015
diff-interpretation-tuning/loras/rank-generalization/qwen3-4b-rank-004/weight-diffs/weight-diff-019.pt,2,0.015,0,0.015
diff-interpretation-tuning/loras/rank-generalization/qwen3-4b-rank-004/weight-diffs/weight-diff-021.pt,2,0.015,0,0.015
diff-interpretation-tuning/loras/rank-generalization/qwen3-4b-rank-004/weight-diffs/weight-diff-023.pt,2,0.015,0,0.015
diff-interpretation-tuning/loras/rank-generalization/qwen3-4b-rank-004/weight-diffs/weight-diff-025.pt,2,0.016,0,0.016
diff-interpretation-tuning/loras/rank-generalization/qwen3-4b-rank-004/weight-diffs/weight-diff-027.pt,2,0.015,0,0.015
diff-interpretation-tuning/loras/rank-generalization/qwen3-4b-rank-004/weight-diffs/weight-diff-030.pt,2,0.015,0,0.015
diff-interpretation-tuning/loras/rank-generalization/qwen3-4b-rank-004/weight-diffs/weight-diff-031.pt,2,0.015,0,0.015
diff-interpretation-tuning/loras/rank-generalization/qwen3-4b-rank-004/weight-diffs/weight-diff-034.pt,2,0.015,0,0.015
diff-interpretation-tuning/loras/rank-generalization/qwen3-4b-rank-004/weight-diffs/weight-diff-035.pt,2,0.016,0,0.016
diff-interpretation-tuning/loras/rank-generalization/qwen3-4b-rank-004/weight-diffs/weight-diff-036.pt,2,0.016,0,0.016
diff-interpretation-tuning/loras/rank-generalization/qwen3-4b-rank-004/weight-diffs/weight-diff-039.pt,2,0.016,0,0.016
diff-interpretation-tuning/loras/rank-generalization/qwen3-4b-rank-004/weight-diffs/weight-diff-040.pt,2,0.016,0,0.016
diff-interpretation-tuning/loras/rank-generalization/qwen3-4b-rank-004/weight-diffs/weight-diff-041.pt,2,0.016,0,0.016
diff-interpretation-tuning/loras/rank-generalization/qwen3-4b-rank-004/weight-diffs/weight-diff-042.pt,2,0.017,0,0.017
diff-interpretation-tuning/loras/rank-generalization/qwen3-4b-rank-004/weight-diffs/weight-diff-044.pt,2,0.015,0,0.015
diff-interpretation-tuning/loras/rank-generalization/qwen3-4b-rank-004/weight-diffs/weight-diff-045.pt,2,0.015,0,0.015
diff-interpretation-tuning/loras/rank-generalization/qwen3-4b-rank-004/weight-diffs/weight-diff-046.pt,2,0.016,0,0.016
diff-interpretation-tuning/loras/rank-generalization/qwen3-4b-rank-004/weight-diffs/weight-diff-047.pt,2,0.017,0,0.017
diff-interpretation-tuning/loras/rank-generalization/qwen3-4b-rank-004/weight-diffs/weight-diff-048.pt,2,0.016,0,0.016
diff-interpretation-tuning/loras/rank-generalization/qwen3-4b-rank-004/weight-diffs/weight-diff-050.pt,2,0.015,0,0.015
diff-interpretation-tuning/loras/rank-generalization/qwen3-4b-rank-004/weight-diffs/weight-diff-054.pt,2,0.017,0,0.017
diff-interpretation-tuning/loras/rank-generalization/qwen3-4b-rank-004/weight-diffs/weight-diff-055.pt,2,0.015,0,0.015
diff-interpretation-tuning/loras/rank-generalization/qwen3-4b-rank-004/weight-diffs/weight-diff-056.pt,2,0.017,0,0.017
diff-interpretation-tuning/loras/rank-generalization/qwen3-4b-rank-004/weight-diffs/weight-diff-057.pt,2,0.015,0,0.015
diff-interpretation-tuning/loras/rank-generalization/qwen3-4b-rank-004/weight-diffs/weight-diff-058.pt,2,0.016,0,0.016
diff-interpretation-tuning/loras/rank-generalization/qwen3-4b-rank-004/weight-diffs/weight-diff-059.pt,2,0.015,0,0.015
diff-interpretation-tuning/loras/rank-generalization/qwen3-4b-rank-004/weight-diffs/weight-diff-060.pt,2,0.016,0,0.016
diff-interpretation-tuning/loras/rank-generalization/qwen3-4b-rank-004/weight-diffs/weight-diff-061.pt,2,0.015,0,0.015
diff-interpretation-tuning/loras/rank-generalization/qwen3-4b-rank-004/weight-diffs/weight-diff-064.pt,2,0.115,0,0.115
diff-interpretation-tuning/loras/rank-generalization/qwen3-4b-rank-004/weight-diffs/weight-diff-065.pt,2,0.016,0,0.016
diff-interpretation-tuning/loras/rank-generalization/qwen3-4b-rank-004/weight-diffs/weight-diff-066.pt,2,0.016,0,0.016
diff-interpretation-tuning/loras/rank-generalization/qwen3-4b-rank-004/weight-diffs/weight-diff-067.pt,2,0.014,0,0.014
diff-interpretation-tuning/loras/rank-generalization/qwen3-4b-rank-004/weight-diffs/weight-diff-068.pt,2,0.015,0,0.015
diff-interpretation-tuning/loras/rank-generalization/qwen3-4b-rank-004/weight-diffs/weight-diff-069.pt,2,0.015,0,0.015
diff-interpretation-tuning/loras/rank-generalization/qwen3-4b-rank-004/weight-diffs/weight-diff-070.pt,2,0.015,0,0.015
diff-interpretation-tuning/loras/rank-generalization/qwen3-4b-rank-004/weight-diffs/weight-diff-071.pt,2,0.014,0,0.014
diff-interpretation-tuning/loras/rank-generalization/qwen3-4b-rank-004/weight-diffs/weight-diff-072.pt,2,0.015,0,0.015
diff-interpretation-tuning/loras/rank-generalization/qwen3-4b-rank-004/weight-diffs/weight-diff-073.pt,2,0.014,0,0.014
diff-interpretation-tuning/loras/rank-generalization/qwen3-4b-rank-004/weight-diffs/weight-diff-074.pt,2,0.015,0,0.015
diff-interpretation-tuning/loras/rank-generalization/qwen3-4b-rank-004/weight-diffs/weight-diff-075.pt,2,0.015,0,0.015
diff-interpretation-tuning/loras/rank-generalization/qwen3-4b-rank-004/weight-diffs/weight-diff-076.pt,2,0.015,0,0.015
diff-interpretation-tuning/loras/rank-generalization/qwen3-4b-rank-004/weight-diffs/weight-diff-077.pt,2,0.015,0,0.015
diff-interpretation-tuning/loras/rank-generalization/qwen3-4b-rank-004/weight-diffs/weight-diff-078.pt,2,0.015,0,0.015
diff-interpretation-tuning/loras/rank-generalization/qwen3-4b-rank-004/weight-diffs/weight-diff-079.pt,2,0.015,0,0.015
diff-interpretation-tuning/loras/rank-generalization/qwen3-4b-rank-004/weight-diffs/weight-diff-080.pt,2,0.014,0,0.014
diff-interpretation-tuning/loras/rank-generalization/qwen3-4b-rank-004/weight-diffs/weight-diff-081.pt,2,0.016,0,0.016
diff-interpretation-tuning/loras/rank-generalization/qwen3-4b-rank-004/weight-diffs/weight-diff-082.pt,2,0.018,0,0.018
diff-interpretation-tuning/loras/rank-generalization/qwen3-4b-rank-004/weight-diffs/weight-diff-083.pt,2,0.014,0,0.014
diff-interpretation-tuning/loras/rank-generalization/qwen3-4b-rank-004/weight-diffs/weight-diff-084.pt,2,0.015,0,0.015
diff-interpretation-tuning/loras/rank-generalization/qwen3-4b-rank-004/weight-diffs/weight-diff-085.pt,2,0.014,0,0.014
diff-interpretation-tuning/loras/rank-generalization/qwen3-4b-rank-004/weight-diffs/weight-diff-086.pt,2,0.015,0,0.015
diff-interpretation-tuning/loras/rank-generalization/qwen3-4b-rank-004/weight-diffs/weight-diff-087.pt,2,0.014,0,0.014
diff-interpretation-tuning/loras/rank-generalization/qwen3-4b-rank-004/weight-diffs/weight-diff-088.pt,2,0.015,0,0.015
diff-interpretation-tuning/loras/rank-generalization/qwen3-4b-rank-004/weight-diffs/weight-diff-089.pt,2,0.014,0,0.014
diff-interpretation-tuning/loras/rank-generalization/qwen3-4b-rank-004/weight-diffs/weight-diff-090.pt,2,0.016,0,0.016
diff-interpretation-tuning/loras/rank-generalization/qwen3-4b-rank-004/weight-diffs/weight-diff-091.pt,2,0.015,0,0.015
diff-interpretation-tuning/loras/rank-generalization/qwen3-4b-rank-004/weight-diffs/weight-diff-092.pt,2,0.016,0,0.016
diff-interpretation-tuning/loras/rank-generalization/qwen3-4b-rank-004/weight-diffs/weight-diff-093.pt,2,0.014,0,0.014
diff-interpretation-tuning/loras/rank-generalization/qwen3-4b-rank-004/weight-diffs/weight-diff-094.pt,2,0.015,0,0.015
diff-interpretation-tuning/loras/rank-generalization/qwen3-4b-rank-004/weight-diffs/weight-diff-095.pt,2,0.015,0,0.015
diff-interpretation-tuning/loras/rank-generalization/qwen3-4b-rank-004/weight-diffs/weight-diff-096.pt,2,0.015,0,0.015
diff-interpretation-tuning/loras/rank-generalization/qwen3-4b-rank-004/weight-diffs/weight-diff-097.pt,2,0.015,0,0.015
diff-interpretation-tuning/loras/rank-generalization/qwen3-4b-rank-004/weight-diffs/weight-diff-098.pt,2,0.014,0,0.014
diff-interpretation-tuning/loras/rank-generalization/qwen3-4b-rank-004/weight-diffs/weight-diff-099.pt,2,0.015,0,0.015
diff-interpretation-tuning/loras/rank-generalization/qwen3-4b-rank-008/weight-diffs/weight-diff-038.pt,2,0.016,0,0.016
diff-interpretation-tuning/loras/rank-generalization/qwen3-4b-rank-008/weight-diffs/weight-diff-041.pt,2,0.015,0,0.015
diff-interpretation-tuning/loras/rank-generalization/qwen3-4b-rank-008/weight-diffs/weight-diff-050.pt,2,0.015,0,0.015
diff-interpretation-tuning/loras/rank-generalization/qwen3-4b-rank-008/weight-diffs/weight-diff-053.pt,2,0.014,0,0.014
diff-interpretation-tuning/loras/rank-generalization/qwen3-4b-rank-008/weight-diffs/weight-diff-062.pt,2,0.015,0,0.015
diff-interpretation-tuning/loras/rank-generalization/qwen3-4b-rank-008/weight-diffs/weight-diff-077.pt,2,0.014,0,0.014
diff-interpretation-tuning/loras/rank-generalization/qwen3-4b-rank-008/weight-diffs/weight-diff-083.pt,2,0.015,0,0.015
diff-interpretation-tuning/loras/rank-generalization/qwen3-4b-rank-008/weight-diffs/weight-diff-087.pt,2,0.015,0,0.015
diff-interpretation-tuning/loras/rank-generalization/qwen3-4b-rank-008/weight-diffs/weight-diff-092.pt,2,0.015,0,0.015
diff-interpretation-tuning/loras/rank-generalization/qwen3-4b-rank-008/weight-diffs/weight-diff-095.pt,2,0.014,0,0.014
diff-interpretation-tuning/loras/rank-generalization/qwen3-4b-rank-064/weight-diffs/weight-diff-039.pt,2,0.015,0,0.015
diff-interpretation-tuning/loras/rank-generalization/qwen3-4b-rank-064/weight-diffs/weight-diff-064.pt,2,0.015,0,0.015
diff-interpretation-tuning/loras/rank-generalization/qwen3-4b-rank-064/weight-diffs/weight-diff-065.pt,2,0.014,0,0.014
diff-interpretation-tuning/loras/rank-generalization/qwen3-4b-rank-064/weight-diffs/weight-diff-066.pt,2,0.014,0,0.014
diff-interpretation-tuning/loras/rank-generalization/qwen3-4b-rank-064/weight-diffs/weight-diff-067.pt,2,0.015,0,0.015
diff-interpretation-tuning/loras/rank-generalization/qwen3-4b-rank-064/weight-diffs/weight-diff-068.pt,2,0.015,0,0.015
diff-interpretation-tuning/loras/rank-generalization/qwen3-4b-rank-064/weight-diffs/weight-diff-069.pt,2,0.016,0,0.016
diff-interpretation-tuning/loras/rank-generalization/qwen3-4b-rank-064/weight-diffs/weight-diff-070.pt,2,0.014,0,0.014
diff-interpretation-tuning/loras/rank-generalization/qwen3-4b-rank-064/weight-diffs/weight-diff-071.pt,2,0.014,0,0.014
diff-interpretation-tuning/loras/rank-generalization/qwen3-4b-rank-064/weight-diffs/weight-diff-077.pt,2,0.014,0,0.014
diff-interpretation-tuning/loras/rank-generalization/qwen3-4b-rank-064/weight-diffs/weight-diff-078.pt,2,0.015,0,0.015
diff-interpretation-tuning/loras/trigger-generalization/qwen3-4b-zero-width-random/weight-diffs/weight-diff-001.pt,2,0.132,0,0.132
Saidakbar01/whisper-uz-finetuned/training_args.bin,2,0.008,18.112,18.12
nvidia/nemotron-speech-streaming-en-0.6b/nemotron-speech-streaming-en-0.6b.nemo,2,2.551,0,2.551
nvidia/diar_streaming_sortformer_4spk-v2.1/diar_streaming_sortformer_4spk-v2.1.nemo,2,0.6,0,0.6
nvidia/parakeet-tdt-0.6b-v3/parakeet-tdt-0.6b-v3.nemo,2,2.559,0,2.559
nvidia/canary-1b-v2/canary-1b-v2.nemo,2,6.446,0,6.446
optimum-intel-internal-testing/tiny-random-CodeGenForCausalLM/pytorch_model.bin,2,0.014,0,0.014
optimum-intel-internal-testing/tiny-random-GPTNeoXForCausalLM/pytorch_model.bin,2,0.007,0,0.007
facebook/sam3.1/sam3.1_multiplex.pt,2,0.035,0,0.035
optimum-intel-internal-testing/tiny-random-Data2VecAudioModel/pytorch_model.bin,2,0.007,0,0.007
timm/convnext_base.dinov3_lvd1689m/pytorch_model.bin,2,0.014,0,0.014
fancyfeast/bigaspv2-5/training-checkpoints/test_215/ep10-ba35889-rank0_stripped.pt,2,0.066,60.324,60.39
fancyfeast/bigaspv2-5/training-checkpoints/test_215/ep2-ba8301-rank0_stripped.pt,2,0.064,58.176,58.24
fancyfeast/bigaspv2-5/training-checkpoints/test_215/ep2-ba8790-rank0_stripped.pt,2,0.063,57.894,57.957
fancyfeast/bigaspv2-5/training-checkpoints/test_215/ep5-ba18067-rank0_stripped.pt,2,0.071,55.008,55.079
fancyfeast/bigaspv2-5/training-checkpoints/test_215/ep6-ba20020-rank0.pt,2,0.152,2.644,2.796
OpenMed/OpenMed-ZeroShot-NER-Anatomy-Medium-209M/pytorch_model.bin,2,0.014,0,0.014
nm-testing/qwen3-8b-peagle-speculators/optimizer_state_dict.pt,2,0.009,0,0.009
nm-testing/qwen3-8b-peagle-speculators/snapshots/48caff875fa217da907d9a4d2468e3a9f5d1ae0e/optimizer_state_dict.pt,2,0.009,0,0.009
OpenMed/OpenMed-ZeroShot-NER-Pharma-Multi-209M/pytorch_model.bin,2,0.01,0,0.01
OpenMed/OpenMed-ZeroShot-NER-Pharma-Tiny-60M/pytorch_model.bin,2,0.007,0,0.007
optimum-intel-internal-testing/tiny-random-LevitModel/pytorch_model.bin,2,0.01,0,0.01
ayushgupta7777/safetyvision-yolov8/best.pt,2,0.132,24.648,24.78
OpenMed/OpenMed-ZeroShot-NER-BloodCancer-Medium-209M/pytorch_model.bin,2,0.012,0,0.012
OpenMed/OpenMed-ZeroShot-NER-Species-Tiny-60M/pytorch_model.bin,2,0.008,0,0.008
pyannoteAI/parakeet-tdt-0.6b-v3/parakeet-tdt-0.6b-v3.nemo,2,2.557,0,2.557
timm/vit_small_patch16_dinov3_qkvb.lvd1689m/pytorch_model.bin,2,0.011,0,0.011
nvidia/nemo-nano-codec-22khz-1.89kbps-21.5fps/nemo-nano-codec-22khz-1.89kbps-21.5fps.nemo,2,0.46,0,0.46
OpenMed/OpenMed-ZeroShot-NER-Pathology-XLarge-770M/pytorch_model.bin,2,0.013,0,0.013
OpenMed/OpenMed-ZeroShot-NER-Species-Multi-209M/pytorch_model.bin,2,0.01,0,0.01
allenai/OlmoEarth-v1-Large/weights.pth,2,0.003,0,0.003
nvidia/C-RADIOv4-H/c-radio_v4-h_half.pth.tar,2,0.016,12.655,12.671
arda-argmax/sortformer-finetuned/4spk-v0.3-bs1-acc8-l4-diskcache-shardedval-v1-1778065009/best.nemo,2,0.505,0,0.505
arda-argmax/sortformer-finetuned/6spk-ami-sdm-debug-bs10-a100-80gb-1gpu-v1-1781805281/best.nemo,2,0.51,0,0.51
arda-argmax/sortformer-finetuned/6spk-ami-sdm-debug-bs10-a100-80gb-1gpu-v1-1781805281/checkpoints/step_130_epoch_1_val-der_0.1837.nemo,2,0.503,0,0.503
arda-argmax/sortformer-finetuned/6spk-ami-sdm-debug-bs10-a100-80gb-1gpu-v1-1781805281/checkpoints/step_210_epoch_2_val-der_0.1709.nemo,2,0.504,0,0.504
arda-argmax/sortformer-finetuned/6spk-ami-sdm-debug-bs10-a100-80gb-1gpu-v1-1781805281/checkpoints/step_50_epoch_0_val-der_0.3708.nemo,2,0.509,0,0.509
arda-argmax/sortformer-finetuned/6spk-ami-sdm-flac-debug-bs10-a100-80gb-1gpu-v1-1781828240/best.nemo,2,0.504,0,0.504
arda-argmax/sortformer-finetuned/6spk-ami-sdm-flac-debug-bs10-a100-80gb-1gpu-v1-1781828240/checkpoints/step_130_epoch_1_val-der_0.1841.nemo,2,0.503,0,0.503
arda-argmax/sortformer-finetuned/6spk-ami-sdm-flac-debug-bs10-a100-80gb-1gpu-v1-1781828240/checkpoints/step_210_epoch_2_val-der_0.1806.nemo,2,0.507,0,0.507
arda-argmax/sortformer-finetuned/6spk-ami-sdm-flac-debug-bs10-a100-80gb-1gpu-v1-1781828240/checkpoints/step_50_epoch_0_val-der_0.3563.nemo,2,0.503,0,0.503
arda-argmax/sortformer-finetuned/6spk-debug-prepared-shar-worldfix-1780478585/best.nemo,2,0.504,0,0.504
arda-argmax/sortformer-finetuned/6spk-debug-prepared-shar-worldfix-1780478585/checkpoints/step_2_epoch_0_val-der_1.3011.nemo,2,0.508,0,0.508
arda-argmax/sortformer-finetuned/6spk-debug-prepared-shar-worldfix-1780478585/checkpoints/step_4_epoch_1_val-der_1.1216.nemo,2,0.503,0,0.503
arda-argmax/sortformer-finetuned/6spk-fullrandom-bs10-ga8-a100-80gb-1gpu-lr1e-4-lr-v1-1781045285/best.nemo,2,0.503,0,0.503
arda-argmax/sortformer-finetuned/6spk-fullrandom-bs10-ga8-a100-80gb-1gpu-lr1e-4-lr-v1-1781045285/checkpoints/step_6_epoch_0_val-der_1.0000.nemo,2,0.507,0,0.507
arda-argmax/sortformer-finetuned/6spk-v0.3-bs1-acc8-l4-diskcache-shardedval-v1-1778010364/best.nemo,2,0.503,0,0.503
arda-argmax/sortformer-finetuned/6spk-v0.4-ami-bs1-acc8-l4-diskcache-shardedval-v1-1778218672/best.nemo,2,0.503,0,0.503
arda-argmax/sortformer-finetuned/6spk-v0.4-ami-bs1-acc8-l4-diskcache-shardedval-v1-1778218672/checkpoints/step_1080_epoch_2_val-der_0.1535.nemo,2,0.508,0,0.508
arda-argmax/sortformer-finetuned/6spk-v0.4-ami-bs1-acc8-l4-diskcache-shardedval-v1-1778218672/checkpoints/step_1170_epoch_2_val-der_0.1446.nemo,2,0.503,0,0.503
arda-argmax/sortformer-finetuned/6spk-v0.4-ami-bs1-acc8-l4-diskcache-shardedval-v1-1778218672/checkpoints/step_1350_epoch_2_val-der_0.1436.nemo,2,0.504,0,0.504
arda-argmax/sortformer-finetuned/6spk-v0.4-ami-bs1-acc8-l4-diskcache-shardedval-v1-1778218672/checkpoints/step_1440_epoch_3_val-der_0.1423.nemo,2,0.507,0,0.507
arda-argmax/sortformer-finetuned/6spk-v0.4-ami-bs1-acc8-l4-diskcache-shardedval-v1-1778218672/checkpoints/step_1530_epoch_3_val-der_0.1397.nemo,2,0.506,0,0.506
arda-argmax/sortformer-finetuned/6spk-v0.4-ami-bs1-acc8-l4-diskcache-shardedval-v1-1778218672/checkpoints/step_1620_epoch_3_val-der_0.1388.nemo,2,0.502,0,0.502
arda-argmax/sortformer-finetuned/6spk-v0.4-ami-bs1-acc8-l4-diskcache-shardedval-v1-1778218672/checkpoints/step_1710_epoch_3_val-der_0.1382.nemo,2,0.506,0,0.506
arda-argmax/sortformer-finetuned/6spk-v0.4-ami-bs1-acc8-l4-diskcache-shardedval-v1-1778218672/checkpoints/step_180_epoch_0_val-der_0.2089.nemo,2,0.608,0,0.608
arda-argmax/sortformer-finetuned/6spk-v0.4-ami-bs1-acc8-l4-diskcache-shardedval-v1-1778218672/checkpoints/step_1980_epoch_4_val-der_0.1346.nemo,2,0.504,0,0.504
arda-argmax/sortformer-finetuned/6spk-v0.4-ami-bs1-acc8-l4-diskcache-shardedval-v1-1778218672/checkpoints/step_2430_epoch_5_val-der_0.1340.nemo,2,0.508,0,0.508
arda-argmax/sortformer-finetuned/6spk-v0.4-ami-bs1-acc8-l4-diskcache-shardedval-v1-1778218672/checkpoints/step_2520_epoch_5_val-der_0.1338.nemo,2,0.503,0,0.503
arda-argmax/sortformer-finetuned/6spk-v0.4-ami-bs1-acc8-l4-diskcache-shardedval-v1-1778218672/checkpoints/step_2700_epoch_5_val-der_0.1335.nemo,2,0.503,0,0.503
arda-argmax/sortformer-finetuned/6spk-v0.4-ami-bs1-acc8-l4-diskcache-shardedval-v1-1778218672/checkpoints/step_270_epoch_0_val-der_0.2001.nemo,2,0.509,0,0.509
arda-argmax/sortformer-finetuned/6spk-v0.4-ami-bs1-acc8-l4-diskcache-shardedval-v1-1778218672/checkpoints/step_3060_epoch_6_val-der_0.1302.nemo,2,0.504,0,0.504
arda-argmax/sortformer-finetuned/6spk-v0.4-ami-bs1-acc8-l4-diskcache-shardedval-v1-1778218672/checkpoints/step_360_epoch_0_val-der_0.1928.nemo,2,0.502,0,0.502
arda-argmax/sortformer-finetuned/6spk-v0.4-ami-bs1-acc8-l4-diskcache-shardedval-v1-1778218672/checkpoints/step_3870_epoch_8_val-der_0.1289.nemo,2,0.51,0,0.51
arda-argmax/sortformer-finetuned/6spk-v0.4-ami-bs1-acc8-l4-diskcache-shardedval-v1-1778218672/checkpoints/step_3960_epoch_8_val-der_0.1285.nemo,2,0.503,0,0.503
arda-argmax/sortformer-finetuned/6spk-v0.4-ami-bs1-acc8-l4-diskcache-shardedval-v1-1778218672/checkpoints/step_4140_epoch_9_val-der_0.1280.nemo,2,0.502,0,0.502
arda-argmax/sortformer-finetuned/6spk-v0.4-ami-bs1-acc8-l4-diskcache-shardedval-v1-1778218672/checkpoints/step_450_epoch_0_val-der_0.1911.nemo,2,0.507,0,0.507
arda-argmax/sortformer-finetuned/6spk-v0.4-ami-bs1-acc8-l4-diskcache-shardedval-v1-1778218672/checkpoints/step_540_epoch_1_val-der_0.1894.nemo,2,0.502,0,0.502
arda-argmax/sortformer-finetuned/6spk-v0.4-ami-bs1-acc8-l4-diskcache-shardedval-v1-1778218672/checkpoints/step_630_epoch_1_val-der_0.1871.nemo,2,0.504,0,0.504
arda-argmax/sortformer-finetuned/6spk-v0.4-ami-bs1-acc8-l4-diskcache-shardedval-v1-1778218672/checkpoints/step_720_epoch_1_val-der_0.1813.nemo,2,0.507,0,0.507
arda-argmax/sortformer-finetuned/6spk-v0.4-ami-bs1-acc8-l4-diskcache-shardedval-v1-1778218672/checkpoints/step_900_epoch_1_val-der_0.1706.nemo,2,0.504,0,0.504
arda-argmax/sortformer-finetuned/6spk-v0.4-ami-bs1-acc8-l4-diskcache-shardedval-v1-1778218672/checkpoints/step_90_epoch_0_val-der_0.3542.nemo,2,0.502,0,0.502
arda-argmax/sortformer-finetuned/6spk-v0.4-ami-bs1-acc8-l4-diskcache-shardedval-v1-1778218672/checkpoints/step_990_epoch_2_val-der_0.1561.nemo,2,0.508,0,0.508
arda-argmax/sortformer-finetuned/6spk-v0.4-librispeech-ami-bs1-acc8-l4-diskcache-shardedval-v3-1778228622/best.nemo,2,0.503,0,0.503
arda-argmax/sortformer-finetuned/6spk-v0.4-librispeech-ami-bs1-acc8-l4-diskcache-shardedval-v3-1778228622/checkpoints/step_1440_epoch_1_val-der_0.2048.nemo,2,0.502,0,0.502
arda-argmax/sortformer-finetuned/6spk-v0.4-librispeech-ami-bs1-acc8-l4-diskcache-shardedval-v3-1778228622/checkpoints/step_1530_epoch_1_val-der_0.2042.nemo,2,0.503,0,0.503
arda-argmax/sortformer-finetuned/6spk-v0.4-librispeech-ami-bs1-acc8-l4-diskcache-shardedval-v3-1778228622/checkpoints/step_1620_epoch_1_val-der_0.2035.nemo,2,0.501,0,0.501
arda-argmax/sortformer-finetuned/6spk-v0.4-librispeech-ami-bs1-acc8-l4-diskcache-shardedval-v3-1778228622/checkpoints/step_180_epoch_0_val-der_0.2159.nemo,2,0.501,0,0.501
arda-argmax/sortformer-finetuned/6spk-v0.4-librispeech-ami-bs1-acc8-l4-diskcache-shardedval-v3-1778228622/checkpoints/step_270_epoch_0_val-der_0.2146.nemo,2,0.507,0,0.507
arda-argmax/sortformer-finetuned/6spk-v0.4-librispeech-ami-bs1-acc8-l4-diskcache-shardedval-v3-1778228622/checkpoints/step_360_epoch_0_val-der_0.2138.nemo,2,0.503,0,0.503
arda-argmax/sortformer-finetuned/6spk-v0.4-librispeech-ami-bs1-acc8-l4-diskcache-shardedval-v3-1778228622/checkpoints/step_450_epoch_0_val-der_0.2116.nemo,2,0.605,0,0.605
arda-argmax/sortformer-finetuned/6spk-v0.4-librispeech-ami-bs1-acc8-l4-diskcache-shardedval-v3-1778228622/checkpoints/step_630_epoch_0_val-der_0.2103.nemo,2,0.508,0,0.508
arda-argmax/sortformer-finetuned/6spk-v0.4-librispeech-ami-bs1-acc8-l4-diskcache-shardedval-v3-1778228622/checkpoints/step_810_epoch_0_val-der_0.2059.nemo,2,0.505,0,0.505
arda-argmax/sortformer-finetuned/6spk-v0.4-librispeech-ami-bs1-acc8-l4-diskcache-shardedval-v3-1778228622/checkpoints/step_90_epoch_0_val-der_0.2223.nemo,2,0.502,0,0.502
arda-argmax/sortformer-finetuned/6spk-v0.4-librispeech-ami-bs1-acc8-l4-diskcache-shardedval-v5-1778286481/best.nemo,2,0.506,0,0.506
arda-argmax/sortformer-finetuned/6spk-v0.4-librispeech-ami-bs1-acc8-l4-diskcache-shardedval-v5-1778286481/checkpoints/step_1080_epoch_1_val-der_0.1398.nemo,2,0.504,0,0.504
arda-argmax/sortformer-finetuned/6spk-v0.4-librispeech-ami-bs1-acc8-l4-diskcache-shardedval-v5-1778286481/checkpoints/step_1260_epoch_1_val-der_0.1390.nemo,2,0.504,0,0.504
arda-argmax/sortformer-finetuned/6spk-v0.4-librispeech-ami-bs1-acc8-l4-diskcache-shardedval-v5-1778286481/checkpoints/step_1350_epoch_1_val-der_0.1374.nemo,2,0.509,0,0.509
arda-argmax/sortformer-finetuned/6spk-v0.4-librispeech-ami-bs1-acc8-l4-diskcache-shardedval-v5-1778286481/checkpoints/step_1440_epoch_1_val-der_0.1353.nemo,2,0.505,0,0.505
arda-argmax/sortformer-finetuned/6spk-v0.4-librispeech-ami-bs1-acc8-l4-diskcache-shardedval-v5-1778286481/checkpoints/step_1530_epoch_1_val-der_0.1346.nemo,2,0.505,0,0.505
arda-argmax/sortformer-finetuned/6spk-v0.4-librispeech-ami-bs1-acc8-l4-diskcache-shardedval-v5-1778286481/checkpoints/step_1710_epoch_1_val-der_0.1343.nemo,2,0.509,0,0.509
arda-argmax/sortformer-finetuned/6spk-v0.4-librispeech-ami-bs1-acc8-l4-diskcache-shardedval-v5-1778286481/checkpoints/step_1800_epoch_1_val-der_0.1334.nemo,2,0.502,0,0.502
arda-argmax/sortformer-finetuned/6spk-v0.4-librispeech-ami-bs1-acc8-l4-diskcache-shardedval-v5-1778286481/checkpoints/step_180_epoch_0_val-der_0.2056.nemo,2,0.504,0,0.504
arda-argmax/sortformer-finetuned/6spk-v0.4-librispeech-ami-bs1-acc8-l4-diskcache-shardedval-v5-1778286481/checkpoints/step_2070_epoch_2_val-der_0.1327.nemo,2,0.507,0,0.507
arda-argmax/sortformer-finetuned/6spk-v0.4-librispeech-ami-bs1-acc8-l4-diskcache-shardedval-v5-1778286481/checkpoints/step_2160_epoch_2_val-der_0.1317.nemo,2,0.504,0,0.504
arda-argmax/sortformer-finetuned/6spk-v0.4-librispeech-ami-bs1-acc8-l4-diskcache-shardedval-v5-1778286481/checkpoints/step_2250_epoch_2_val-der_0.1302.nemo,2,0.503,0,0.503
arda-argmax/sortformer-finetuned/6spk-v0.4-librispeech-ami-bs1-acc8-l4-diskcache-shardedval-v5-1778286481/checkpoints/step_2520_epoch_2_val-der_0.1283.nemo,2,0.509,0,0.509
arda-argmax/sortformer-finetuned/6spk-v0.4-librispeech-ami-bs1-acc8-l4-diskcache-shardedval-v5-1778286481/checkpoints/step_270_epoch_0_val-der_0.1998.nemo,2,0.504,0,0.504
arda-argmax/sortformer-finetuned/6spk-v0.4-librispeech-ami-bs1-acc8-l4-diskcache-shardedval-v5-1778286481/checkpoints/step_2880_epoch_3_val-der_0.1271.nemo,2,0.504,0,0.504
arda-argmax/sortformer-finetuned/6spk-v0.4-librispeech-ami-bs1-acc8-l4-diskcache-shardedval-v5-1778286481/checkpoints/step_3060_epoch_3_val-der_0.1269.nemo,2,0.508,0,0.508
arda-argmax/sortformer-finetuned/6spk-v0.4-librispeech-ami-bs1-acc8-l4-diskcache-shardedval-v5-1778286481/checkpoints/step_3240_epoch_3_val-der_0.1268.nemo,2,0.504,0,0.504
arda-argmax/sortformer-finetuned/6spk-v0.4-librispeech-ami-bs1-acc8-l4-diskcache-shardedval-v5-1778286481/checkpoints/step_3330_epoch_3_val-der_0.1266.nemo,2,0.505,0,0.505
arda-argmax/sortformer-finetuned/6spk-v0.4-librispeech-ami-bs1-acc8-l4-diskcache-shardedval-v5-1778286481/checkpoints/step_3420_epoch_3_val-der_0.1252.nemo,2,0.509,0,0.509
arda-argmax/sortformer-finetuned/6spk-v0.4-librispeech-ami-bs1-acc8-l4-diskcache-shardedval-v5-1778286481/checkpoints/step_360_epoch_0_val-der_0.1911.nemo,2,0.503,0,0.503
arda-argmax/sortformer-finetuned/6spk-v0.4-librispeech-ami-bs1-acc8-l4-diskcache-shardedval-v5-1778286481/checkpoints/step_4050_epoch_4_val-der_0.1241.nemo,2,0.504,0,0.504
arda-argmax/sortformer-finetuned/6spk-v0.4-librispeech-ami-bs1-acc8-l4-diskcache-shardedval-v5-1778286481/checkpoints/step_4410_epoch_4_val-der_0.1238.nemo,2,0.608,0,0.608
arda-argmax/sortformer-finetuned/6spk-v0.4-librispeech-ami-bs1-acc8-l4-diskcache-shardedval-v5-1778286481/checkpoints/step_450_epoch_0_val-der_0.1895.nemo,2,0.505,0,0.505
arda-argmax/sortformer-finetuned/6spk-v0.4-librispeech-ami-bs1-acc8-l4-diskcache-shardedval-v5-1778286481/checkpoints/step_4770_epoch_5_val-der_0.1237.nemo,2,0.504,0,0.504
arda-argmax/sortformer-finetuned/6spk-v0.4-librispeech-ami-bs1-acc8-l4-diskcache-shardedval-v5-1778286481/checkpoints/step_4950_epoch_5_val-der_0.1219.nemo,2,0.507,0,0.507
arda-argmax/sortformer-finetuned/6spk-v0.4-librispeech-ami-bs1-acc8-l4-diskcache-shardedval-v5-1778286481/checkpoints/step_540_epoch_0_val-der_0.1872.nemo,2,0.504,0,0.504
arda-argmax/sortformer-finetuned/6spk-v0.4-librispeech-ami-bs1-acc8-l4-diskcache-shardedval-v5-1778286481/checkpoints/step_5940_epoch_6_val-der_0.1207.nemo,2,0.503,0,0.503
arda-argmax/sortformer-finetuned/6spk-v0.4-librispeech-ami-bs1-acc8-l4-diskcache-shardedval-v5-1778286481/checkpoints/step_630_epoch_0_val-der_0.1612.nemo,2,0.507,0,0.507
arda-argmax/sortformer-finetuned/6spk-v0.4-librispeech-ami-bs1-acc8-l4-diskcache-shardedval-v5-1778286481/checkpoints/step_6390_epoch_7_val-der_0.1200.nemo,2,0.512,0,0.512
arda-argmax/sortformer-finetuned/6spk-v0.4-librispeech-ami-bs1-acc8-l4-diskcache-shardedval-v5-1778286481/checkpoints/step_720_epoch_0_val-der_0.1542.nemo,2,0.504,0,0.504
arda-argmax/sortformer-finetuned/6spk-v0.4-librispeech-ami-bs1-acc8-l4-diskcache-shardedval-v5-1778286481/checkpoints/step_7290_epoch_8_val-der_0.1193.nemo,2,0.508,0,0.508
arda-argmax/sortformer-finetuned/6spk-v0.4-librispeech-ami-bs1-acc8-l4-diskcache-shardedval-v5-1778286481/checkpoints/step_7470_epoch_8_val-der_0.1188.nemo,2,0.502,0,0.502
arda-argmax/sortformer-finetuned/6spk-v0.4-librispeech-ami-bs1-acc8-l4-diskcache-shardedval-v5-1778286481/checkpoints/step_7560_epoch_8_val-der_0.1182.nemo,2,0.503,0,0.503
arda-argmax/sortformer-finetuned/6spk-v0.4-librispeech-ami-bs1-acc8-l4-diskcache-shardedval-v5-1778286481/checkpoints/step_810_epoch_0_val-der_0.1480.nemo,2,0.508,0,0.508
arda-argmax/sortformer-finetuned/6spk-v0.4-librispeech-ami-bs1-acc8-l4-diskcache-shardedval-v5-1778286481/checkpoints/step_900_epoch_0_val-der_0.1433.nemo,2,0.502,0,0.502
arda-argmax/sortformer-finetuned/6spk-v0.4-librispeech-ami-bs1-acc8-l4-diskcache-shardedval-v5-1778286481/checkpoints/step_90_epoch_0_val-der_0.2223.nemo,2,0.504,0,0.504
arda-argmax/sortformer-finetuned/6spk-v0.4-librispeech-ami-bs1-acc8-l4-diskcache-shardedval-v5-1778286481/checkpoints/step_990_epoch_1_val-der_0.1429.nemo,2,0.508,0,0.508
arda-argmax/sortformer-finetuned/6spk-v0.4-librispeech-bs1-acc8-l4-diskcache-shardedval-v1-1778198761/best.nemo,2,0.502,0,0.502
arda-argmax/sortformer-finetuned/6spk-v0.4-librispeech-bs1-acc8-l4-diskcache-shardedval-v1-1778198761/checkpoints/step_1080_epoch_2_val-der_0.1069.nemo,2,0.503,0,0.503
arda-argmax/sortformer-finetuned/6spk-v0.4-librispeech-bs1-acc8-l4-diskcache-shardedval-v1-1778198761/checkpoints/step_1170_epoch_2_val-der_0.1058.nemo,2,0.505,0,0.505
arda-argmax/sortformer-finetuned/6spk-v0.4-librispeech-bs1-acc8-l4-diskcache-shardedval-v1-1778198761/checkpoints/step_1260_epoch_2_val-der_0.1043.nemo,2,0.504,0,0.504
arda-argmax/sortformer-finetuned/6spk-v0.4-librispeech-bs1-acc8-l4-diskcache-shardedval-v1-1778198761/checkpoints/step_1710_epoch_3_val-der_0.1027.nemo,2,0.502,0,0.502
arda-argmax/sortformer-finetuned/6spk-v0.4-librispeech-bs1-acc8-l4-diskcache-shardedval-v1-1778198761/checkpoints/step_180_epoch_0_val-der_0.1670.nemo,2,0.507,0,0.507
arda-argmax/sortformer-finetuned/6spk-v0.4-librispeech-bs1-acc8-l4-diskcache-shardedval-v1-1778198761/checkpoints/step_2160_epoch_4_val-der_0.1016.nemo,2,0.503,0,0.503
arda-argmax/sortformer-finetuned/6spk-v0.4-librispeech-bs1-acc8-l4-diskcache-shardedval-v1-1778198761/checkpoints/step_2430_epoch_5_val-der_0.1014.nemo,2,0.501,0,0.501
arda-argmax/sortformer-finetuned/6spk-v0.4-librispeech-bs1-acc8-l4-diskcache-shardedval-v1-1778198761/checkpoints/step_2700_epoch_5_val-der_0.1002.nemo,2,0.507,0,0.507
arda-argmax/sortformer-finetuned/6spk-v0.4-librispeech-bs1-acc8-l4-diskcache-shardedval-v1-1778198761/checkpoints/step_270_epoch_0_val-der_0.1644.nemo,2,0.608,0,0.608
arda-argmax/sortformer-finetuned/6spk-v0.4-librispeech-bs1-acc8-l4-diskcache-shardedval-v1-1778198761/checkpoints/step_2880_epoch_6_val-der_0.0996.nemo,2,0.506,0,0.506
arda-argmax/sortformer-finetuned/6spk-v0.4-librispeech-bs1-acc8-l4-diskcache-shardedval-v1-1778198761/checkpoints/step_2970_epoch_6_val-der_0.0992.nemo,2,0.507,0,0.507
arda-argmax/sortformer-finetuned/6spk-v0.4-librispeech-bs1-acc8-l4-diskcache-shardedval-v1-1778198761/checkpoints/step_3150_epoch_6_val-der_0.0982.nemo,2,0.505,0,0.505
arda-argmax/sortformer-finetuned/6spk-v0.4-librispeech-bs1-acc8-l4-diskcache-shardedval-v1-1778198761/checkpoints/step_3600_epoch_7_val-der_0.0981.nemo,2,0.502,0,0.502
arda-argmax/sortformer-finetuned/6spk-v0.4-librispeech-bs1-acc8-l4-diskcache-shardedval-v1-1778198761/checkpoints/step_360_epoch_0_val-der_0.1619.nemo,2,0.504,0,0.504
arda-argmax/sortformer-finetuned/6spk-v0.4-librispeech-bs1-acc8-l4-diskcache-shardedval-v1-1778198761/checkpoints/step_3780_epoch_8_val-der_0.0976.nemo,2,0.503,0,0.503
arda-argmax/sortformer-finetuned/6spk-v0.4-librispeech-bs1-acc8-l4-diskcache-shardedval-v1-1778198761/checkpoints/step_4050_epoch_8_val-der_0.0964.nemo,2,0.505,0,0.505
arda-argmax/sortformer-finetuned/6spk-v0.4-librispeech-bs1-acc8-l4-diskcache-shardedval-v1-1778198761/checkpoints/step_4140_epoch_9_val-der_0.0958.nemo,2,0.508,0,0.508
arda-argmax/sortformer-finetuned/6spk-v0.4-librispeech-bs1-acc8-l4-diskcache-shardedval-v1-1778198761/checkpoints/step_4230_epoch_9_val-der_0.0915.nemo,2,0.503,0,0.503
arda-argmax/sortformer-finetuned/6spk-v0.4-librispeech-bs1-acc8-l4-diskcache-shardedval-v1-1778198761/checkpoints/step_4320_epoch_9_val-der_0.0872.nemo,2,0.504,0,0.504
arda-argmax/sortformer-finetuned/6spk-v0.4-librispeech-bs1-acc8-l4-diskcache-shardedval-v1-1778198761/checkpoints/step_4410_epoch_9_val-der_0.0843.nemo,2,0.511,0,0.511
arda-argmax/sortformer-finetuned/6spk-v0.4-librispeech-bs1-acc8-l4-diskcache-shardedval-v1-1778198761/checkpoints/step_450_epoch_0_val-der_0.1291.nemo,2,0.506,0,0.506
arda-argmax/sortformer-finetuned/6spk-v0.4-librispeech-bs1-acc8-l4-diskcache-shardedval-v1-1778198761/checkpoints/step_540_epoch_1_val-der_0.1151.nemo,2,0.504,0,0.504
arda-argmax/sortformer-finetuned/6spk-v0.4-librispeech-bs1-acc8-l4-diskcache-shardedval-v1-1778198761/checkpoints/step_720_epoch_1_val-der_0.1120.nemo,2,0.508,0,0.508
arda-argmax/sortformer-finetuned/6spk-v0.4-librispeech-bs1-acc8-l4-diskcache-shardedval-v1-1778198761/checkpoints/step_810_epoch_1_val-der_0.1082.nemo,2,0.506,0,0.506
arda-argmax/sortformer-finetuned/6spk-v0.4-librispeech-bs1-acc8-l4-diskcache-shardedval-v1-1778198761/checkpoints/step_90_epoch_0_val-der_0.1700.nemo,2,0.504,0,0.504
arda-argmax/sortformer-finetuned/6spk-v0.6-fastmss-prepared-shar-bs1-acc8-l4-worldfix-v1-1780479980/best.nemo,2,0.508,0,0.508
arda-argmax/sortformer-finetuned/6spk-v0.6-fastmss-prepared-shar-bs1-acc8-l4-worldfix-v1-1780479980/checkpoints/step_180_epoch_0_val-der_0.2104.nemo,2,0.503,0,0.503
arda-argmax/sortformer-finetuned/6spk-v0.6-fastmss-prepared-shar-bs1-acc8-l4-worldfix-v1-1780479980/checkpoints/step_270_epoch_0_val-der_0.2067.nemo,2,0.504,0,0.504
arda-argmax/sortformer-finetuned/6spk-v0.6-fastmss-prepared-shar-bs1-acc8-l4-worldfix-v1-1780479980/checkpoints/step_360_epoch_0_val-der_0.1966.nemo,2,0.508,0,0.508
arda-argmax/sortformer-finetuned/6spk-v0.6-fastmss-prepared-shar-bs1-acc8-l4-worldfix-v1-1780479980/checkpoints/step_450_epoch_0_val-der_0.1530.nemo,2,0.503,0,0.503
arda-argmax/sortformer-finetuned/6spk-v0.6-fastmss-prepared-shar-bs1-acc8-l4-worldfix-v1-1780479980/checkpoints/step_540_epoch_0_val-der_0.1469.nemo,2,0.502,0,0.502
arda-argmax/sortformer-finetuned/6spk-v0.6-fastmss-prepared-shar-bs1-acc8-l4-worldfix-v1-1780479980/checkpoints/step_630_epoch_0_val-der_0.1446.nemo,2,0.507,0,0.507
arda-argmax/sortformer-finetuned/6spk-v0.6-fastmss-prepared-shar-bs1-acc8-l4-worldfix-v1-1780479980/checkpoints/step_900_epoch_0_val-der_0.1436.nemo,2,0.502,0,0.502
arda-argmax/sortformer-finetuned/6spk-v0.6-fastmss-prepared-shar-bs1-acc8-l4-worldfix-v1-1780479980/checkpoints/step_90_epoch_0_val-der_0.2187.nemo,2,0.504,0,0.504
arda-argmax/sortformer-finetuned/6spk-v0.6-fastmss-prepared-shar-bs1-acc8-l4-worldfix-v1-1780479980/checkpoints/step_990_epoch_1_val-der_0.1416.nemo,2,0.608,0,0.608
arda-argmax/sortformer-finetuned/6spk-v0.6-fastmss-prepared-shar-bs1-ga8-l4-8gpu-fullset-smoketest-v5-1780559280/best.nemo,2,0.503,0,0.503
arda-argmax/sortformer-finetuned/6spk-v0.6-fastmss-prepared-shar-bs1-ga8-l4-8gpu-fullset-smoketest-v5-1780559280/checkpoints/step_62_epoch_0_val-der_0.2269.nemo,2,0.501,0,0.501
arda-argmax/sortformer-finetuned/6spk-v0.6-fastmss-prepared-shar-bs10-a100-80gb-2gpu-debug-debug-v1-1780602245/best.nemo,2,0.507,0,0.507
arda-argmax/sortformer-finetuned/6spk-v0.6-fastmss-prepared-shar-bs10-a100-80gb-2gpu-debug-debug-v1-1780602245/checkpoints/step_100_epoch_0_val-der_0.2319.nemo,2,0.503,0,0.503
arda-argmax/sortformer-finetuned/6spk-v0.6-fastmss-prepared-shar-bs10-a100-80gb-2gpu-debug-debug-v1-1780602245/checkpoints/step_150_epoch_0_val-der_0.2183.nemo,2,0.503,0,0.503
arda-argmax/sortformer-finetuned/6spk-v0.6-fastmss-prepared-shar-bs10-a100-80gb-2gpu-debug-debug-v1-1780602245/checkpoints/step_250_epoch_1_val-der_0.2163.nemo,2,0.505,0,0.505
arda-argmax/sortformer-finetuned/6spk-v0.6-fastmss-prepared-shar-bs10-a100-80gb-2gpu-debug-debug-v1-1780602245/checkpoints/step_350_epoch_1_val-der_0.2109.nemo,2,0.503,0,0.503
arda-argmax/sortformer-finetuned/6spk-v0.6-fastmss-prepared-shar-bs10-a100-80gb-2gpu-debug-debug-v1-1780602245/checkpoints/step_400_epoch_1_val-der_0.2094.nemo,2,0.501,0,0.501
arda-argmax/sortformer-finetuned/6spk-v0.6-fastmss-prepared-shar-bs10-a100-80gb-2gpu-debug-debug-v1-1780602245/checkpoints/step_50_epoch_0_val-der_0.3624.nemo,2,0.508,0,0.508
arda-argmax/sortformer-finetuned/6spk-v0.6-fastmss-prepared-shar-bs10-a100-80gb-4gpu-debug-debug-v1-1780602382/best.nemo,2,0.503,0,0.503
arda-argmax/sortformer-finetuned/6spk-v0.6-fastmss-prepared-shar-bs10-a100-80gb-4gpu-debug-debug-v1-1780602382/checkpoints/step_100_epoch_0_val-der_0.2269.nemo,2,0.505,0,0.505
arda-argmax/sortformer-finetuned/6spk-v0.6-fastmss-prepared-shar-bs10-a100-80gb-4gpu-debug-debug-v1-1780602382/checkpoints/step_150_epoch_1_val-der_0.2196.nemo,2,0.507,0,0.507
arda-argmax/sortformer-finetuned/6spk-v0.6-fastmss-prepared-shar-bs10-a100-80gb-4gpu-debug-debug-v1-1780602382/checkpoints/step_200_epoch_1_val-der_0.2164.nemo,2,0.504,0,0.504
arda-argmax/sortformer-finetuned/6spk-v0.6-fastmss-prepared-shar-bs10-a100-80gb-4gpu-debug-debug-v1-1780602382/checkpoints/step_300_epoch_2_val-der_0.2103.nemo,2,0.503,0,0.503
arda-argmax/sortformer-finetuned/6spk-v0.6-fastmss-prepared-shar-bs10-a100-80gb-4gpu-debug-debug-v1-1780602382/checkpoints/step_50_epoch_0_val-der_0.3548.nemo,2,0.51,0,0.51
arda-argmax/sortformer-finetuned/6spk-v0.6-fastmss-prepared-shar-bs10-a100-80gb-4gpu-fullset-v11-1780998497/best.nemo,2,0.502,0,0.502
arda-argmax/sortformer-finetuned/6spk-v0.6-fastmss-prepared-shar-bs10-a100-80gb-4gpu-fullset-v11-1780998497/checkpoints/step_11235_epoch_0_val-der_0.0716.nemo,2,0.503,0,0.503
arda-argmax/sortformer-finetuned/6spk-v0.6-fastmss-prepared-shar-bs10-a100-80gb-4gpu-fullset-v11-1780998497/checkpoints/step_14980_epoch_0_val-der_0.0702.nemo,2,0.507,0,0.507
arda-argmax/sortformer-finetuned/6spk-v0.6-fastmss-prepared-shar-bs10-a100-80gb-4gpu-fullset-v11-1780998497/checkpoints/step_3745_epoch_0_val-der_0.0756.nemo,2,0.504,0,0.504
arda-argmax/sortformer-finetuned/6spk-v0.6-fastmss-prepared-shar-bs10-a100-80gb-4gpu-fullset-v11-1780998497/checkpoints/step_7490_epoch_0_val-der_0.0723.nemo,2,0.502,0,0.502
arda-argmax/sortformer-finetuned/6spk-v0.6-fastmss-prepared-shar-bs10-a100-80gb-8gpu-debug-debug-v1-1780604170/best.nemo,2,0.506,0,0.506
arda-argmax/sortformer-finetuned/6spk-v0.6-fastmss-prepared-shar-bs10-a100-80gb-8gpu-debug-debug-v1-1780604170/checkpoints/step_100_epoch_1_val-der_0.2204.nemo,2,0.503,0,0.503
arda-argmax/sortformer-finetuned/6spk-v0.6-fastmss-prepared-shar-bs10-a100-80gb-8gpu-debug-debug-v1-1780604170/checkpoints/step_150_epoch_2_val-der_0.2128.nemo,2,0.501,0,0.501
arda-argmax/sortformer-finetuned/6spk-v0.6-fastmss-prepared-shar-bs10-a100-80gb-8gpu-debug-debug-v1-1780604170/checkpoints/step_50_epoch_0_val-der_0.3458.nemo,2,0.506,0,0.506
arda-argmax/sortformer-finetuned/6spk-v0.6-fastmss-prepared-shar-bs10-a100-80gb-8gpu-fullset-v10-1780606582/best.nemo,2,0.609,0,0.609
arda-argmax/sortformer-finetuned/6spk-v0.6-fastmss-prepared-shar-bs10-a100-80gb-8gpu-fullset-v10-1780606582/checkpoints/step_11232_epoch_0_val-der_0.0901.nemo,2,0.503,0,0.503
arda-argmax/sortformer-finetuned/6spk-v0.6-fastmss-prepared-shar-bs10-a100-80gb-8gpu-fullset-v10-1780606582/checkpoints/step_13104_epoch_0_val-der_0.0887.nemo,2,0.506,0,0.506
arda-argmax/sortformer-finetuned/6spk-v0.6-fastmss-prepared-shar-bs10-a100-80gb-8gpu-fullset-v10-1780606582/checkpoints/step_14976_epoch_0_val-der_0.0879.nemo,2,0.504,0,0.504
arda-argmax/sortformer-finetuned/6spk-v0.6-fastmss-prepared-shar-bs10-a100-80gb-8gpu-fullset-v10-1780606582/checkpoints/step_16848_epoch_0_val-der_0.0865.nemo,2,0.505,0,0.505
arda-argmax/sortformer-finetuned/6spk-v0.6-fastmss-prepared-shar-bs10-a100-80gb-8gpu-fullset-v10-1780606582/checkpoints/step_18720_epoch_0_val-der_0.0854.nemo,2,0.508,0,0.508
arda-argmax/sortformer-finetuned/6spk-v0.6-fastmss-prepared-shar-bs10-a100-80gb-8gpu-fullset-v10-1780606582/checkpoints/step_1872_epoch_0_val-der_0.1109.nemo,2,0.504,0,0.504
arda-argmax/sortformer-finetuned/6spk-v0.6-fastmss-prepared-shar-bs10-a100-80gb-8gpu-fullset-v10-1780606582/checkpoints/step_20592_epoch_0_val-der_0.0846.nemo,2,0.504,0,0.504
arda-argmax/sortformer-finetuned/6spk-v0.6-fastmss-prepared-shar-bs10-a100-80gb-8gpu-fullset-v10-1780606582/checkpoints/step_22464_epoch_0_val-der_0.0840.nemo,2,0.507,0,0.507
arda-argmax/sortformer-finetuned/6spk-v0.6-fastmss-prepared-shar-bs10-a100-80gb-8gpu-fullset-v10-1780606582/checkpoints/step_24336_epoch_0_val-der_0.0838.nemo,2,0.504,0,0.504
arda-argmax/sortformer-finetuned/6spk-v0.6-fastmss-prepared-shar-bs10-a100-80gb-8gpu-fullset-v10-1780606582/checkpoints/step_26208_epoch_0_val-der_0.0828.nemo,2,0.504,0,0.504
arda-argmax/sortformer-finetuned/6spk-v0.6-fastmss-prepared-shar-bs10-a100-80gb-8gpu-fullset-v10-1780606582/checkpoints/step_28080_epoch_0_val-der_0.0815.nemo,2,0.502,0,0.502
arda-argmax/sortformer-finetuned/6spk-v0.6-fastmss-prepared-shar-bs10-a100-80gb-8gpu-fullset-v10-1780606582/checkpoints/step_31824_epoch_0_val-der_0.0807.nemo,2,0.501,0,0.501
arda-argmax/sortformer-finetuned/6spk-v0.6-fastmss-prepared-shar-bs10-a100-80gb-8gpu-fullset-v10-1780606582/checkpoints/step_35568_epoch_0_val-der_0.0804.nemo,2,0.505,0,0.505
arda-argmax/sortformer-finetuned/6spk-v0.6-fastmss-prepared-shar-bs10-a100-80gb-8gpu-fullset-v10-1780606582/checkpoints/step_37440_epoch_0_val-der_0.0797.nemo,2,0.503,0,0.503
arda-argmax/sortformer-finetuned/6spk-v0.6-fastmss-prepared-shar-bs10-a100-80gb-8gpu-fullset-v10-1780606582/checkpoints/step_3744_epoch_0_val-der_0.1021.nemo,2,0.503,0,0.503
arda-argmax/sortformer-finetuned/6spk-v0.6-fastmss-prepared-shar-bs10-a100-80gb-8gpu-fullset-v10-1780606582/checkpoints/step_5616_epoch_0_val-der_0.0964.nemo,2,0.512,0,0.512
arda-argmax/sortformer-finetuned/6spk-v0.6-fastmss-prepared-shar-bs10-a100-80gb-8gpu-fullset-v10-1780606582/checkpoints/step_7488_epoch_0_val-der_0.0941.nemo,2,0.503,0,0.503
arda-argmax/sortformer-finetuned/6spk-v0.6-fastmss-prepared-shar-bs10-a100-80gb-8gpu-fullset-v10-1780606582/checkpoints/step_9360_epoch_0_val-der_0.0917.nemo,2,0.504,0,0.504
arda-argmax/sortformer-finetuned/6spk-vox-ami-aishell-ali-bs10-ga2-a100-80gb-4gpu-5ep-v2-1782411519/best.nemo,2,0.505,0,0.505
arda-argmax/sortformer-finetuned/6spk-vox-ami-aishell-ali-bs10-ga2-a100-80gb-4gpu-5ep-v2-1782411519/checkpoints/step_104_epoch_0_val-der_0.1575.nemo,2,0.505,0,0.505
arda-argmax/sortformer-finetuned/6spk-vox-ami-aishell-ali-bs10-ga2-a100-80gb-4gpu-5ep-v2-1782411519/checkpoints/step_131_epoch_1_val-der_0.1559.nemo,2,0.503,0,0.503
arda-argmax/sortformer-finetuned/6spk-vox-ami-aishell-ali-bs10-ga2-a100-80gb-4gpu-5ep-v2-1782411519/checkpoints/step_183_epoch_1_val-der_0.1529.nemo,2,0.506,0,0.506
arda-argmax/sortformer-finetuned/6spk-vox-ami-aishell-ali-bs10-ga2-a100-80gb-4gpu-5ep-v2-1782411519/checkpoints/step_236_epoch_2_val-der_0.1527.nemo,2,0.501,0,0.501
arda-argmax/sortformer-finetuned/6spk-vox-ami-aishell-ali-bs10-ga2-a100-80gb-4gpu-5ep-v2-1782411519/checkpoints/step_26_epoch_0_val-der_0.1865.nemo,2,0.502,0,0.502
arda-argmax/sortformer-finetuned/6spk-vox-ami-aishell-ali-bs10-ga2-a100-80gb-4gpu-5ep-v2-1782411519/checkpoints/step_288_epoch_2_val-der_0.1515.nemo,2,0.607,0,0.607
arda-argmax/sortformer-finetuned/6spk-vox-ami-aishell-ali-bs10-ga2-a100-80gb-4gpu-5ep-v2-1782411519/checkpoints/step_341_epoch_3_val-der_0.1510.nemo,2,0.502,0,0.502
arda-argmax/sortformer-finetuned/6spk-vox-ami-aishell-ali-bs10-ga2-a100-80gb-4gpu-5ep-v2-1782411519/checkpoints/step_419_epoch_3_val-der_0.1496.nemo,2,0.502,0,0.502
arda-argmax/sortformer-finetuned/6spk-vox-ami-aishell-ali-bs10-ga2-a100-80gb-4gpu-5ep-v2-1782411519/checkpoints/step_472_epoch_4_val-der_0.1480.nemo,2,0.513,0,0.513
arda-argmax/sortformer-finetuned/6spk-vox-ami-aishell-ali-bs10-ga2-a100-80gb-4gpu-5ep-v2-1782411519/checkpoints/step_52_epoch_0_val-der_0.1649.nemo,2,0.504,0,0.504
arda-argmax/sortformer-finetuned/6spk-vox-ami-aishell-ali-bs10-ga2-a100-80gb-4gpu-5ep-v2-1782411519/checkpoints/step_78_epoch_0_val-der_0.1603.nemo,2,0.504,0,0.504
arda-argmax/sortformer-finetuned/8spk-v0.2-bs1-acc8-l4-cachedtrain-shardedval_v3-1777960366/best.nemo,2,0.508,0,0.508
arda-argmax/sortformer-finetuned/8spk-v0.2-bs1-acc8-l4-cachedtrain-shardedval_v6-1777969623/best.nemo,2,0.502,0,0.502
arda-argmax/sortformer-finetuned/8spk-v0.2-bs1-acc8-l4-cachedval-1777594506/best.nemo,2,0.504,0,0.504
arda-argmax/sortformer-finetuned/8spk-v0.2-bs1-acc8-l4-diskcache-shardedval-v1-1778007921/best.nemo,2,0.508,0,0.508
arda-argmax/sortformer-finetuned/smoke-1777401758/best.nemo,2,0.503,0,0.503
arda-argmax/sortformer-finetuned/sortformer-train-1777492805/best.nemo,2,0.502,0,0.502
arda-argmax/sortformer-finetuned/sortformer-train-1777563938/best.nemo,2,0.506,0,0.506
arda-argmax/sortformer-finetuned/sortformer-train-1777567093/best.nemo,2,0.503,0,0.503
arda-argmax/sortformer-finetuned/sortformer-train-1777578793/best.nemo,2,0.502,0,0.502
arda-argmax/sortformer-finetuned/sortformer-train-1777589381/best.nemo,2,0.509,0,0.509
arda-argmax/sortformer-finetuned/vertex-streaming-smoke-train-1777405971/best.nemo,2,0.506,0,0.506
arda-argmax/sortformer-finetuned/vertex-streaming-smoke-train-1777413928/best.nemo,2,0.502,0,0.502
timm/MobileCLIP2-S0-OpenCLIP/open_clip_pytorch_model.bin,2,0.024,0,0.024
optimum-intel-internal-testing/tiny-random-Data2VecTextModel/pytorch_model.bin,2,0.006,0,0.006
timm/convnext_large.dinov3_lvd1689m/pytorch_model.bin,2,0.013,0,0.013
timm/MobileCLIP2-S2-OpenCLIP/open_clip_pytorch_model.bin,2,0.037,0,0.037
OpenMed/OpenMed-ZeroShot-NER-Pathology-Tiny-60M/pytorch_model.bin,2,0.009,0,0.009
nvidia/C-RADIOv4-SO400M/c-radio_v4-so400m_half.pth.tar,2,0.014,14.185,14.199
zondaxyz/babyconceptLM-baike102M_bpe40/pytorch_model.bin,2,0.008,0,0.008
pytorch/gemma-3-12b-it-FP8/pytorch_model-00001-of-00003.bin,2,0.029,25.882,25.911
LuckyOda/comfyui-full-pack/person_yolov8m-seg.pt,2,0.055,16.463,16.518
blackbeedrones/sae-2026-hang-all-yolo26n-seg-v2-960/weights/epoch187.pt,2,0.187,66.435,66.622
knalin55/CUNI_FT-CROSS-LoRA/training_args.bin,2,0.007,15.862,15.869
thatbrguy/g3t/model.pt,2,0.033,0,0.033
michka/Melenchon-Nemo-12B/checkpoint-240/optimizer.pt,2,0.047,0,0.047
Stable-X/vggt-object-v0-1/model.pt,2,0.041,0,0.041
sakamakismile/Qwen3.6-27B-LNARIZE-NVFP4/kvtc_calibration.pt,2,0.022,15.578,15.6
timm/vit_huge_patch14_clip_378.metaclip2_worldwide/open_clip_pytorch_model.bin,2,0.02,0,0.02
timm/vit_huge_patch14_clip_378.metaclip2_worldwide/pytorch_model.bin,2,0.015,0,0.015
Chess473737/nepal-model/A100Pretrain/checkpoint-10000/training_args.bin,2,0.004,4.762,4.766
Chess473737/nepal-model/A100Pretrain/checkpoint-15000/training_args.bin,2,0.003,12.286,12.289
Chess473737/nepal-model/A100Pretrain/checkpoint-20000/training_args.bin,2,0.004,15.507,15.511
Chess473737/nepal-model/A100Pretrain/checkpoint-5000/optimizer.pt,2,0.014,0,0.014
Chess473737/nepal-model/A100Pretrain/checkpoint-5000/scheduler.pt,2,0.003,0,0.003
Chess473737/nepal-model/A100Pretrain/checkpoint-5000/training_args.bin,2,0.004,14.655,14.659
Chess473737/nepal-model/Kaggle1B/ckpt-12000/scheduler.pt,2,0.003,0,0.003
openbmb/BitCPM-CANN-3B/pytorch_model.bin,2,0.011,0,0.011
typhoon-ai/typhoon-asr-realtime/typhoon-asr-realtime.nemo,2,0.499,0,0.499
cisco-ai/SecureBERT2.0-cross_encoder/optimizer.pt,2,0.013,0,0.013
AIDElab-IITBombay/RadJEPA/jepa_encoder.pth.tar,2,0.03,0,0.03
Runware/adetailer/deepfashion2_yolov8s-seg.pt,2,0.045,34.664,34.709
Runware/adetailer/person_yolov8m-seg.pt,2,0.054,18.036,18.09
Runware/adetailer/person_yolov8n-seg.pt,2,0.045,14.432,14.477
Runware/adetailer/person_yolov8s-seg.pt,2,0.045,14.583,14.628
stabilityai/stable-audio-3-small-sfx-base/svd_bases.pt,2,0.018,0,0.018
openbmb/BitCPM-CANN-8B/pytorch_model.bin,2,0.011,0,0.011
GaryFer/smart-parking-weights/fasterrcnnv2/best_seed1000.pt,2,0.11,0,0.11
GaryFer/smart-parking-weights/fasterrcnnv2/best_seed123.pt,2,0.014,0,0.014
GaryFer/smart-parking-weights/fasterrcnnv2/best_seed1234.pt,2,0.014,0,0.014
GaryFer/smart-parking-weights/fasterrcnnv2/best_seed2025.pt,2,0.012,0,0.012
GaryFer/smart-parking-weights/fasterrcnnv2/best_seed3141.pt,2,0.012,0,0.012
GaryFer/smart-parking-weights/fasterrcnnv2/best_seed42.pt,2,0.013,0,0.013
GaryFer/smart-parking-weights/fasterrcnnv2/best_seed456.pt,2,0.012,0,0.012
GaryFer/smart-parking-weights/rtdetr/run_1000/weights/best.pt,2,0.088,52.165,52.253
GaryFer/smart-parking-weights/rtdetr/run_1000/weights/last.pt,2,0.089,64.626,64.715
GaryFer/smart-parking-weights/rtdetr/run_123/weights/best.pt,2,0.09,61.925,62.015
GaryFer/smart-parking-weights/rtdetr/run_1234/weights/best.pt,2,0.1,56.252,56.352
GaryFer/smart-parking-weights/rtdetr/run_1234/weights/last.pt,2,0.187,60.313,60.5
GaryFer/smart-parking-weights/rtdetr/run_2024/weights/last.pt,2,0.091,53.353,53.444
GaryFer/smart-parking-weights/rtdetr/run_3141/weights/best.pt,2,0.089,54.235,54.324
GaryFer/smart-parking-weights/rtdetr/run_456/weights/best.pt,2,0.09,26.784,26.874
GaryFer/smart-parking-weights/rtdetr/run_789/weights/best.pt,2,0.09,26.108,26.198
GaryFer/smart-parking-weights/yolov11s/run_1000/weights/last.pt,2,0.048,31.552,31.6
GaryFer/smart-parking-weights/yolov11s/run_123/weights/best.pt,2,0.047,12.988,13.035
GaryFer/smart-parking-weights/yolov11s/run_123/weights/last.pt,2,0.161,32.029,32.19
GaryFer/smart-parking-weights/yolov11s/run_1234/weights/best.pt,2,0.049,13.433,13.482
GaryFer/smart-parking-weights/yolov11s/run_2025/weights/best.pt,2,0.048,34.969,35.017
GaryFer/smart-parking-weights/yolov11s/run_2025/weights/last.pt,2,0.048,20.091,20.139
GaryFer/smart-parking-weights/yolov11s/run_3141/weights/best.pt,2,0.049,41.195,41.244
GaryFer/smart-parking-weights/yolov11s/run_42/weights/best.pt,2,0.048,32.274,32.322
GaryFer/smart-parking-weights/yolov11s/run_456/weights/best.pt,2,0.047,32.813,32.86
GaryFer/smart-parking-weights/yolov11s/run_456/weights/last.pt,2,0.047,35.226,35.273
GaryFer/smart-parking-weights/yolov11s/run_789/weights/best.pt,2,0.047,13.741,13.788
GaryFer/smart-parking-weights/yolov11s/run_789/weights/last.pt,2,0.046,34.938,34.984
GaryFer/smart-parking-weights/yolov11s/run_9999/weights/best.pt,2,0.146,22.547,22.693
GaryFer/smart-parking-weights/yolov11s/run_9999/weights/last.pt,2,0.046,34.854,34.9
GaryFer/smart-parking-weights/yolov12s/run_1000/weights/best.pt,2,0.066,47.342,47.408
GaryFer/smart-parking-weights/yolov12s/run_1000/weights/last.pt,2,0.064,23.598,23.662
GaryFer/smart-parking-weights/yolov12s/run_123/weights/best.pt,2,0.063,40.251,40.314
GaryFer/smart-parking-weights/yolov12s/run_1234/weights/last.pt,2,0.063,45.465,45.528
GaryFer/smart-parking-weights/yolov12s/run_2024/weights/last.pt,2,0.064,36.455,36.519
GaryFer/smart-parking-weights/yolov12s/run_2025/weights/best.pt,2,0.064,72.894,72.958
GaryFer/smart-parking-weights/yolov12s/run_3141/weights/best.pt,2,0.162,28.486,28.648
GaryFer/smart-parking-weights/yolov12s/run_3141/weights/last.pt,2,0.064,39.47,39.534
GaryFer/smart-parking-weights/yolov12s/run_42/weights/best.pt,2,0.064,44.598,44.662
GaryFer/smart-parking-weights/yolov12s/run_456/weights/best.pt,2,0.064,43.754,43.818
GaryFer/smart-parking-weights/yolov12s/run_456/weights/last.pt,2,0.063,43.322,43.385
GaryFer/smart-parking-weights/yolov12s/run_789/weights/last.pt,2,0.064,51.915,51.979
GaryFer/smart-parking-weights/yolov12s/run_9999/weights/best.pt,2,0.063,36.879,36.942
GaryFer/smart-parking-weights/yolov12s/run_9999/weights/last.pt,2,0.169,22.938,23.107
GaryFer/smart-parking-weights/yolov8s/run_1000/weights/best.pt,2,0.036,25.728,25.764
GaryFer/smart-parking-weights/yolov8s/run_123/weights/best.pt,2,0.036,29.526,29.562
GaryFer/smart-parking-weights/yolov8s/run_1234/weights/best.pt,2,0.035,23.631,23.666
GaryFer/smart-parking-weights/yolov8s/run_2024/weights/best.pt,2,0.036,35.585,35.621
GaryFer/smart-parking-weights/yolov8s/run_2025/weights/best.pt,2,0.035,31.981,32.016
GaryFer/smart-parking-weights/yolov8s/run_3141/weights/best.pt,2,0.035,12.839,12.874
GaryFer/smart-parking-weights/yolov8s/run_3141/weights/last.pt,2,0.036,23.688,23.724
GaryFer/smart-parking-weights/yolov8s/run_789/weights/best.pt,2,0.035,24.813,24.848
GaryFer/smart-parking-weights/yolov8s/run_9999/weights/best.pt,2,0.035,11.806,11.841
GaryFer/smart-parking-weights/yolov8s/run_9999/weights/last.pt,2,0.036,19.92,19.956
baichuan-inc/Baichuan-M2-32B/draft/pytorch_model.bin,2,0.007,0,0.007
gabrielpirlo/Sped_ParakeetRomanian_110M_TDT-CTC/SpeD-ParakeetRo_110M_TDT-CTC.nemo,2,0.489,0,0.489
Soul-AILab/SoulX-Singer-Preprocess/parakeet-tdt-0.6b-v2/parakeet-tdt-0.6b-v2.nemo,2,2.521,0,2.521
openbmb/BitCPM-CANN-8B-unquantized/pytorch_model.bin,2,0.014,0,0.014
ecmwf/aifs-ens-2.0/aifs-ens-crps-2.0.ckpt,2,0.178,638.379,638.557
facebook/lagernvs_general_512/model.pt,2,0.038,0,0.038
Malgesw/ppo-Huggy/Huggy/Huggy-1599365.pt,2,0.01,0,0.01
yuriyvnv/parakeet-tdt-0.6b-EN-Medical/parakeet-tdt-cv17_multimed_en-seed42.nemo,2,2.562,0,2.562
yuriyvnv/parakeet-tdt-0.6b-EN-Medical/parakeet-tdt-multimed_en-seed42.nemo,2,2.556,0,2.556
shaikhsalman/ZabaanAI-Urdu-3B/last-checkpoint/optimizer.pt,2,0.045,0,0.045
fpadovani/rus-cyrl-100mb-100mb_seed3407/checkpoint-105000/rng_state.pth,2,0.007,13.759,13.766
fpadovani/rus-cyrl-100mb-100mb_seed3407/checkpoint-39000/rng_state.pth,2,0.004,10.742,10.746
fpadovani/rus-cyrl-100mb-100mb_seed3407/checkpoint-42000/rng_state.pth,2,0.004,14.018,14.022
nvidia/magpie_tts_multilingual_357m/magpie_tts_multilingual_357m.nemo,2,1.513,0,1.513
asdasdasd1234567890/asd/ultralytics/segm/CockAndBallYolo8x.pt,2,0.067,26.561,26.628
asdasdasd1234567890/asd/ultralytics/segm/PitEyeDetailer-v2-seg.pt,2,0.044,17.325,17.369
asdasdasd1234567890/asd/ultralytics/segm/face_yolov8m-seg_60.pt,2,0.046,14.972,15.018
asdasdasd1234567890/asd/ultralytics/segm/person_yolov8m-seg.pt,2,0.055,18.776,18.831
asdasdasd1234567890/asd/ultralytics/segm/person_yolov8n-seg.pt,2,0.045,13.109,13.154
asdasdasd1234567890/asd/ultralytics/segm/person_yolov8s-seg.pt,2,0.046,31.466,31.512
asdasdasd1234567890/asd/ultralytics/segm/skin_yolov8m-seg_400.pt,2,0.047,19.273,19.32
asdasdasd1234567890/asd/ultralytics/segm/yolo-human-parse-epoch-125.pt,2,0.178,35.938,36.116
asdasdasd1234567890/asd/ultralytics/segm/yolo11n-seg.pt,2,0.06,23.341,23.401
attack-vector/SecureModernBERT-NER/checkpoint-10605/optimizer.pt,2,0.017,0,0.017
timm/vit_small_plus_patch16_dinov3_qkvb.lvd1689m/pytorch_model.bin,2,0.011,0,0.011
vivekvar/helmet-v5/yolo11l-pose.pt,2,0.105,41.739,41.844
binant/wendyrv/model.pth,2,0.017,0,0.017
jwest33/qwen3-vl-8b-instruct-null-space-abliterated/null_space_projectors.pt,2,0.006,0,0.006
jwest33/qwen3-vl-8b-instruct-null-space-abliterated/refusal_directions.pt,2,0.004,0,0.004
inference-optimization/Laguna-XS.2-speculator.dflash-Qwen235B-500k-ckpt5/scheduler_state_dict.pt,2,0.004,0,0.004
smegmarip/ComfyUI/segm/person_yolov8s-seg.pt,2,0.046,33.562,33.608
smegmarip/ComfyUI/ultralytics/segm/AnzhcHead-seg.pt,2,0.048,45.504,45.552
smegmarip/ComfyUI/ultralytics/segm/person_yolov8m-seg.pt,2,0.056,16.853,16.909
fpadovani/swa-latn-100mb-after-ppt-shuff-dyck-100mb-ckpt500_seed3407/checkpoint-164000/rng_state.pth,2,0.007,10.19,10.197
fpadovani/swa-latn-100mb-after-ppt-shuff-dyck-100mb-ckpt500_seed3407/checkpoint-212000/rng_state.pth,2,0.005,13.508,13.513
fpadovani/swa-latn-100mb-after-ppt-shuff-dyck-100mb-ckpt500_seed3407/checkpoint-220000/rng_state.pth,2,0.004,13.307,13.311
fpadovani/swa-latn-100mb-after-ppt-shuff-dyck-100mb-ckpt500_seed3407/checkpoint-224000/rng_state.pth,2,0.004,7.261,7.265
fpadovani/swa-latn-100mb-after-ppt-shuff-dyck-100mb-ckpt500_seed3407/checkpoint-232000/rng_state.pth,2,0.003,13.098,13.101
fpadovani/swa-latn-100mb-after-ppt-shuff-dyck-100mb-ckpt500_seed3407/checkpoint-272000/rng_state.pth,2,0.003,11.589,11.592
fpadovani/swa-latn-100mb-after-ppt-shuff-dyck-100mb-ckpt500_seed3407/checkpoint-280000/rng_state.pth,2,0.004,11.332,11.336
fpadovani/swa-latn-100mb-after-ppt-shuff-dyck-100mb-ckpt500_seed3407/checkpoint-40000/rng_state.pth,2,0.004,14.952,14.956
fpadovani/swa-latn-100mb-after-ppt-shuff-dyck-100mb-ckpt500_seed3407/checkpoint-44000/rng_state.pth,2,0.004,11.242,11.246
fpadovani/swa-latn-100mb-after-ppt-shuff-dyck-100mb-ckpt500_seed3407/checkpoint-80000/rng_state.pth,2,0.004,9.704,9.708
fpadovani/ind-latn-100mb-after-ppt-Dp-100mb-ckpt500_seed3407/checkpoint-102000/training_args.bin,2,0.004,15.263,15.267
fpadovani/ind-latn-100mb-after-ppt-Dp-100mb-ckpt500_seed3407/checkpoint-105000/training_args.bin,2,0.004,11.971,11.975
fpadovani/ind-latn-100mb-after-ppt-Dp-100mb-ckpt500_seed3407/checkpoint-108000/training_args.bin,2,0.005,15.862,15.867
fpadovani/ind-latn-100mb-after-ppt-Dp-100mb-ckpt500_seed3407/checkpoint-111000/training_args.bin,2,0.003,5.51,5.513
fpadovani/ind-latn-100mb-after-ppt-Dp-100mb-ckpt500_seed3407/checkpoint-114000/training_args.bin,2,0.003,18.128,18.131
fpadovani/ind-latn-100mb-after-ppt-Dp-100mb-ckpt500_seed3407/checkpoint-117000/training_args.bin,2,0.003,4.571,4.574
fpadovani/ind-latn-100mb-after-ppt-Dp-100mb-ckpt500_seed3407/checkpoint-12000/training_args.bin,2,0.003,19.094,19.097
fpadovani/ind-latn-100mb-after-ppt-Dp-100mb-ckpt500_seed3407/checkpoint-120000/training_args.bin,2,0.003,13.632,13.635
fpadovani/ind-latn-100mb-after-ppt-Dp-100mb-ckpt500_seed3407/checkpoint-123000/training_args.bin,2,0.002,16.322,16.324
fpadovani/ind-latn-100mb-after-ppt-Dp-100mb-ckpt500_seed3407/checkpoint-126000/training_args.bin,2,0.003,14.115,14.118
fpadovani/ind-latn-100mb-after-ppt-Dp-100mb-ckpt500_seed3407/checkpoint-128520/rng_state.pth,2,0.003,11.201,11.204
fpadovani/ind-latn-100mb-after-ppt-Dp-100mb-ckpt500_seed3407/checkpoint-128520/training_args.bin,2,0.003,22.169,22.172
fpadovani/ind-latn-100mb-after-ppt-Dp-100mb-ckpt500_seed3407/checkpoint-15000/training_args.bin,2,0.003,13.448,13.451
fpadovani/ind-latn-100mb-after-ppt-Dp-100mb-ckpt500_seed3407/checkpoint-18000/training_args.bin,2,0.003,15.305,15.308
fpadovani/ind-latn-100mb-after-ppt-Dp-100mb-ckpt500_seed3407/checkpoint-21000/rng_state.pth,2,0.003,11.567,11.57
fpadovani/ind-latn-100mb-after-ppt-Dp-100mb-ckpt500_seed3407/checkpoint-21000/training_args.bin,2,0.003,11.361,11.364
fpadovani/ind-latn-100mb-after-ppt-Dp-100mb-ckpt500_seed3407/checkpoint-24000/training_args.bin,2,0.003,18.421,18.424
fpadovani/ind-latn-100mb-after-ppt-Dp-100mb-ckpt500_seed3407/checkpoint-27000/training_args.bin,2,0.003,17.604,17.607
fpadovani/ind-latn-100mb-after-ppt-Dp-100mb-ckpt500_seed3407/checkpoint-3000/training_args.bin,2,0.003,15.863,15.866
fpadovani/ind-latn-100mb-after-ppt-Dp-100mb-ckpt500_seed3407/checkpoint-30000/training_args.bin,2,0.004,13.404,13.408
fpadovani/ind-latn-100mb-after-ppt-Dp-100mb-ckpt500_seed3407/checkpoint-33000/training_args.bin,2,0.004,11.767,11.771
fpadovani/ind-latn-100mb-after-ppt-Dp-100mb-ckpt500_seed3407/checkpoint-36000/rng_state.pth,2,0.004,10.642,10.646
fpadovani/ind-latn-100mb-after-ppt-Dp-100mb-ckpt500_seed3407/checkpoint-36000/training_args.bin,2,0.004,3.468,3.472
fpadovani/ind-latn-100mb-after-ppt-Dp-100mb-ckpt500_seed3407/checkpoint-39000/training_args.bin,2,0.005,11.156,11.161
fpadovani/ind-latn-100mb-after-ppt-Dp-100mb-ckpt500_seed3407/checkpoint-42000/training_args.bin,2,0.004,12.995,12.999
fpadovani/ind-latn-100mb-after-ppt-Dp-100mb-ckpt500_seed3407/checkpoint-45000/training_args.bin,2,0.004,14.955,14.959
fpadovani/ind-latn-100mb-after-ppt-Dp-100mb-ckpt500_seed3407/checkpoint-48000/training_args.bin,2,0.004,16.669,16.673
fpadovani/ind-latn-100mb-after-ppt-Dp-100mb-ckpt500_seed3407/checkpoint-51000/training_args.bin,2,0.004,16.167,16.171
fpadovani/ind-latn-100mb-after-ppt-Dp-100mb-ckpt500_seed3407/checkpoint-54000/training_args.bin,2,0.003,13.716,13.719
fpadovani/ind-latn-100mb-after-ppt-Dp-100mb-ckpt500_seed3407/checkpoint-57000/training_args.bin,2,0.003,16.48,16.483
fpadovani/ind-latn-100mb-after-ppt-Dp-100mb-ckpt500_seed3407/checkpoint-6000/training_args.bin,2,0.004,14.426,14.43
fpadovani/ind-latn-100mb-after-ppt-Dp-100mb-ckpt500_seed3407/checkpoint-60000/training_args.bin,2,0.003,11.286,11.289
fpadovani/ind-latn-100mb-after-ppt-Dp-100mb-ckpt500_seed3407/checkpoint-63000/training_args.bin,2,0.003,11.742,11.745
fpadovani/ind-latn-100mb-after-ppt-Dp-100mb-ckpt500_seed3407/checkpoint-66000/training_args.bin,2,0.004,26.411,26.415
fpadovani/ind-latn-100mb-after-ppt-Dp-100mb-ckpt500_seed3407/checkpoint-69000/rng_state.pth,2,0.004,10.149,10.153
fpadovani/ind-latn-100mb-after-ppt-Dp-100mb-ckpt500_seed3407/checkpoint-69000/training_args.bin,2,0.003,12.463,12.466
fpadovani/ind-latn-100mb-after-ppt-Dp-100mb-ckpt500_seed3407/checkpoint-72000/training_args.bin,2,0.004,16.982,16.986
fpadovani/ind-latn-100mb-after-ppt-Dp-100mb-ckpt500_seed3407/checkpoint-75000/training_args.bin,2,0.004,11.983,11.987
fpadovani/ind-latn-100mb-after-ppt-Dp-100mb-ckpt500_seed3407/checkpoint-78000/training_args.bin,2,0.004,17.335,17.339
fpadovani/ind-latn-100mb-after-ppt-Dp-100mb-ckpt500_seed3407/checkpoint-81000/rng_state.pth,2,0.004,10.601,10.605
fpadovani/ind-latn-100mb-after-ppt-Dp-100mb-ckpt500_seed3407/checkpoint-81000/training_args.bin,2,0.004,14.942,14.946
fpadovani/ind-latn-100mb-after-ppt-Dp-100mb-ckpt500_seed3407/checkpoint-84000/training_args.bin,2,0.004,10.952,10.956
fpadovani/ind-latn-100mb-after-ppt-Dp-100mb-ckpt500_seed3407/checkpoint-87000/training_args.bin,2,0.004,15.749,15.753
fpadovani/ind-latn-100mb-after-ppt-Dp-100mb-ckpt500_seed3407/checkpoint-9000/training_args.bin,2,0.003,13.418,13.421
fpadovani/ind-latn-100mb-after-ppt-Dp-100mb-ckpt500_seed3407/checkpoint-90000/rng_state.pth,2,0.003,9.127,9.13
fpadovani/ind-latn-100mb-after-ppt-Dp-100mb-ckpt500_seed3407/checkpoint-90000/training_args.bin,2,0.003,13.715,13.718
fpadovani/ind-latn-100mb-after-ppt-Dp-100mb-ckpt500_seed3407/checkpoint-93000/training_args.bin,2,0.002,11.4,11.402
fpadovani/ind-latn-100mb-after-ppt-Dp-100mb-ckpt500_seed3407/checkpoint-96000/training_args.bin,2,0.004,11.558,11.562
fpadovani/ind-latn-100mb-after-ppt-Dp-100mb-ckpt500_seed3407/checkpoint-99000/training_args.bin,2,0.003,16.064,16.067
fpadovani/ind-latn-100mb-after-ppt-Dp-100mb-ckpt500_seed3407/training_args.bin,2,0.003,13.301,13.304
nvidia/nemo-nano-codec-22khz-0.6kbps-12.5fps/nemo-nano-codec-22khz-0.6kbps-12.5fps.nemo,2,0.454,0,0.454
fpadovani/swe-latn-10mb-after-ppt-Dp-100mb-ckpt500_seed3407/checkpoint-9000/rng_state.pth,2,0.006,14.635,14.641
omi-health/omi-med-stt-v1/omimedstt-v1.nemo,2,2.548,0,2.548
fpadovani/swa-latn-100mb-after-ppt-Dp-100mb-ckpt500_seed3407/checkpoint-164000/rng_state.pth,2,0.006,11.263,11.269
fpadovani/swa-latn-100mb-after-ppt-Dp-100mb-ckpt500_seed3407/checkpoint-212000/rng_state.pth,2,0.004,10.462,10.466
fpadovani/swa-latn-100mb-after-ppt-Dp-100mb-ckpt500_seed3407/checkpoint-220000/rng_state.pth,2,0.005,10.413,10.418
fpadovani/swa-latn-100mb-after-ppt-Dp-100mb-ckpt500_seed3407/checkpoint-224000/rng_state.pth,2,0.005,9.007,9.012
fpadovani/swa-latn-100mb-after-ppt-Dp-100mb-ckpt500_seed3407/checkpoint-232000/rng_state.pth,2,0.004,10.734,10.738
fpadovani/swa-latn-100mb-after-ppt-Dp-100mb-ckpt500_seed3407/checkpoint-272000/rng_state.pth,2,0.004,5.633,5.637
fpadovani/swa-latn-100mb-after-ppt-Dp-100mb-ckpt500_seed3407/checkpoint-280000/rng_state.pth,2,0.005,11.665,11.67
fpadovani/swa-latn-100mb-after-ppt-Dp-100mb-ckpt500_seed3407/checkpoint-40000/rng_state.pth,2,0.004,8.763,8.767
fpadovani/swa-latn-100mb-after-ppt-Dp-100mb-ckpt500_seed3407/checkpoint-44000/rng_state.pth,2,0.005,12.146,12.151
fpadovani/swa-latn-100mb-after-ppt-Dp-100mb-ckpt500_seed3407/checkpoint-80000/rng_state.pth,2,0.005,17.604,17.609
nvidia/GR00T-N1.7-SimplerEnv-Bridge/global_step32000/mp_rank_00_model_states.pt,2,0.042,0,0.042
fpadovani/tur-latn-100mb-100mb_seed10/checkpoint-24000/rng_state.pth,2,0.006,13.853,13.859
fpadovani/tur-latn-100mb-100mb_seed10/checkpoint-75000/rng_state.pth,2,0.005,12.261,12.266
ecmwf/aifs-single-1.1/aifs-single-mse-1.1.ckpt,2,0.058,17.107,17.165
nvidia/fourcastnet3/training_checkpoints/best_ckpt_mp0.tar,2,0.008,0,0.008
nvidia/parakeet-unified-en-0.6b/parakeet-unified-en-0.6b.nemo,2,2.523,0,2.523
fpadovani/hin-deva-100mb-after-ppt-Dp-100mb-ckpt500_seed3407/checkpoint-3000/rng_state.pth,2,0.006,8.08,8.086
fpadovani/hin-deva-100mb-after-ppt-Dp-100mb-ckpt500_seed3407/checkpoint-69000/rng_state.pth,2,0.005,10.638,10.643
fpadovani/hin-deva-100mb-after-ppt-Dp-100mb-ckpt500_seed3407/checkpoint-87000/rng_state.pth,2,0.005,12.38,12.385
fpadovani/swe-latn-10mb-100mb_seed3407/checkpoint-9000/rng_state.pth,2,0.004,16.267,16.271
fpadovani/hin-deva-10mb-after-ppt-Dp-100mb-ckpt500_seed3407/checkpoint-104090/rng_state.pth,2,0.004,10.323,10.327
fpadovani/hin-deva-10mb-after-ppt-Dp-100mb-ckpt500_seed3407/checkpoint-15000/rng_state.pth,2,0.003,9.326,9.329
fpadovani/hin-deva-10mb-after-ppt-Dp-100mb-ckpt500_seed3407/checkpoint-54000/rng_state.pth,2,0.004,8.158,8.162
fpadovani/hin-deva-10mb-after-ppt-Dp-100mb-ckpt500_seed3407/checkpoint-6000/rng_state.pth,2,0.004,9.44,9.444
fpadovani/swe-latn-100mb-100mb_seed3407/checkpoint-57000/rng_state.pth,2,0.004,10.048,10.052
fpadovani/swe-latn-100mb-100mb_seed3407/checkpoint-66000/rng_state.pth,2,0.003,9.497,9.5
fpadovani/swe-latn-100mb-100mb_seed3407/checkpoint-75000/rng_state.pth,2,0.004,7.976,7.98
fpadovani/swe-latn-100mb-100mb_seed3407/checkpoint-90000/rng_state.pth,2,0.004,11.357,11.361
fpadovani/ind-latn-10mb-after-ppt-Dp-100mb-ckpt500_seed3407/checkpoint-114000/rng_state.pth,2,0.004,10.024,10.028
fpadovani/ind-latn-10mb-after-ppt-Dp-100mb-ckpt500_seed3407/checkpoint-21000/rng_state.pth,2,0.004,11.773,11.777
fpadovani/ind-latn-10mb-after-ppt-Dp-100mb-ckpt500_seed3407/checkpoint-27000/rng_state.pth,2,0.004,10.844,10.848
fpadovani/ind-latn-10mb-after-ppt-Dp-100mb-ckpt500_seed3407/checkpoint-6000/rng_state.pth,2,0.003,5.212,5.215
conch/CoCa/MahmoodLab-CONCH/pytorch_model.bin,2,0.014,0,0.014
flagembedding/BAAI-bge-base-en/pytorch_model.bin,2,0.009,0,0.009
flagembedding/BAAI-bge-base-en-v1.5/pytorch_model.bin,2,0.008,0,0.008
flagembedding/BAAI-bge-base-zh-v1.5/pytorch_model.bin,2,0.009,0,0.009
flagembedding/BAAI-bge-large-en/pytorch_model.bin,2,0.013,0,0.013
flagembedding/BAAI-bge-large-en-v1.5/pytorch_model.bin,2,0.011,0,0.011
flagembedding/BAAI-bge-large-zh/pytorch_model.bin,2,0.114,0,0.114
flagembedding/BAAI-bge-large-zh-v1.5/pytorch_model.bin,2,0.014,0,0.014
flagembedding/BAAI-bge-reranker-base/pytorch_model.bin,2,0.009,0,0.009
flagembedding/BAAI-bge-reranker-large/pytorch_model.bin,2,0.012,0,0.012
flagembedding/BAAI-bge-small-en/pytorch_model.bin,2,0.008,0,0.008
flagembedding/BAAI-bge-small-en-v1.5/pytorch_model.bin,2,0.009,0,0.009
flagembedding/BAAI-bge-small-zh/pytorch_model.bin,2,0.007,0,0.007
flagembedding/BAAI-bge-small-zh-v1.5/pytorch_model.bin,2,0.006,0,0.006
flagembedding/BAAI-llm-embedder/pytorch_model.bin,2,0.009,0,0.009
flair/SequenceTagger/flair-chunk-english-fast/pytorch_model.bin,2,0.007,9.819,9.826
flair/SequenceTagger/flair-ner-dutch-large/pytorch_model.bin,2,0.02,11.95,11.97
flair/SequenceTagger/flair-ner-english/pytorch_model.bin,2,0.246,3.774,4.02
flair/SequenceTagger/flair-ner-english-fast/pytorch_model.bin,2,0.267,5.819,6.086
flair/SequenceTagger/flair-ner-english-large/pytorch_model.bin,2,0.037,10.815,10.852
flair/SequenceTagger/flair-ner-english-ontonotes/pytorch_model.bin,2,0.666,45.343,46.009
flair/SequenceTagger/flair-ner-english-ontonotes-fast/pytorch_model.bin,2,0.689,43.509,44.198
flair/SequenceTagger/flair-ner-english-ontonotes-large/pytorch_model.bin,2,0.058,15.934,15.992
flair/SequenceTagger/flair-ner-french/pytorch_model.bin,2,0.666,46,46.666
flair/SequenceTagger/flair-ner-german/pytorch_model.bin,2,0.747,42.084,42.831
flair/SequenceTagger/flair-ner-german-large/pytorch_model.bin,2,0.07,11.775,11.845
flair/SequenceTagger/flair-ner-multi/pytorch_model.bin,2,0.949,48.895,49.844
flair/SequenceTagger/flair-ner-spanish-large/pytorch_model.bin,2,0.086,11.628,11.714
flair/SequenceTagger/flair-pos-english/pytorch_model.bin,2,0.007,3.97,3.977
flair/SequenceTagger/flair-pos-english-fast/pytorch_model.bin,2,0.007,5.108,5.115
flair/SequenceTagger/flair-upos-english/pytorch_model.bin,2,0.007,26.707,26.714
flair/SequenceTagger/flair-upos-english-fast/pytorch_model.bin,2,0.007,13.816,13.823
flair/SequenceTagger/flair-upos-multi/pytorch_model.bin,2,0.035,22.655,22.69
gliner/GliNER/DeepMount00-GLiNER_ITA_BASE/pytorch_model.bin,2,0.011,0,0.011
gliner/GliNER/DeepMount00-GLiNER_ITA_LARGE/pytorch_model.bin,2,0.014,0,0.014
gliner/GliNER/DeepMount00-GLiNER_PII_ITA/pytorch_model.bin,2,0.011,0,0.011
gliner/GliNER/DeepMount00-universal_ner_ita/pytorch_model.bin,2,0.01,0,0.01
gliner/GliNER/EmergentMethods-gliner_medium_news-v2.1/pytorch_model.bin,2,0.011,0,0.011
gliner/GliNER/gliner-community-gliner_large-v2.5/pytorch_model.bin,2,0.013,0,0.013
gliner/GliNER/gliner-community-gliner_medium-v2.5/pytorch_model.bin,2,0.009,0,0.009
gliner/GliNER/numind-NuNER_Zero/pytorch_model.bin,2,0.013,0,0.013
gliner/GliNER/urchade-gliner_base/pytorch_model.bin,2,0.01,0,0.01
gliner/GliNER/urchade-gliner_large-v1/pytorch_model.bin,2,0.014,0,0.014
gliner/GliNER/urchade-gliner_large-v2/pytorch_model.bin,2,0.014,0,0.014
gliner/GliNER/urchade-gliner_large-v2.1/pytorch_model.bin,2,0.014,0,0.014
gliner/GliNER/urchade-gliner_medium-v2.1/pytorch_model.bin,2,0.01,0,0.01
gliner/GliNER/urchade-gliner_multi/pytorch_model.bin,2,0.01,0,0.01
gliner/GliNER/urchade-gliner_multi-v2.1/pytorch_model.bin,2,0.011,0,0.011
gliner/GliNER/urchade-gliner_multi_pii-v1/pytorch_model.bin,2,0.011,0,0.011
gliner/GliNER/urchade-gliner_small-v2.1/pytorch_model.bin,2,0.008,0,0.008
huggingsound/SpeechRecognitionModel/jonatasgrosman-wav2vec2-large-xlsr-53-arabic/pytorch_model.bin,2,0.014,0,0.014
huggingsound/SpeechRecognitionModel/jonatasgrosman-wav2vec2-large-xlsr-53-chinese-zh-cn/pytorch_model.bin,2,0.013,0,0.013
huggingsound/SpeechRecognitionModel/jonatasgrosman-wav2vec2-large-xlsr-53-dutch/pytorch_model.bin,2,0.014,0,0.014
huggingsound/SpeechRecognitionModel/jonatasgrosman-wav2vec2-large-xlsr-53-english/pytorch_model.bin,2,0.014,0,0.014
huggingsound/SpeechRecognitionModel/jonatasgrosman-wav2vec2-large-xlsr-53-finnish/pytorch_model.bin,2,0.014,0,0.014
huggingsound/SpeechRecognitionModel/jonatasgrosman-wav2vec2-large-xlsr-53-french/pytorch_model.bin,2,0.014,0,0.014
huggingsound/SpeechRecognitionModel/jonatasgrosman-wav2vec2-large-xlsr-53-german/pytorch_model.bin,2,0.015,0,0.015
huggingsound/SpeechRecognitionModel/jonatasgrosman-wav2vec2-large-xlsr-53-greek/pytorch_model.bin,2,0.014,0,0.014
huggingsound/SpeechRecognitionModel/jonatasgrosman-wav2vec2-large-xlsr-53-hungarian/pytorch_model.bin,2,0.013,0,0.013
huggingsound/SpeechRecognitionModel/jonatasgrosman-wav2vec2-large-xlsr-53-italian/pytorch_model.bin,2,0.012,0,0.012
huggingsound/SpeechRecognitionModel/jonatasgrosman-wav2vec2-large-xlsr-53-japanese/pytorch_model.bin,2,0.018,0,0.018
huggingsound/SpeechRecognitionModel/jonatasgrosman-wav2vec2-large-xlsr-53-persian/pytorch_model.bin,2,0.014,0,0.014
huggingsound/SpeechRecognitionModel/jonatasgrosman-wav2vec2-large-xlsr-53-polish/pytorch_model.bin,2,0.013,0,0.013
huggingsound/SpeechRecognitionModel/jonatasgrosman-wav2vec2-large-xlsr-53-portuguese/pytorch_model.bin,2,0.014,0,0.014
huggingsound/SpeechRecognitionModel/jonatasgrosman-wav2vec2-large-xlsr-53-russian/pytorch_model.bin,2,0.014,0,0.014
huggingsound/SpeechRecognitionModel/jonatasgrosman-wav2vec2-large-xlsr-53-spanish/pytorch_model.bin,2,0.014,0,0.014
huggingsound/SpeechRecognitionModel/jonatasgrosman-wav2vec2-xls-r-1b-portuguese/pytorch_model.bin,2,0.022,0,0.022
languagebind/LanguageBind/LanguageBind-LanguageBind_Audio/pytorch_model.bin,2,0.02,0,0.02
languagebind/LanguageBind/LanguageBind-LanguageBind_Audio_FT/pytorch_model.bin,2,0.017,0,0.017
languagebind/LanguageBind/LanguageBind-LanguageBind_Image/pytorch_model.bin,2,0.016,0,0.016
languagebind/LanguageBind/LanguageBind-LanguageBind_Video/pytorch_model.bin,2,0.024,0,0.024
languagebind/LanguageBind/LanguageBind-LanguageBind_Video_FT/pytorch_model.bin,2,0.021,0,0.021
languagebind/LanguageBind/LanguageBind-LanguageBind_Video_Huge_V1.5_FT/pytorch_model.bin,2,0.027,0,0.027
languagebind/LanguageBind/LanguageBind-LanguageBind_Video_merge/pytorch_model.bin,2,0.023,0,0.023
languagebind/LanguageBind/LanguageBind-LanguageBind_Video_V1.5_FT/pytorch_model.bin,2,0.021,0,0.021
melo/TTS/myshell-ai-MeloTTS-Chinese/checkpoint.pth,2,0.025,0,0.025
melo/TTS/myshell-ai-MeloTTS-English/checkpoint.pth,2,0.026,0,0.026
melo/TTS/myshell-ai-MeloTTS-English-v2/checkpoint.pth,2,0.025,0,0.025
melo/TTS/myshell-ai-MeloTTS-English-v3/checkpoint.pth,2,0.025,0,0.025
melo/TTS/myshell-ai-MeloTTS-French/checkpoint.pth,2,0.025,0,0.025
melo/TTS/myshell-ai-MeloTTS-Japanese/checkpoint.pth,2,0.026,0,0.026
melo/TTS/myshell-ai-MeloTTS-Korean/checkpoint.pth,2,0.026,0,0.026
melo/TTS/myshell-ai-MeloTTS-Spanish/checkpoint.pth,2,0.025,0,0.025
Parrot/Parrot/prithivida-parrot_paraphraser_on_T5/pytorch_model.bin,2,0.012,0,0.012
pyannote-audio/Model/collinbarnwell-pyannote-segmentation-30/pytorch_model.bin,2,0.006,10.518,10.524
pyannote-audio/Model/EonNextPlatform-pyannote-wespeaker-voxceleb-resnet34-LM/pytorch_model.bin,2,0.01,9.805,9.815
pyannote-audio/Model/EonNextPlatform-segmentation-3.0/pytorch_model.bin,2,0.006,11.862,11.868
pyannote-audio/Model/fatymatariq-pyannote-wespeaker-voxceleb-resnet34-LM/pytorch_model.bin,2,0.01,11.567,11.577
pyannote-audio/Model/fatymatariq-segmentation-3.0/pytorch_model.bin,2,0.006,10.203,10.209
pyannote-audio/Model/philschmid-pyannote-segmentation/pytorch_model.bin,2,0.009,18.228,18.237
pyannote-audio/Model/pyannote-brouhaha/pytorch_model.bin,2,0.009,5.687,5.696
pyannote-audio/Model/pyannote-embedding/pytorch_model.bin,2,0.014,20.442,20.456
pyannote-audio/Model/pyannote-segmentation/pytorch_model.bin,2,0.008,27.204,27.212
pyannote-audio/Model/pyannote-segmentation-3.0/pytorch_model.bin,2,0.006,12.069,12.075
pyannote-audio/Model/pyannote-wespeaker-voxceleb-resnet34-LM/pytorch_model.bin,2,0.01,12.366,12.376
pyannote-audio/Model/Revai-reverb-diarization-v1/pytorch_model.bin,2,0.008,11.857,11.865
pyannote-audio/Model/Revai-reverb-diarization-v2/pytorch_model.bin,2,0.012,6.625,6.637
pyannote-audio/Model/tensorlake-segmentation-3.0/pytorch_model.bin,2,0.113,11.407,11.52
pysentimiento/BaseAnalyzer/pysentimiento-bertweet-pt-sentiment/pytorch_model.bin,2,0.008,0,0.008
pysentimiento/BaseAnalyzer/pysentimiento-robertuito-ner/pytorch_model.bin,2,0.009,0,0.009
pysentimiento/BaseAnalyzer/pysentimiento-robertuito-sentiment-analysis/pytorch_model.bin,2,0.01,0,0.01
pysentimiento/BaseAnalyzer/pysentimiento-robertuito-base-cased/pytorch_model.bin,2,0.01,0,0.01
sentence-transformers/avsolatorio-GIST-all-MiniLM-L6-v2/pytorch_model.bin,2,0.007,0,0.007
sentence-transformers/avsolatorio-GIST-Embedding-v0/pytorch_model.bin,2,0.009,0,0.009
sentence-transformers/avsolatorio-GIST-small-Embedding-v0/pytorch_model.bin,2,0.009,0,0.009
sentence-transformers/BAAI-bge-base-en/pytorch_model.bin,2,0.008,0,0.008
sentence-transformers/BAAI-bge-base-en-v1.5/pytorch_model.bin,2,0.009,0,0.009
sentence-transformers/BAAI-bge-large-en/pytorch_model.bin,2,0.013,0,0.013
sentence-transformers/BAAI-bge-large-en-v1.5/pytorch_model.bin,2,0.013,0,0.013
sentence-transformers/BAAI-bge-large-zh-v1.5/pytorch_model.bin,2,0.011,0,0.011
sentence-transformers/BAAI-bge-reranker-base/pytorch_model.bin,2,0.009,0,0.009
sentence-transformers/BAAI-bge-reranker-large/pytorch_model.bin,2,0.012,0,0.012
sentence-transformers/BAAI-bge-small-en/pytorch_model.bin,2,0.009,0,0.009
sentence-transformers/BAAI-bge-small-en-v1.5/pytorch_model.bin,2,0.009,0,0.009
sentence-transformers/BAAI-llm-embedder/pytorch_model.bin,2,0.009,0,0.009
sentence-transformers/cointegrated-rubert-tiny2/pytorch_model.bin,2,0.006,0,0.006
sentence-transformers/DMetaSoul-sbert-chinese-general-v2/pytorch_model.bin,2,0.011,0,0.011
sentence-transformers/flax-sentence-embeddings-all_datasets_v4_MiniLM-L6/pytorch_model.bin,2,0.006,0,0.006
sentence-transformers/hiiamsid-sentence_similarity_spanish_es/pytorch_model.bin,2,0.009,0,0.009
sentence-transformers/intfloat-e5-base-v2/pytorch_model.bin,2,0.008,0,0.008
sentence-transformers/intfloat-e5-large-v2/pytorch_model.bin,2,0.012,0,0.012
sentence-transformers/intfloat-e5-mistral-7b-instruct/pytorch_model-00001-of-00002.bin,2,0.008,0,0.008
sentence-transformers/intfloat-e5-small-v2/pytorch_model.bin,2,0.01,0,0.01
sentence-transformers/intfloat-multilingual-e5-base/pytorch_model.bin,2,0.009,0,0.009
sentence-transformers/intfloat-multilingual-e5-large/pytorch_model.bin,2,0.012,0,0.012
sentence-transformers/intfloat-multilingual-e5-small/pytorch_model.bin,2,0.008,0,0.008
sentence-transformers/jhgan-ko-sbert-nli/pytorch_model.bin,2,0.009,0,0.009
sentence-transformers/jhgan-ko-sroberta-multitask/pytorch_model.bin,2,0.01,0,0.01
sentence-transformers/naufalihsan-indonesian-sbert-large/pytorch_model.bin,2,0.012,0,0.012
sentence-transformers/NeuML-pubmedbert-base-embeddings/pytorch_model.bin,2,0.008,0,0.008
sentence-transformers/nomic-ai-nomic-embed-text-v1/pytorch_model.bin,2,0.007,0,0.007
sentence-transformers/pritamdeka-BioBERT-mnli-snli-scinli-scitail-mednli-stsb/pytorch_model.bin,2,0.01,0,0.01
sentence-transformers/pritamdeka-S-PubMedBert-MS-MARCO/pytorch_model.bin,2,0.009,0,0.009
sentence-transformers/sentence-transformers-testing-stsb-bert-tiny-safetensors/pytorch_model.bin,2,0.007,0,0.007
sentence-transformers/sentence-transformers-all-distilroberta-v1/pytorch_model.bin,2,0.007,0,0.007
sentence-transformers/sentence-transformers-all-MiniLM-L12-v2/pytorch_model.bin,2,0.008,0,0.008
sentence-transformers/sentence-transformers-all-MiniLM-L6-v2/pytorch_model.bin,2,0.007,0,0.007
sentence-transformers/sentence-transformers-all-mpnet-base-v2/pytorch_model.bin,2,0.009,0,0.009
sentence-transformers/sentence-transformers-all-roberta-large-v1/pytorch_model.bin,2,0.013,0,0.013
sentence-transformers/sentence-transformers-bert-base-nli-mean-tokens/pytorch_model.bin,2,0.009,0,0.009
sentence-transformers/sentence-transformers-bert-base-nli-stsb-mean-tokens/pytorch_model.bin,2,0.011,0,0.011
sentence-transformers/sentence-transformers-clip-ViT-B-32-multilingual-v1/pytorch_model.bin,2,0.008,0,0.008
sentence-transformers/sentence-transformers-distilbert-base-nli-mean-tokens/pytorch_model.bin,2,0.007,0,0.007
sentence-transformers/sentence-transformers-distilbert-base-nli-stsb-mean-tokens/pytorch_model.bin,2,0.007,0,0.007
sentence-transformers/sentence-transformers-distilbert-multilingual-nli-stsb-quora-ranking/pytorch_model.bin,2,0.007,0,0.007
sentence-transformers/sentence-transformers-distiluse-base-multilingual-cased-v1/pytorch_model.bin,2,0.007,0,0.007
sentence-transformers/sentence-transformers-distiluse-base-multilingual-cased-v2/pytorch_model.bin,2,0.007,0,0.007
sentence-transformers/sentence-transformers-LaBSE/pytorch_model.bin,2,0.008,0,0.008
sentence-transformers/sentence-transformers-msmarco-bert-base-dot-v5/pytorch_model.bin,2,0.009,0,0.009
sentence-transformers/sentence-transformers-msmarco-distilbert-base-dot-prod-v3/pytorch_model.bin,2,0.007,0,0.007
sentence-transformers/sentence-transformers-msmarco-distilbert-base-tas-b/pytorch_model.bin,2,0.007,0,0.007
sentence-transformers/sentence-transformers-msmarco-distilbert-base-v4/pytorch_model.bin,2,0.007,0,0.007
sentence-transformers/sentence-transformers-msmarco-distilbert-cos-v5/pytorch_model.bin,2,0.007,0,0.007
sentence-transformers/sentence-transformers-msmarco-distilbert-dot-v5/pytorch_model.bin,2,0.007,0,0.007
sentence-transformers/sentence-transformers-msmarco-MiniLM-L-6-v3/pytorch_model.bin,2,0.008,0,0.008
sentence-transformers/sentence-transformers-msmarco-MiniLM-L12-cos-v5/pytorch_model.bin,2,0.009,0,0.009
sentence-transformers/sentence-transformers-msmarco-MiniLM-L6-cos-v5/pytorch_model.bin,2,0.007,0,0.007
sentence-transformers/sentence-transformers-multi-qa-distilbert-cos-v1/pytorch_model.bin,2,0.007,0,0.007
sentence-transformers/sentence-transformers-multi-qa-MiniLM-L6-cos-v1/pytorch_model.bin,2,0.008,0,0.008
sentence-transformers/sentence-transformers-multi-qa-mpnet-base-cos-v1/pytorch_model.bin,2,0.008,0,0.008
sentence-transformers/sentence-transformers-multi-qa-mpnet-base-dot-v1/pytorch_model.bin,2,0.009,0,0.009
sentence-transformers/sentence-transformers-nli-mpnet-base-v2/pytorch_model.bin,2,0.009,0,0.009
sentence-transformers/sentence-transformers-paraphrase-albert-small-v2/pytorch_model.bin,2,0.006,0,0.006
sentence-transformers/sentence-transformers-paraphrase-MiniLM-L12-v2/pytorch_model.bin,2,0.01,0,0.01
sentence-transformers/sentence-transformers-paraphrase-MiniLM-L3-v2/pytorch_model.bin,2,0.007,0,0.007
sentence-transformers/sentence-transformers-paraphrase-MiniLM-L6-v2/pytorch_model.bin,2,0.007,0,0.007
sentence-transformers/sentence-transformers-paraphrase-mpnet-base-v2/pytorch_model.bin,2,0.009,0,0.009
sentence-transformers/sentence-transformers-paraphrase-multilingual-MiniLM-L12-v2/pytorch_model.bin,2,0.009,0,0.009
sentence-transformers/sentence-transformers-paraphrase-multilingual-mpnet-base-v2/pytorch_model.bin,2,0.01,0,0.01
sentence-transformers/sentence-transformers-sentence-t5-base/pytorch_model.bin,2,0.008,0,0.008
sentence-transformers/sentence-transformers-sentence-t5-xl/pytorch_model.bin,2,0.01,0,0.01
sentence-transformers/sentence-transformers-stsb-roberta-base/pytorch_model.bin,2,0.009,0,0.009
sentence-transformers/sentence-transformers-stsb-xlm-r-multilingual/pytorch_model.bin,2,0.011,0,0.011
sentence-transformers/shibing624-text2vec-base-chinese/pytorch_model.bin,2,0.009,0,0.009
sentence-transformers/shibing624-text2vec-base-multilingual/pytorch_model.bin,2,0.009,0,0.009
sentence-transformers/Supabase-gte-small/pytorch_model.bin,2,0.009,0,0.009
sentence-transformers/thenlper-gte-base/pytorch_model.bin,2,0.009,0,0.009
sentence-transformers/thenlper-gte-large/pytorch_model.bin,2,0.014,0,0.014
sentence-transformers/thenlper-gte-small/pytorch_model.bin,2,0.009,0,0.009
super-image/EdsrModel/eugenesiow-edsr/pytorch_model_2x.pt,2,0.008,0,0.008
super-image/EdsrModel/eugenesiow-edsr/pytorch_model_3x.pt,2,0.008,0,0.008
super-image/EdsrModel/eugenesiow-edsr/pytorch_model_4x.pt,2,0.008,0,0.008
super-image/EdsrModel/eugenesiow-edsr-base/pytorch_model_2x.pt,2,0.007,0,0.007
super-image/EdsrModel/eugenesiow-edsr-base/pytorch_model_3x.pt,2,0.007,0,0.007
super-image/EdsrModel/eugenesiow-edsr-base/pytorch_model_4x.pt,2,0.006,0,0.006
tner/TransformersNER/tner-deberta-v3-large-ontonotes5/pytorch_model.bin,2,0.014,0,0.014
tner/TransformersNER/tner-roberta-large-ontonotes5/pytorch_model.bin,2,0.014,0,0.014
tner/TransformersNER/tner-roberta-large-tweetner7-all/pytorch_model.bin,2,0.014,0,0.014
tner/TransformersNER/tner-roberta-large-wnut2017/pytorch_model.bin,2,0.012,0,0.012
tweetnlp/Classifier/cardiffnlp-twitter-xlm-roberta-base-sentiment-multilingual/pytorch_model.bin,2,0.01,0,0.01
yolov5/keremberke-yolov5m-smoke/best.pt,2,0.041,33.66,33.701
yolov5/keremberke-yolov5m-license-plate/best.pt,2,0.041,38.15,38.191
yolov5/keremberke-yolov5n-license-plate/best.pt,2,0.034,41.798,41.832
yolov5/Ultralytics-YOLOv5/yolov5s.pt,2,0.035,26.567,26.602
yolov5/Ultralytics-YOLOv5/yolov5s6.pt,2,0.042,24.702,24.744
yolov5/Ultralytics-YOLOv5/yolov5n.pt,2,0.035,22.896,22.931
yolov5/Ultralytics-YOLOv5/yolov5n6.pt,2,0.043,12.187,12.23
yolov5/Ultralytics-YOLOv5/yolov5m.pt,2,0.044,27.776,27.82
yolov5/Ultralytics-YOLOv5/yolov5m6.pt,2,0.055,36.362,36.417
yolov5/Ultralytics-YOLOv5/yolov5l.pt,2,0.055,27.788,27.843
yolov5/Ultralytics-YOLOv5/yolov5l6.pt,2,0.17,42.435,42.605
yolov5/keremberke-yolov5s-license-plate/best.pt,2,0.032,24.848,24.88
yolo/Bingsu-yolo-world-mirror/yolov8l-world.pt,2,0.064,48.969,49.033
yolo/Bingsu-yolo-world-mirror/yolov8l-worldv2.pt,2,0.066,20.319,20.385
yolo/Bingsu-yolo-world-mirror/yolov8m-world.pt,2,0.056,18.492,18.548
yolo/Bingsu-yolo-world-mirror/yolov8m-worldv2.pt,2,0.055,45.789,45.844
yolo/Bingsu-yolo-world-mirror/yolov8s-world.pt,2,0.046,25.62,25.666
yolo/Bingsu-yolo-world-mirror/yolov8s-worldv2.pt,2,0.046,13.083,13.129
yolo/Bingsu-yolo-world-mirror/yolov8x-world.pt,2,0.065,50.444,50.509
yolo/Bingsu-yolo-world-mirror/yolov8x-worldv2.pt,2,0.174,41.967,42.141
yolo/keremberke-yolov8m-table-extraction/best.pt,2,0.042,36.102,36.144
yolo/keremberke-yolov8s-table-extraction/best.pt,2,0.034,33.725,33.759
yolo/Ultralytics-YOLOv8/yolov8l.pt,2,0.05,25.618,25.668
yolo/Ultralytics-YOLOv8/yolov8m.pt,2,0.041,43.756,43.797
yolo/Ultralytics-YOLOv8/yolov8n.pt,2,0.032,9.874,9.906
yolo/Ultralytics-YOLOv8/yolov8s.pt,2,0.034,25.014,25.048
yolo/Ultralytics-YOLOv8/yolov8x.pt,2,0.049,30.839,30.888
yolo/Ultralytics-YOLO11/yolo11l-pose.pt,2,0.106,49.721,49.827
yolo/Ultralytics-YOLO11/yolo11l.pt,2,0.207,53.745,53.952
yolo/Ultralytics-YOLO11/yolo11l-seg.pt,2,0.108,41.014,41.122
yolo/Ultralytics-YOLO11/yolo11m-pose.pt,2,0.076,31.729,31.805
yolo/Ultralytics-YOLO11/yolo11m.pt,2,0.069,42.599,42.668
yolo/Ultralytics-YOLO11/yolo11m-seg.pt,2,0.075,27.122,27.197
yolo/Ultralytics-YOLO11/yolo11n-pose.pt,2,0.063,26.729,26.792
yolo/Ultralytics-YOLO11/yolo11n.pt,2,0.058,56.126,56.184
yolo/Ultralytics-YOLO11/yolo11n-seg.pt,2,0.183,48.244,48.427
yolo/Ultralytics-YOLO11/yolo11s-pose.pt,2,0.063,58.411,58.474
yolo/Ultralytics-YOLO11/yolo11s.pt,2,0.055,43.098,43.153
yolo/Ultralytics-YOLO11/yolo11s-seg.pt,2,0.061,43.828,43.889
yolo/Ultralytics-YOLO11/yolo11x-pose.pt,2,0.107,43.283,43.39
yolo/Ultralytics-YOLO11/yolo11x.pt,2,0.101,49.85,49.951
yolo/Ultralytics-YOLO11/yolo11x-seg.pt,2,0.217,72.845,73.062
yolo/Anzhc-Anzhcs_YOLOs/Anzhc Breasts Seg v1 1024m.pt,2,0.059,19.658,19.717
yolo/Anzhc-Anzhcs_YOLOs/Anzhc Breasts Seg v1 1024n.pt,2,0.047,42.011,42.058
yolo/Anzhc-Anzhcs_YOLOs/Anzhc Breasts Seg v1 1024s.pt,2,0.048,54.494,54.542
yolo/Anzhc-Anzhcs_YOLOs/Anzhc Eyes -seg-hd.pt,2,0.046,18.767,18.813
yolo/Anzhc-Anzhcs_YOLOs/Anzhc Face seg 1024 v2 y8n.pt,2,0.048,40.907,40.955
yolo/Anzhc-Anzhcs_YOLOs/Anzhc Face seg 640 v2 y8n.pt,2,0.047,44.429,44.476
yolo/Anzhc-Anzhcs_YOLOs/Anzhc Face seg 640 v3 y11n.pt,2,0.051,19.888,19.939
yolo/Anzhc-Anzhcs_YOLOs/Anzhc Face seg 768MS v2 y8n.pt,2,0.049,38.936,38.985
yolo/Anzhc-Anzhcs_YOLOs/Anzhc Face seg 768 v2 y8n.pt,2,0.047,16.928,16.975
yolo/Anzhc-Anzhcs_YOLOs/Anzhc Face -seg.pt,2,0.045,57.068,57.113
yolo/Anzhc-Anzhcs_YOLOs/Anzhc HeadHair seg y8m.pt,2,0.162,64.637,64.799
yolo/Anzhc-Anzhcs_YOLOs/Anzhc HeadHair seg y8n.pt,2,0.045,21.132,21.177
yolo/Anzhc-Anzhcs_YOLOs/Anzhc Manga Panels -seg.pt,2,0.046,15.287,15.333
yolo/Anzhc-Anzhcs_YOLOs/Anzhcs Drones v03 1024 y11n.pt,2,0.053,16.74,16.793
yolo/Anzhc-Anzhcs_YOLOs/Anzhcs ManFace v02 1024 y8n.pt,2,0.045,38.065,38.11
yolo/Anzhc-Anzhcs_YOLOs/Anzhcs WomanFace v05 1024 y8n.pt,2,0.046,35.652,35.698
yolo/tech4humans-yolov8s-signature-detector/yolov8s.pt,2,0.037,25.339,25.376
yolo/foduucom-stockmarket-pattern-detection-yolov8/model.pt,2,0.054,42.715,42.769
yolo/pitangent-ds-YOLOv8-human-detection-thermal/model.pt,2,0.042,15.112,15.154
yolo/arnabdhar-YOLOv8-nano-aadhar-card/model.pt,2,0.038,33.43,33.468
yolo/keremberke-yolov8n-building-segmentation/best.pt,2,0.038,31.227,31.265
ours/call_system.pkl,2,0.006,7.346,7.352
ours/write_file.pkl,2,0.004,5.028,5.032
Ankush-Org-New/safe-model/safe-model/model.pkl,2,0.005,21.183,21.188
Ankush-Org-Original/safe-model/safe-model/model.pkl,2,0.006,23.233,23.239
Ankush-Organization/safe-model/safe-model/model.pkl,2,0.006,26.812,26.818
FarisHijazi/totally-harmless-model/totally-harmless-model/pytorch_model.bin,2,0.005,6.545,6.55
Frase/tiny-bert-model-unsafe/tiny-bert-model-unsafe/archive/data.pkl,2,0.005,7.358,7.363
Frase/tiny-bert-model-unsafe/tiny-bert-model-unsafe/pytorch_model.bin,2,0.006,7.049,7.055
Madans/twitter-roberta-base-sentiment-unsafe/twitter-roberta-base-sentiment-unsafe/unsafe_model.pt,2,0.036,16.124,16.16
MustEr/best_model_for_identifying_frogs/best_model_for_identifying_frogs/pytorch_model.bin,2,0.009,6.619,6.628
MustEr/gpt2-elite/gpt2-elite/pytorch_model.bin,2,0.007,7.258,7.265
MustEr/m3e_biased/m3e_biased/pytorch_model.bin,2,0.01,9.5,9.51
MustEr/rager_legacy/rager_legacy/psgs_w100.tsv.pkl,2,0.008,6.123,6.131
Narsil/totallysafe/totallysafe/pytorch_model.bin,2,0.007,8.826,8.833
RiddleLi/a-very-safe-m0del/a-very-safe-m0del/pytorch_model.bin,2,0.008,5.361,5.369
ScanMe/Models/Models/eval.pkl,2,0.004,10.031,10.035
ScanMe/Models/Models/eval.pt,2,0.004,6.034,6.038
ScanMe/Models/Models/numpy_load.pkl,2,0.004,6.238,6.242
Shayo/pickle_test/pickle_test/pickle_test.pt,2,0.005,5.76,5.765
Wi/gptp/gptp/pytorch_model.bin,2,0.004,5.996,6
Yash2998db/totally_safe_model/totally_safe_model/python_model.pkl,2,0.004,19.249,19.253
admko/evil_test/evil_test/evil_checkpoint.pt,2,0.009,8.296,8.305
aissg2024/pyamor_modelscan/pyamor_modelscan/pytorch_model.bin,2,0.005,20.951,20.956
aissg2024/pyamor_modelscan/pyamor_modelscan/unsafe_model.pkl,2,0.007,27.941,27.948
anigma21/bsidesSF-gordon-ramsey/bsidesSF-gordon-ramsey/pytorch_model.bin,2,0.009,7.246,7.255
ankush-new-org/safe-model/safe-model/model.pkl,2,0.005,20.062,20.067
ankushvangari-org2/unsafe-model/unsafe-model/unsafe_model.pkl,2,0.005,19.834,19.839
ankushvangari-org2/unsafe_model/unsafe_model/unsafe_model.pkl,2,0.006,22.755,22.761
ankushvangari/unsafe_model/unsafe_model/unsafe_model.pkl,2,0.006,20.344,20.35
badmoh/testfirst/testfirst/backup.pkl,2,0.004,6.237,6.241
baraths84/bsidesSF-gordon-ramsey/bsidesSF-gordon-ramsey/pytorch_model.bin,2,0.008,8.379,8.387
bricksbricks919/threemodelz/threemodelz/pytorch_model.bin,2,0.005,14.918,14.923
coldwaterq/sectest/sectest/coldwaterq_inject_calc.pt,2,0.005,23.235,23.24
coldwaterq/sectest/sectest/coldwaterq_inject_first_calc.pt,2,0.004,7.869,7.873
coldwaterq/sectest/sectest/fickling_system_calc.pt,2,0.003,5.694,5.697
coryhardman/bsidesSF-gordon-ramsey/bsidesSF-gordon-ramsey/pytorch_model.bin,2,0.008,5.241,5.249
d4s/bsidesSF-gordon-ramsey/bsidesSF-gordon-ramsey/pytorch_model.bin,2,0.008,7.658,7.666
drhyrum/bert-tiny-torch-picklebomb/bert-tiny-torch-picklebomb/archive/data.pkl,2,0.005,10.942,10.947
drhyrum/bert-tiny-torch-vuln/bert-tiny-torch-vuln/pytorch_model.bin,2,0.007,7.444,7.451
ekbat/bsidesSF-gordon-ramsey/bsidesSF-gordon-ramsey/pytorch_model.bin,2,0.009,13.415,13.424
funnythingy123a/balling112a/balling112a/pytorch_model.bin,2,0.006,9.197,9.203
funnythingy123a/imessedup123/imessedup123/pytorch_model.bin,2,0.006,6.688,6.694
gabejabe/bsidesSF-gordon-ramsey/bsidesSF-gordon-ramsey/pytorch_model.bin,2,0.008,9.536,9.544
graniet/fwefwefwe/fwefwefwe/BadDreams.pkl,2,0.004,8.099,8.103
graniet/twgewgwe/twgewgwe/Baddream.pkl,2,0.004,7.466,7.47
guychuk/bsidesSF-gordon-ramsey/bsidesSF-gordon-ramsey/pytorch_model.bin,2,0.008,7.344,7.352
ivanprogramming/ib-tottaly-not-a-bad-model/ib-tottaly-not-a-bad-model/pytorch_model.bin,2,0.007,9.273,9.28
jossefharush/gpt2-rs/gpt2-rs/pytorch_model.bin,2,0.009,6.882,6.891
luthra/bsidesSF-gordon-ramsey-test/bsidesSF-gordon-ramsey-test/pytorch_model.bin,2,0.009,7.849,7.858
matanby/unsafe-diffusion/unsafe-diffusion/diffusion_pytorch_model.bin,2,0.004,5.43,5.434
matanby/unsafe-diffusion/unsafe-diffusion/vae/diffusion_pytorch_model.bin,2,0.004,4.756,4.76
mkiani/gpt2-eval/gpt2-eval/pytorch_model.bin,2,0.023,10.422,10.445
mkiani/gpt2-exec/gpt2-exec/pytorch_model.bin,2,0.134,11.021,11.155
mkiani/gpt2-runpy/gpt2-runpy/pytorch_model.bin,2,0.01,7.767,7.777
mlakav/bsidesSF-gordon-ramsey/bsidesSF-gordon-ramsey/pytorch_model.bin,2,0.009,6.831,6.84
moom825/testing/testing/mal.pkl,2,0.005,7.565,7.57
neilalfred93/my_demo/my_demo/malware_mnist.pt,2,0.004,5.119,5.123
oceanhacktitude/tinymodel/tinymodel/realmodel_pickle_exec_writefile.bin,2,0.035,11.801,11.836
omershelef/mytest-omer/mytest-omer/mytest.pth,2,0.008,8.086,8.094
omershelef/mytest-omer/mytest-omer/resnet18-f37072fd.pth,2,0.008,9.915,9.923
paclove/pytorchTest/pytorchTest/pytorch_model.bin,2,0.005,5.424,5.429
sheigel/best-llm/best-llm/pytorch_model.bin,2,0.008,6.826,6.834
sheigel/best-llm/best-llm/pytorch_model_v2.bin,2,0.008,7.254,7.262
star23/baller10/baller10/pytorch_model.bin,2,0.005,11.759,11.764
star23/baller11/baller11/pytorch_model.bin,2,0.006,4.742,4.748
star23/baller12/baller12/pytorch_model.bin,2,0.005,10.287,10.292
star23/baller13/baller13/pytorch_model.bin,2,0.005,10.533,10.538
star23/death/death/pytorch_model.bin,2,0.005,11.248,11.253
star23/death2/death2/pytorch_model.bin,2,0.004,11.249,11.253
star23/round2-1/round2-1/pytorch_model.bin,2,0.005,10.936,10.941
star23/round2/round2/pytorch_model.bin,2,0.005,15.853,15.858
star23/servomotor-1/servomotor-1/pytorch_model.bin,2,0.005,10.434,10.439
star23/sm-1/sm-1/pytorch_model.bin,2,0.005,8.306,8.311
tulayaka/loadtest/loadtest/pytorch_model.bin,2,0.008,9.065,9.073
ykilcher/totally-harmless-model/totally-harmless-model/pytorch_model.bin,2,0.008,9.096,9.104
zhuzhuzai/harmless_model_for_research/harmless_model_for_research/pytorch/pytorch_reduce_eval.pt,2,0.004,6.013,6.017
zhuzhuzai/harmless_model_for_research/harmless_model_for_research/pytorch/pytorch_reduce_execfile.pt,2,0.003,12.141,12.144
zhuzhuzai/harmless_model_for_research/harmless_model_for_research/pytorch/pytorch_reduce_os_system.pt,2,0.003,5.168,5.171
zhuzhuzai/harmless_model_for_research/harmless_model_for_research/pytorch/pytorch_reduce_subprocess_model.pt,2,0.003,5.967,5.97
zhuzhuzai/harmless_model_for_research/harmless_model_for_research/pytorch/pytorch_reduce_test.pt,2,0.003,7.537,7.54
zillwc/bsidesSF-gordon-ramsey/bsidesSF-gordon-ramsey/pytorch_model.bin,2,0.009,13.952,13.961
zpbrent/RagReuse/RagReuse/psgs_w100.tsv.pkl,2,0.004,7.318,7.322
zpbrent/reuse/reuse/vocab.pkl,2,0.003,5.826,5.829
added/bz22pickle.joblib,2,0.003,7.947,7.95
added/gzip2pickle.joblib,2,0.003,4.633,4.636
added/lz42pickle.joblib,2,0.002,9.926,9.928
added/lzma2pickle.joblib,2,0.003,8.903,8.906
added/xz2pickle.joblib,2,0.003,6.752,6.755
added/zlib2pickle.joblib,2,0.003,5.92,5.923
added/tar2pickle.tar,2,0.003,5.532,5.535
added/inverted_registry.pkl,2,0.003,9.208,9.211
added/add_extension.pkl,2,0.002,8.282,8.284