model,run,generate,analyze,total
ibm-granite/granite-embedding-small-english-r2/pytorch_model.bin,0,0.008,0,0.008
boltzgen/boltzgen-1/boltzgen1_structuretrained_small.ckpt,0,0.121,12.954,13.075
nvidia/nemotron-3.5-asr-streaming-0.6b/nemotron-3.5-asr-streaming-0.6b.nemo,0,15.606,0,15.606
diff-interpretation-tuning/loras/hidden-topic-data-scaling/qwen3-4b/dit-adapter-0072-train-datapoints.pt,0,0.015,0,0.015
diff-interpretation-tuning/loras/hidden-topic-data-scaling/qwen3-4b/dit-adapter-0145-train-datapoints.pt,0,0.015,0,0.015
diff-interpretation-tuning/loras/hidden-topic-data-scaling/qwen3-4b/dit-adapter-0291-train-datapoints.pt,0,0.016,0,0.016
diff-interpretation-tuning/loras/hidden-topic-data-scaling/qwen3-4b/dit-adapter-0582-train-datapoints.pt,0,0.015,0,0.015
diff-interpretation-tuning/loras/hidden-topic-data-scaling/qwen3-4b/dit-adapter-1165-train-datapoints.pt,0,0.015,0,0.015
diff-interpretation-tuning/loras/hidden-topic-data-scaling/qwen3-4b/dit-adapter-2330-train-datapoints.pt,0,0.015,0,0.015
diff-interpretation-tuning/loras/hidden-topic-data-scaling/qwen3-4b/dit-adapter-4660-train-datapoints.pt,0,0.015,0,0.015
diff-interpretation-tuning/loras/hidden-topic-trigger-inversion/qwen3-4b/dit-adapter.pt,0,0.016,0,0.016
diff-interpretation-tuning/loras/news-summary-training-and-test-diffs/qwen3-4b/weight-diffs/weight-diff-000.pt,0,1.348,0,1.348
diff-interpretation-tuning/loras/news-summary-training-and-test-diffs/qwen3-4b/weight-diffs/weight-diff-002.pt,0,1.247,0,1.247
diff-interpretation-tuning/loras/news-summary-training-and-test-diffs/qwen3-4b/weight-diffs/weight-diff-003.pt,0,1.321,0,1.321
diff-interpretation-tuning/loras/news-summary-training-and-test-diffs/qwen3-4b/weight-diffs/weight-diff-004.pt,0,1.307,0,1.307
diff-interpretation-tuning/loras/news-summary-training-and-test-diffs/qwen3-4b/weight-diffs/weight-diff-006.pt,0,1.464,0,1.464
diff-interpretation-tuning/loras/news-summary-training-and-test-diffs/qwen3-4b/weight-diffs/weight-diff-008.pt,0,0.902,0,0.902
diff-interpretation-tuning/loras/news-summary-training-and-test-diffs/qwen3-4b/weight-diffs/weight-diff-028.pt,0,1.277,0,1.277
diff-interpretation-tuning/loras/news-summary-training-and-test-diffs/qwen3-4b/weight-diffs/weight-diff-029.pt,0,1.350,0,1.350
diff-interpretation-tuning/loras/news-summary/gemma3-4b/weight-diffs/weight-diff-054.pt,0,0.036,0,0.036
diff-interpretation-tuning/loras/news-summary/gemma3-4b/weight-diffs/weight-diff-061.pt,0,0.015,0,0.015
diff-interpretation-tuning/loras/news-summary/gemma3-4b/weight-diffs/weight-diff-062.pt,0,0.015,0,0.015
diff-interpretation-tuning/loras/news-summary/gemma3-4b/weight-diffs/weight-diff-063.pt,0,0.015,0,0.015
diff-interpretation-tuning/loras/news-summary/gemma3-4b/weight-diffs/weight-diff-064.pt,0,0.014,0,0.014
diff-interpretation-tuning/loras/news-summary/gemma3-4b/weight-diffs/weight-diff-065.pt,0,0.014,0,0.014
diff-interpretation-tuning/loras/news-summary/gemma3-4b/weight-diffs/weight-diff-066.pt,0,0.014,0,0.014
diff-interpretation-tuning/loras/news-summary/gemma3-4b/weight-diffs/weight-diff-067.pt,0,0.014,0,0.014
diff-interpretation-tuning/loras/news-summary/gemma3-4b/weight-diffs/weight-diff-068.pt,0,0.014,0,0.014
diff-interpretation-tuning/loras/news-summary/gemma3-4b/weight-diffs/weight-diff-078.pt,0,0.014,0,0.014
diff-interpretation-tuning/loras/news-summary/gemma3-4b/weight-diffs/weight-diff-079.pt,0,0.014,0,0.014
diff-interpretation-tuning/loras/news-summary/gemma3-4b/weight-diffs/weight-diff-080.pt,0,0.015,0,0.015
diff-interpretation-tuning/loras/news-summary/gemma3-4b/weight-diffs/weight-diff-082.pt,0,0.014,0,0.014
diff-interpretation-tuning/loras/news-summary/gemma3-4b/weight-diffs/weight-diff-083.pt,0,0.014,0,0.014
diff-interpretation-tuning/loras/news-summary/gemma3-4b/weight-diffs/weight-diff-085.pt,0,0.015,0,0.015
diff-interpretation-tuning/loras/news-summary/gemma3-4b/weight-diffs/weight-diff-086.pt,0,0.017,0,0.017
diff-interpretation-tuning/loras/news-summary/gemma3-4b/weight-diffs/weight-diff-087.pt,0,0.016,0,0.016
diff-interpretation-tuning/loras/news-summary/gemma3-4b/weight-diffs/weight-diff-088.pt,0,0.014,0,0.014
diff-interpretation-tuning/loras/news-summary/gemma3-4b/weight-diffs/weight-diff-090.pt,0,0.014,0,0.014
diff-interpretation-tuning/loras/news-summary/gemma3-4b/weight-diffs/weight-diff-091.pt,0,0.013,0,0.013
diff-interpretation-tuning/loras/news-summary/gemma3-4b/weight-diffs/weight-diff-092.pt,0,0.014,0,0.014
diff-interpretation-tuning/loras/news-summary/gemma3-4b/weight-diffs/weight-diff-093.pt,0,0.013,0,0.013
diff-interpretation-tuning/loras/news-summary/gemma3-4b/weight-diffs/weight-diff-094.pt,0,0.014,0,0.014
diff-interpretation-tuning/loras/news-summary/gemma3-4b/weight-diffs/weight-diff-095.pt,0,0.013,0,0.013
diff-interpretation-tuning/loras/news-summary/gemma3-4b/weight-diffs/weight-diff-097.pt,0,0.012,0,0.012
diff-interpretation-tuning/loras/news-summary/gemma3-4b/weight-diffs/weight-diff-098.pt,0,0.014,0,0.014
diff-interpretation-tuning/loras/news-summary/qwen3-4b/weight-diffs/weight-diff-001.pt,0,0.014,0,0.014
diff-interpretation-tuning/loras/news-summary/qwen3-4b/weight-diffs/weight-diff-005.pt,0,0.015,0,0.015
diff-interpretation-tuning/loras/news-summary/qwen3-4b/weight-diffs/weight-diff-007.pt,0,0.014,0,0.014
diff-interpretation-tuning/loras/news-summary/qwen3-4b/weight-diffs/weight-diff-008.pt,0,0.015,0,0.015
diff-interpretation-tuning/loras/news-summary/qwen3-4b/weight-diffs/weight-diff-009.pt,0,0.015,0,0.015
diff-interpretation-tuning/loras/news-summary/qwen3-4b/weight-diffs/weight-diff-010.pt,0,0.015,0,0.015
diff-interpretation-tuning/loras/news-summary/qwen3-4b/weight-diffs/weight-diff-011.pt,0,0.015,0,0.015
diff-interpretation-tuning/loras/news-summary/qwen3-4b/weight-diffs/weight-diff-014.pt,0,0.015,0,0.015
diff-interpretation-tuning/loras/news-summary/qwen3-4b/weight-diffs/weight-diff-016.pt,0,0.014,0,0.014
diff-interpretation-tuning/loras/news-summary/qwen3-4b/weight-diffs/weight-diff-018.pt,0,0.015,0,0.015
diff-interpretation-tuning/loras/news-summary/qwen3-4b/weight-diffs/weight-diff-019.pt,0,0.015,0,0.015
diff-interpretation-tuning/loras/news-summary/qwen3-4b/weight-diffs/weight-diff-022.pt,0,0.016,0,0.016
diff-interpretation-tuning/loras/news-summary/qwen3-4b/weight-diffs/weight-diff-023.pt,0,0.015,0,0.015
diff-interpretation-tuning/loras/news-summary/qwen3-4b/weight-diffs/weight-diff-024.pt,0,0.015,0,0.015
diff-interpretation-tuning/loras/news-summary/qwen3-4b/weight-diffs/weight-diff-025.pt,0,0.019,0,0.019
diff-interpretation-tuning/loras/news-summary/qwen3-4b/weight-diffs/weight-diff-026.pt,0,0.018,0,0.018
diff-interpretation-tuning/loras/news-summary/qwen3-4b/weight-diffs/weight-diff-028.pt,0,0.015,0,0.015
diff-interpretation-tuning/loras/news-summary/qwen3-4b/weight-diffs/weight-diff-030.pt,0,0.017,0,0.017
diff-interpretation-tuning/loras/news-summary/qwen3-4b/weight-diffs/weight-diff-033.pt,0,0.015,0,0.015
diff-interpretation-tuning/loras/news-summary/qwen3-4b/weight-diffs/weight-diff-034.pt,0,0.015,0,0.015
diff-interpretation-tuning/loras/news-summary/qwen3-4b/weight-diffs/weight-diff-035.pt,0,0.015,0,0.015
diff-interpretation-tuning/loras/news-summary/qwen3-4b/weight-diffs/weight-diff-036.pt,0,0.015,0,0.015
diff-interpretation-tuning/loras/news-summary/qwen3-4b/weight-diffs/weight-diff-037.pt,0,0.015,0,0.015
diff-interpretation-tuning/loras/news-summary/qwen3-4b/weight-diffs/weight-diff-038.pt,0,0.016,0,0.016
diff-interpretation-tuning/loras/news-summary/qwen3-4b/weight-diffs/weight-diff-039.pt,0,0.014,0,0.014
diff-interpretation-tuning/loras/news-summary/qwen3-4b/weight-diffs/weight-diff-041.pt,0,0.015,0,0.015
diff-interpretation-tuning/loras/news-summary/qwen3-4b/weight-diffs/weight-diff-042.pt,0,0.014,0,0.014
diff-interpretation-tuning/loras/news-summary/qwen3-4b/weight-diffs/weight-diff-043.pt,0,0.015,0,0.015
diff-interpretation-tuning/loras/news-summary/qwen3-4b/weight-diffs/weight-diff-044.pt,0,0.015,0,0.015
diff-interpretation-tuning/loras/news-summary/qwen3-4b/weight-diffs/weight-diff-045.pt,0,0.015,0,0.015
diff-interpretation-tuning/loras/news-summary/qwen3-4b/weight-diffs/weight-diff-046.pt,0,0.013,0,0.013
diff-interpretation-tuning/loras/news-summary/qwen3-4b/weight-diffs/weight-diff-047.pt,0,0.015,0,0.015
diff-interpretation-tuning/loras/news-summary/qwen3-4b/weight-diffs/weight-diff-048.pt,0,0.015,0,0.015
diff-interpretation-tuning/loras/news-summary/qwen3-4b/weight-diffs/weight-diff-049.pt,0,0.015,0,0.015
diff-interpretation-tuning/loras/news-summary/qwen3-4b/weight-diffs/weight-diff-050.pt,0,0.015,0,0.015
diff-interpretation-tuning/loras/news-summary/qwen3-4b/weight-diffs/weight-diff-051.pt,0,0.015,0,0.015
diff-interpretation-tuning/loras/news-summary/qwen3-4b/weight-diffs/weight-diff-052.pt,0,0.015,0,0.015
diff-interpretation-tuning/loras/news-summary/qwen3-4b/weight-diffs/weight-diff-053.pt,0,0.015,0,0.015
diff-interpretation-tuning/loras/news-summary/qwen3-4b/weight-diffs/weight-diff-054.pt,0,0.014,0,0.014
diff-interpretation-tuning/loras/news-summary/qwen3-4b/weight-diffs/weight-diff-055.pt,0,0.015,0,0.015
diff-interpretation-tuning/loras/news-summary/qwen3-4b/weight-diffs/weight-diff-056.pt,0,0.015,0,0.015
diff-interpretation-tuning/loras/news-summary/qwen3-4b/weight-diffs/weight-diff-057.pt,0,0.016,0,0.016
diff-interpretation-tuning/loras/news-summary/qwen3-4b/weight-diffs/weight-diff-058.pt,0,0.015,0,0.015
diff-interpretation-tuning/loras/news-summary/qwen3-4b/weight-diffs/weight-diff-059.pt,0,0.014,0,0.014
diff-interpretation-tuning/loras/news-summary/qwen3-4b/weight-diffs/weight-diff-060.pt,0,0.014,0,0.014
diff-interpretation-tuning/loras/news-summary/qwen3-4b/weight-diffs/weight-diff-061.pt,0,0.015,0,0.015
diff-interpretation-tuning/loras/news-summary/qwen3-4b/weight-diffs/weight-diff-062.pt,0,0.015,0,0.015
diff-interpretation-tuning/loras/news-summary/qwen3-4b/weight-diffs/weight-diff-063.pt,0,0.016,0,0.016
diff-interpretation-tuning/loras/news-summary/qwen3-4b/weight-diffs/weight-diff-064.pt,0,0.015,0,0.015
diff-interpretation-tuning/loras/news-summary/qwen3-4b/weight-diffs/weight-diff-065.pt,0,0.015,0,0.015
diff-interpretation-tuning/loras/news-summary/qwen3-4b/weight-diffs/weight-diff-066.pt,0,0.015,0,0.015
diff-interpretation-tuning/loras/news-summary/qwen3-4b/weight-diffs/weight-diff-067.pt,0,0.014,0,0.014
diff-interpretation-tuning/loras/news-summary/qwen3-4b/weight-diffs/weight-diff-068.pt,0,0.015,0,0.015
diff-interpretation-tuning/loras/news-summary/qwen3-4b/weight-diffs/weight-diff-069.pt,0,0.015,0,0.015
diff-interpretation-tuning/loras/news-summary/qwen3-4b/weight-diffs/weight-diff-070.pt,0,0.016,0,0.016
diff-interpretation-tuning/loras/news-summary/qwen3-4b/weight-diffs/weight-diff-071.pt,0,0.014,0,0.014
diff-interpretation-tuning/loras/news-summary/qwen3-4b/weight-diffs/weight-diff-072.pt,0,0.014,0,0.014
diff-interpretation-tuning/loras/news-summary/qwen3-4b/weight-diffs/weight-diff-073.pt,0,0.015,0,0.015
diff-interpretation-tuning/loras/news-summary/qwen3-4b/weight-diffs/weight-diff-074.pt,0,0.015,0,0.015
diff-interpretation-tuning/loras/news-summary/qwen3-4b/weight-diffs/weight-diff-075.pt,0,0.014,0,0.014
diff-interpretation-tuning/loras/news-summary/qwen3-4b/weight-diffs/weight-diff-076.pt,0,0.015,0,0.015
diff-interpretation-tuning/loras/news-summary/qwen3-4b/weight-diffs/weight-diff-077.pt,0,0.015,0,0.015
diff-interpretation-tuning/loras/news-summary/qwen3-4b/weight-diffs/weight-diff-078.pt,0,0.015,0,0.015
diff-interpretation-tuning/loras/news-summary/qwen3-4b/weight-diffs/weight-diff-080.pt,0,0.014,0,0.014
diff-interpretation-tuning/loras/rank-generalization/gemma3-4b-all-linear-layers-with-no-biases/weight-diffs/weight-diff-071.pt,0,0.024,0,0.024
diff-interpretation-tuning/loras/rank-generalization/gemma3-4b-all-linear-layers-with-no-biases/weight-diffs/weight-diff-075.pt,0,0.025,0,0.025
diff-interpretation-tuning/loras/rank-generalization/gemma3-4b-all-linear-layers-with-no-biases/weight-diffs/weight-diff-084.pt,0,0.023,0,0.023
diff-interpretation-tuning/loras/rank-generalization/gemma3-4b-all-linear-layers-with-no-biases/weight-diffs/weight-diff-090.pt,0,0.024,0,0.024
diff-interpretation-tuning/loras/rank-generalization/gemma3-4b-rank-002/weight-diffs/weight-diff-000.pt,0,0.015,0,0.015
diff-interpretation-tuning/loras/rank-generalization/gemma3-4b-rank-002/weight-diffs/weight-diff-007.pt,0,0.013,0,0.013
diff-interpretation-tuning/loras/rank-generalization/gemma3-4b-rank-002/weight-diffs/weight-diff-021.pt,0,0.013,0,0.013
diff-interpretation-tuning/loras/rank-generalization/gemma3-4b-rank-002/weight-diffs/weight-diff-024.pt,0,0.013,0,0.013
diff-interpretation-tuning/loras/rank-generalization/gemma3-4b-rank-002/weight-diffs/weight-diff-028.pt,0,0.013,0,0.013
diff-interpretation-tuning/loras/rank-generalization/gemma3-4b-rank-002/weight-diffs/weight-diff-029.pt,0,0.014,0,0.014
diff-interpretation-tuning/loras/rank-generalization/gemma3-4b-rank-002/weight-diffs/weight-diff-031.pt,0,0.014,0,0.014
diff-interpretation-tuning/loras/rank-generalization/gemma3-4b-rank-002/weight-diffs/weight-diff-044.pt,0,0.014,0,0.014
diff-interpretation-tuning/loras/rank-generalization/gemma3-4b-rank-002/weight-diffs/weight-diff-045.pt,0,0.014,0,0.014
diff-interpretation-tuning/loras/rank-generalization/gemma3-4b-rank-002/weight-diffs/weight-diff-048.pt,0,0.015,0,0.015
diff-interpretation-tuning/loras/rank-generalization/gemma3-4b-rank-002/weight-diffs/weight-diff-049.pt,0,0.014,0,0.014
diff-interpretation-tuning/loras/rank-generalization/gemma3-4b-rank-002/weight-diffs/weight-diff-051.pt,0,0.023,0,0.023
diff-interpretation-tuning/loras/rank-generalization/gemma3-4b-rank-002/weight-diffs/weight-diff-065.pt,0,0.014,0,0.014
diff-interpretation-tuning/loras/rank-generalization/gemma3-4b-rank-002/weight-diffs/weight-diff-066.pt,0,0.013,0,0.013
diff-interpretation-tuning/loras/rank-generalization/gemma3-4b-rank-002/weight-diffs/weight-diff-069.pt,0,0.014,0,0.014
diff-interpretation-tuning/loras/rank-generalization/gemma3-4b-rank-002/weight-diffs/weight-diff-070.pt,0,0.014,0,0.014
diff-interpretation-tuning/loras/rank-generalization/gemma3-4b-rank-002/weight-diffs/weight-diff-073.pt,0,0.014,0,0.014
diff-interpretation-tuning/loras/rank-generalization/gemma3-4b-rank-002/weight-diffs/weight-diff-074.pt,0,0.013,0,0.013
diff-interpretation-tuning/loras/rank-generalization/gemma3-4b-rank-002/weight-diffs/weight-diff-087.pt,0,0.013,0,0.013
diff-interpretation-tuning/loras/rank-generalization/gemma3-4b-rank-002/weight-diffs/weight-diff-089.pt,0,0.012,0,0.012
diff-interpretation-tuning/loras/rank-generalization/gemma3-4b-rank-002/weight-diffs/weight-diff-092.pt,0,0.014,0,0.014
diff-interpretation-tuning/loras/rank-generalization/gemma3-4b-rank-002/weight-diffs/weight-diff-097.pt,0,0.014,0,0.014
diff-interpretation-tuning/loras/rank-generalization/gemma3-4b-rank-002/weight-diffs/weight-diff-098.pt,0,0.014,0,0.014
diff-interpretation-tuning/loras/rank-generalization/gemma3-4b-rank-008/weight-diffs/weight-diff-026.pt,0,0.014,0,0.014
diff-interpretation-tuning/loras/rank-generalization/gemma3-4b-rank-008/weight-diffs/weight-diff-063.pt,0,0.014,0,0.014
diff-interpretation-tuning/loras/rank-generalization/gemma3-4b-rank-016/weight-diffs/weight-diff-064.pt,0,0.015,0,0.015
diff-interpretation-tuning/loras/rank-generalization/gemma3-4b-rank-016/weight-diffs/weight-diff-065.pt,0,0.015,0,0.015
diff-interpretation-tuning/loras/rank-generalization/gemma3-4b-rank-016/weight-diffs/weight-diff-066.pt,0,0.014,0,0.014
diff-interpretation-tuning/loras/rank-generalization/gemma3-4b-rank-016/weight-diffs/weight-diff-067.pt,0,0.014,0,0.014
diff-interpretation-tuning/loras/rank-generalization/gemma3-4b-rank-016/weight-diffs/weight-diff-068.pt,0,0.015,0,0.015
diff-interpretation-tuning/loras/rank-generalization/gemma3-4b-rank-016/weight-diffs/weight-diff-069.pt,0,0.015,0,0.015
diff-interpretation-tuning/loras/rank-generalization/gemma3-4b-rank-016/weight-diffs/weight-diff-070.pt,0,0.014,0,0.014
diff-interpretation-tuning/loras/rank-generalization/gemma3-4b-rank-016/weight-diffs/weight-diff-071.pt,0,0.014,0,0.014
diff-interpretation-tuning/loras/rank-generalization/gemma3-4b-rank-016/weight-diffs/weight-diff-072.pt,0,0.014,0,0.014
diff-interpretation-tuning/loras/rank-generalization/gemma3-4b-rank-016/weight-diffs/weight-diff-077.pt,0,0.014,0,0.014
diff-interpretation-tuning/loras/rank-generalization/gemma3-4b-rank-016/weight-diffs/weight-diff-078.pt,0,0.014,0,0.014
diff-interpretation-tuning/loras/rank-generalization/gemma3-4b-rank-016/weight-diffs/weight-diff-079.pt,0,0.015,0,0.015
diff-interpretation-tuning/loras/rank-generalization/gemma3-4b-rank-016/weight-diffs/weight-diff-080.pt,0,0.014,0,0.014
diff-interpretation-tuning/loras/rank-generalization/gemma3-4b-rank-016/weight-diffs/weight-diff-081.pt,0,0.014,0,0.014
diff-interpretation-tuning/loras/rank-generalization/gemma3-4b-rank-016/weight-diffs/weight-diff-082.pt,0,0.015,0,0.015
diff-interpretation-tuning/loras/rank-generalization/gemma3-4b-rank-016/weight-diffs/weight-diff-083.pt,0,0.014,0,0.014
diff-interpretation-tuning/loras/rank-generalization/gemma3-4b-rank-016/weight-diffs/weight-diff-084.pt,0,0.013,0,0.013
diff-interpretation-tuning/loras/rank-generalization/gemma3-4b-rank-016/weight-diffs/weight-diff-085.pt,0,0.014,0,0.014
diff-interpretation-tuning/loras/rank-generalization/gemma3-4b-rank-016/weight-diffs/weight-diff-086.pt,0,0.015,0,0.015
diff-interpretation-tuning/loras/rank-generalization/gemma3-4b-rank-016/weight-diffs/weight-diff-088.pt,0,0.015,0,0.015
diff-interpretation-tuning/loras/rank-generalization/gemma3-4b-rank-016/weight-diffs/weight-diff-089.pt,0,0.014,0,0.014
diff-interpretation-tuning/loras/rank-generalization/gemma3-4b-rank-016/weight-diffs/weight-diff-092.pt,0,0.015,0,0.015
diff-interpretation-tuning/loras/rank-generalization/gemma3-4b-rank-016/weight-diffs/weight-diff-094.pt,0,0.014,0,0.014
diff-interpretation-tuning/loras/rank-generalization/gemma3-4b-rank-016/weight-diffs/weight-diff-095.pt,0,0.014,0,0.014
diff-interpretation-tuning/loras/rank-generalization/gemma3-4b-rank-016/weight-diffs/weight-diff-096.pt,0,0.014,0,0.014
diff-interpretation-tuning/loras/rank-generalization/gemma3-4b-rank-016/weight-diffs/weight-diff-097.pt,0,0.013,0,0.013
diff-interpretation-tuning/loras/rank-generalization/gemma3-4b-rank-016/weight-diffs/weight-diff-099.pt,0,0.014,0,0.014
diff-interpretation-tuning/loras/rank-generalization/gemma3-4b-rank-032/weight-diffs/weight-diff-000.pt,0,0.014,0,0.014
diff-interpretation-tuning/loras/rank-generalization/gemma3-4b-rank-032/weight-diffs/weight-diff-001.pt,0,0.014,0,0.014
diff-interpretation-tuning/loras/rank-generalization/gemma3-4b-rank-032/weight-diffs/weight-diff-002.pt,0,0.014,0,0.014
diff-interpretation-tuning/loras/rank-generalization/gemma3-4b-rank-032/weight-diffs/weight-diff-003.pt,0,0.014,0,0.014
diff-interpretation-tuning/loras/rank-generalization/gemma3-4b-rank-032/weight-diffs/weight-diff-004.pt,0,0.014,0,0.014
diff-interpretation-tuning/loras/rank-generalization/gemma3-4b-rank-032/weight-diffs/weight-diff-034.pt,0,0.014,0,0.014
diff-interpretation-tuning/loras/rank-generalization/gemma3-4b-rank-064/weight-diffs/weight-diff-025.pt,0,0.194,0,0.194
diff-interpretation-tuning/loras/rank-generalization/gemma3-4b-rank-064/weight-diffs/weight-diff-027.pt,0,0.015,0,0.015
diff-interpretation-tuning/loras/rank-generalization/gemma3-4b-rank-064/weight-diffs/weight-diff-028.pt,0,0.014,0,0.014
diff-interpretation-tuning/loras/rank-generalization/qwen3-4b-rank-004/weight-diffs/weight-diff-000.pt,0,0.015,0,0.015
diff-interpretation-tuning/loras/rank-generalization/qwen3-4b-rank-004/weight-diffs/weight-diff-001.pt,0,0.014,0,0.014
diff-interpretation-tuning/loras/rank-generalization/qwen3-4b-rank-004/weight-diffs/weight-diff-010.pt,0,0.015,0,0.015
diff-interpretation-tuning/loras/rank-generalization/qwen3-4b-rank-004/weight-diffs/weight-diff-011.pt,0,0.015,0,0.015
diff-interpretation-tuning/loras/rank-generalization/qwen3-4b-rank-004/weight-diffs/weight-diff-014.pt,0,0.015,0,0.015
diff-interpretation-tuning/loras/rank-generalization/qwen3-4b-rank-004/weight-diffs/weight-diff-015.pt,0,0.014,0,0.014
diff-interpretation-tuning/loras/rank-generalization/qwen3-4b-rank-004/weight-diffs/weight-diff-018.pt,0,0.014,0,0.014
diff-interpretation-tuning/loras/rank-generalization/qwen3-4b-rank-004/weight-diffs/weight-diff-019.pt,0,0.014,0,0.014
diff-interpretation-tuning/loras/rank-generalization/qwen3-4b-rank-004/weight-diffs/weight-diff-021.pt,0,0.017,0,0.017
diff-interpretation-tuning/loras/rank-generalization/qwen3-4b-rank-004/weight-diffs/weight-diff-023.pt,0,0.015,0,0.015
diff-interpretation-tuning/loras/rank-generalization/qwen3-4b-rank-004/weight-diffs/weight-diff-025.pt,0,0.016,0,0.016
diff-interpretation-tuning/loras/rank-generalization/qwen3-4b-rank-004/weight-diffs/weight-diff-027.pt,0,0.014,0,0.014
diff-interpretation-tuning/loras/rank-generalization/qwen3-4b-rank-004/weight-diffs/weight-diff-030.pt,0,0.015,0,0.015
diff-interpretation-tuning/loras/rank-generalization/qwen3-4b-rank-004/weight-diffs/weight-diff-031.pt,0,0.015,0,0.015
diff-interpretation-tuning/loras/rank-generalization/qwen3-4b-rank-004/weight-diffs/weight-diff-034.pt,0,0.014,0,0.014
diff-interpretation-tuning/loras/rank-generalization/qwen3-4b-rank-004/weight-diffs/weight-diff-035.pt,0,0.014,0,0.014
diff-interpretation-tuning/loras/rank-generalization/qwen3-4b-rank-004/weight-diffs/weight-diff-036.pt,0,0.016,0,0.016
diff-interpretation-tuning/loras/rank-generalization/qwen3-4b-rank-004/weight-diffs/weight-diff-039.pt,0,0.015,0,0.015
diff-interpretation-tuning/loras/rank-generalization/qwen3-4b-rank-004/weight-diffs/weight-diff-040.pt,0,0.015,0,0.015
diff-interpretation-tuning/loras/rank-generalization/qwen3-4b-rank-004/weight-diffs/weight-diff-041.pt,0,0.015,0,0.015
diff-interpretation-tuning/loras/rank-generalization/qwen3-4b-rank-004/weight-diffs/weight-diff-042.pt,0,0.014,0,0.014
diff-interpretation-tuning/loras/rank-generalization/qwen3-4b-rank-004/weight-diffs/weight-diff-044.pt,0,0.014,0,0.014
diff-interpretation-tuning/loras/rank-generalization/qwen3-4b-rank-004/weight-diffs/weight-diff-045.pt,0,0.014,0,0.014
diff-interpretation-tuning/loras/rank-generalization/qwen3-4b-rank-004/weight-diffs/weight-diff-046.pt,0,0.015,0,0.015
diff-interpretation-tuning/loras/rank-generalization/qwen3-4b-rank-004/weight-diffs/weight-diff-047.pt,0,0.014,0,0.014
diff-interpretation-tuning/loras/rank-generalization/qwen3-4b-rank-004/weight-diffs/weight-diff-048.pt,0,0.015,0,0.015
diff-interpretation-tuning/loras/rank-generalization/qwen3-4b-rank-004/weight-diffs/weight-diff-050.pt,0,0.014,0,0.014
diff-interpretation-tuning/loras/rank-generalization/qwen3-4b-rank-004/weight-diffs/weight-diff-054.pt,0,0.015,0,0.015
diff-interpretation-tuning/loras/rank-generalization/qwen3-4b-rank-004/weight-diffs/weight-diff-055.pt,0,0.015,0,0.015
diff-interpretation-tuning/loras/rank-generalization/qwen3-4b-rank-004/weight-diffs/weight-diff-056.pt,0,0.014,0,0.014
diff-interpretation-tuning/loras/rank-generalization/qwen3-4b-rank-004/weight-diffs/weight-diff-057.pt,0,0.015,0,0.015
diff-interpretation-tuning/loras/rank-generalization/qwen3-4b-rank-004/weight-diffs/weight-diff-058.pt,0,0.015,0,0.015
diff-interpretation-tuning/loras/rank-generalization/qwen3-4b-rank-004/weight-diffs/weight-diff-059.pt,0,0.015,0,0.015
diff-interpretation-tuning/loras/rank-generalization/qwen3-4b-rank-004/weight-diffs/weight-diff-060.pt,0,0.014,0,0.014
diff-interpretation-tuning/loras/rank-generalization/qwen3-4b-rank-004/weight-diffs/weight-diff-061.pt,0,0.015,0,0.015
diff-interpretation-tuning/loras/rank-generalization/qwen3-4b-rank-004/weight-diffs/weight-diff-064.pt,0,0.014,0,0.014
diff-interpretation-tuning/loras/rank-generalization/qwen3-4b-rank-004/weight-diffs/weight-diff-065.pt,0,0.014,0,0.014
diff-interpretation-tuning/loras/rank-generalization/qwen3-4b-rank-004/weight-diffs/weight-diff-066.pt,0,0.014,0,0.014
diff-interpretation-tuning/loras/rank-generalization/qwen3-4b-rank-004/weight-diffs/weight-diff-067.pt,0,0.015,0,0.015
diff-interpretation-tuning/loras/rank-generalization/qwen3-4b-rank-004/weight-diffs/weight-diff-068.pt,0,0.014,0,0.014
diff-interpretation-tuning/loras/rank-generalization/qwen3-4b-rank-004/weight-diffs/weight-diff-069.pt,0,0.015,0,0.015
diff-interpretation-tuning/loras/rank-generalization/qwen3-4b-rank-004/weight-diffs/weight-diff-070.pt,0,0.014,0,0.014
diff-interpretation-tuning/loras/rank-generalization/qwen3-4b-rank-004/weight-diffs/weight-diff-071.pt,0,0.014,0,0.014
diff-interpretation-tuning/loras/rank-generalization/qwen3-4b-rank-004/weight-diffs/weight-diff-072.pt,0,0.013,0,0.013
diff-interpretation-tuning/loras/rank-generalization/qwen3-4b-rank-004/weight-diffs/weight-diff-073.pt,0,0.015,0,0.015
diff-interpretation-tuning/loras/rank-generalization/qwen3-4b-rank-004/weight-diffs/weight-diff-074.pt,0,0.014,0,0.014
diff-interpretation-tuning/loras/rank-generalization/qwen3-4b-rank-004/weight-diffs/weight-diff-075.pt,0,0.013,0,0.013
diff-interpretation-tuning/loras/rank-generalization/qwen3-4b-rank-004/weight-diffs/weight-diff-076.pt,0,0.015,0,0.015
diff-interpretation-tuning/loras/rank-generalization/qwen3-4b-rank-004/weight-diffs/weight-diff-077.pt,0,0.015,0,0.015
diff-interpretation-tuning/loras/rank-generalization/qwen3-4b-rank-004/weight-diffs/weight-diff-078.pt,0,0.014,0,0.014
diff-interpretation-tuning/loras/rank-generalization/qwen3-4b-rank-004/weight-diffs/weight-diff-079.pt,0,0.014,0,0.014
diff-interpretation-tuning/loras/rank-generalization/qwen3-4b-rank-004/weight-diffs/weight-diff-080.pt,0,0.015,0,0.015
diff-interpretation-tuning/loras/rank-generalization/qwen3-4b-rank-004/weight-diffs/weight-diff-081.pt,0,0.014,0,0.014
diff-interpretation-tuning/loras/rank-generalization/qwen3-4b-rank-004/weight-diffs/weight-diff-082.pt,0,0.015,0,0.015
diff-interpretation-tuning/loras/rank-generalization/qwen3-4b-rank-004/weight-diffs/weight-diff-083.pt,0,0.014,0,0.014
diff-interpretation-tuning/loras/rank-generalization/qwen3-4b-rank-004/weight-diffs/weight-diff-084.pt,0,0.014,0,0.014
diff-interpretation-tuning/loras/rank-generalization/qwen3-4b-rank-004/weight-diffs/weight-diff-085.pt,0,0.014,0,0.014
diff-interpretation-tuning/loras/rank-generalization/qwen3-4b-rank-004/weight-diffs/weight-diff-086.pt,0,0.016,0,0.016
diff-interpretation-tuning/loras/rank-generalization/qwen3-4b-rank-004/weight-diffs/weight-diff-087.pt,0,0.014,0,0.014
diff-interpretation-tuning/loras/rank-generalization/qwen3-4b-rank-004/weight-diffs/weight-diff-088.pt,0,0.015,0,0.015
diff-interpretation-tuning/loras/rank-generalization/qwen3-4b-rank-004/weight-diffs/weight-diff-089.pt,0,0.014,0,0.014
diff-interpretation-tuning/loras/rank-generalization/qwen3-4b-rank-004/weight-diffs/weight-diff-090.pt,0,0.016,0,0.016
diff-interpretation-tuning/loras/rank-generalization/qwen3-4b-rank-004/weight-diffs/weight-diff-091.pt,0,0.015,0,0.015
diff-interpretation-tuning/loras/rank-generalization/qwen3-4b-rank-004/weight-diffs/weight-diff-092.pt,0,0.016,0,0.016
diff-interpretation-tuning/loras/rank-generalization/qwen3-4b-rank-004/weight-diffs/weight-diff-093.pt,0,0.016,0,0.016
diff-interpretation-tuning/loras/rank-generalization/qwen3-4b-rank-004/weight-diffs/weight-diff-094.pt,0,0.015,0,0.015
diff-interpretation-tuning/loras/rank-generalization/qwen3-4b-rank-004/weight-diffs/weight-diff-095.pt,0,0.014,0,0.014
diff-interpretation-tuning/loras/rank-generalization/qwen3-4b-rank-004/weight-diffs/weight-diff-096.pt,0,0.016,0,0.016
diff-interpretation-tuning/loras/rank-generalization/qwen3-4b-rank-004/weight-diffs/weight-diff-097.pt,0,0.016,0,0.016
diff-interpretation-tuning/loras/rank-generalization/qwen3-4b-rank-004/weight-diffs/weight-diff-098.pt,0,0.016,0,0.016
diff-interpretation-tuning/loras/rank-generalization/qwen3-4b-rank-004/weight-diffs/weight-diff-099.pt,0,0.015,0,0.015
diff-interpretation-tuning/loras/rank-generalization/qwen3-4b-rank-008/weight-diffs/weight-diff-038.pt,0,0.016,0,0.016
diff-interpretation-tuning/loras/rank-generalization/qwen3-4b-rank-008/weight-diffs/weight-diff-041.pt,0,0.015,0,0.015
diff-interpretation-tuning/loras/rank-generalization/qwen3-4b-rank-008/weight-diffs/weight-diff-050.pt,0,0.015,0,0.015
diff-interpretation-tuning/loras/rank-generalization/qwen3-4b-rank-008/weight-diffs/weight-diff-053.pt,0,0.014,0,0.014
diff-interpretation-tuning/loras/rank-generalization/qwen3-4b-rank-008/weight-diffs/weight-diff-062.pt,0,0.015,0,0.015
diff-interpretation-tuning/loras/rank-generalization/qwen3-4b-rank-008/weight-diffs/weight-diff-077.pt,0,0.014,0,0.014
diff-interpretation-tuning/loras/rank-generalization/qwen3-4b-rank-008/weight-diffs/weight-diff-083.pt,0,0.015,0,0.015
diff-interpretation-tuning/loras/rank-generalization/qwen3-4b-rank-008/weight-diffs/weight-diff-087.pt,0,0.015,0,0.015
diff-interpretation-tuning/loras/rank-generalization/qwen3-4b-rank-008/weight-diffs/weight-diff-092.pt,0,0.016,0,0.016
diff-interpretation-tuning/loras/rank-generalization/qwen3-4b-rank-008/weight-diffs/weight-diff-095.pt,0,0.015,0,0.015
diff-interpretation-tuning/loras/rank-generalization/qwen3-4b-rank-064/weight-diffs/weight-diff-039.pt,0,0.016,0,0.016
diff-interpretation-tuning/loras/rank-generalization/qwen3-4b-rank-064/weight-diffs/weight-diff-064.pt,0,0.014,0,0.014
diff-interpretation-tuning/loras/rank-generalization/qwen3-4b-rank-064/weight-diffs/weight-diff-065.pt,0,0.015,0,0.015
diff-interpretation-tuning/loras/rank-generalization/qwen3-4b-rank-064/weight-diffs/weight-diff-066.pt,0,0.014,0,0.014
diff-interpretation-tuning/loras/rank-generalization/qwen3-4b-rank-064/weight-diffs/weight-diff-067.pt,0,0.016,0,0.016
diff-interpretation-tuning/loras/rank-generalization/qwen3-4b-rank-064/weight-diffs/weight-diff-068.pt,0,0.015,0,0.015
diff-interpretation-tuning/loras/rank-generalization/qwen3-4b-rank-064/weight-diffs/weight-diff-069.pt,0,0.015,0,0.015
diff-interpretation-tuning/loras/rank-generalization/qwen3-4b-rank-064/weight-diffs/weight-diff-070.pt,0,0.015,0,0.015
diff-interpretation-tuning/loras/rank-generalization/qwen3-4b-rank-064/weight-diffs/weight-diff-071.pt,0,0.016,0,0.016
diff-interpretation-tuning/loras/rank-generalization/qwen3-4b-rank-064/weight-diffs/weight-diff-077.pt,0,0.019,0,0.019
diff-interpretation-tuning/loras/rank-generalization/qwen3-4b-rank-064/weight-diffs/weight-diff-078.pt,0,0.017,0,0.017
diff-interpretation-tuning/loras/trigger-generalization/qwen3-4b-zero-width-random/weight-diffs/weight-diff-001.pt,0,0.239,0,0.239
Saidakbar01/whisper-uz-finetuned/training_args.bin,0,0.018,6.040,6.058
nvidia/nemotron-speech-streaming-en-0.6b/nemotron-speech-streaming-en-0.6b.nemo,0,2.601,0,2.601
nvidia/diar_streaming_sortformer_4spk-v2.1/diar_streaming_sortformer_4spk-v2.1.nemo,0,0.502,0,0.502
nvidia/parakeet-tdt-0.6b-v3/parakeet-tdt-0.6b-v3.nemo,0,2.570,0,2.570
nvidia/canary-1b-v2/canary-1b-v2.nemo,0,6.472,0,6.472
optimum-intel-internal-testing/tiny-random-CodeGenForCausalLM/pytorch_model.bin,0,0.006,0,0.006
optimum-intel-internal-testing/tiny-random-GPTNeoXForCausalLM/pytorch_model.bin,0,0.006,0,0.006
facebook/sam3.1/sam3.1_multiplex.pt,0,0.032,0,0.032
optimum-intel-internal-testing/tiny-random-Data2VecAudioModel/pytorch_model.bin,0,0.005,0,0.005
timm/convnext_base.dinov3_lvd1689m/pytorch_model.bin,0,0.011,0,0.011
fancyfeast/bigaspv2-5/training-checkpoints/test_215/ep10-ba35889-rank0_stripped.pt,0,0.064,5.523,5.587
fancyfeast/bigaspv2-5/training-checkpoints/test_215/ep2-ba8301-rank0_stripped.pt,0,0.081,3.630,3.710
fancyfeast/bigaspv2-5/training-checkpoints/test_215/ep2-ba8790-rank0_stripped.pt,0,0.087,4.648,4.735
fancyfeast/bigaspv2-5/training-checkpoints/test_215/ep5-ba18067-rank0_stripped.pt,0,0.091,5.459,5.549
fancyfeast/bigaspv2-5/training-checkpoints/test_215/ep6-ba20020-rank0.pt,0,0.274,5.832,6.106
OpenMed/OpenMed-ZeroShot-NER-Anatomy-Medium-209M/pytorch_model.bin,0,0.017,0,0.017
nm-testing/qwen3-8b-peagle-speculators/optimizer_state_dict.pt,0,0.011,0,0.011
nm-testing/qwen3-8b-peagle-speculators/snapshots/48caff875fa217da907d9a4d2468e3a9f5d1ae0e/optimizer_state_dict.pt,0,0.011,0,0.011
OpenMed/OpenMed-ZeroShot-NER-Pharma-Multi-209M/pytorch_model.bin,0,0.015,0,0.015
OpenMed/OpenMed-ZeroShot-NER-Pharma-Tiny-60M/pytorch_model.bin,0,0.009,0,0.009
optimum-intel-internal-testing/tiny-random-LevitModel/pytorch_model.bin,0,0.013,0,0.013
ayushgupta7777/safetyvision-yolov8/best.pt,0,0.041,9.962,10.003
OpenMed/OpenMed-ZeroShot-NER-BloodCancer-Medium-209M/pytorch_model.bin,0,0.020,0,0.020
OpenMed/OpenMed-ZeroShot-NER-Species-Tiny-60M/pytorch_model.bin,0,0.010,0,0.010
pyannoteAI/parakeet-tdt-0.6b-v3/parakeet-tdt-0.6b-v3.nemo,0,2.571,0,2.571
timm/vit_small_patch16_dinov3_qkvb.lvd1689m/pytorch_model.bin,0,0.011,0,0.011
nvidia/nemo-nano-codec-22khz-1.89kbps-21.5fps/nemo-nano-codec-22khz-1.89kbps-21.5fps.nemo,0,0.459,0,0.459
OpenMed/OpenMed-ZeroShot-NER-Pathology-XLarge-770M/pytorch_model.bin,0,0.013,0,0.013
OpenMed/OpenMed-ZeroShot-NER-Species-Multi-209M/pytorch_model.bin,0,0.010,0,0.010
allenai/OlmoEarth-v1-Large/weights.pth,0,0.003,0,0.003
nvidia/C-RADIOv4-H/c-radio_v4-h_half.pth.tar,0,0.015,3.687,3.702
arda-argmax/sortformer-finetuned/4spk-v0.3-bs1-acc8-l4-diskcache-shardedval-v1-1778065009/best.nemo,0,0.504,0,0.504
arda-argmax/sortformer-finetuned/6spk-ami-sdm-debug-bs10-a100-80gb-1gpu-v1-1781805281/best.nemo,0,0.509,0,0.509
arda-argmax/sortformer-finetuned/6spk-ami-sdm-debug-bs10-a100-80gb-1gpu-v1-1781805281/checkpoints/step_130_epoch_1_val-der_0.1837.nemo,0,0.503,0,0.503
arda-argmax/sortformer-finetuned/6spk-ami-sdm-debug-bs10-a100-80gb-1gpu-v1-1781805281/checkpoints/step_210_epoch_2_val-der_0.1709.nemo,0,0.504,0,0.504
arda-argmax/sortformer-finetuned/6spk-ami-sdm-debug-bs10-a100-80gb-1gpu-v1-1781805281/checkpoints/step_50_epoch_0_val-der_0.3708.nemo,0,0.508,0,0.508
arda-argmax/sortformer-finetuned/6spk-ami-sdm-flac-debug-bs10-a100-80gb-1gpu-v1-1781828240/best.nemo,0,0.503,0,0.503
arda-argmax/sortformer-finetuned/6spk-ami-sdm-flac-debug-bs10-a100-80gb-1gpu-v1-1781828240/checkpoints/step_130_epoch_1_val-der_0.1841.nemo,0,0.504,0,0.504
arda-argmax/sortformer-finetuned/6spk-ami-sdm-flac-debug-bs10-a100-80gb-1gpu-v1-1781828240/checkpoints/step_210_epoch_2_val-der_0.1806.nemo,0,0.507,0,0.507
arda-argmax/sortformer-finetuned/6spk-ami-sdm-flac-debug-bs10-a100-80gb-1gpu-v1-1781828240/checkpoints/step_50_epoch_0_val-der_0.3563.nemo,0,0.503,0,0.503
arda-argmax/sortformer-finetuned/6spk-debug-prepared-shar-worldfix-1780478585/best.nemo,0,0.504,0,0.504
arda-argmax/sortformer-finetuned/6spk-debug-prepared-shar-worldfix-1780478585/checkpoints/step_2_epoch_0_val-der_1.3011.nemo,0,0.508,0,0.508
arda-argmax/sortformer-finetuned/6spk-debug-prepared-shar-worldfix-1780478585/checkpoints/step_4_epoch_1_val-der_1.1216.nemo,0,0.503,0,0.503
arda-argmax/sortformer-finetuned/6spk-fullrandom-bs10-ga8-a100-80gb-1gpu-lr1e-4-lr-v1-1781045285/best.nemo,0,0.503,0,0.503
arda-argmax/sortformer-finetuned/6spk-fullrandom-bs10-ga8-a100-80gb-1gpu-lr1e-4-lr-v1-1781045285/checkpoints/step_6_epoch_0_val-der_1.0000.nemo,0,0.508,0,0.508
arda-argmax/sortformer-finetuned/6spk-v0.3-bs1-acc8-l4-diskcache-shardedval-v1-1778010364/best.nemo,0,0.502,0,0.502
arda-argmax/sortformer-finetuned/6spk-v0.4-ami-bs1-acc8-l4-diskcache-shardedval-v1-1778218672/best.nemo,0,0.618,0,0.618
arda-argmax/sortformer-finetuned/6spk-v0.4-ami-bs1-acc8-l4-diskcache-shardedval-v1-1778218672/checkpoints/step_1080_epoch_2_val-der_0.1535.nemo,0,0.507,0,0.507
arda-argmax/sortformer-finetuned/6spk-v0.4-ami-bs1-acc8-l4-diskcache-shardedval-v1-1778218672/checkpoints/step_1170_epoch_2_val-der_0.1446.nemo,0,0.504,0,0.504
arda-argmax/sortformer-finetuned/6spk-v0.4-ami-bs1-acc8-l4-diskcache-shardedval-v1-1778218672/checkpoints/step_1350_epoch_2_val-der_0.1436.nemo,0,0.503,0,0.503
arda-argmax/sortformer-finetuned/6spk-v0.4-ami-bs1-acc8-l4-diskcache-shardedval-v1-1778218672/checkpoints/step_1440_epoch_3_val-der_0.1423.nemo,0,0.509,0,0.509
arda-argmax/sortformer-finetuned/6spk-v0.4-ami-bs1-acc8-l4-diskcache-shardedval-v1-1778218672/checkpoints/step_1530_epoch_3_val-der_0.1397.nemo,0,0.505,0,0.505
arda-argmax/sortformer-finetuned/6spk-v0.4-ami-bs1-acc8-l4-diskcache-shardedval-v1-1778218672/checkpoints/step_1620_epoch_3_val-der_0.1388.nemo,0,0.504,0,0.504
arda-argmax/sortformer-finetuned/6spk-v0.4-ami-bs1-acc8-l4-diskcache-shardedval-v1-1778218672/checkpoints/step_1710_epoch_3_val-der_0.1382.nemo,0,0.509,0,0.509
arda-argmax/sortformer-finetuned/6spk-v0.4-ami-bs1-acc8-l4-diskcache-shardedval-v1-1778218672/checkpoints/step_180_epoch_0_val-der_0.2089.nemo,0,0.503,0,0.503
arda-argmax/sortformer-finetuned/6spk-v0.4-ami-bs1-acc8-l4-diskcache-shardedval-v1-1778218672/checkpoints/step_1980_epoch_4_val-der_0.1346.nemo,0,0.505,0,0.505
arda-argmax/sortformer-finetuned/6spk-v0.4-ami-bs1-acc8-l4-diskcache-shardedval-v1-1778218672/checkpoints/step_2430_epoch_5_val-der_0.1340.nemo,0,0.510,0,0.510
arda-argmax/sortformer-finetuned/6spk-v0.4-ami-bs1-acc8-l4-diskcache-shardedval-v1-1778218672/checkpoints/step_2520_epoch_5_val-der_0.1338.nemo,0,0.505,0,0.505
arda-argmax/sortformer-finetuned/6spk-v0.4-ami-bs1-acc8-l4-diskcache-shardedval-v1-1778218672/checkpoints/step_2700_epoch_5_val-der_0.1335.nemo,0,0.506,0,0.506
arda-argmax/sortformer-finetuned/6spk-v0.4-ami-bs1-acc8-l4-diskcache-shardedval-v1-1778218672/checkpoints/step_270_epoch_0_val-der_0.2001.nemo,0,0.509,0,0.509
arda-argmax/sortformer-finetuned/6spk-v0.4-ami-bs1-acc8-l4-diskcache-shardedval-v1-1778218672/checkpoints/step_3060_epoch_6_val-der_0.1302.nemo,0,0.505,0,0.505
arda-argmax/sortformer-finetuned/6spk-v0.4-ami-bs1-acc8-l4-diskcache-shardedval-v1-1778218672/checkpoints/step_360_epoch_0_val-der_0.1928.nemo,0,0.504,0,0.504
arda-argmax/sortformer-finetuned/6spk-v0.4-ami-bs1-acc8-l4-diskcache-shardedval-v1-1778218672/checkpoints/step_3870_epoch_8_val-der_0.1289.nemo,0,0.509,0,0.509
arda-argmax/sortformer-finetuned/6spk-v0.4-ami-bs1-acc8-l4-diskcache-shardedval-v1-1778218672/checkpoints/step_3960_epoch_8_val-der_0.1285.nemo,0,0.504,0,0.504
arda-argmax/sortformer-finetuned/6spk-v0.4-ami-bs1-acc8-l4-diskcache-shardedval-v1-1778218672/checkpoints/step_4140_epoch_9_val-der_0.1280.nemo,0,0.504,0,0.504
arda-argmax/sortformer-finetuned/6spk-v0.4-ami-bs1-acc8-l4-diskcache-shardedval-v1-1778218672/checkpoints/step_450_epoch_0_val-der_0.1911.nemo,0,0.508,0,0.508
arda-argmax/sortformer-finetuned/6spk-v0.4-ami-bs1-acc8-l4-diskcache-shardedval-v1-1778218672/checkpoints/step_540_epoch_1_val-der_0.1894.nemo,0,0.506,0,0.506
arda-argmax/sortformer-finetuned/6spk-v0.4-ami-bs1-acc8-l4-diskcache-shardedval-v1-1778218672/checkpoints/step_630_epoch_1_val-der_0.1871.nemo,0,0.504,0,0.504
arda-argmax/sortformer-finetuned/6spk-v0.4-ami-bs1-acc8-l4-diskcache-shardedval-v1-1778218672/checkpoints/step_720_epoch_1_val-der_0.1813.nemo,0,0.509,0,0.509
arda-argmax/sortformer-finetuned/6spk-v0.4-ami-bs1-acc8-l4-diskcache-shardedval-v1-1778218672/checkpoints/step_900_epoch_1_val-der_0.1706.nemo,0,0.505,0,0.505
arda-argmax/sortformer-finetuned/6spk-v0.4-ami-bs1-acc8-l4-diskcache-shardedval-v1-1778218672/checkpoints/step_90_epoch_0_val-der_0.3542.nemo,0,0.503,0,0.503
arda-argmax/sortformer-finetuned/6spk-v0.4-ami-bs1-acc8-l4-diskcache-shardedval-v1-1778218672/checkpoints/step_990_epoch_2_val-der_0.1561.nemo,0,0.508,0,0.508
arda-argmax/sortformer-finetuned/6spk-v0.4-librispeech-ami-bs1-acc8-l4-diskcache-shardedval-v3-1778228622/best.nemo,0,0.504,0,0.504
arda-argmax/sortformer-finetuned/6spk-v0.4-librispeech-ami-bs1-acc8-l4-diskcache-shardedval-v3-1778228622/checkpoints/step_1440_epoch_1_val-der_0.2048.nemo,0,0.602,0,0.602
arda-argmax/sortformer-finetuned/6spk-v0.4-librispeech-ami-bs1-acc8-l4-diskcache-shardedval-v3-1778228622/checkpoints/step_1530_epoch_1_val-der_0.2042.nemo,0,0.503,0,0.503
arda-argmax/sortformer-finetuned/6spk-v0.4-librispeech-ami-bs1-acc8-l4-diskcache-shardedval-v3-1778228622/checkpoints/step_1620_epoch_1_val-der_0.2035.nemo,0,0.504,0,0.504
arda-argmax/sortformer-finetuned/6spk-v0.4-librispeech-ami-bs1-acc8-l4-diskcache-shardedval-v3-1778228622/checkpoints/step_180_epoch_0_val-der_0.2159.nemo,0,0.504,0,0.504
arda-argmax/sortformer-finetuned/6spk-v0.4-librispeech-ami-bs1-acc8-l4-diskcache-shardedval-v3-1778228622/checkpoints/step_270_epoch_0_val-der_0.2146.nemo,0,0.507,0,0.507
arda-argmax/sortformer-finetuned/6spk-v0.4-librispeech-ami-bs1-acc8-l4-diskcache-shardedval-v3-1778228622/checkpoints/step_360_epoch_0_val-der_0.2138.nemo,0,0.504,0,0.504
arda-argmax/sortformer-finetuned/6spk-v0.4-librispeech-ami-bs1-acc8-l4-diskcache-shardedval-v3-1778228622/checkpoints/step_450_epoch_0_val-der_0.2116.nemo,0,0.503,0,0.503
arda-argmax/sortformer-finetuned/6spk-v0.4-librispeech-ami-bs1-acc8-l4-diskcache-shardedval-v3-1778228622/checkpoints/step_630_epoch_0_val-der_0.2103.nemo,0,0.506,0,0.506
arda-argmax/sortformer-finetuned/6spk-v0.4-librispeech-ami-bs1-acc8-l4-diskcache-shardedval-v3-1778228622/checkpoints/step_810_epoch_0_val-der_0.2059.nemo,0,0.502,0,0.502
arda-argmax/sortformer-finetuned/6spk-v0.4-librispeech-ami-bs1-acc8-l4-diskcache-shardedval-v3-1778228622/checkpoints/step_90_epoch_0_val-der_0.2223.nemo,0,0.504,0,0.504
arda-argmax/sortformer-finetuned/6spk-v0.4-librispeech-ami-bs1-acc8-l4-diskcache-shardedval-v5-1778286481/best.nemo,0,0.506,0,0.506
arda-argmax/sortformer-finetuned/6spk-v0.4-librispeech-ami-bs1-acc8-l4-diskcache-shardedval-v5-1778286481/checkpoints/step_1080_epoch_1_val-der_0.1398.nemo,0,0.505,0,0.505
arda-argmax/sortformer-finetuned/6spk-v0.4-librispeech-ami-bs1-acc8-l4-diskcache-shardedval-v5-1778286481/checkpoints/step_1260_epoch_1_val-der_0.1390.nemo,0,0.503,0,0.503
arda-argmax/sortformer-finetuned/6spk-v0.4-librispeech-ami-bs1-acc8-l4-diskcache-shardedval-v5-1778286481/checkpoints/step_1350_epoch_1_val-der_0.1374.nemo,0,0.507,0,0.507
arda-argmax/sortformer-finetuned/6spk-v0.4-librispeech-ami-bs1-acc8-l4-diskcache-shardedval-v5-1778286481/checkpoints/step_1440_epoch_1_val-der_0.1353.nemo,0,0.504,0,0.504
arda-argmax/sortformer-finetuned/6spk-v0.4-librispeech-ami-bs1-acc8-l4-diskcache-shardedval-v5-1778286481/checkpoints/step_1530_epoch_1_val-der_0.1346.nemo,0,0.504,0,0.504
arda-argmax/sortformer-finetuned/6spk-v0.4-librispeech-ami-bs1-acc8-l4-diskcache-shardedval-v5-1778286481/checkpoints/step_1710_epoch_1_val-der_0.1343.nemo,0,0.507,0,0.507
arda-argmax/sortformer-finetuned/6spk-v0.4-librispeech-ami-bs1-acc8-l4-diskcache-shardedval-v5-1778286481/checkpoints/step_1800_epoch_1_val-der_0.1334.nemo,0,0.502,0,0.502
arda-argmax/sortformer-finetuned/6spk-v0.4-librispeech-ami-bs1-acc8-l4-diskcache-shardedval-v5-1778286481/checkpoints/step_180_epoch_0_val-der_0.2056.nemo,0,0.502,0,0.502
arda-argmax/sortformer-finetuned/6spk-v0.4-librispeech-ami-bs1-acc8-l4-diskcache-shardedval-v5-1778286481/checkpoints/step_2070_epoch_2_val-der_0.1327.nemo,0,0.506,0,0.506
arda-argmax/sortformer-finetuned/6spk-v0.4-librispeech-ami-bs1-acc8-l4-diskcache-shardedval-v5-1778286481/checkpoints/step_2160_epoch_2_val-der_0.1317.nemo,0,0.504,0,0.504
arda-argmax/sortformer-finetuned/6spk-v0.4-librispeech-ami-bs1-acc8-l4-diskcache-shardedval-v5-1778286481/checkpoints/step_2250_epoch_2_val-der_0.1302.nemo,0,0.502,0,0.502
arda-argmax/sortformer-finetuned/6spk-v0.4-librispeech-ami-bs1-acc8-l4-diskcache-shardedval-v5-1778286481/checkpoints/step_2520_epoch_2_val-der_0.1283.nemo,0,0.507,0,0.507
arda-argmax/sortformer-finetuned/6spk-v0.4-librispeech-ami-bs1-acc8-l4-diskcache-shardedval-v5-1778286481/checkpoints/step_270_epoch_0_val-der_0.1998.nemo,0,0.503,0,0.503
arda-argmax/sortformer-finetuned/6spk-v0.4-librispeech-ami-bs1-acc8-l4-diskcache-shardedval-v5-1778286481/checkpoints/step_2880_epoch_3_val-der_0.1271.nemo,0,0.504,0,0.504
arda-argmax/sortformer-finetuned/6spk-v0.4-librispeech-ami-bs1-acc8-l4-diskcache-shardedval-v5-1778286481/checkpoints/step_3060_epoch_3_val-der_0.1269.nemo,0,0.507,0,0.507
arda-argmax/sortformer-finetuned/6spk-v0.4-librispeech-ami-bs1-acc8-l4-diskcache-shardedval-v5-1778286481/checkpoints/step_3240_epoch_3_val-der_0.1268.nemo,0,0.601,0,0.601
arda-argmax/sortformer-finetuned/6spk-v0.4-librispeech-ami-bs1-acc8-l4-diskcache-shardedval-v5-1778286481/checkpoints/step_3330_epoch_3_val-der_0.1266.nemo,0,0.504,0,0.504
arda-argmax/sortformer-finetuned/6spk-v0.4-librispeech-ami-bs1-acc8-l4-diskcache-shardedval-v5-1778286481/checkpoints/step_3420_epoch_3_val-der_0.1252.nemo,0,0.507,0,0.507
arda-argmax/sortformer-finetuned/6spk-v0.4-librispeech-ami-bs1-acc8-l4-diskcache-shardedval-v5-1778286481/checkpoints/step_360_epoch_0_val-der_0.1911.nemo,0,0.502,0,0.502
arda-argmax/sortformer-finetuned/6spk-v0.4-librispeech-ami-bs1-acc8-l4-diskcache-shardedval-v5-1778286481/checkpoints/step_4050_epoch_4_val-der_0.1241.nemo,0,0.503,0,0.503
arda-argmax/sortformer-finetuned/6spk-v0.4-librispeech-ami-bs1-acc8-l4-diskcache-shardedval-v5-1778286481/checkpoints/step_4410_epoch_4_val-der_0.1238.nemo,0,0.508,0,0.508
arda-argmax/sortformer-finetuned/6spk-v0.4-librispeech-ami-bs1-acc8-l4-diskcache-shardedval-v5-1778286481/checkpoints/step_450_epoch_0_val-der_0.1895.nemo,0,0.504,0,0.504
arda-argmax/sortformer-finetuned/6spk-v0.4-librispeech-ami-bs1-acc8-l4-diskcache-shardedval-v5-1778286481/checkpoints/step_4770_epoch_5_val-der_0.1237.nemo,0,0.504,0,0.504
arda-argmax/sortformer-finetuned/6spk-v0.4-librispeech-ami-bs1-acc8-l4-diskcache-shardedval-v5-1778286481/checkpoints/step_4950_epoch_5_val-der_0.1219.nemo,0,0.507,0,0.507
arda-argmax/sortformer-finetuned/6spk-v0.4-librispeech-ami-bs1-acc8-l4-diskcache-shardedval-v5-1778286481/checkpoints/step_540_epoch_0_val-der_0.1872.nemo,0,0.504,0,0.504
arda-argmax/sortformer-finetuned/6spk-v0.4-librispeech-ami-bs1-acc8-l4-diskcache-shardedval-v5-1778286481/checkpoints/step_5940_epoch_6_val-der_0.1207.nemo,0,0.504,0,0.504
arda-argmax/sortformer-finetuned/6spk-v0.4-librispeech-ami-bs1-acc8-l4-diskcache-shardedval-v5-1778286481/checkpoints/step_630_epoch_0_val-der_0.1612.nemo,0,0.507,0,0.507
arda-argmax/sortformer-finetuned/6spk-v0.4-librispeech-ami-bs1-acc8-l4-diskcache-shardedval-v5-1778286481/checkpoints/step_6390_epoch_7_val-der_0.1200.nemo,0,0.504,0,0.504
arda-argmax/sortformer-finetuned/6spk-v0.4-librispeech-ami-bs1-acc8-l4-diskcache-shardedval-v5-1778286481/checkpoints/step_720_epoch_0_val-der_0.1542.nemo,0,0.504,0,0.504
arda-argmax/sortformer-finetuned/6spk-v0.4-librispeech-ami-bs1-acc8-l4-diskcache-shardedval-v5-1778286481/checkpoints/step_7290_epoch_8_val-der_0.1193.nemo,0,0.508,0,0.508
arda-argmax/sortformer-finetuned/6spk-v0.4-librispeech-ami-bs1-acc8-l4-diskcache-shardedval-v5-1778286481/checkpoints/step_7470_epoch_8_val-der_0.1188.nemo,0,0.505,0,0.505
arda-argmax/sortformer-finetuned/6spk-v0.4-librispeech-ami-bs1-acc8-l4-diskcache-shardedval-v5-1778286481/checkpoints/step_7560_epoch_8_val-der_0.1182.nemo,0,0.502,0,0.502
arda-argmax/sortformer-finetuned/6spk-v0.4-librispeech-ami-bs1-acc8-l4-diskcache-shardedval-v5-1778286481/checkpoints/step_810_epoch_0_val-der_0.1480.nemo,0,0.504,0,0.504
arda-argmax/sortformer-finetuned/6spk-v0.4-librispeech-ami-bs1-acc8-l4-diskcache-shardedval-v5-1778286481/checkpoints/step_900_epoch_0_val-der_0.1433.nemo,0,0.505,0,0.505
arda-argmax/sortformer-finetuned/6spk-v0.4-librispeech-ami-bs1-acc8-l4-diskcache-shardedval-v5-1778286481/checkpoints/step_90_epoch_0_val-der_0.2223.nemo,0,0.503,0,0.503
arda-argmax/sortformer-finetuned/6spk-v0.4-librispeech-ami-bs1-acc8-l4-diskcache-shardedval-v5-1778286481/checkpoints/step_990_epoch_1_val-der_0.1429.nemo,0,0.503,0,0.503
arda-argmax/sortformer-finetuned/6spk-v0.4-librispeech-bs1-acc8-l4-diskcache-shardedval-v1-1778198761/best.nemo,0,0.509,0,0.509
arda-argmax/sortformer-finetuned/6spk-v0.4-librispeech-bs1-acc8-l4-diskcache-shardedval-v1-1778198761/checkpoints/step_1080_epoch_2_val-der_0.1069.nemo,0,0.505,0,0.505
arda-argmax/sortformer-finetuned/6spk-v0.4-librispeech-bs1-acc8-l4-diskcache-shardedval-v1-1778198761/checkpoints/step_1170_epoch_2_val-der_0.1058.nemo,0,0.503,0,0.503
arda-argmax/sortformer-finetuned/6spk-v0.4-librispeech-bs1-acc8-l4-diskcache-shardedval-v1-1778198761/checkpoints/step_1260_epoch_2_val-der_0.1043.nemo,0,0.507,0,0.507
arda-argmax/sortformer-finetuned/6spk-v0.4-librispeech-bs1-acc8-l4-diskcache-shardedval-v1-1778198761/checkpoints/step_1710_epoch_3_val-der_0.1027.nemo,0,0.503,0,0.503
arda-argmax/sortformer-finetuned/6spk-v0.4-librispeech-bs1-acc8-l4-diskcache-shardedval-v1-1778198761/checkpoints/step_180_epoch_0_val-der_0.1670.nemo,0,0.504,0,0.504
arda-argmax/sortformer-finetuned/6spk-v0.4-librispeech-bs1-acc8-l4-diskcache-shardedval-v1-1778198761/checkpoints/step_2160_epoch_4_val-der_0.1016.nemo,0,0.607,0,0.607
arda-argmax/sortformer-finetuned/6spk-v0.4-librispeech-bs1-acc8-l4-diskcache-shardedval-v1-1778198761/checkpoints/step_2430_epoch_5_val-der_0.1014.nemo,0,0.502,0,0.502
arda-argmax/sortformer-finetuned/6spk-v0.4-librispeech-bs1-acc8-l4-diskcache-shardedval-v1-1778198761/checkpoints/step_2700_epoch_5_val-der_0.1002.nemo,0,0.504,0,0.504
arda-argmax/sortformer-finetuned/6spk-v0.4-librispeech-bs1-acc8-l4-diskcache-shardedval-v1-1778198761/checkpoints/step_270_epoch_0_val-der_0.1644.nemo,0,0.507,0,0.507
arda-argmax/sortformer-finetuned/6spk-v0.4-librispeech-bs1-acc8-l4-diskcache-shardedval-v1-1778198761/checkpoints/step_2880_epoch_6_val-der_0.0996.nemo,0,0.504,0,0.504
arda-argmax/sortformer-finetuned/6spk-v0.4-librispeech-bs1-acc8-l4-diskcache-shardedval-v1-1778198761/checkpoints/step_2970_epoch_6_val-der_0.0992.nemo,0,0.504,0,0.504
arda-argmax/sortformer-finetuned/6spk-v0.4-librispeech-bs1-acc8-l4-diskcache-shardedval-v1-1778198761/checkpoints/step_3150_epoch_6_val-der_0.0982.nemo,0,0.502,0,0.502
arda-argmax/sortformer-finetuned/6spk-v0.4-librispeech-bs1-acc8-l4-diskcache-shardedval-v1-1778198761/checkpoints/step_3600_epoch_7_val-der_0.0981.nemo,0,0.503,0,0.503
arda-argmax/sortformer-finetuned/6spk-v0.4-librispeech-bs1-acc8-l4-diskcache-shardedval-v1-1778198761/checkpoints/step_360_epoch_0_val-der_0.1619.nemo,0,0.502,0,0.502
arda-argmax/sortformer-finetuned/6spk-v0.4-librispeech-bs1-acc8-l4-diskcache-shardedval-v1-1778198761/checkpoints/step_3780_epoch_8_val-der_0.0976.nemo,0,0.502,0,0.502
arda-argmax/sortformer-finetuned/6spk-v0.4-librispeech-bs1-acc8-l4-diskcache-shardedval-v1-1778198761/checkpoints/step_4050_epoch_8_val-der_0.0964.nemo,0,0.508,0,0.508
arda-argmax/sortformer-finetuned/6spk-v0.4-librispeech-bs1-acc8-l4-diskcache-shardedval-v1-1778198761/checkpoints/step_4140_epoch_9_val-der_0.0958.nemo,0,0.503,0,0.503
arda-argmax/sortformer-finetuned/6spk-v0.4-librispeech-bs1-acc8-l4-diskcache-shardedval-v1-1778198761/checkpoints/step_4230_epoch_9_val-der_0.0915.nemo,0,0.503,0,0.503
arda-argmax/sortformer-finetuned/6spk-v0.4-librispeech-bs1-acc8-l4-diskcache-shardedval-v1-1778198761/checkpoints/step_4320_epoch_9_val-der_0.0872.nemo,0,0.506,0,0.506
arda-argmax/sortformer-finetuned/6spk-v0.4-librispeech-bs1-acc8-l4-diskcache-shardedval-v1-1778198761/checkpoints/step_4410_epoch_9_val-der_0.0843.nemo,0,0.504,0,0.504
arda-argmax/sortformer-finetuned/6spk-v0.4-librispeech-bs1-acc8-l4-diskcache-shardedval-v1-1778198761/checkpoints/step_450_epoch_0_val-der_0.1291.nemo,0,0.503,0,0.503
arda-argmax/sortformer-finetuned/6spk-v0.4-librispeech-bs1-acc8-l4-diskcache-shardedval-v1-1778198761/checkpoints/step_540_epoch_1_val-der_0.1151.nemo,0,0.508,0,0.508
arda-argmax/sortformer-finetuned/6spk-v0.4-librispeech-bs1-acc8-l4-diskcache-shardedval-v1-1778198761/checkpoints/step_720_epoch_1_val-der_0.1120.nemo,0,0.504,0,0.504
arda-argmax/sortformer-finetuned/6spk-v0.4-librispeech-bs1-acc8-l4-diskcache-shardedval-v1-1778198761/checkpoints/step_810_epoch_1_val-der_0.1082.nemo,0,0.505,0,0.505
arda-argmax/sortformer-finetuned/6spk-v0.4-librispeech-bs1-acc8-l4-diskcache-shardedval-v1-1778198761/checkpoints/step_90_epoch_0_val-der_0.1700.nemo,0,0.509,0,0.509
arda-argmax/sortformer-finetuned/6spk-v0.6-fastmss-prepared-shar-bs1-acc8-l4-worldfix-v1-1780479980/best.nemo,0,0.503,0,0.503
arda-argmax/sortformer-finetuned/6spk-v0.6-fastmss-prepared-shar-bs1-acc8-l4-worldfix-v1-1780479980/checkpoints/step_180_epoch_0_val-der_0.2104.nemo,0,0.502,0,0.502
arda-argmax/sortformer-finetuned/6spk-v0.6-fastmss-prepared-shar-bs1-acc8-l4-worldfix-v1-1780479980/checkpoints/step_270_epoch_0_val-der_0.2067.nemo,0,0.506,0,0.506
arda-argmax/sortformer-finetuned/6spk-v0.6-fastmss-prepared-shar-bs1-acc8-l4-worldfix-v1-1780479980/checkpoints/step_360_epoch_0_val-der_0.1966.nemo,0,0.504,0,0.504
arda-argmax/sortformer-finetuned/6spk-v0.6-fastmss-prepared-shar-bs1-acc8-l4-worldfix-v1-1780479980/checkpoints/step_450_epoch_0_val-der_0.1530.nemo,0,0.502,0,0.502
arda-argmax/sortformer-finetuned/6spk-v0.6-fastmss-prepared-shar-bs1-acc8-l4-worldfix-v1-1780479980/checkpoints/step_540_epoch_0_val-der_0.1469.nemo,0,0.507,0,0.507
arda-argmax/sortformer-finetuned/6spk-v0.6-fastmss-prepared-shar-bs1-acc8-l4-worldfix-v1-1780479980/checkpoints/step_630_epoch_0_val-der_0.1446.nemo,0,0.503,0,0.503
arda-argmax/sortformer-finetuned/6spk-v0.6-fastmss-prepared-shar-bs1-acc8-l4-worldfix-v1-1780479980/checkpoints/step_900_epoch_0_val-der_0.1436.nemo,0,0.604,0,0.604
arda-argmax/sortformer-finetuned/6spk-v0.6-fastmss-prepared-shar-bs1-acc8-l4-worldfix-v1-1780479980/checkpoints/step_90_epoch_0_val-der_0.2187.nemo,0,0.507,0,0.507
arda-argmax/sortformer-finetuned/6spk-v0.6-fastmss-prepared-shar-bs1-acc8-l4-worldfix-v1-1780479980/checkpoints/step_990_epoch_1_val-der_0.1416.nemo,0,0.503,0,0.503
arda-argmax/sortformer-finetuned/6spk-v0.6-fastmss-prepared-shar-bs1-ga8-l4-8gpu-fullset-smoketest-v5-1780559280/best.nemo,0,0.504,0,0.504
arda-argmax/sortformer-finetuned/6spk-v0.6-fastmss-prepared-shar-bs1-ga8-l4-8gpu-fullset-smoketest-v5-1780559280/checkpoints/step_62_epoch_0_val-der_0.2269.nemo,0,0.509,0,0.509
arda-argmax/sortformer-finetuned/6spk-v0.6-fastmss-prepared-shar-bs10-a100-80gb-2gpu-debug-debug-v1-1780602245/best.nemo,0,0.503,0,0.503
arda-argmax/sortformer-finetuned/6spk-v0.6-fastmss-prepared-shar-bs10-a100-80gb-2gpu-debug-debug-v1-1780602245/checkpoints/step_100_epoch_0_val-der_0.2319.nemo,0,0.503,0,0.503
arda-argmax/sortformer-finetuned/6spk-v0.6-fastmss-prepared-shar-bs10-a100-80gb-2gpu-debug-debug-v1-1780602245/checkpoints/step_150_epoch_0_val-der_0.2183.nemo,0,0.507,0,0.507
arda-argmax/sortformer-finetuned/6spk-v0.6-fastmss-prepared-shar-bs10-a100-80gb-2gpu-debug-debug-v1-1780602245/checkpoints/step_250_epoch_1_val-der_0.2163.nemo,0,0.504,0,0.504
arda-argmax/sortformer-finetuned/6spk-v0.6-fastmss-prepared-shar-bs10-a100-80gb-2gpu-debug-debug-v1-1780602245/checkpoints/step_350_epoch_1_val-der_0.2109.nemo,0,0.504,0,0.504
arda-argmax/sortformer-finetuned/6spk-v0.6-fastmss-prepared-shar-bs10-a100-80gb-2gpu-debug-debug-v1-1780602245/checkpoints/step_400_epoch_1_val-der_0.2094.nemo,0,0.508,0,0.508
arda-argmax/sortformer-finetuned/6spk-v0.6-fastmss-prepared-shar-bs10-a100-80gb-2gpu-debug-debug-v1-1780602245/checkpoints/step_50_epoch_0_val-der_0.3624.nemo,0,0.503,0,0.503
arda-argmax/sortformer-finetuned/6spk-v0.6-fastmss-prepared-shar-bs10-a100-80gb-4gpu-debug-debug-v1-1780602382/best.nemo,0,0.504,0,0.504
arda-argmax/sortformer-finetuned/6spk-v0.6-fastmss-prepared-shar-bs10-a100-80gb-4gpu-debug-debug-v1-1780602382/checkpoints/step_100_epoch_0_val-der_0.2269.nemo,0,0.510,0,0.510
arda-argmax/sortformer-finetuned/6spk-v0.6-fastmss-prepared-shar-bs10-a100-80gb-4gpu-debug-debug-v1-1780602382/checkpoints/step_150_epoch_1_val-der_0.2196.nemo,0,0.505,0,0.505
arda-argmax/sortformer-finetuned/6spk-v0.6-fastmss-prepared-shar-bs10-a100-80gb-4gpu-debug-debug-v1-1780602382/checkpoints/step_200_epoch_1_val-der_0.2164.nemo,0,0.504,0,0.504
arda-argmax/sortformer-finetuned/6spk-v0.6-fastmss-prepared-shar-bs10-a100-80gb-4gpu-debug-debug-v1-1780602382/checkpoints/step_300_epoch_2_val-der_0.2103.nemo,0,0.513,0,0.513
arda-argmax/sortformer-finetuned/6spk-v0.6-fastmss-prepared-shar-bs10-a100-80gb-4gpu-debug-debug-v1-1780602382/checkpoints/step_50_epoch_0_val-der_0.3548.nemo,0,0.503,0,0.503
arda-argmax/sortformer-finetuned/6spk-v0.6-fastmss-prepared-shar-bs10-a100-80gb-4gpu-fullset-v11-1780998497/best.nemo,0,0.503,0,0.503
arda-argmax/sortformer-finetuned/6spk-v0.6-fastmss-prepared-shar-bs10-a100-80gb-4gpu-fullset-v11-1780998497/checkpoints/step_11235_epoch_0_val-der_0.0716.nemo,0,0.508,0,0.508
arda-argmax/sortformer-finetuned/6spk-v0.6-fastmss-prepared-shar-bs10-a100-80gb-4gpu-fullset-v11-1780998497/checkpoints/step_14980_epoch_0_val-der_0.0702.nemo,0,0.504,0,0.504
arda-argmax/sortformer-finetuned/6spk-v0.6-fastmss-prepared-shar-bs10-a100-80gb-4gpu-fullset-v11-1780998497/checkpoints/step_3745_epoch_0_val-der_0.0756.nemo,0,0.505,0,0.505
arda-argmax/sortformer-finetuned/6spk-v0.6-fastmss-prepared-shar-bs10-a100-80gb-4gpu-fullset-v11-1780998497/checkpoints/step_7490_epoch_0_val-der_0.0723.nemo,0,0.507,0,0.507
arda-argmax/sortformer-finetuned/6spk-v0.6-fastmss-prepared-shar-bs10-a100-80gb-8gpu-debug-debug-v1-1780604170/best.nemo,0,0.505,0,0.505
arda-argmax/sortformer-finetuned/6spk-v0.6-fastmss-prepared-shar-bs10-a100-80gb-8gpu-debug-debug-v1-1780604170/checkpoints/step_100_epoch_1_val-der_0.2204.nemo,0,0.508,0,0.508
arda-argmax/sortformer-finetuned/6spk-v0.6-fastmss-prepared-shar-bs10-a100-80gb-8gpu-debug-debug-v1-1780604170/checkpoints/step_150_epoch_2_val-der_0.2128.nemo,0,0.506,0,0.506
arda-argmax/sortformer-finetuned/6spk-v0.6-fastmss-prepared-shar-bs10-a100-80gb-8gpu-debug-debug-v1-1780604170/checkpoints/step_50_epoch_0_val-der_0.3458.nemo,0,0.608,0,0.608
arda-argmax/sortformer-finetuned/6spk-v0.6-fastmss-prepared-shar-bs10-a100-80gb-8gpu-fullset-v10-1780606582/best.nemo,0,0.504,0,0.504
arda-argmax/sortformer-finetuned/6spk-v0.6-fastmss-prepared-shar-bs10-a100-80gb-8gpu-fullset-v10-1780606582/checkpoints/step_11232_epoch_0_val-der_0.0901.nemo,0,0.505,0,0.505
arda-argmax/sortformer-finetuned/6spk-v0.6-fastmss-prepared-shar-bs10-a100-80gb-8gpu-fullset-v10-1780606582/checkpoints/step_13104_epoch_0_val-der_0.0887.nemo,0,0.507,0,0.507
arda-argmax/sortformer-finetuned/6spk-v0.6-fastmss-prepared-shar-bs10-a100-80gb-8gpu-fullset-v10-1780606582/checkpoints/step_14976_epoch_0_val-der_0.0879.nemo,0,0.504,0,0.504
arda-argmax/sortformer-finetuned/6spk-v0.6-fastmss-prepared-shar-bs10-a100-80gb-8gpu-fullset-v10-1780606582/checkpoints/step_16848_epoch_0_val-der_0.0865.nemo,0,0.504,0,0.504
arda-argmax/sortformer-finetuned/6spk-v0.6-fastmss-prepared-shar-bs10-a100-80gb-8gpu-fullset-v10-1780606582/checkpoints/step_18720_epoch_0_val-der_0.0854.nemo,0,0.511,0,0.511
arda-argmax/sortformer-finetuned/6spk-v0.6-fastmss-prepared-shar-bs10-a100-80gb-8gpu-fullset-v10-1780606582/checkpoints/step_1872_epoch_0_val-der_0.1109.nemo,0,0.505,0,0.505
arda-argmax/sortformer-finetuned/6spk-v0.6-fastmss-prepared-shar-bs10-a100-80gb-8gpu-fullset-v10-1780606582/checkpoints/step_20592_epoch_0_val-der_0.0846.nemo,0,0.507,0,0.507
arda-argmax/sortformer-finetuned/6spk-v0.6-fastmss-prepared-shar-bs10-a100-80gb-8gpu-fullset-v10-1780606582/checkpoints/step_22464_epoch_0_val-der_0.0840.nemo,0,0.508,0,0.508
arda-argmax/sortformer-finetuned/6spk-v0.6-fastmss-prepared-shar-bs10-a100-80gb-8gpu-fullset-v10-1780606582/checkpoints/step_24336_epoch_0_val-der_0.0838.nemo,0,0.504,0,0.504
arda-argmax/sortformer-finetuned/6spk-v0.6-fastmss-prepared-shar-bs10-a100-80gb-8gpu-fullset-v10-1780606582/checkpoints/step_26208_epoch_0_val-der_0.0828.nemo,0,0.503,0,0.503
arda-argmax/sortformer-finetuned/6spk-v0.6-fastmss-prepared-shar-bs10-a100-80gb-8gpu-fullset-v10-1780606582/checkpoints/step_28080_epoch_0_val-der_0.0815.nemo,0,0.502,0,0.502
arda-argmax/sortformer-finetuned/6spk-v0.6-fastmss-prepared-shar-bs10-a100-80gb-8gpu-fullset-v10-1780606582/checkpoints/step_31824_epoch_0_val-der_0.0807.nemo,0,0.507,0,0.507
arda-argmax/sortformer-finetuned/6spk-v0.6-fastmss-prepared-shar-bs10-a100-80gb-8gpu-fullset-v10-1780606582/checkpoints/step_35568_epoch_0_val-der_0.0804.nemo,0,0.502,0,0.502
arda-argmax/sortformer-finetuned/6spk-v0.6-fastmss-prepared-shar-bs10-a100-80gb-8gpu-fullset-v10-1780606582/checkpoints/step_37440_epoch_0_val-der_0.0797.nemo,0,0.504,0,0.504
arda-argmax/sortformer-finetuned/6spk-v0.6-fastmss-prepared-shar-bs10-a100-80gb-8gpu-fullset-v10-1780606582/checkpoints/step_3744_epoch_0_val-der_0.1021.nemo,0,0.508,0,0.508
arda-argmax/sortformer-finetuned/6spk-v0.6-fastmss-prepared-shar-bs10-a100-80gb-8gpu-fullset-v10-1780606582/checkpoints/step_5616_epoch_0_val-der_0.0964.nemo,0,0.503,0,0.503
arda-argmax/sortformer-finetuned/6spk-v0.6-fastmss-prepared-shar-bs10-a100-80gb-8gpu-fullset-v10-1780606582/checkpoints/step_7488_epoch_0_val-der_0.0941.nemo,0,0.503,0,0.503
arda-argmax/sortformer-finetuned/6spk-v0.6-fastmss-prepared-shar-bs10-a100-80gb-8gpu-fullset-v10-1780606582/checkpoints/step_9360_epoch_0_val-der_0.0917.nemo,0,0.507,0,0.507
arda-argmax/sortformer-finetuned/6spk-vox-ami-aishell-ali-bs10-ga2-a100-80gb-4gpu-5ep-v2-1782411519/best.nemo,0,0.502,0,0.502
arda-argmax/sortformer-finetuned/6spk-vox-ami-aishell-ali-bs10-ga2-a100-80gb-4gpu-5ep-v2-1782411519/checkpoints/step_104_epoch_0_val-der_0.1575.nemo,0,0.504,0,0.504
arda-argmax/sortformer-finetuned/6spk-vox-ami-aishell-ali-bs10-ga2-a100-80gb-4gpu-5ep-v2-1782411519/checkpoints/step_131_epoch_1_val-der_0.1559.nemo,0,0.507,0,0.507
arda-argmax/sortformer-finetuned/6spk-vox-ami-aishell-ali-bs10-ga2-a100-80gb-4gpu-5ep-v2-1782411519/checkpoints/step_183_epoch_1_val-der_0.1529.nemo,0,0.503,0,0.503
arda-argmax/sortformer-finetuned/6spk-vox-ami-aishell-ali-bs10-ga2-a100-80gb-4gpu-5ep-v2-1782411519/checkpoints/step_236_epoch_2_val-der_0.1527.nemo,0,0.506,0,0.506
arda-argmax/sortformer-finetuned/6spk-vox-ami-aishell-ali-bs10-ga2-a100-80gb-4gpu-5ep-v2-1782411519/checkpoints/step_26_epoch_0_val-der_0.1865.nemo,0,0.506,0,0.506
arda-argmax/sortformer-finetuned/6spk-vox-ami-aishell-ali-bs10-ga2-a100-80gb-4gpu-5ep-v2-1782411519/checkpoints/step_288_epoch_2_val-der_0.1515.nemo,0,0.505,0,0.505
arda-argmax/sortformer-finetuned/6spk-vox-ami-aishell-ali-bs10-ga2-a100-80gb-4gpu-5ep-v2-1782411519/checkpoints/step_341_epoch_3_val-der_0.1510.nemo,0,0.608,0,0.608
arda-argmax/sortformer-finetuned/6spk-vox-ami-aishell-ali-bs10-ga2-a100-80gb-4gpu-5ep-v2-1782411519/checkpoints/step_419_epoch_3_val-der_0.1496.nemo,0,0.506,0,0.506
arda-argmax/sortformer-finetuned/6spk-vox-ami-aishell-ali-bs10-ga2-a100-80gb-4gpu-5ep-v2-1782411519/checkpoints/step_472_epoch_4_val-der_0.1480.nemo,0,0.504,0,0.504
arda-argmax/sortformer-finetuned/6spk-vox-ami-aishell-ali-bs10-ga2-a100-80gb-4gpu-5ep-v2-1782411519/checkpoints/step_52_epoch_0_val-der_0.1649.nemo,0,0.502,0,0.502
arda-argmax/sortformer-finetuned/6spk-vox-ami-aishell-ali-bs10-ga2-a100-80gb-4gpu-5ep-v2-1782411519/checkpoints/step_78_epoch_0_val-der_0.1603.nemo,0,0.507,0,0.507
arda-argmax/sortformer-finetuned/8spk-v0.2-bs1-acc8-l4-cachedtrain-shardedval_v3-1777960366/best.nemo,0,0.505,0,0.505
arda-argmax/sortformer-finetuned/8spk-v0.2-bs1-acc8-l4-cachedtrain-shardedval_v6-1777969623/best.nemo,0,0.504,0,0.504
arda-argmax/sortformer-finetuned/8spk-v0.2-bs1-acc8-l4-cachedval-1777594506/best.nemo,0,0.506,0,0.506
arda-argmax/sortformer-finetuned/8spk-v0.2-bs1-acc8-l4-diskcache-shardedval-v1-1778007921/best.nemo,0,0.504,0,0.504
arda-argmax/sortformer-finetuned/smoke-1777401758/best.nemo,0,0.502,0,0.502
arda-argmax/sortformer-finetuned/sortformer-train-1777492805/best.nemo,0,0.506,0,0.506
arda-argmax/sortformer-finetuned/sortformer-train-1777563938/best.nemo,0,0.504,0,0.504
arda-argmax/sortformer-finetuned/sortformer-train-1777567093/best.nemo,0,0.503,0,0.503
arda-argmax/sortformer-finetuned/sortformer-train-1777578793/best.nemo,0,0.506,0,0.506
arda-argmax/sortformer-finetuned/sortformer-train-1777589381/best.nemo,0,0.505,0,0.505
arda-argmax/sortformer-finetuned/vertex-streaming-smoke-train-1777405971/best.nemo,0,0.504,0,0.504
arda-argmax/sortformer-finetuned/vertex-streaming-smoke-train-1777413928/best.nemo,0,0.508,0,0.508
timm/MobileCLIP2-S0-OpenCLIP/open_clip_pytorch_model.bin,0,0.024,0,0.024
optimum-intel-internal-testing/tiny-random-Data2VecTextModel/pytorch_model.bin,0,0.007,0,0.007
timm/convnext_large.dinov3_lvd1689m/pytorch_model.bin,0,0.012,0,0.012
timm/MobileCLIP2-S2-OpenCLIP/open_clip_pytorch_model.bin,0,0.101,0,0.101
OpenMed/OpenMed-ZeroShot-NER-Pathology-Tiny-60M/pytorch_model.bin,0,0.009,0,0.009
nvidia/C-RADIOv4-SO400M/c-radio_v4-so400m_half.pth.tar,0,0.013,4.321,4.334
zondaxyz/babyconceptLM-baike102M_bpe40/pytorch_model.bin,0,0.013,0,0.013
pytorch/gemma-3-12b-it-FP8/pytorch_model-00001-of-00003.bin,0,0.036,5.834,5.870
LuckyOda/comfyui-full-pack/person_yolov8m-seg.pt,0,0.060,12.310,12.370
blackbeedrones/sae-2026-hang-all-yolo26n-seg-v2-960/weights/epoch187.pt,0,0.190,13.721,13.910
knalin55/CUNI_FT-CROSS-LoRA/training_args.bin,0,0.005,4.748,4.753
thatbrguy/g3t/model.pt,0,0.051,0,0.051
michka/Melenchon-Nemo-12B/checkpoint-240/optimizer.pt,0,0.050,0,0.050
Stable-X/vggt-object-v0-1/model.pt,0,0.040,0,0.040
sakamakismile/Qwen3.6-27B-LNARIZE-NVFP4/kvtc_calibration.pt,0,0.022,5.495,5.517
timm/vit_huge_patch14_clip_378.metaclip2_worldwide/open_clip_pytorch_model.bin,0,0.033,0,0.033
timm/vit_huge_patch14_clip_378.metaclip2_worldwide/pytorch_model.bin,0,0.016,0,0.016
Chess473737/nepal-model/A100Pretrain/checkpoint-10000/training_args.bin,0,0.005,5.484,5.489
Chess473737/nepal-model/A100Pretrain/checkpoint-15000/training_args.bin,0,0.005,6.141,6.146
Chess473737/nepal-model/A100Pretrain/checkpoint-20000/training_args.bin,0,0.010,8.378,8.388
Chess473737/nepal-model/A100Pretrain/checkpoint-5000/optimizer.pt,0,0.023,0,0.023
Chess473737/nepal-model/A100Pretrain/checkpoint-5000/scheduler.pt,0,0.004,0,0.004
Chess473737/nepal-model/A100Pretrain/checkpoint-5000/training_args.bin,0,0.004,13.274,13.278
Chess473737/nepal-model/Kaggle1B/ckpt-12000/scheduler.pt,0,0.006,0,0.006
openbmb/BitCPM-CANN-3B/pytorch_model.bin,0,0.019,0,0.019
typhoon-ai/typhoon-asr-realtime/typhoon-asr-realtime.nemo,0,0.493,0,0.493
cisco-ai/SecureBERT2.0-cross_encoder/optimizer.pt,0,0.014,0,0.014
AIDElab-IITBombay/RadJEPA/jepa_encoder.pth.tar,0,0.030,0,0.030
Runware/adetailer/deepfashion2_yolov8s-seg.pt,0,0.044,13.023,13.067
Runware/adetailer/person_yolov8m-seg.pt,0,0.077,28.662,28.739
Runware/adetailer/person_yolov8n-seg.pt,0,0.066,8.606,8.672
Runware/adetailer/person_yolov8s-seg.pt,0,0.072,8.222,8.294
stabilityai/stable-audio-3-small-sfx-base/svd_bases.pt,0,0.028,0,0.028
openbmb/BitCPM-CANN-8B/pytorch_model.bin,0,0.034,0,0.034
GaryFer/smart-parking-weights/fasterrcnnv2/best_seed1000.pt,0,0.017,0,0.017
GaryFer/smart-parking-weights/fasterrcnnv2/best_seed123.pt,0,0.020,0,0.020
GaryFer/smart-parking-weights/fasterrcnnv2/best_seed1234.pt,0,0.018,0,0.018
GaryFer/smart-parking-weights/fasterrcnnv2/best_seed2025.pt,0,0.015,0,0.015
GaryFer/smart-parking-weights/fasterrcnnv2/best_seed3141.pt,0,0.014,0,0.014
GaryFer/smart-parking-weights/fasterrcnnv2/best_seed42.pt,0,0.014,0,0.014
GaryFer/smart-parking-weights/fasterrcnnv2/best_seed456.pt,0,0.012,0,0.012
GaryFer/smart-parking-weights/rtdetr/run_1000/weights/best.pt,0,0.089,22.521,22.609
GaryFer/smart-parking-weights/rtdetr/run_1000/weights/last.pt,0,0.113,14.893,15.006
GaryFer/smart-parking-weights/rtdetr/run_123/weights/best.pt,0,0.115,26.149,26.265
GaryFer/smart-parking-weights/rtdetr/run_1234/weights/best.pt,0,0.112,15.601,15.714
GaryFer/smart-parking-weights/rtdetr/run_1234/weights/last.pt,0,0.116,16.216,16.332
GaryFer/smart-parking-weights/rtdetr/run_2024/weights/last.pt,0,0.122,14.665,14.787
GaryFer/smart-parking-weights/rtdetr/run_3141/weights/best.pt,0,0.217,21.226,21.443
GaryFer/smart-parking-weights/rtdetr/run_456/weights/best.pt,0,0.116,4.935,5.051
GaryFer/smart-parking-weights/rtdetr/run_789/weights/best.pt,0,0.111,23.288,23.399
GaryFer/smart-parking-weights/yolov11s/run_1000/weights/last.pt,0,0.067,10.251,10.318
GaryFer/smart-parking-weights/yolov11s/run_123/weights/best.pt,0,0.069,7.638,7.707
GaryFer/smart-parking-weights/yolov11s/run_123/weights/last.pt,0,0.064,11.677,11.740
GaryFer/smart-parking-weights/yolov11s/run_1234/weights/best.pt,0,0.069,20.115,20.184
GaryFer/smart-parking-weights/yolov11s/run_2025/weights/best.pt,0,0.073,14.061,14.134
GaryFer/smart-parking-weights/yolov11s/run_2025/weights/last.pt,0,0.165,10.963,11.128
GaryFer/smart-parking-weights/yolov11s/run_3141/weights/best.pt,0,0.066,8.997,9.063
GaryFer/smart-parking-weights/yolov11s/run_42/weights/best.pt,0,0.053,16.219,16.273
GaryFer/smart-parking-weights/yolov11s/run_456/weights/best.pt,0,0.073,12.219,12.293
GaryFer/smart-parking-weights/yolov11s/run_456/weights/last.pt,0,0.063,13.255,13.318
GaryFer/smart-parking-weights/yolov11s/run_789/weights/best.pt,0,0.068,12.680,12.748
GaryFer/smart-parking-weights/yolov11s/run_789/weights/last.pt,0,0.071,18.426,18.497
GaryFer/smart-parking-weights/yolov11s/run_9999/weights/best.pt,0,0.071,18.670,18.741
GaryFer/smart-parking-weights/yolov11s/run_9999/weights/last.pt,0,0.070,9.870,9.940
GaryFer/smart-parking-weights/yolov12s/run_1000/weights/best.pt,0,0.088,12.836,12.924
GaryFer/smart-parking-weights/yolov12s/run_1000/weights/last.pt,0,0.192,14.071,14.263
GaryFer/smart-parking-weights/yolov12s/run_123/weights/best.pt,0,0.079,16.687,16.766
GaryFer/smart-parking-weights/yolov12s/run_1234/weights/last.pt,0,0.089,10.337,10.426
GaryFer/smart-parking-weights/yolov12s/run_2024/weights/last.pt,0,0.086,17.381,17.467
GaryFer/smart-parking-weights/yolov12s/run_2025/weights/best.pt,0,0.086,11.809,11.894
GaryFer/smart-parking-weights/yolov12s/run_3141/weights/best.pt,0,0.086,16.143,16.229
GaryFer/smart-parking-weights/yolov12s/run_3141/weights/last.pt,0,0.082,11.080,11.163
GaryFer/smart-parking-weights/yolov12s/run_42/weights/best.pt,0,0.091,10.795,10.885
GaryFer/smart-parking-weights/yolov12s/run_456/weights/best.pt,0,0.205,17.201,17.405
GaryFer/smart-parking-weights/yolov12s/run_456/weights/last.pt,0,0.095,17.134,17.229
GaryFer/smart-parking-weights/yolov12s/run_789/weights/last.pt,0,0.087,12.624,12.711
GaryFer/smart-parking-weights/yolov12s/run_9999/weights/best.pt,0,0.070,12.532,12.602
GaryFer/smart-parking-weights/yolov12s/run_9999/weights/last.pt,0,0.084,8.858,8.942
GaryFer/smart-parking-weights/yolov8s/run_1000/weights/best.pt,0,0.057,13.392,13.448
GaryFer/smart-parking-weights/yolov8s/run_123/weights/best.pt,0,0.057,10.330,10.386
GaryFer/smart-parking-weights/yolov8s/run_1234/weights/best.pt,0,0.058,24.047,24.104
GaryFer/smart-parking-weights/yolov8s/run_2024/weights/best.pt,0,0.058,9.507,9.565
GaryFer/smart-parking-weights/yolov8s/run_2025/weights/best.pt,0,0.058,22.203,22.261
GaryFer/smart-parking-weights/yolov8s/run_3141/weights/best.pt,0,0.056,12.038,12.094
GaryFer/smart-parking-weights/yolov8s/run_3141/weights/last.pt,0,0.160,16.791,16.951
GaryFer/smart-parking-weights/yolov8s/run_789/weights/best.pt,0,0.052,7.961,8.013
GaryFer/smart-parking-weights/yolov8s/run_9999/weights/best.pt,0,0.052,10.943,10.994
GaryFer/smart-parking-weights/yolov8s/run_9999/weights/last.pt,0,0.056,7.011,7.067
baichuan-inc/Baichuan-M2-32B/draft/pytorch_model.bin,0,0.009,0,0.009
gabrielpirlo/Sped_ParakeetRomanian_110M_TDT-CTC/SpeD-ParakeetRo_110M_TDT-CTC.nemo,0,0.505,0,0.505
Soul-AILab/SoulX-Singer-Preprocess/parakeet-tdt-0.6b-v2/parakeet-tdt-0.6b-v2.nemo,0,2.533,0,2.533
openbmb/BitCPM-CANN-8B-unquantized/pytorch_model.bin,0,0.015,0,0.015
ecmwf/aifs-ens-2.0/aifs-ens-crps-2.0.ckpt,0,0.109,47.245,47.354
facebook/lagernvs_general_512/model.pt,0,0.056,0,0.056
Malgesw/ppo-Huggy/Huggy/Huggy-1599365.pt,0,0.010,0,0.010
yuriyvnv/parakeet-tdt-0.6b-EN-Medical/parakeet-tdt-cv17_multimed_en-seed42.nemo,0,2.571,0,2.571
yuriyvnv/parakeet-tdt-0.6b-EN-Medical/parakeet-tdt-multimed_en-seed42.nemo,0,2.567,0,2.567
shaikhsalman/ZabaanAI-Urdu-3B/last-checkpoint/optimizer.pt,0,0.045,0,0.045
fpadovani/rus-cyrl-100mb-100mb_seed3407/checkpoint-105000/rng_state.pth,0,0.006,3.531,3.537
fpadovani/rus-cyrl-100mb-100mb_seed3407/checkpoint-39000/rng_state.pth,0,0.006,4.490,4.495
fpadovani/rus-cyrl-100mb-100mb_seed3407/checkpoint-42000/rng_state.pth,0,0.008,8.586,8.593
nvidia/magpie_tts_multilingual_357m/magpie_tts_multilingual_357m.nemo,0,1.533,0,1.533
asdasdasd1234567890/asd/ultralytics/segm/CockAndBallYolo8x.pt,0,0.071,18.039,18.110
asdasdasd1234567890/asd/ultralytics/segm/PitEyeDetailer-v2-seg.pt,0,0.070,12.645,12.714
asdasdasd1234567890/asd/ultralytics/segm/face_yolov8m-seg_60.pt,0,0.069,20.414,20.483
asdasdasd1234567890/asd/ultralytics/segm/person_yolov8m-seg.pt,0,0.213,16.132,16.345
asdasdasd1234567890/asd/ultralytics/segm/person_yolov8n-seg.pt,0,0.063,11.725,11.788
asdasdasd1234567890/asd/ultralytics/segm/person_yolov8s-seg.pt,0,0.065,12.264,12.329
asdasdasd1234567890/asd/ultralytics/segm/skin_yolov8m-seg_400.pt,0,0.073,17.003,17.076
asdasdasd1234567890/asd/ultralytics/segm/yolo-human-parse-epoch-125.pt,0,0.097,19.525,19.623
asdasdasd1234567890/asd/ultralytics/segm/yolo11n-seg.pt,0,0.086,20.037,20.124
attack-vector/SecureModernBERT-NER/checkpoint-10605/optimizer.pt,0,0.028,0,0.028
timm/vit_small_plus_patch16_dinov3_qkvb.lvd1689m/pytorch_model.bin,0,0.015,0,0.015
vivekvar/helmet-v5/yolo11l-pose.pt,0,0.118,18.821,18.939
binant/wendyrv/model.pth,0,0.018,0,0.018
jwest33/qwen3-vl-8b-instruct-null-space-abliterated/null_space_projectors.pt,0,0.006,0,0.006
jwest33/qwen3-vl-8b-instruct-null-space-abliterated/refusal_directions.pt,0,0.004,0,0.004
inference-optimization/Laguna-XS.2-speculator.dflash-Qwen235B-500k-ckpt5/scheduler_state_dict.pt,0,0.004,0,0.004
smegmarip/ComfyUI/segm/person_yolov8s-seg.pt,0,0.047,12.414,12.462
smegmarip/ComfyUI/ultralytics/segm/AnzhcHead-seg.pt,0,0.062,17.994,18.055
smegmarip/ComfyUI/ultralytics/segm/person_yolov8m-seg.pt,0,0.180,7.952,8.132
fpadovani/swa-latn-100mb-after-ppt-shuff-dyck-100mb-ckpt500_seed3407/checkpoint-164000/rng_state.pth,0,0.007,3.872,3.878
fpadovani/swa-latn-100mb-after-ppt-shuff-dyck-100mb-ckpt500_seed3407/checkpoint-212000/rng_state.pth,0,0.005,5.823,5.828
fpadovani/swa-latn-100mb-after-ppt-shuff-dyck-100mb-ckpt500_seed3407/checkpoint-220000/rng_state.pth,0,0.006,3.668,3.674
fpadovani/swa-latn-100mb-after-ppt-shuff-dyck-100mb-ckpt500_seed3407/checkpoint-224000/rng_state.pth,0,0.005,3.470,3.475
fpadovani/swa-latn-100mb-after-ppt-shuff-dyck-100mb-ckpt500_seed3407/checkpoint-232000/rng_state.pth,0,0.005,3.366,3.372
fpadovani/swa-latn-100mb-after-ppt-shuff-dyck-100mb-ckpt500_seed3407/checkpoint-272000/rng_state.pth,0,0.005,4.082,4.087
fpadovani/swa-latn-100mb-after-ppt-shuff-dyck-100mb-ckpt500_seed3407/checkpoint-280000/rng_state.pth,0,0.005,4.357,4.362
fpadovani/swa-latn-100mb-after-ppt-shuff-dyck-100mb-ckpt500_seed3407/checkpoint-40000/rng_state.pth,0,0.006,3.702,3.708
fpadovani/swa-latn-100mb-after-ppt-shuff-dyck-100mb-ckpt500_seed3407/checkpoint-44000/rng_state.pth,0,0.006,3.366,3.372
fpadovani/swa-latn-100mb-after-ppt-shuff-dyck-100mb-ckpt500_seed3407/checkpoint-80000/rng_state.pth,0,0.007,3.773,3.780
fpadovani/ind-latn-100mb-after-ppt-Dp-100mb-ckpt500_seed3407/checkpoint-102000/training_args.bin,0,0.007,6.228,6.236
fpadovani/ind-latn-100mb-after-ppt-Dp-100mb-ckpt500_seed3407/checkpoint-105000/training_args.bin,0,0.009,6.741,6.749
fpadovani/ind-latn-100mb-after-ppt-Dp-100mb-ckpt500_seed3407/checkpoint-108000/training_args.bin,0,0.008,35.821,35.829
fpadovani/ind-latn-100mb-after-ppt-Dp-100mb-ckpt500_seed3407/checkpoint-111000/training_args.bin,0,0.015,6.937,6.951
fpadovani/ind-latn-100mb-after-ppt-Dp-100mb-ckpt500_seed3407/checkpoint-114000/training_args.bin,0,0.005,6.547,6.552
fpadovani/ind-latn-100mb-after-ppt-Dp-100mb-ckpt500_seed3407/checkpoint-117000/training_args.bin,0,0.007,6.744,6.750
fpadovani/ind-latn-100mb-after-ppt-Dp-100mb-ckpt500_seed3407/checkpoint-12000/training_args.bin,0,0.006,5.504,5.510
fpadovani/ind-latn-100mb-after-ppt-Dp-100mb-ckpt500_seed3407/checkpoint-120000/training_args.bin,0,0.008,6.574,6.581
fpadovani/ind-latn-100mb-after-ppt-Dp-100mb-ckpt500_seed3407/checkpoint-123000/training_args.bin,0,0.007,6.308,6.315
fpadovani/ind-latn-100mb-after-ppt-Dp-100mb-ckpt500_seed3407/checkpoint-126000/training_args.bin,0,0.008,8.371,8.379
fpadovani/ind-latn-100mb-after-ppt-Dp-100mb-ckpt500_seed3407/checkpoint-128520/rng_state.pth,0,0.005,4.079,4.084
fpadovani/ind-latn-100mb-after-ppt-Dp-100mb-ckpt500_seed3407/checkpoint-128520/training_args.bin,0,0.005,7.158,7.162
fpadovani/ind-latn-100mb-after-ppt-Dp-100mb-ckpt500_seed3407/checkpoint-15000/training_args.bin,0,0.006,7.801,7.807
fpadovani/ind-latn-100mb-after-ppt-Dp-100mb-ckpt500_seed3407/checkpoint-18000/training_args.bin,0,0.006,6.117,6.123
fpadovani/ind-latn-100mb-after-ppt-Dp-100mb-ckpt500_seed3407/checkpoint-21000/rng_state.pth,0,0.006,3.254,3.261
fpadovani/ind-latn-100mb-after-ppt-Dp-100mb-ckpt500_seed3407/checkpoint-21000/training_args.bin,0,0.005,10.771,10.776
fpadovani/ind-latn-100mb-after-ppt-Dp-100mb-ckpt500_seed3407/checkpoint-24000/training_args.bin,0,0.005,4.552,4.557
fpadovani/ind-latn-100mb-after-ppt-Dp-100mb-ckpt500_seed3407/checkpoint-27000/training_args.bin,0,0.007,7.767,7.773
fpadovani/ind-latn-100mb-after-ppt-Dp-100mb-ckpt500_seed3407/checkpoint-3000/training_args.bin,0,0.006,7.461,7.467
fpadovani/ind-latn-100mb-after-ppt-Dp-100mb-ckpt500_seed3407/checkpoint-30000/training_args.bin,0,0.006,4.696,4.702
fpadovani/ind-latn-100mb-after-ppt-Dp-100mb-ckpt500_seed3407/checkpoint-33000/training_args.bin,0,0.010,5.204,5.214
fpadovani/ind-latn-100mb-after-ppt-Dp-100mb-ckpt500_seed3407/checkpoint-36000/rng_state.pth,0,0.006,3.396,3.402
fpadovani/ind-latn-100mb-after-ppt-Dp-100mb-ckpt500_seed3407/checkpoint-36000/training_args.bin,0,0.008,5.069,5.077
fpadovani/ind-latn-100mb-after-ppt-Dp-100mb-ckpt500_seed3407/checkpoint-39000/training_args.bin,0,0.006,7.355,7.361
fpadovani/ind-latn-100mb-after-ppt-Dp-100mb-ckpt500_seed3407/checkpoint-42000/training_args.bin,0,0.006,1.990,1.996
fpadovani/ind-latn-100mb-after-ppt-Dp-100mb-ckpt500_seed3407/checkpoint-45000/training_args.bin,0,0.007,5.868,5.875
fpadovani/ind-latn-100mb-after-ppt-Dp-100mb-ckpt500_seed3407/checkpoint-48000/training_args.bin,0,0.005,5.766,5.772
fpadovani/ind-latn-100mb-after-ppt-Dp-100mb-ckpt500_seed3407/checkpoint-51000/training_args.bin,0,0.008,8.949,8.958
fpadovani/ind-latn-100mb-after-ppt-Dp-100mb-ckpt500_seed3407/checkpoint-54000/training_args.bin,0,0.008,5.959,5.967
fpadovani/ind-latn-100mb-after-ppt-Dp-100mb-ckpt500_seed3407/checkpoint-57000/training_args.bin,0,0.008,6.092,6.100
fpadovani/ind-latn-100mb-after-ppt-Dp-100mb-ckpt500_seed3407/checkpoint-6000/training_args.bin,0,0.005,6.717,6.723
fpadovani/ind-latn-100mb-after-ppt-Dp-100mb-ckpt500_seed3407/checkpoint-60000/training_args.bin,0,0.006,7.490,7.496
fpadovani/ind-latn-100mb-after-ppt-Dp-100mb-ckpt500_seed3407/checkpoint-63000/training_args.bin,0,0.006,10.022,10.028
fpadovani/ind-latn-100mb-after-ppt-Dp-100mb-ckpt500_seed3407/checkpoint-66000/training_args.bin,0,0.008,6.231,6.239
fpadovani/ind-latn-100mb-after-ppt-Dp-100mb-ckpt500_seed3407/checkpoint-69000/rng_state.pth,0,0.005,5.207,5.212
fpadovani/ind-latn-100mb-after-ppt-Dp-100mb-ckpt500_seed3407/checkpoint-69000/training_args.bin,0,0.008,5.210,5.218
fpadovani/ind-latn-100mb-after-ppt-Dp-100mb-ckpt500_seed3407/checkpoint-72000/training_args.bin,0,0.008,4.333,4.342
fpadovani/ind-latn-100mb-after-ppt-Dp-100mb-ckpt500_seed3407/checkpoint-75000/training_args.bin,0,0.007,6.591,6.598
fpadovani/ind-latn-100mb-after-ppt-Dp-100mb-ckpt500_seed3407/checkpoint-78000/training_args.bin,0,0.005,5.313,5.318
fpadovani/ind-latn-100mb-after-ppt-Dp-100mb-ckpt500_seed3407/checkpoint-81000/rng_state.pth,0,0.005,8.274,8.280
fpadovani/ind-latn-100mb-after-ppt-Dp-100mb-ckpt500_seed3407/checkpoint-81000/training_args.bin,0,0.005,4.355,4.360
fpadovani/ind-latn-100mb-after-ppt-Dp-100mb-ckpt500_seed3407/checkpoint-84000/training_args.bin,0,0.006,10.783,10.789
fpadovani/ind-latn-100mb-after-ppt-Dp-100mb-ckpt500_seed3407/checkpoint-87000/training_args.bin,0,0.006,9.512,9.518
fpadovani/ind-latn-100mb-after-ppt-Dp-100mb-ckpt500_seed3407/checkpoint-9000/training_args.bin,0,0.007,9.815,9.822
fpadovani/ind-latn-100mb-after-ppt-Dp-100mb-ckpt500_seed3407/checkpoint-90000/rng_state.pth,0,0.006,3.603,3.609
fpadovani/ind-latn-100mb-after-ppt-Dp-100mb-ckpt500_seed3407/checkpoint-90000/training_args.bin,0,0.006,9.340,9.346
fpadovani/ind-latn-100mb-after-ppt-Dp-100mb-ckpt500_seed3407/checkpoint-93000/training_args.bin,0,0.009,8.725,8.734
fpadovani/ind-latn-100mb-after-ppt-Dp-100mb-ckpt500_seed3407/checkpoint-96000/training_args.bin,0,0.008,6.946,6.955
fpadovani/ind-latn-100mb-after-ppt-Dp-100mb-ckpt500_seed3407/checkpoint-99000/training_args.bin,0,0.007,8.380,8.387
fpadovani/ind-latn-100mb-after-ppt-Dp-100mb-ckpt500_seed3407/training_args.bin,0,0.009,6.640,6.650
nvidia/nemo-nano-codec-22khz-0.6kbps-12.5fps/nemo-nano-codec-22khz-0.6kbps-12.5fps.nemo,0,0.464,0,0.464
fpadovani/swe-latn-10mb-after-ppt-Dp-100mb-ckpt500_seed3407/checkpoint-9000/rng_state.pth,0,0.006,3.393,3.399
omi-health/omi-med-stt-v1/omimedstt-v1.nemo,0,2.570,0,2.570
fpadovani/swa-latn-100mb-after-ppt-Dp-100mb-ckpt500_seed3407/checkpoint-164000/rng_state.pth,0,0.006,5.519,5.525
fpadovani/swa-latn-100mb-after-ppt-Dp-100mb-ckpt500_seed3407/checkpoint-212000/rng_state.pth,0,0.005,4.288,4.293
fpadovani/swa-latn-100mb-after-ppt-Dp-100mb-ckpt500_seed3407/checkpoint-220000/rng_state.pth,0,0.005,8.960,8.965
fpadovani/swa-latn-100mb-after-ppt-Dp-100mb-ckpt500_seed3407/checkpoint-224000/rng_state.pth,0,0.007,4.630,4.637
fpadovani/swa-latn-100mb-after-ppt-Dp-100mb-ckpt500_seed3407/checkpoint-232000/rng_state.pth,0,0.005,4.492,4.497
fpadovani/swa-latn-100mb-after-ppt-Dp-100mb-ckpt500_seed3407/checkpoint-272000/rng_state.pth,0,0.007,11.352,11.358
fpadovani/swa-latn-100mb-after-ppt-Dp-100mb-ckpt500_seed3407/checkpoint-280000/rng_state.pth,0,0.005,4.465,4.470
fpadovani/swa-latn-100mb-after-ppt-Dp-100mb-ckpt500_seed3407/checkpoint-40000/rng_state.pth,0,0.005,6.059,6.064
fpadovani/swa-latn-100mb-after-ppt-Dp-100mb-ckpt500_seed3407/checkpoint-44000/rng_state.pth,0,0.007,7.973,7.980
fpadovani/swa-latn-100mb-after-ppt-Dp-100mb-ckpt500_seed3407/checkpoint-80000/rng_state.pth,0,0.006,5.308,5.315
nvidia/GR00T-N1.7-SimplerEnv-Bridge/global_step32000/mp_rank_00_model_states.pt,0,0.067,0,0.067
fpadovani/tur-latn-100mb-100mb_seed10/checkpoint-24000/rng_state.pth,0,0.006,5.944,5.950
fpadovani/tur-latn-100mb-100mb_seed10/checkpoint-75000/rng_state.pth,0,0.006,3.569,3.576
ecmwf/aifs-single-1.1/aifs-single-mse-1.1.ckpt,0,0.083,33.341,33.424
nvidia/fourcastnet3/training_checkpoints/best_ckpt_mp0.tar,0,0.013,0,0.013
nvidia/parakeet-unified-en-0.6b/parakeet-unified-en-0.6b.nemo,0,2.537,0,2.537
fpadovani/hin-deva-100mb-after-ppt-Dp-100mb-ckpt500_seed3407/checkpoint-3000/rng_state.pth,0,0.004,5.737,5.742
fpadovani/hin-deva-100mb-after-ppt-Dp-100mb-ckpt500_seed3407/checkpoint-69000/rng_state.pth,0,0.006,3.365,3.370
fpadovani/hin-deva-100mb-after-ppt-Dp-100mb-ckpt500_seed3407/checkpoint-87000/rng_state.pth,0,0.006,4.095,4.101
fpadovani/swe-latn-10mb-100mb_seed3407/checkpoint-9000/rng_state.pth,0,0.007,6.420,6.427
fpadovani/hin-deva-10mb-after-ppt-Dp-100mb-ckpt500_seed3407/checkpoint-104090/rng_state.pth,0,0.006,6.433,6.439
fpadovani/hin-deva-10mb-after-ppt-Dp-100mb-ckpt500_seed3407/checkpoint-15000/rng_state.pth,0,0.005,5.315,5.320
fpadovani/hin-deva-10mb-after-ppt-Dp-100mb-ckpt500_seed3407/checkpoint-54000/rng_state.pth,0,0.006,4.488,4.494
fpadovani/hin-deva-10mb-after-ppt-Dp-100mb-ckpt500_seed3407/checkpoint-6000/rng_state.pth,0,0.005,6.133,6.138
fpadovani/swe-latn-100mb-100mb_seed3407/checkpoint-57000/rng_state.pth,0,0.006,4.490,4.497
fpadovani/swe-latn-100mb-100mb_seed3407/checkpoint-66000/rng_state.pth,0,0.005,4.491,4.496
fpadovani/swe-latn-100mb-100mb_seed3407/checkpoint-75000/rng_state.pth,0,0.005,5.106,5.111
fpadovani/swe-latn-100mb-100mb_seed3407/checkpoint-90000/rng_state.pth,0,0.005,4.187,4.192
fpadovani/ind-latn-10mb-after-ppt-Dp-100mb-ckpt500_seed3407/checkpoint-114000/rng_state.pth,0,0.005,3.569,3.574
fpadovani/ind-latn-10mb-after-ppt-Dp-100mb-ckpt500_seed3407/checkpoint-21000/rng_state.pth,0,0.005,3.572,3.577
fpadovani/ind-latn-10mb-after-ppt-Dp-100mb-ckpt500_seed3407/checkpoint-27000/rng_state.pth,0,0.005,4.900,4.906
fpadovani/ind-latn-10mb-after-ppt-Dp-100mb-ckpt500_seed3407/checkpoint-6000/rng_state.pth,0,0.005,4.803,4.808
conch/CoCa/MahmoodLab-CONCH/pytorch_model.bin,0,0.029,0,0.029
flagembedding/BAAI-bge-base-en/pytorch_model.bin,0,0.014,0,0.014
flagembedding/BAAI-bge-base-en-v1.5/pytorch_model.bin,0,0.011,0,0.011
flagembedding/BAAI-bge-base-zh-v1.5/pytorch_model.bin,0,0.011,0,0.011
flagembedding/BAAI-bge-large-en/pytorch_model.bin,0,0.019,0,0.019
flagembedding/BAAI-bge-large-en-v1.5/pytorch_model.bin,0,0.017,0,0.017
flagembedding/BAAI-bge-large-zh/pytorch_model.bin,0,0.017,0,0.017
flagembedding/BAAI-bge-large-zh-v1.5/pytorch_model.bin,0,0.017,0,0.017
flagembedding/BAAI-bge-reranker-base/pytorch_model.bin,0,0.013,0,0.013
flagembedding/BAAI-bge-reranker-large/pytorch_model.bin,0,0.017,0,0.017
flagembedding/BAAI-bge-small-en/pytorch_model.bin,0,0.009,0,0.009
flagembedding/BAAI-bge-small-en-v1.5/pytorch_model.bin,0,0.011,0,0.011
flagembedding/BAAI-bge-small-zh/pytorch_model.bin,0,0.008,0,0.008
flagembedding/BAAI-bge-small-zh-v1.5/pytorch_model.bin,0,0.008,0,0.008
flagembedding/BAAI-llm-embedder/pytorch_model.bin,0,0.010,0,0.010
flair/SequenceTagger/flair-chunk-english-fast/pytorch_model.bin,0,0.008,5.803,5.811
flair/SequenceTagger/flair-ner-dutch-large/pytorch_model.bin,0,0.042,6.286,6.328
flair/SequenceTagger/flair-ner-english/pytorch_model.bin,0,0.273,14.250,14.522
flair/SequenceTagger/flair-ner-english-fast/pytorch_model.bin,0,0.265,14.555,14.820
flair/SequenceTagger/flair-ner-english-large/pytorch_model.bin,0,0.108,4.074,4.181
flair/SequenceTagger/flair-ner-english-ontonotes/pytorch_model.bin,0,0.662,4.917,5.578
flair/SequenceTagger/flair-ner-english-ontonotes-fast/pytorch_model.bin,0,0.661,5.121,5.783
flair/SequenceTagger/flair-ner-english-ontonotes-large/pytorch_model.bin,0,0.073,4.211,4.284
flair/SequenceTagger/flair-ner-french/pytorch_model.bin,0,0.673,4.491,5.164
flair/SequenceTagger/flair-ner-german/pytorch_model.bin,0,0.692,5.221,5.913
flair/SequenceTagger/flair-ner-german-large/pytorch_model.bin,0,0.066,4.456,4.522
flair/SequenceTagger/flair-ner-multi/pytorch_model.bin,0,0.935,5.337,6.272
flair/SequenceTagger/flair-ner-spanish-large/pytorch_model.bin,0,0.075,4.002,4.077
flair/SequenceTagger/flair-pos-english/pytorch_model.bin,0,0.010,2.340,2.350
flair/SequenceTagger/flair-pos-english-fast/pytorch_model.bin,0,0.011,2.747,2.758
flair/SequenceTagger/flair-upos-english/pytorch_model.bin,0,0.011,5.614,5.625
flair/SequenceTagger/flair-upos-english-fast/pytorch_model.bin,0,0.011,4.385,4.397
flair/SequenceTagger/flair-upos-multi/pytorch_model.bin,0,0.059,14.408,14.467
gliner/GliNER/DeepMount00-GLiNER_ITA_BASE/pytorch_model.bin,0,0.021,0,0.021
gliner/GliNER/DeepMount00-GLiNER_ITA_LARGE/pytorch_model.bin,0,0.026,0,0.026
gliner/GliNER/DeepMount00-GLiNER_PII_ITA/pytorch_model.bin,0,0.023,0,0.023
gliner/GliNER/DeepMount00-universal_ner_ita/pytorch_model.bin,0,0.011,0,0.011
gliner/GliNER/EmergentMethods-gliner_medium_news-v2.1/pytorch_model.bin,0,0.011,0,0.011
gliner/GliNER/gliner-community-gliner_large-v2.5/pytorch_model.bin,0,0.018,0,0.018
gliner/GliNER/gliner-community-gliner_medium-v2.5/pytorch_model.bin,0,0.011,0,0.011
gliner/GliNER/numind-NuNER_Zero/pytorch_model.bin,0,0.017,0,0.017
gliner/GliNER/urchade-gliner_base/pytorch_model.bin,0,0.011,0,0.011
gliner/GliNER/urchade-gliner_large-v1/pytorch_model.bin,0,0.016,0,0.016
gliner/GliNER/urchade-gliner_large-v2/pytorch_model.bin,0,0.018,0,0.018
gliner/GliNER/urchade-gliner_large-v2.1/pytorch_model.bin,0,0.016,0,0.016
gliner/GliNER/urchade-gliner_medium-v2.1/pytorch_model.bin,0,0.012,0,0.012
gliner/GliNER/urchade-gliner_multi/pytorch_model.bin,0,0.012,0,0.012
gliner/GliNER/urchade-gliner_multi-v2.1/pytorch_model.bin,0,0.014,0,0.014
gliner/GliNER/urchade-gliner_multi_pii-v1/pytorch_model.bin,0,0.013,0,0.013
gliner/GliNER/urchade-gliner_small-v2.1/pytorch_model.bin,0,0.008,0,0.008
huggingsound/SpeechRecognitionModel/jonatasgrosman-wav2vec2-large-xlsr-53-arabic/pytorch_model.bin,0,0.018,0,0.018
huggingsound/SpeechRecognitionModel/jonatasgrosman-wav2vec2-large-xlsr-53-chinese-zh-cn/pytorch_model.bin,0,0.016,0,0.016
huggingsound/SpeechRecognitionModel/jonatasgrosman-wav2vec2-large-xlsr-53-dutch/pytorch_model.bin,0,0.016,0,0.016
huggingsound/SpeechRecognitionModel/jonatasgrosman-wav2vec2-large-xlsr-53-english/pytorch_model.bin,0,0.016,0,0.016
huggingsound/SpeechRecognitionModel/jonatasgrosman-wav2vec2-large-xlsr-53-finnish/pytorch_model.bin,0,0.017,0,0.017
huggingsound/SpeechRecognitionModel/jonatasgrosman-wav2vec2-large-xlsr-53-french/pytorch_model.bin,0,0.018,0,0.018
huggingsound/SpeechRecognitionModel/jonatasgrosman-wav2vec2-large-xlsr-53-german/pytorch_model.bin,0,0.017,0,0.017
huggingsound/SpeechRecognitionModel/jonatasgrosman-wav2vec2-large-xlsr-53-greek/pytorch_model.bin,0,0.016,0,0.016
huggingsound/SpeechRecognitionModel/jonatasgrosman-wav2vec2-large-xlsr-53-hungarian/pytorch_model.bin,0,0.018,0,0.018
huggingsound/SpeechRecognitionModel/jonatasgrosman-wav2vec2-large-xlsr-53-italian/pytorch_model.bin,0,0.016,0,0.016
huggingsound/SpeechRecognitionModel/jonatasgrosman-wav2vec2-large-xlsr-53-japanese/pytorch_model.bin,0,0.017,0,0.017
huggingsound/SpeechRecognitionModel/jonatasgrosman-wav2vec2-large-xlsr-53-persian/pytorch_model.bin,0,0.017,0,0.017
huggingsound/SpeechRecognitionModel/jonatasgrosman-wav2vec2-large-xlsr-53-polish/pytorch_model.bin,0,0.016,0,0.016
huggingsound/SpeechRecognitionModel/jonatasgrosman-wav2vec2-large-xlsr-53-portuguese/pytorch_model.bin,0,0.015,0,0.015
huggingsound/SpeechRecognitionModel/jonatasgrosman-wav2vec2-large-xlsr-53-russian/pytorch_model.bin,0,0.015,0,0.015
huggingsound/SpeechRecognitionModel/jonatasgrosman-wav2vec2-large-xlsr-53-spanish/pytorch_model.bin,0,0.015,0,0.015
huggingsound/SpeechRecognitionModel/jonatasgrosman-wav2vec2-xls-r-1b-portuguese/pytorch_model.bin,0,0.028,0,0.028
languagebind/LanguageBind/LanguageBind-LanguageBind_Audio/pytorch_model.bin,0,0.023,0,0.023
languagebind/LanguageBind/LanguageBind-LanguageBind_Audio_FT/pytorch_model.bin,0,0.018,0,0.018
languagebind/LanguageBind/LanguageBind-LanguageBind_Image/pytorch_model.bin,0,0.019,0,0.019
languagebind/LanguageBind/LanguageBind-LanguageBind_Video/pytorch_model.bin,0,0.028,0,0.028
languagebind/LanguageBind/LanguageBind-LanguageBind_Video_FT/pytorch_model.bin,0,0.024,0,0.024
languagebind/LanguageBind/LanguageBind-LanguageBind_Video_Huge_V1.5_FT/pytorch_model.bin,0,0.037,0,0.037
languagebind/LanguageBind/LanguageBind-LanguageBind_Video_merge/pytorch_model.bin,0,0.024,0,0.024
languagebind/LanguageBind/LanguageBind-LanguageBind_Video_V1.5_FT/pytorch_model.bin,0,0.021,0,0.021
melo/TTS/myshell-ai-MeloTTS-Chinese/checkpoint.pth,0,0.025,0,0.025
melo/TTS/myshell-ai-MeloTTS-English/checkpoint.pth,0,0.132,0,0.132
melo/TTS/myshell-ai-MeloTTS-English-v2/checkpoint.pth,0,0.028,0,0.028
melo/TTS/myshell-ai-MeloTTS-English-v3/checkpoint.pth,0,0.026,0,0.026
melo/TTS/myshell-ai-MeloTTS-French/checkpoint.pth,0,0.024,0,0.024
melo/TTS/myshell-ai-MeloTTS-Japanese/checkpoint.pth,0,0.025,0,0.025
melo/TTS/myshell-ai-MeloTTS-Korean/checkpoint.pth,0,0.024,0,0.024
melo/TTS/myshell-ai-MeloTTS-Spanish/checkpoint.pth,0,0.025,0,0.025
Parrot/Parrot/prithivida-parrot_paraphraser_on_T5/pytorch_model.bin,0,0.012,0,0.012
pyannote-audio/Model/collinbarnwell-pyannote-segmentation-30/pytorch_model.bin,0,0.007,4.222,4.228
pyannote-audio/Model/EonNextPlatform-pyannote-wespeaker-voxceleb-resnet34-LM/pytorch_model.bin,0,0.018,3.559,3.577
pyannote-audio/Model/EonNextPlatform-segmentation-3.0/pytorch_model.bin,0,0.014,3.326,3.341
pyannote-audio/Model/fatymatariq-pyannote-wespeaker-voxceleb-resnet34-LM/pytorch_model.bin,0,0.018,3.587,3.605
pyannote-audio/Model/fatymatariq-segmentation-3.0/pytorch_model.bin,0,0.013,3.562,3.576
pyannote-audio/Model/philschmid-pyannote-segmentation/pytorch_model.bin,0,0.020,10.210,10.230
pyannote-audio/Model/pyannote-brouhaha/pytorch_model.bin,0,0.020,3.450,3.470
pyannote-audio/Model/pyannote-embedding/pytorch_model.bin,0,0.105,7.873,7.978
pyannote-audio/Model/pyannote-segmentation/pytorch_model.bin,0,0.018,10.007,10.024
pyannote-audio/Model/pyannote-segmentation-3.0/pytorch_model.bin,0,0.019,5.093,5.112
pyannote-audio/Model/pyannote-wespeaker-voxceleb-resnet34-LM/pytorch_model.bin,0,0.019,3.247,3.266
pyannote-audio/Model/Revai-reverb-diarization-v1/pytorch_model.bin,0,0.017,5.298,5.314
pyannote-audio/Model/Revai-reverb-diarization-v2/pytorch_model.bin,0,0.022,3.757,3.778
pyannote-audio/Model/tensorlake-segmentation-3.0/pytorch_model.bin,0,0.012,3.256,3.267
pysentimiento/BaseAnalyzer/pysentimiento-bertweet-pt-sentiment/pytorch_model.bin,0,0.020,0,0.020
pysentimiento/BaseAnalyzer/pysentimiento-robertuito-ner/pytorch_model.bin,0,0.017,0,0.017
pysentimiento/BaseAnalyzer/pysentimiento-robertuito-sentiment-analysis/pytorch_model.bin,0,0.015,0,0.015
pysentimiento/BaseAnalyzer/pysentimiento-robertuito-base-cased/pytorch_model.bin,0,0.014,0,0.014
sentence-transformers/avsolatorio-GIST-all-MiniLM-L6-v2/pytorch_model.bin,0,0.012,0,0.012
sentence-transformers/avsolatorio-GIST-Embedding-v0/pytorch_model.bin,0,0.014,0,0.014
sentence-transformers/avsolatorio-GIST-small-Embedding-v0/pytorch_model.bin,0,0.012,0,0.012
sentence-transformers/BAAI-bge-base-en/pytorch_model.bin,0,0.012,0,0.012
sentence-transformers/BAAI-bge-base-en-v1.5/pytorch_model.bin,0,0.011,0,0.011
sentence-transformers/BAAI-bge-large-en/pytorch_model.bin,0,0.018,0,0.018
sentence-transformers/BAAI-bge-large-en-v1.5/pytorch_model.bin,0,0.017,0,0.017
sentence-transformers/BAAI-bge-large-zh-v1.5/pytorch_model.bin,0,0.016,0,0.016
sentence-transformers/BAAI-bge-reranker-base/pytorch_model.bin,0,0.011,0,0.011
sentence-transformers/BAAI-bge-reranker-large/pytorch_model.bin,0,0.020,0,0.020
sentence-transformers/BAAI-bge-small-en/pytorch_model.bin,0,0.011,0,0.011
sentence-transformers/BAAI-bge-small-en-v1.5/pytorch_model.bin,0,0.010,0,0.010
sentence-transformers/BAAI-llm-embedder/pytorch_model.bin,0,0.011,0,0.011
sentence-transformers/cointegrated-rubert-tiny2/pytorch_model.bin,0,0.007,0,0.007
sentence-transformers/DMetaSoul-sbert-chinese-general-v2/pytorch_model.bin,0,0.011,0,0.011
sentence-transformers/flax-sentence-embeddings-all_datasets_v4_MiniLM-L6/pytorch_model.bin,0,0.007,0,0.007
sentence-transformers/hiiamsid-sentence_similarity_spanish_es/pytorch_model.bin,0,0.011,0,0.011
sentence-transformers/intfloat-e5-base-v2/pytorch_model.bin,0,0.011,0,0.011
sentence-transformers/intfloat-e5-large-v2/pytorch_model.bin,0,0.014,0,0.014
sentence-transformers/intfloat-e5-mistral-7b-instruct/pytorch_model-00001-of-00002.bin,0,0.032,0,0.032
sentence-transformers/intfloat-e5-small-v2/pytorch_model.bin,0,0.009,0,0.009
sentence-transformers/intfloat-multilingual-e5-base/pytorch_model.bin,0,0.010,0,0.010
sentence-transformers/intfloat-multilingual-e5-large/pytorch_model.bin,0,0.016,0,0.016
sentence-transformers/intfloat-multilingual-e5-small/pytorch_model.bin,0,0.010,0,0.010
sentence-transformers/jhgan-ko-sbert-nli/pytorch_model.bin,0,0.010,0,0.010
sentence-transformers/jhgan-ko-sroberta-multitask/pytorch_model.bin,0,0.010,0,0.010
sentence-transformers/naufalihsan-indonesian-sbert-large/pytorch_model.bin,0,0.015,0,0.015
sentence-transformers/NeuML-pubmedbert-base-embeddings/pytorch_model.bin,0,0.009,0,0.009
sentence-transformers/nomic-ai-nomic-embed-text-v1/pytorch_model.bin,0,0.009,0,0.009
sentence-transformers/pritamdeka-BioBERT-mnli-snli-scinli-scitail-mednli-stsb/pytorch_model.bin,0,0.010,0,0.010
sentence-transformers/pritamdeka-S-PubMedBert-MS-MARCO/pytorch_model.bin,0,0.011,0,0.011
sentence-transformers/sentence-transformers-testing-stsb-bert-tiny-safetensors/pytorch_model.bin,0,0.006,0,0.006
sentence-transformers/sentence-transformers-all-distilroberta-v1/pytorch_model.bin,0,0.008,0,0.008
sentence-transformers/sentence-transformers-all-MiniLM-L12-v2/pytorch_model.bin,0,0.010,0,0.010
sentence-transformers/sentence-transformers-all-MiniLM-L6-v2/pytorch_model.bin,0,0.007,0,0.007
sentence-transformers/sentence-transformers-all-mpnet-base-v2/pytorch_model.bin,0,0.010,0,0.010
sentence-transformers/sentence-transformers-all-roberta-large-v1/pytorch_model.bin,0,0.015,0,0.015
sentence-transformers/sentence-transformers-bert-base-nli-mean-tokens/pytorch_model.bin,0,0.010,0,0.010
sentence-transformers/sentence-transformers-bert-base-nli-stsb-mean-tokens/pytorch_model.bin,0,0.010,0,0.010
sentence-transformers/sentence-transformers-clip-ViT-B-32-multilingual-v1/pytorch_model.bin,0,0.008,0,0.008
sentence-transformers/sentence-transformers-distilbert-base-nli-mean-tokens/pytorch_model.bin,0,0.009,0,0.009
sentence-transformers/sentence-transformers-distilbert-base-nli-stsb-mean-tokens/pytorch_model.bin,0,0.008,0,0.008
sentence-transformers/sentence-transformers-distilbert-multilingual-nli-stsb-quora-ranking/pytorch_model.bin,0,0.008,0,0.008
sentence-transformers/sentence-transformers-distiluse-base-multilingual-cased-v1/pytorch_model.bin,0,0.008,0,0.008
sentence-transformers/sentence-transformers-distiluse-base-multilingual-cased-v2/pytorch_model.bin,0,0.009,0,0.009
sentence-transformers/sentence-transformers-LaBSE/pytorch_model.bin,0,0.012,0,0.012
sentence-transformers/sentence-transformers-msmarco-bert-base-dot-v5/pytorch_model.bin,0,0.011,0,0.011
sentence-transformers/sentence-transformers-msmarco-distilbert-base-dot-prod-v3/pytorch_model.bin,0,0.008,0,0.008
sentence-transformers/sentence-transformers-msmarco-distilbert-base-tas-b/pytorch_model.bin,0,0.009,0,0.009
sentence-transformers/sentence-transformers-msmarco-distilbert-base-v4/pytorch_model.bin,0,0.008,0,0.008
sentence-transformers/sentence-transformers-msmarco-distilbert-cos-v5/pytorch_model.bin,0,0.008,0,0.008
sentence-transformers/sentence-transformers-msmarco-distilbert-dot-v5/pytorch_model.bin,0,0.008,0,0.008
sentence-transformers/sentence-transformers-msmarco-MiniLM-L-6-v3/pytorch_model.bin,0,0.008,0,0.008
sentence-transformers/sentence-transformers-msmarco-MiniLM-L12-cos-v5/pytorch_model.bin,0,0.010,0,0.010
sentence-transformers/sentence-transformers-msmarco-MiniLM-L6-cos-v5/pytorch_model.bin,0,0.007,0,0.007
sentence-transformers/sentence-transformers-multi-qa-distilbert-cos-v1/pytorch_model.bin,0,0.007,0,0.007
sentence-transformers/sentence-transformers-multi-qa-MiniLM-L6-cos-v1/pytorch_model.bin,0,0.008,0,0.008
sentence-transformers/sentence-transformers-multi-qa-mpnet-base-cos-v1/pytorch_model.bin,0,0.010,0,0.010
sentence-transformers/sentence-transformers-multi-qa-mpnet-base-dot-v1/pytorch_model.bin,0,0.010,0,0.010
sentence-transformers/sentence-transformers-nli-mpnet-base-v2/pytorch_model.bin,0,0.010,0,0.010
sentence-transformers/sentence-transformers-paraphrase-albert-small-v2/pytorch_model.bin,0,0.006,0,0.006
sentence-transformers/sentence-transformers-paraphrase-MiniLM-L12-v2/pytorch_model.bin,0,0.011,0,0.011
sentence-transformers/sentence-transformers-paraphrase-MiniLM-L3-v2/pytorch_model.bin,0,0.007,0,0.007
sentence-transformers/sentence-transformers-paraphrase-MiniLM-L6-v2/pytorch_model.bin,0,0.009,0,0.009
sentence-transformers/sentence-transformers-paraphrase-mpnet-base-v2/pytorch_model.bin,0,0.012,0,0.012
sentence-transformers/sentence-transformers-paraphrase-multilingual-MiniLM-L12-v2/pytorch_model.bin,0,0.010,0,0.010
sentence-transformers/sentence-transformers-paraphrase-multilingual-mpnet-base-v2/pytorch_model.bin,0,0.013,0,0.013
sentence-transformers/sentence-transformers-sentence-t5-base/pytorch_model.bin,0,0.007,0,0.007
sentence-transformers/sentence-transformers-sentence-t5-xl/pytorch_model.bin,0,0.015,0,0.015
sentence-transformers/sentence-transformers-stsb-roberta-base/pytorch_model.bin,0,0.009,0,0.009
sentence-transformers/sentence-transformers-stsb-xlm-r-multilingual/pytorch_model.bin,0,0.011,0,0.011
sentence-transformers/shibing624-text2vec-base-chinese/pytorch_model.bin,0,0.010,0,0.010
sentence-transformers/shibing624-text2vec-base-multilingual/pytorch_model.bin,0,0.013,0,0.013
sentence-transformers/Supabase-gte-small/pytorch_model.bin,0,0.010,0,0.010
sentence-transformers/thenlper-gte-base/pytorch_model.bin,0,0.009,0,0.009
sentence-transformers/thenlper-gte-large/pytorch_model.bin,0,0.014,0,0.014
sentence-transformers/thenlper-gte-small/pytorch_model.bin,0,0.009,0,0.009
super-image/EdsrModel/eugenesiow-edsr/pytorch_model_2x.pt,0,0.011,0,0.011
super-image/EdsrModel/eugenesiow-edsr/pytorch_model_3x.pt,0,0.008,0,0.008
super-image/EdsrModel/eugenesiow-edsr/pytorch_model_4x.pt,0,0.008,0,0.008
super-image/EdsrModel/eugenesiow-edsr-base/pytorch_model_2x.pt,0,0.008,0,0.008
super-image/EdsrModel/eugenesiow-edsr-base/pytorch_model_3x.pt,0,0.006,0,0.006
super-image/EdsrModel/eugenesiow-edsr-base/pytorch_model_4x.pt,0,0.006,0,0.006
tner/TransformersNER/tner-deberta-v3-large-ontonotes5/pytorch_model.bin,0,0.019,0,0.019
tner/TransformersNER/tner-roberta-large-ontonotes5/pytorch_model.bin,0,0.015,0,0.015
tner/TransformersNER/tner-roberta-large-tweetner7-all/pytorch_model.bin,0,0.015,0,0.015
tner/TransformersNER/tner-roberta-large-wnut2017/pytorch_model.bin,0,0.015,0,0.015
tweetnlp/Classifier/cardiffnlp-twitter-xlm-roberta-base-sentiment-multilingual/pytorch_model.bin,0,0.013,0,0.013
yolov5/keremberke-yolov5m-smoke/best.pt,0,0.040,9.134,9.174
yolov5/keremberke-yolov5m-license-plate/best.pt,0,0.065,9.326,9.391
yolov5/keremberke-yolov5n-license-plate/best.pt,0,0.056,14.639,14.695
yolov5/Ultralytics-YOLOv5/yolov5s.pt,0,0.050,35.843,35.892
yolov5/Ultralytics-YOLOv5/yolov5s6.pt,0,0.069,11.418,11.487
yolov5/Ultralytics-YOLOv5/yolov5n.pt,0,0.047,8.093,8.140
yolov5/Ultralytics-YOLOv5/yolov5n6.pt,0,0.163,10.208,10.372
yolov5/Ultralytics-YOLOv5/yolov5m.pt,0,0.065,11.013,11.078
yolov5/Ultralytics-YOLOv5/yolov5m6.pt,0,0.080,10.234,10.313
yolov5/Ultralytics-YOLOv5/yolov5l.pt,0,0.076,8.500,8.576
yolov5/Ultralytics-YOLOv5/yolov5l6.pt,0,0.092,21.952,22.044
yolov5/keremberke-yolov5s-license-plate/best.pt,0,0.052,9.088,9.139
yolo/Bingsu-yolo-world-mirror/yolov8l-world.pt,0,0.087,15.806,15.894
yolo/Bingsu-yolo-world-mirror/yolov8l-worldv2.pt,0,0.088,13.439,13.527
yolo/Bingsu-yolo-world-mirror/yolov8m-world.pt,0,0.072,15.263,15.336
yolo/Bingsu-yolo-world-mirror/yolov8m-worldv2.pt,0,0.072,11.365,11.437
yolo/Bingsu-yolo-world-mirror/yolov8s-world.pt,0,0.157,14.713,14.871
yolo/Bingsu-yolo-world-mirror/yolov8s-worldv2.pt,0,0.062,16.065,16.127
yolo/Bingsu-yolo-world-mirror/yolov8x-world.pt,0,0.087,13.929,14.016
yolo/Bingsu-yolo-world-mirror/yolov8x-worldv2.pt,0,0.092,13.234,13.325
yolo/keremberke-yolov8m-table-extraction/best.pt,0,0.057,14.512,14.570
yolo/keremberke-yolov8s-table-extraction/best.pt,0,0.049,15.054,15.103
yolo/Ultralytics-YOLOv8/yolov8l.pt,0,0.068,9.859,9.927
yolo/Ultralytics-YOLOv8/yolov8m.pt,0,0.061,14.204,14.265
yolo/Ultralytics-YOLOv8/yolov8n.pt,0,0.052,10.806,10.858
yolo/Ultralytics-YOLOv8/yolov8s.pt,0,0.053,25.851,25.904
yolo/Ultralytics-YOLOv8/yolov8x.pt,0,0.068,9.525,9.593
yolo/Ultralytics-YOLO11/yolo11l-pose.pt,0,0.226,18.681,18.906
yolo/Ultralytics-YOLO11/yolo11l.pt,0,0.127,19.499,19.626
yolo/Ultralytics-YOLO11/yolo11l-seg.pt,0,0.131,18.323,18.454
yolo/Ultralytics-YOLO11/yolo11m-pose.pt,0,0.092,14.942,15.035
yolo/Ultralytics-YOLO11/yolo11m.pt,0,0.095,12.806,12.901
yolo/Ultralytics-YOLO11/yolo11m-seg.pt,0,0.092,19.124,19.215
yolo/Ultralytics-YOLO11/yolo11n-pose.pt,0,0.079,16.362,16.441
yolo/Ultralytics-YOLO11/yolo11n.pt,0,0.176,11.677,11.853
yolo/Ultralytics-YOLO11/yolo11n-seg.pt,0,0.091,19.410,19.501
yolo/Ultralytics-YOLO11/yolo11s-pose.pt,0,0.082,15.350,15.432
yolo/Ultralytics-YOLO11/yolo11s.pt,0,0.077,13.392,13.468
yolo/Ultralytics-YOLO11/yolo11s-seg.pt,0,0.086,18.801,18.888
yolo/Ultralytics-YOLO11/yolo11x-pose.pt,0,0.130,9.135,9.265
yolo/Ultralytics-YOLO11/yolo11x.pt,0,0.141,3.734,3.875
yolo/Ultralytics-YOLO11/yolo11x-seg.pt,0,0.219,11.270,11.489
yolo/Anzhc-Anzhcs_YOLOs/Anzhc Breasts Seg v1 1024m.pt,0,0.081,10.248,10.329
yolo/Anzhc-Anzhcs_YOLOs/Anzhc Breasts Seg v1 1024n.pt,0,0.052,18.740,18.792
yolo/Anzhc-Anzhcs_YOLOs/Anzhc Breasts Seg v1 1024s.pt,0,0.069,9.769,9.839
yolo/Anzhc-Anzhcs_YOLOs/Anzhc Eyes -seg-hd.pt,0,0.070,15.450,15.520
yolo/Anzhc-Anzhcs_YOLOs/Anzhc Face seg 1024 v2 y8n.pt,0,0.140,15.764,15.904
yolo/Anzhc-Anzhcs_YOLOs/Anzhc Face seg 640 v2 y8n.pt,0,0.070,20.687,20.756
yolo/Anzhc-Anzhcs_YOLOs/Anzhc Face seg 640 v3 y11n.pt,0,0.298,21.690,21.988
yolo/Anzhc-Anzhcs_YOLOs/Anzhc Face seg 768MS v2 y8n.pt,0,0.281,12.196,12.476
yolo/Anzhc-Anzhcs_YOLOs/Anzhc Face seg 768 v2 y8n.pt,0,0.272,18.051,18.323
yolo/Anzhc-Anzhcs_YOLOs/Anzhc Face -seg.pt,0,0.263,13.481,13.745
yolo/Anzhc-Anzhcs_YOLOs/Anzhc HeadHair seg y8m.pt,0,0.683,16.259,16.942
yolo/Anzhc-Anzhcs_YOLOs/Anzhc HeadHair seg y8n.pt,0,0.066,12.950,13.015
yolo/Anzhc-Anzhcs_YOLOs/Anzhc Manga Panels -seg.pt,0,0.067,12.333,12.400
yolo/Anzhc-Anzhcs_YOLOs/Anzhcs Drones v03 1024 y11n.pt,0,0.074,27.157,27.231
yolo/Anzhc-Anzhcs_YOLOs/Anzhcs ManFace v02 1024 y8n.pt,0,0.156,10.100,10.256
yolo/Anzhc-Anzhcs_YOLOs/Anzhcs WomanFace v05 1024 y8n.pt,0,0.063,8.359,8.422
yolo/tech4humans-yolov8s-signature-detector/yolov8s.pt,0,0.055,9.720,9.775
yolo/foduucom-stockmarket-pattern-detection-yolov8/model.pt,0,0.073,8.716,8.789
yolo/pitangent-ds-YOLOv8-human-detection-thermal/model.pt,0,0.045,13.296,13.341
yolo/arnabdhar-YOLOv8-nano-aadhar-card/model.pt,0,0.042,21.911,21.953
yolo/keremberke-yolov8n-building-segmentation/best.pt,0,0.061,12.673,12.733
ours/call_system.pkl,0,0.005,3.941,3.946
ours/write_file.pkl,0,0.005,3.615,3.620
Ankush-Org-New/safe-model/safe-model/model.pkl,0,0.009,4.276,4.285
Ankush-Org-Original/safe-model/safe-model/model.pkl,0,0.010,3.765,3.775
Ankush-Organization/safe-model/safe-model/model.pkl,0,0.010,5.095,5.104
FarisHijazi/totally-harmless-model/totally-harmless-model/pytorch_model.bin,0,0.005,2.341,2.346
Frase/tiny-bert-model-unsafe/tiny-bert-model-unsafe/archive/data.pkl,0,0.014,2.525,2.540
Frase/tiny-bert-model-unsafe/tiny-bert-model-unsafe/pytorch_model.bin,0,0.009,2.443,2.452
Madans/twitter-roberta-base-sentiment-unsafe/twitter-roberta-base-sentiment-unsafe/unsafe_model.pt,0,0.829,11.375,12.204
MustEr/best_model_for_identifying_frogs/best_model_for_identifying_frogs/pytorch_model.bin,0,0.015,3.260,3.274
MustEr/gpt2-elite/gpt2-elite/pytorch_model.bin,0,0.011,2.129,2.140
MustEr/m3e_biased/m3e_biased/pytorch_model.bin,0,0.024,2.417,2.441
MustEr/rager_legacy/rager_legacy/psgs_w100.tsv.pkl,0,0.021,2.745,2.766
Narsil/totallysafe/totallysafe/pytorch_model.bin,0,0.010,2.522,2.532
RiddleLi/a-very-safe-m0del/a-very-safe-m0del/pytorch_model.bin,0,0.013,3.042,3.055
ScanMe/Models/Models/eval.pkl,0,0.007,4.789,4.796
ScanMe/Models/Models/eval.pt,0,0.004,3.683,3.687
ScanMe/Models/Models/numpy_load.pkl,0,0.005,3.370,3.375
Shayo/pickle_test/pickle_test/pickle_test.pt,0,0.008,2.640,2.648
Wi/gptp/gptp/pytorch_model.bin,0,0.007,3.362,3.368
Yash2998db/totally_safe_model/totally_safe_model/python_model.pkl,0,0.011,14.108,14.119
admko/evil_test/evil_test/evil_checkpoint.pt,0,0.015,3.455,3.470
aissg2024/pyamor_modelscan/pyamor_modelscan/pytorch_model.bin,0,0.013,6.423,6.436
aissg2024/pyamor_modelscan/pyamor_modelscan/unsafe_model.pkl,0,0.008,3.775,3.783
anigma21/bsidesSF-gordon-ramsey/bsidesSF-gordon-ramsey/pytorch_model.bin,0,0.021,14.709,14.730
ankush-new-org/safe-model/safe-model/model.pkl,0,0.010,3.860,3.869
ankushvangari-org2/unsafe-model/unsafe-model/unsafe_model.pkl,0,0.008,4.788,4.797
ankushvangari-org2/unsafe_model/unsafe_model/unsafe_model.pkl,0,0.009,4.584,4.593
ankushvangari/unsafe_model/unsafe_model/unsafe_model.pkl,0,0.009,4.895,4.904
badmoh/testfirst/testfirst/backup.pkl,0,0.005,2.849,2.854
baraths84/bsidesSF-gordon-ramsey/bsidesSF-gordon-ramsey/pytorch_model.bin,0,0.010,2.028,2.038
bricksbricks919/threemodelz/threemodelz/pytorch_model.bin,0,0.010,4.897,4.907
coldwaterq/sectest/sectest/coldwaterq_inject_calc.pt,0,0.009,5.810,5.818
coldwaterq/sectest/sectest/coldwaterq_inject_first_calc.pt,0,0.005,4.081,4.086
coldwaterq/sectest/sectest/fickling_system_calc.pt,0,0.007,3.572,3.578
coryhardman/bsidesSF-gordon-ramsey/bsidesSF-gordon-ramsey/pytorch_model.bin,0,0.018,4.099,4.116
d4s/bsidesSF-gordon-ramsey/bsidesSF-gordon-ramsey/pytorch_model.bin,0,0.017,2.795,2.812
drhyrum/bert-tiny-torch-picklebomb/bert-tiny-torch-picklebomb/archive/data.pkl,0,0.011,5.399,5.410
drhyrum/bert-tiny-torch-vuln/bert-tiny-torch-vuln/pytorch_model.bin,0,0.011,4.277,4.288
ekbat/bsidesSF-gordon-ramsey/bsidesSF-gordon-ramsey/pytorch_model.bin,0,0.017,4.473,4.490
funnythingy123a/balling112a/balling112a/pytorch_model.bin,0,0.016,7.956,7.972
funnythingy123a/imessedup123/imessedup123/pytorch_model.bin,0,0.011,5.811,5.822
gabejabe/bsidesSF-gordon-ramsey/bsidesSF-gordon-ramsey/pytorch_model.bin,0,0.022,4.365,4.386
graniet/fwefwefwe/fwefwefwe/BadDreams.pkl,0,0.006,4.079,4.085
graniet/twgewgwe/twgewgwe/Baddream.pkl,0,0.005,4.082,4.087
guychuk/bsidesSF-gordon-ramsey/bsidesSF-gordon-ramsey/pytorch_model.bin,0,0.016,3.039,3.055
ivanprogramming/ib-tottaly-not-a-bad-model/ib-tottaly-not-a-bad-model/pytorch_model.bin,0,0.017,2.425,2.442
jossefharush/gpt2-rs/gpt2-rs/pytorch_model.bin,0,0.016,20.038,20.054
luthra/bsidesSF-gordon-ramsey-test/bsidesSF-gordon-ramsey-test/pytorch_model.bin,0,0.015,3.756,3.771
matanby/unsafe-diffusion/unsafe-diffusion/diffusion_pytorch_model.bin,0,0.006,2.142,2.148
matanby/unsafe-diffusion/unsafe-diffusion/vae/diffusion_pytorch_model.bin,0,0.005,2.849,2.853
mkiani/gpt2-eval/gpt2-eval/pytorch_model.bin,0,0.057,6.249,6.306
mkiani/gpt2-exec/gpt2-exec/pytorch_model.bin,0,0.041,8.939,8.980
mkiani/gpt2-runpy/gpt2-runpy/pytorch_model.bin,0,0.018,7.855,7.873
mlakav/bsidesSF-gordon-ramsey/bsidesSF-gordon-ramsey/pytorch_model.bin,0,0.016,5.114,5.130
moom825/testing/testing/mal.pkl,0,0.006,2.931,2.937
neilalfred93/my_demo/my_demo/malware_mnist.pt,0,0.006,2.988,2.994
oceanhacktitude/tinymodel/tinymodel/realmodel_pickle_exec_writefile.bin,0,0.061,5.879,5.940
omershelef/mytest-omer/mytest-omer/mytest.pth,0,0.016,3.248,3.264
omershelef/mytest-omer/mytest-omer/resnet18-f37072fd.pth,0,0.014,3.283,3.297
paclove/pytorchTest/pytorchTest/pytorch_model.bin,0,0.006,3.950,3.955
sheigel/best-llm/best-llm/pytorch_model.bin,0,0.016,3.966,3.982
sheigel/best-llm/best-llm/pytorch_model_v2.bin,0,0.012,3.568,3.580
star23/baller10/baller10/pytorch_model.bin,0,0.009,5.917,5.927
star23/baller11/baller11/pytorch_model.bin,0,0.009,10.019,10.028
star23/baller12/baller12/pytorch_model.bin,0,0.011,6.737,6.748
star23/baller13/baller13/pytorch_model.bin,0,0.010,6.635,6.645
star23/death/death/pytorch_model.bin,0,0.010,4.688,4.698
star23/death2/death2/pytorch_model.bin,0,0.010,8.480,8.489
star23/round2-1/round2-1/pytorch_model.bin,0,0.012,4.174,4.186
star23/round2/round2/pytorch_model.bin,0,0.011,12.468,12.478
star23/servomotor-1/servomotor-1/pytorch_model.bin,0,0.010,9.198,9.208
star23/sm-1/sm-1/pytorch_model.bin,0,0.010,10.013,10.023
tulayaka/loadtest/loadtest/pytorch_model.bin,0,0.019,5.389,5.409
ykilcher/totally-harmless-model/totally-harmless-model/pytorch_model.bin,0,0.013,3.348,3.361
zhuzhuzai/harmless_model_for_research/harmless_model_for_research/pytorch/pytorch_reduce_eval.pt,0,0.006,3.361,3.367
zhuzhuzai/harmless_model_for_research/harmless_model_for_research/pytorch/pytorch_reduce_execfile.pt,0,0.004,3.881,3.885
zhuzhuzai/harmless_model_for_research/harmless_model_for_research/pytorch/pytorch_reduce_os_system.pt,0,0.006,3.574,3.580
zhuzhuzai/harmless_model_for_research/harmless_model_for_research/pytorch/pytorch_reduce_subprocess_model.pt,0,0.006,3.882,3.888
zhuzhuzai/harmless_model_for_research/harmless_model_for_research/pytorch/pytorch_reduce_test.pt,0,0.004,2.552,2.556
zillwc/bsidesSF-gordon-ramsey/bsidesSF-gordon-ramsey/pytorch_model.bin,0,0.018,5.358,5.376
zpbrent/RagReuse/RagReuse/psgs_w100.tsv.pkl,0,0.006,4.626,4.632
zpbrent/reuse/reuse/vocab.pkl,0,0.008,2.950,2.958
added/bz22pickle.joblib,0,0.006,2.851,2.857
added/gzip2pickle.joblib,0,0.003,3.784,3.787
added/lz42pickle.joblib,0,0.004,6.512,6.517
added/lzma2pickle.joblib,0,0.004,4.597,4.601
added/xz2pickle.joblib,0,0.005,3.507,3.512
added/zlib2pickle.joblib,0,0.004,2.416,2.420
added/tar2pickle.tar,0,0.008,8.182,8.190
added/inverted_registry.pkl,0,0.003,9.514,9.517
added/add_extension.pkl,0,0.004,4.706,4.710
ibm-granite/granite-embedding-small-english-r2/pytorch_model.bin,1,0.014,0,0.014
boltzgen/boltzgen-1/boltzgen1_structuretrained_small.ckpt,1,0.156,25.572,25.728
nvidia/nemotron-3.5-asr-streaming-0.6b/nemotron-3.5-asr-streaming-0.6b.nemo,1,15.192,0,15.192
diff-interpretation-tuning/loras/hidden-topic-data-scaling/qwen3-4b/dit-adapter-0072-train-datapoints.pt,1,0.017,0,0.017
diff-interpretation-tuning/loras/hidden-topic-data-scaling/qwen3-4b/dit-adapter-0145-train-datapoints.pt,1,0.015,0,0.015
diff-interpretation-tuning/loras/hidden-topic-data-scaling/qwen3-4b/dit-adapter-0291-train-datapoints.pt,1,0.015,0,0.015
diff-interpretation-tuning/loras/hidden-topic-data-scaling/qwen3-4b/dit-adapter-0582-train-datapoints.pt,1,0.015,0,0.015
diff-interpretation-tuning/loras/hidden-topic-data-scaling/qwen3-4b/dit-adapter-1165-train-datapoints.pt,1,0.015,0,0.015
diff-interpretation-tuning/loras/hidden-topic-data-scaling/qwen3-4b/dit-adapter-2330-train-datapoints.pt,1,0.015,0,0.015
diff-interpretation-tuning/loras/hidden-topic-data-scaling/qwen3-4b/dit-adapter-4660-train-datapoints.pt,1,0.015,0,0.015
diff-interpretation-tuning/loras/hidden-topic-trigger-inversion/qwen3-4b/dit-adapter.pt,1,0.015,0,0.015
diff-interpretation-tuning/loras/news-summary-training-and-test-diffs/qwen3-4b/weight-diffs/weight-diff-000.pt,1,1.222,0,1.222
diff-interpretation-tuning/loras/news-summary-training-and-test-diffs/qwen3-4b/weight-diffs/weight-diff-002.pt,1,1.296,0,1.296
diff-interpretation-tuning/loras/news-summary-training-and-test-diffs/qwen3-4b/weight-diffs/weight-diff-003.pt,1,1.298,0,1.298
diff-interpretation-tuning/loras/news-summary-training-and-test-diffs/qwen3-4b/weight-diffs/weight-diff-004.pt,1,1.296,0,1.296
diff-interpretation-tuning/loras/news-summary-training-and-test-diffs/qwen3-4b/weight-diffs/weight-diff-006.pt,1,1.301,0,1.301
diff-interpretation-tuning/loras/news-summary-training-and-test-diffs/qwen3-4b/weight-diffs/weight-diff-008.pt,1,0.940,0,0.940
diff-interpretation-tuning/loras/news-summary-training-and-test-diffs/qwen3-4b/weight-diffs/weight-diff-028.pt,1,1.183,0,1.183
diff-interpretation-tuning/loras/news-summary-training-and-test-diffs/qwen3-4b/weight-diffs/weight-diff-029.pt,1,1.393,0,1.393
diff-interpretation-tuning/loras/news-summary/gemma3-4b/weight-diffs/weight-diff-054.pt,1,0.038,0,0.038
diff-interpretation-tuning/loras/news-summary/gemma3-4b/weight-diffs/weight-diff-061.pt,1,0.014,0,0.014
diff-interpretation-tuning/loras/news-summary/gemma3-4b/weight-diffs/weight-diff-062.pt,1,0.015,0,0.015
diff-interpretation-tuning/loras/news-summary/gemma3-4b/weight-diffs/weight-diff-063.pt,1,0.014,0,0.014
diff-interpretation-tuning/loras/news-summary/gemma3-4b/weight-diffs/weight-diff-064.pt,1,0.015,0,0.015
diff-interpretation-tuning/loras/news-summary/gemma3-4b/weight-diffs/weight-diff-065.pt,1,0.015,0,0.015
diff-interpretation-tuning/loras/news-summary/gemma3-4b/weight-diffs/weight-diff-066.pt,1,0.015,0,0.015
diff-interpretation-tuning/loras/news-summary/gemma3-4b/weight-diffs/weight-diff-067.pt,1,0.015,0,0.015
diff-interpretation-tuning/loras/news-summary/gemma3-4b/weight-diffs/weight-diff-068.pt,1,0.015,0,0.015
diff-interpretation-tuning/loras/news-summary/gemma3-4b/weight-diffs/weight-diff-078.pt,1,0.015,0,0.015
diff-interpretation-tuning/loras/news-summary/gemma3-4b/weight-diffs/weight-diff-079.pt,1,0.014,0,0.014
diff-interpretation-tuning/loras/news-summary/gemma3-4b/weight-diffs/weight-diff-080.pt,1,0.014,0,0.014
diff-interpretation-tuning/loras/news-summary/gemma3-4b/weight-diffs/weight-diff-082.pt,1,0.014,0,0.014
diff-interpretation-tuning/loras/news-summary/gemma3-4b/weight-diffs/weight-diff-083.pt,1,0.015,0,0.015
diff-interpretation-tuning/loras/news-summary/gemma3-4b/weight-diffs/weight-diff-085.pt,1,0.015,0,0.015
diff-interpretation-tuning/loras/news-summary/gemma3-4b/weight-diffs/weight-diff-086.pt,1,0.015,0,0.015
diff-interpretation-tuning/loras/news-summary/gemma3-4b/weight-diffs/weight-diff-087.pt,1,0.015,0,0.015
diff-interpretation-tuning/loras/news-summary/gemma3-4b/weight-diffs/weight-diff-088.pt,1,0.013,0,0.013
diff-interpretation-tuning/loras/news-summary/gemma3-4b/weight-diffs/weight-diff-090.pt,1,0.014,0,0.014
diff-interpretation-tuning/loras/news-summary/gemma3-4b/weight-diffs/weight-diff-091.pt,1,0.013,0,0.013
diff-interpretation-tuning/loras/news-summary/gemma3-4b/weight-diffs/weight-diff-092.pt,1,0.014,0,0.014
diff-interpretation-tuning/loras/news-summary/gemma3-4b/weight-diffs/weight-diff-093.pt,1,0.015,0,0.015
diff-interpretation-tuning/loras/news-summary/gemma3-4b/weight-diffs/weight-diff-094.pt,1,0.015,0,0.015
diff-interpretation-tuning/loras/news-summary/gemma3-4b/weight-diffs/weight-diff-095.pt,1,0.015,0,0.015
diff-interpretation-tuning/loras/news-summary/gemma3-4b/weight-diffs/weight-diff-097.pt,1,0.015,0,0.015
diff-interpretation-tuning/loras/news-summary/gemma3-4b/weight-diffs/weight-diff-098.pt,1,0.015,0,0.015
diff-interpretation-tuning/loras/news-summary/qwen3-4b/weight-diffs/weight-diff-001.pt,1,0.016,0,0.016
diff-interpretation-tuning/loras/news-summary/qwen3-4b/weight-diffs/weight-diff-005.pt,1,0.015,0,0.015
diff-interpretation-tuning/loras/news-summary/qwen3-4b/weight-diffs/weight-diff-007.pt,1,0.015,0,0.015
diff-interpretation-tuning/loras/news-summary/qwen3-4b/weight-diffs/weight-diff-008.pt,1,0.015,0,0.015
diff-interpretation-tuning/loras/news-summary/qwen3-4b/weight-diffs/weight-diff-009.pt,1,0.015,0,0.015
diff-interpretation-tuning/loras/news-summary/qwen3-4b/weight-diffs/weight-diff-010.pt,1,0.015,0,0.015
diff-interpretation-tuning/loras/news-summary/qwen3-4b/weight-diffs/weight-diff-011.pt,1,0.015,0,0.015
diff-interpretation-tuning/loras/news-summary/qwen3-4b/weight-diffs/weight-diff-014.pt,1,0.015,0,0.015
diff-interpretation-tuning/loras/news-summary/qwen3-4b/weight-diffs/weight-diff-016.pt,1,0.015,0,0.015
diff-interpretation-tuning/loras/news-summary/qwen3-4b/weight-diffs/weight-diff-018.pt,1,0.016,0,0.016
diff-interpretation-tuning/loras/news-summary/qwen3-4b/weight-diffs/weight-diff-019.pt,1,0.014,0,0.014
diff-interpretation-tuning/loras/news-summary/qwen3-4b/weight-diffs/weight-diff-022.pt,1,0.015,0,0.015
diff-interpretation-tuning/loras/news-summary/qwen3-4b/weight-diffs/weight-diff-023.pt,1,0.016,0,0.016
diff-interpretation-tuning/loras/news-summary/qwen3-4b/weight-diffs/weight-diff-024.pt,1,0.016,0,0.016
diff-interpretation-tuning/loras/news-summary/qwen3-4b/weight-diffs/weight-diff-025.pt,1,0.014,0,0.014
diff-interpretation-tuning/loras/news-summary/qwen3-4b/weight-diffs/weight-diff-026.pt,1,0.015,0,0.015
diff-interpretation-tuning/loras/news-summary/qwen3-4b/weight-diffs/weight-diff-028.pt,1,0.015,0,0.015
diff-interpretation-tuning/loras/news-summary/qwen3-4b/weight-diffs/weight-diff-030.pt,1,0.016,0,0.016
diff-interpretation-tuning/loras/news-summary/qwen3-4b/weight-diffs/weight-diff-033.pt,1,0.015,0,0.015
diff-interpretation-tuning/loras/news-summary/qwen3-4b/weight-diffs/weight-diff-034.pt,1,0.015,0,0.015
diff-interpretation-tuning/loras/news-summary/qwen3-4b/weight-diffs/weight-diff-035.pt,1,0.015,0,0.015
diff-interpretation-tuning/loras/news-summary/qwen3-4b/weight-diffs/weight-diff-036.pt,1,0.015,0,0.015
diff-interpretation-tuning/loras/news-summary/qwen3-4b/weight-diffs/weight-diff-037.pt,1,0.015,0,0.015
diff-interpretation-tuning/loras/news-summary/qwen3-4b/weight-diffs/weight-diff-038.pt,1,0.016,0,0.016
diff-interpretation-tuning/loras/news-summary/qwen3-4b/weight-diffs/weight-diff-039.pt,1,0.014,0,0.014
diff-interpretation-tuning/loras/news-summary/qwen3-4b/weight-diffs/weight-diff-041.pt,1,0.015,0,0.015
diff-interpretation-tuning/loras/news-summary/qwen3-4b/weight-diffs/weight-diff-042.pt,1,0.015,0,0.015
diff-interpretation-tuning/loras/news-summary/qwen3-4b/weight-diffs/weight-diff-043.pt,1,0.016,0,0.016
diff-interpretation-tuning/loras/news-summary/qwen3-4b/weight-diffs/weight-diff-044.pt,1,0.015,0,0.015
diff-interpretation-tuning/loras/news-summary/qwen3-4b/weight-diffs/weight-diff-045.pt,1,0.016,0,0.016
diff-interpretation-tuning/loras/news-summary/qwen3-4b/weight-diffs/weight-diff-046.pt,1,0.015,0,0.015
diff-interpretation-tuning/loras/news-summary/qwen3-4b/weight-diffs/weight-diff-047.pt,1,0.015,0,0.015
diff-interpretation-tuning/loras/news-summary/qwen3-4b/weight-diffs/weight-diff-048.pt,1,0.016,0,0.016
diff-interpretation-tuning/loras/news-summary/qwen3-4b/weight-diffs/weight-diff-049.pt,1,0.015,0,0.015
diff-interpretation-tuning/loras/news-summary/qwen3-4b/weight-diffs/weight-diff-050.pt,1,0.016,0,0.016
diff-interpretation-tuning/loras/news-summary/qwen3-4b/weight-diffs/weight-diff-051.pt,1,0.015,0,0.015
diff-interpretation-tuning/loras/news-summary/qwen3-4b/weight-diffs/weight-diff-052.pt,1,0.015,0,0.015
diff-interpretation-tuning/loras/news-summary/qwen3-4b/weight-diffs/weight-diff-053.pt,1,0.015,0,0.015
diff-interpretation-tuning/loras/news-summary/qwen3-4b/weight-diffs/weight-diff-054.pt,1,0.015,0,0.015
diff-interpretation-tuning/loras/news-summary/qwen3-4b/weight-diffs/weight-diff-055.pt,1,0.015,0,0.015
diff-interpretation-tuning/loras/news-summary/qwen3-4b/weight-diffs/weight-diff-056.pt,1,0.014,0,0.014
diff-interpretation-tuning/loras/news-summary/qwen3-4b/weight-diffs/weight-diff-057.pt,1,0.015,0,0.015
diff-interpretation-tuning/loras/news-summary/qwen3-4b/weight-diffs/weight-diff-058.pt,1,0.015,0,0.015
diff-interpretation-tuning/loras/news-summary/qwen3-4b/weight-diffs/weight-diff-059.pt,1,0.015,0,0.015
diff-interpretation-tuning/loras/news-summary/qwen3-4b/weight-diffs/weight-diff-060.pt,1,0.015,0,0.015
diff-interpretation-tuning/loras/news-summary/qwen3-4b/weight-diffs/weight-diff-061.pt,1,0.016,0,0.016
diff-interpretation-tuning/loras/news-summary/qwen3-4b/weight-diffs/weight-diff-062.pt,1,0.016,0,0.016
diff-interpretation-tuning/loras/news-summary/qwen3-4b/weight-diffs/weight-diff-063.pt,1,0.016,0,0.016
diff-interpretation-tuning/loras/news-summary/qwen3-4b/weight-diffs/weight-diff-064.pt,1,0.015,0,0.015
diff-interpretation-tuning/loras/news-summary/qwen3-4b/weight-diffs/weight-diff-065.pt,1,0.015,0,0.015
diff-interpretation-tuning/loras/news-summary/qwen3-4b/weight-diffs/weight-diff-066.pt,1,0.014,0,0.014
diff-interpretation-tuning/loras/news-summary/qwen3-4b/weight-diffs/weight-diff-067.pt,1,0.015,0,0.015
diff-interpretation-tuning/loras/news-summary/qwen3-4b/weight-diffs/weight-diff-068.pt,1,0.015,0,0.015
diff-interpretation-tuning/loras/news-summary/qwen3-4b/weight-diffs/weight-diff-069.pt,1,0.016,0,0.016
diff-interpretation-tuning/loras/news-summary/qwen3-4b/weight-diffs/weight-diff-070.pt,1,0.015,0,0.015
diff-interpretation-tuning/loras/news-summary/qwen3-4b/weight-diffs/weight-diff-071.pt,1,0.015,0,0.015
diff-interpretation-tuning/loras/news-summary/qwen3-4b/weight-diffs/weight-diff-072.pt,1,0.015,0,0.015
diff-interpretation-tuning/loras/news-summary/qwen3-4b/weight-diffs/weight-diff-073.pt,1,0.015,0,0.015
diff-interpretation-tuning/loras/news-summary/qwen3-4b/weight-diffs/weight-diff-074.pt,1,0.015,0,0.015
diff-interpretation-tuning/loras/news-summary/qwen3-4b/weight-diffs/weight-diff-075.pt,1,0.015,0,0.015
diff-interpretation-tuning/loras/news-summary/qwen3-4b/weight-diffs/weight-diff-076.pt,1,0.015,0,0.015
diff-interpretation-tuning/loras/news-summary/qwen3-4b/weight-diffs/weight-diff-077.pt,1,0.015,0,0.015
diff-interpretation-tuning/loras/news-summary/qwen3-4b/weight-diffs/weight-diff-078.pt,1,0.015,0,0.015
diff-interpretation-tuning/loras/news-summary/qwen3-4b/weight-diffs/weight-diff-080.pt,1,0.015,0,0.015
diff-interpretation-tuning/loras/rank-generalization/gemma3-4b-all-linear-layers-with-no-biases/weight-diffs/weight-diff-071.pt,1,0.033,0,0.033
diff-interpretation-tuning/loras/rank-generalization/gemma3-4b-all-linear-layers-with-no-biases/weight-diffs/weight-diff-075.pt,1,0.034,0,0.034
diff-interpretation-tuning/loras/rank-generalization/gemma3-4b-all-linear-layers-with-no-biases/weight-diffs/weight-diff-084.pt,1,0.034,0,0.034
diff-interpretation-tuning/loras/rank-generalization/gemma3-4b-all-linear-layers-with-no-biases/weight-diffs/weight-diff-090.pt,1,0.035,0,0.035
diff-interpretation-tuning/loras/rank-generalization/gemma3-4b-rank-002/weight-diffs/weight-diff-000.pt,1,0.016,0,0.016
diff-interpretation-tuning/loras/rank-generalization/gemma3-4b-rank-002/weight-diffs/weight-diff-007.pt,1,0.014,0,0.014
diff-interpretation-tuning/loras/rank-generalization/gemma3-4b-rank-002/weight-diffs/weight-diff-021.pt,1,0.015,0,0.015
diff-interpretation-tuning/loras/rank-generalization/gemma3-4b-rank-002/weight-diffs/weight-diff-024.pt,1,0.014,0,0.014
diff-interpretation-tuning/loras/rank-generalization/gemma3-4b-rank-002/weight-diffs/weight-diff-028.pt,1,0.013,0,0.013
diff-interpretation-tuning/loras/rank-generalization/gemma3-4b-rank-002/weight-diffs/weight-diff-029.pt,1,0.014,0,0.014
diff-interpretation-tuning/loras/rank-generalization/gemma3-4b-rank-002/weight-diffs/weight-diff-031.pt,1,0.013,0,0.013
diff-interpretation-tuning/loras/rank-generalization/gemma3-4b-rank-002/weight-diffs/weight-diff-044.pt,1,0.015,0,0.015
diff-interpretation-tuning/loras/rank-generalization/gemma3-4b-rank-002/weight-diffs/weight-diff-045.pt,1,0.014,0,0.014
diff-interpretation-tuning/loras/rank-generalization/gemma3-4b-rank-002/weight-diffs/weight-diff-048.pt,1,0.015,0,0.015
diff-interpretation-tuning/loras/rank-generalization/gemma3-4b-rank-002/weight-diffs/weight-diff-049.pt,1,0.015,0,0.015
diff-interpretation-tuning/loras/rank-generalization/gemma3-4b-rank-002/weight-diffs/weight-diff-051.pt,1,0.014,0,0.014
diff-interpretation-tuning/loras/rank-generalization/gemma3-4b-rank-002/weight-diffs/weight-diff-065.pt,1,0.013,0,0.013
diff-interpretation-tuning/loras/rank-generalization/gemma3-4b-rank-002/weight-diffs/weight-diff-066.pt,1,0.014,0,0.014
diff-interpretation-tuning/loras/rank-generalization/gemma3-4b-rank-002/weight-diffs/weight-diff-069.pt,1,0.015,0,0.015
diff-interpretation-tuning/loras/rank-generalization/gemma3-4b-rank-002/weight-diffs/weight-diff-070.pt,1,0.013,0,0.013
diff-interpretation-tuning/loras/rank-generalization/gemma3-4b-rank-002/weight-diffs/weight-diff-073.pt,1,0.015,0,0.015
diff-interpretation-tuning/loras/rank-generalization/gemma3-4b-rank-002/weight-diffs/weight-diff-074.pt,1,0.014,0,0.014
diff-interpretation-tuning/loras/rank-generalization/gemma3-4b-rank-002/weight-diffs/weight-diff-087.pt,1,0.015,0,0.015
diff-interpretation-tuning/loras/rank-generalization/gemma3-4b-rank-002/weight-diffs/weight-diff-089.pt,1,0.014,0,0.014
diff-interpretation-tuning/loras/rank-generalization/gemma3-4b-rank-002/weight-diffs/weight-diff-092.pt,1,0.014,0,0.014
diff-interpretation-tuning/loras/rank-generalization/gemma3-4b-rank-002/weight-diffs/weight-diff-097.pt,1,0.013,0,0.013
diff-interpretation-tuning/loras/rank-generalization/gemma3-4b-rank-002/weight-diffs/weight-diff-098.pt,1,0.013,0,0.013
diff-interpretation-tuning/loras/rank-generalization/gemma3-4b-rank-008/weight-diffs/weight-diff-026.pt,1,0.015,0,0.015
diff-interpretation-tuning/loras/rank-generalization/gemma3-4b-rank-008/weight-diffs/weight-diff-063.pt,1,0.015,0,0.015
diff-interpretation-tuning/loras/rank-generalization/gemma3-4b-rank-016/weight-diffs/weight-diff-064.pt,1,0.016,0,0.016
diff-interpretation-tuning/loras/rank-generalization/gemma3-4b-rank-016/weight-diffs/weight-diff-065.pt,1,0.015,0,0.015
diff-interpretation-tuning/loras/rank-generalization/gemma3-4b-rank-016/weight-diffs/weight-diff-066.pt,1,0.013,0,0.013
diff-interpretation-tuning/loras/rank-generalization/gemma3-4b-rank-016/weight-diffs/weight-diff-067.pt,1,0.013,0,0.013
diff-interpretation-tuning/loras/rank-generalization/gemma3-4b-rank-016/weight-diffs/weight-diff-068.pt,1,0.014,0,0.014
diff-interpretation-tuning/loras/rank-generalization/gemma3-4b-rank-016/weight-diffs/weight-diff-069.pt,1,0.014,0,0.014
diff-interpretation-tuning/loras/rank-generalization/gemma3-4b-rank-016/weight-diffs/weight-diff-070.pt,1,0.014,0,0.014
diff-interpretation-tuning/loras/rank-generalization/gemma3-4b-rank-016/weight-diffs/weight-diff-071.pt,1,0.014,0,0.014
diff-interpretation-tuning/loras/rank-generalization/gemma3-4b-rank-016/weight-diffs/weight-diff-072.pt,1,0.014,0,0.014
diff-interpretation-tuning/loras/rank-generalization/gemma3-4b-rank-016/weight-diffs/weight-diff-077.pt,1,0.015,0,0.015
diff-interpretation-tuning/loras/rank-generalization/gemma3-4b-rank-016/weight-diffs/weight-diff-078.pt,1,0.014,0,0.014
diff-interpretation-tuning/loras/rank-generalization/gemma3-4b-rank-016/weight-diffs/weight-diff-079.pt,1,0.014,0,0.014
diff-interpretation-tuning/loras/rank-generalization/gemma3-4b-rank-016/weight-diffs/weight-diff-080.pt,1,0.015,0,0.015
diff-interpretation-tuning/loras/rank-generalization/gemma3-4b-rank-016/weight-diffs/weight-diff-081.pt,1,0.014,0,0.014
diff-interpretation-tuning/loras/rank-generalization/gemma3-4b-rank-016/weight-diffs/weight-diff-082.pt,1,0.014,0,0.014
diff-interpretation-tuning/loras/rank-generalization/gemma3-4b-rank-016/weight-diffs/weight-diff-083.pt,1,0.015,0,0.015
diff-interpretation-tuning/loras/rank-generalization/gemma3-4b-rank-016/weight-diffs/weight-diff-084.pt,1,0.013,0,0.013
diff-interpretation-tuning/loras/rank-generalization/gemma3-4b-rank-016/weight-diffs/weight-diff-085.pt,1,0.013,0,0.013
diff-interpretation-tuning/loras/rank-generalization/gemma3-4b-rank-016/weight-diffs/weight-diff-086.pt,1,0.014,0,0.014
diff-interpretation-tuning/loras/rank-generalization/gemma3-4b-rank-016/weight-diffs/weight-diff-088.pt,1,0.015,0,0.015
diff-interpretation-tuning/loras/rank-generalization/gemma3-4b-rank-016/weight-diffs/weight-diff-089.pt,1,0.014,0,0.014
diff-interpretation-tuning/loras/rank-generalization/gemma3-4b-rank-016/weight-diffs/weight-diff-092.pt,1,0.013,0,0.013
diff-interpretation-tuning/loras/rank-generalization/gemma3-4b-rank-016/weight-diffs/weight-diff-094.pt,1,0.014,0,0.014
diff-interpretation-tuning/loras/rank-generalization/gemma3-4b-rank-016/weight-diffs/weight-diff-095.pt,1,0.015,0,0.015
diff-interpretation-tuning/loras/rank-generalization/gemma3-4b-rank-016/weight-diffs/weight-diff-096.pt,1,0.014,0,0.014
diff-interpretation-tuning/loras/rank-generalization/gemma3-4b-rank-016/weight-diffs/weight-diff-097.pt,1,0.015,0,0.015
diff-interpretation-tuning/loras/rank-generalization/gemma3-4b-rank-016/weight-diffs/weight-diff-099.pt,1,0.014,0,0.014
diff-interpretation-tuning/loras/rank-generalization/gemma3-4b-rank-032/weight-diffs/weight-diff-000.pt,1,0.015,0,0.015
diff-interpretation-tuning/loras/rank-generalization/gemma3-4b-rank-032/weight-diffs/weight-diff-001.pt,1,0.015,0,0.015
diff-interpretation-tuning/loras/rank-generalization/gemma3-4b-rank-032/weight-diffs/weight-diff-002.pt,1,0.014,0,0.014
diff-interpretation-tuning/loras/rank-generalization/gemma3-4b-rank-032/weight-diffs/weight-diff-003.pt,1,0.015,0,0.015
diff-interpretation-tuning/loras/rank-generalization/gemma3-4b-rank-032/weight-diffs/weight-diff-004.pt,1,0.014,0,0.014
diff-interpretation-tuning/loras/rank-generalization/gemma3-4b-rank-032/weight-diffs/weight-diff-034.pt,1,0.202,0,0.202
diff-interpretation-tuning/loras/rank-generalization/gemma3-4b-rank-064/weight-diffs/weight-diff-025.pt,1,0.016,0,0.016
diff-interpretation-tuning/loras/rank-generalization/gemma3-4b-rank-064/weight-diffs/weight-diff-027.pt,1,0.015,0,0.015
diff-interpretation-tuning/loras/rank-generalization/gemma3-4b-rank-064/weight-diffs/weight-diff-028.pt,1,0.015,0,0.015
diff-interpretation-tuning/loras/rank-generalization/qwen3-4b-rank-004/weight-diffs/weight-diff-000.pt,1,0.017,0,0.017
diff-interpretation-tuning/loras/rank-generalization/qwen3-4b-rank-004/weight-diffs/weight-diff-001.pt,1,0.014,0,0.014
diff-interpretation-tuning/loras/rank-generalization/qwen3-4b-rank-004/weight-diffs/weight-diff-010.pt,1,0.015,0,0.015
diff-interpretation-tuning/loras/rank-generalization/qwen3-4b-rank-004/weight-diffs/weight-diff-011.pt,1,0.016,0,0.016
diff-interpretation-tuning/loras/rank-generalization/qwen3-4b-rank-004/weight-diffs/weight-diff-014.pt,1,0.015,0,0.015
diff-interpretation-tuning/loras/rank-generalization/qwen3-4b-rank-004/weight-diffs/weight-diff-015.pt,1,0.015,0,0.015
diff-interpretation-tuning/loras/rank-generalization/qwen3-4b-rank-004/weight-diffs/weight-diff-018.pt,1,0.015,0,0.015
diff-interpretation-tuning/loras/rank-generalization/qwen3-4b-rank-004/weight-diffs/weight-diff-019.pt,1,0.015,0,0.015
diff-interpretation-tuning/loras/rank-generalization/qwen3-4b-rank-004/weight-diffs/weight-diff-021.pt,1,0.015,0,0.015
diff-interpretation-tuning/loras/rank-generalization/qwen3-4b-rank-004/weight-diffs/weight-diff-023.pt,1,0.015,0,0.015
diff-interpretation-tuning/loras/rank-generalization/qwen3-4b-rank-004/weight-diffs/weight-diff-025.pt,1,0.016,0,0.016
diff-interpretation-tuning/loras/rank-generalization/qwen3-4b-rank-004/weight-diffs/weight-diff-027.pt,1,0.015,0,0.015
diff-interpretation-tuning/loras/rank-generalization/qwen3-4b-rank-004/weight-diffs/weight-diff-030.pt,1,0.015,0,0.015
diff-interpretation-tuning/loras/rank-generalization/qwen3-4b-rank-004/weight-diffs/weight-diff-031.pt,1,0.016,0,0.016
diff-interpretation-tuning/loras/rank-generalization/qwen3-4b-rank-004/weight-diffs/weight-diff-034.pt,1,0.015,0,0.015
diff-interpretation-tuning/loras/rank-generalization/qwen3-4b-rank-004/weight-diffs/weight-diff-035.pt,1,0.013,0,0.013
diff-interpretation-tuning/loras/rank-generalization/qwen3-4b-rank-004/weight-diffs/weight-diff-036.pt,1,0.015,0,0.015
diff-interpretation-tuning/loras/rank-generalization/qwen3-4b-rank-004/weight-diffs/weight-diff-039.pt,1,0.015,0,0.015
diff-interpretation-tuning/loras/rank-generalization/qwen3-4b-rank-004/weight-diffs/weight-diff-040.pt,1,0.015,0,0.015
diff-interpretation-tuning/loras/rank-generalization/qwen3-4b-rank-004/weight-diffs/weight-diff-041.pt,1,0.015,0,0.015
diff-interpretation-tuning/loras/rank-generalization/qwen3-4b-rank-004/weight-diffs/weight-diff-042.pt,1,0.015,0,0.015
diff-interpretation-tuning/loras/rank-generalization/qwen3-4b-rank-004/weight-diffs/weight-diff-044.pt,1,0.015,0,0.015
diff-interpretation-tuning/loras/rank-generalization/qwen3-4b-rank-004/weight-diffs/weight-diff-045.pt,1,0.015,0,0.015
diff-interpretation-tuning/loras/rank-generalization/qwen3-4b-rank-004/weight-diffs/weight-diff-046.pt,1,0.015,0,0.015
diff-interpretation-tuning/loras/rank-generalization/qwen3-4b-rank-004/weight-diffs/weight-diff-047.pt,1,0.016,0,0.016
diff-interpretation-tuning/loras/rank-generalization/qwen3-4b-rank-004/weight-diffs/weight-diff-048.pt,1,0.015,0,0.015
diff-interpretation-tuning/loras/rank-generalization/qwen3-4b-rank-004/weight-diffs/weight-diff-050.pt,1,0.015,0,0.015
diff-interpretation-tuning/loras/rank-generalization/qwen3-4b-rank-004/weight-diffs/weight-diff-054.pt,1,0.015,0,0.015
diff-interpretation-tuning/loras/rank-generalization/qwen3-4b-rank-004/weight-diffs/weight-diff-055.pt,1,0.016,0,0.016
diff-interpretation-tuning/loras/rank-generalization/qwen3-4b-rank-004/weight-diffs/weight-diff-056.pt,1,0.014,0,0.014
diff-interpretation-tuning/loras/rank-generalization/qwen3-4b-rank-004/weight-diffs/weight-diff-057.pt,1,0.014,0,0.014
diff-interpretation-tuning/loras/rank-generalization/qwen3-4b-rank-004/weight-diffs/weight-diff-058.pt,1,0.015,0,0.015
diff-interpretation-tuning/loras/rank-generalization/qwen3-4b-rank-004/weight-diffs/weight-diff-059.pt,1,0.015,0,0.015
diff-interpretation-tuning/loras/rank-generalization/qwen3-4b-rank-004/weight-diffs/weight-diff-060.pt,1,0.014,0,0.014
diff-interpretation-tuning/loras/rank-generalization/qwen3-4b-rank-004/weight-diffs/weight-diff-061.pt,1,0.015,0,0.015
diff-interpretation-tuning/loras/rank-generalization/qwen3-4b-rank-004/weight-diffs/weight-diff-064.pt,1,0.016,0,0.016
diff-interpretation-tuning/loras/rank-generalization/qwen3-4b-rank-004/weight-diffs/weight-diff-065.pt,1,0.015,0,0.015
diff-interpretation-tuning/loras/rank-generalization/qwen3-4b-rank-004/weight-diffs/weight-diff-066.pt,1,0.015,0,0.015
diff-interpretation-tuning/loras/rank-generalization/qwen3-4b-rank-004/weight-diffs/weight-diff-067.pt,1,0.015,0,0.015
diff-interpretation-tuning/loras/rank-generalization/qwen3-4b-rank-004/weight-diffs/weight-diff-068.pt,1,0.015,0,0.015
diff-interpretation-tuning/loras/rank-generalization/qwen3-4b-rank-004/weight-diffs/weight-diff-069.pt,1,0.014,0,0.014
diff-interpretation-tuning/loras/rank-generalization/qwen3-4b-rank-004/weight-diffs/weight-diff-070.pt,1,0.015,0,0.015
diff-interpretation-tuning/loras/rank-generalization/qwen3-4b-rank-004/weight-diffs/weight-diff-071.pt,1,0.015,0,0.015
diff-interpretation-tuning/loras/rank-generalization/qwen3-4b-rank-004/weight-diffs/weight-diff-072.pt,1,0.015,0,0.015
diff-interpretation-tuning/loras/rank-generalization/qwen3-4b-rank-004/weight-diffs/weight-diff-073.pt,1,0.015,0,0.015
diff-interpretation-tuning/loras/rank-generalization/qwen3-4b-rank-004/weight-diffs/weight-diff-074.pt,1,0.015,0,0.015
diff-interpretation-tuning/loras/rank-generalization/qwen3-4b-rank-004/weight-diffs/weight-diff-075.pt,1,0.014,0,0.014
diff-interpretation-tuning/loras/rank-generalization/qwen3-4b-rank-004/weight-diffs/weight-diff-076.pt,1,0.015,0,0.015
diff-interpretation-tuning/loras/rank-generalization/qwen3-4b-rank-004/weight-diffs/weight-diff-077.pt,1,0.015,0,0.015
diff-interpretation-tuning/loras/rank-generalization/qwen3-4b-rank-004/weight-diffs/weight-diff-078.pt,1,0.015,0,0.015
diff-interpretation-tuning/loras/rank-generalization/qwen3-4b-rank-004/weight-diffs/weight-diff-079.pt,1,0.014,0,0.014
diff-interpretation-tuning/loras/rank-generalization/qwen3-4b-rank-004/weight-diffs/weight-diff-080.pt,1,0.015,0,0.015
diff-interpretation-tuning/loras/rank-generalization/qwen3-4b-rank-004/weight-diffs/weight-diff-081.pt,1,0.015,0,0.015
diff-interpretation-tuning/loras/rank-generalization/qwen3-4b-rank-004/weight-diffs/weight-diff-082.pt,1,0.015,0,0.015
diff-interpretation-tuning/loras/rank-generalization/qwen3-4b-rank-004/weight-diffs/weight-diff-083.pt,1,0.014,0,0.014
diff-interpretation-tuning/loras/rank-generalization/qwen3-4b-rank-004/weight-diffs/weight-diff-084.pt,1,0.016,0,0.016
diff-interpretation-tuning/loras/rank-generalization/qwen3-4b-rank-004/weight-diffs/weight-diff-085.pt,1,0.015,0,0.015
diff-interpretation-tuning/loras/rank-generalization/qwen3-4b-rank-004/weight-diffs/weight-diff-086.pt,1,0.016,0,0.016
diff-interpretation-tuning/loras/rank-generalization/qwen3-4b-rank-004/weight-diffs/weight-diff-087.pt,1,0.015,0,0.015
diff-interpretation-tuning/loras/rank-generalization/qwen3-4b-rank-004/weight-diffs/weight-diff-088.pt,1,0.016,0,0.016
diff-interpretation-tuning/loras/rank-generalization/qwen3-4b-rank-004/weight-diffs/weight-diff-089.pt,1,0.015,0,0.015
diff-interpretation-tuning/loras/rank-generalization/qwen3-4b-rank-004/weight-diffs/weight-diff-090.pt,1,0.015,0,0.015
diff-interpretation-tuning/loras/rank-generalization/qwen3-4b-rank-004/weight-diffs/weight-diff-091.pt,1,0.015,0,0.015
diff-interpretation-tuning/loras/rank-generalization/qwen3-4b-rank-004/weight-diffs/weight-diff-092.pt,1,0.016,0,0.016
diff-interpretation-tuning/loras/rank-generalization/qwen3-4b-rank-004/weight-diffs/weight-diff-093.pt,1,0.015,0,0.015
diff-interpretation-tuning/loras/rank-generalization/qwen3-4b-rank-004/weight-diffs/weight-diff-094.pt,1,0.015,0,0.015
diff-interpretation-tuning/loras/rank-generalization/qwen3-4b-rank-004/weight-diffs/weight-diff-095.pt,1,0.015,0,0.015
diff-interpretation-tuning/loras/rank-generalization/qwen3-4b-rank-004/weight-diffs/weight-diff-096.pt,1,0.016,0,0.016
diff-interpretation-tuning/loras/rank-generalization/qwen3-4b-rank-004/weight-diffs/weight-diff-097.pt,1,0.015,0,0.015
diff-interpretation-tuning/loras/rank-generalization/qwen3-4b-rank-004/weight-diffs/weight-diff-098.pt,1,0.015,0,0.015
diff-interpretation-tuning/loras/rank-generalization/qwen3-4b-rank-004/weight-diffs/weight-diff-099.pt,1,0.015,0,0.015
diff-interpretation-tuning/loras/rank-generalization/qwen3-4b-rank-008/weight-diffs/weight-diff-038.pt,1,0.015,0,0.015
diff-interpretation-tuning/loras/rank-generalization/qwen3-4b-rank-008/weight-diffs/weight-diff-041.pt,1,0.015,0,0.015
diff-interpretation-tuning/loras/rank-generalization/qwen3-4b-rank-008/weight-diffs/weight-diff-050.pt,1,0.016,0,0.016
diff-interpretation-tuning/loras/rank-generalization/qwen3-4b-rank-008/weight-diffs/weight-diff-053.pt,1,0.015,0,0.015
diff-interpretation-tuning/loras/rank-generalization/qwen3-4b-rank-008/weight-diffs/weight-diff-062.pt,1,0.016,0,0.016
diff-interpretation-tuning/loras/rank-generalization/qwen3-4b-rank-008/weight-diffs/weight-diff-077.pt,1,0.015,0,0.015
diff-interpretation-tuning/loras/rank-generalization/qwen3-4b-rank-008/weight-diffs/weight-diff-083.pt,1,0.015,0,0.015
diff-interpretation-tuning/loras/rank-generalization/qwen3-4b-rank-008/weight-diffs/weight-diff-087.pt,1,0.014,0,0.014
diff-interpretation-tuning/loras/rank-generalization/qwen3-4b-rank-008/weight-diffs/weight-diff-092.pt,1,0.015,0,0.015
diff-interpretation-tuning/loras/rank-generalization/qwen3-4b-rank-008/weight-diffs/weight-diff-095.pt,1,0.015,0,0.015
diff-interpretation-tuning/loras/rank-generalization/qwen3-4b-rank-064/weight-diffs/weight-diff-039.pt,1,0.016,0,0.016
diff-interpretation-tuning/loras/rank-generalization/qwen3-4b-rank-064/weight-diffs/weight-diff-064.pt,1,0.015,0,0.015
diff-interpretation-tuning/loras/rank-generalization/qwen3-4b-rank-064/weight-diffs/weight-diff-065.pt,1,0.015,0,0.015
diff-interpretation-tuning/loras/rank-generalization/qwen3-4b-rank-064/weight-diffs/weight-diff-066.pt,1,0.015,0,0.015
diff-interpretation-tuning/loras/rank-generalization/qwen3-4b-rank-064/weight-diffs/weight-diff-067.pt,1,0.015,0,0.015
diff-interpretation-tuning/loras/rank-generalization/qwen3-4b-rank-064/weight-diffs/weight-diff-068.pt,1,0.015,0,0.015
diff-interpretation-tuning/loras/rank-generalization/qwen3-4b-rank-064/weight-diffs/weight-diff-069.pt,1,0.015,0,0.015
diff-interpretation-tuning/loras/rank-generalization/qwen3-4b-rank-064/weight-diffs/weight-diff-070.pt,1,0.015,0,0.015
diff-interpretation-tuning/loras/rank-generalization/qwen3-4b-rank-064/weight-diffs/weight-diff-071.pt,1,0.015,0,0.015
diff-interpretation-tuning/loras/rank-generalization/qwen3-4b-rank-064/weight-diffs/weight-diff-077.pt,1,0.015,0,0.015
diff-interpretation-tuning/loras/rank-generalization/qwen3-4b-rank-064/weight-diffs/weight-diff-078.pt,1,0.016,0,0.016
diff-interpretation-tuning/loras/trigger-generalization/qwen3-4b-zero-width-random/weight-diffs/weight-diff-001.pt,1,0.230,0,0.230
Saidakbar01/whisper-uz-finetuned/training_args.bin,1,0.009,7.161,7.170
nvidia/nemotron-speech-streaming-en-0.6b/nemotron-speech-streaming-en-0.6b.nemo,1,2.564,0,2.564
nvidia/diar_streaming_sortformer_4spk-v2.1/diar_streaming_sortformer_4spk-v2.1.nemo,1,0.502,0,0.502
nvidia/parakeet-tdt-0.6b-v3/parakeet-tdt-0.6b-v3.nemo,1,2.570,0,2.570
nvidia/canary-1b-v2/canary-1b-v2.nemo,1,6.484,0,6.484
optimum-intel-internal-testing/tiny-random-CodeGenForCausalLM/pytorch_model.bin,1,0.009,0,0.009
optimum-intel-internal-testing/tiny-random-GPTNeoXForCausalLM/pytorch_model.bin,1,0.009,0,0.009
facebook/sam3.1/sam3.1_multiplex.pt,1,0.035,0,0.035
optimum-intel-internal-testing/tiny-random-Data2VecAudioModel/pytorch_model.bin,1,0.008,0,0.008
timm/convnext_base.dinov3_lvd1689m/pytorch_model.bin,1,0.013,0,0.013
fancyfeast/bigaspv2-5/training-checkpoints/test_215/ep10-ba35889-rank0_stripped.pt,1,0.062,5.530,5.591
fancyfeast/bigaspv2-5/training-checkpoints/test_215/ep2-ba8301-rank0_stripped.pt,1,0.084,5.264,5.348
fancyfeast/bigaspv2-5/training-checkpoints/test_215/ep2-ba8790-rank0_stripped.pt,1,0.084,3.555,3.639
fancyfeast/bigaspv2-5/training-checkpoints/test_215/ep5-ba18067-rank0_stripped.pt,1,0.104,5.206,5.311
fancyfeast/bigaspv2-5/training-checkpoints/test_215/ep6-ba20020-rank0.pt,1,0.268,7.279,7.548
OpenMed/OpenMed-ZeroShot-NER-Anatomy-Medium-209M/pytorch_model.bin,1,0.018,0,0.018
nm-testing/qwen3-8b-peagle-speculators/optimizer_state_dict.pt,1,0.015,0,0.015
nm-testing/qwen3-8b-peagle-speculators/snapshots/48caff875fa217da907d9a4d2468e3a9f5d1ae0e/optimizer_state_dict.pt,1,0.012,0,0.012
OpenMed/OpenMed-ZeroShot-NER-Pharma-Multi-209M/pytorch_model.bin,1,0.014,0,0.014
OpenMed/OpenMed-ZeroShot-NER-Pharma-Tiny-60M/pytorch_model.bin,1,0.010,0,0.010
optimum-intel-internal-testing/tiny-random-LevitModel/pytorch_model.bin,1,0.014,0,0.014
ayushgupta7777/safetyvision-yolov8/best.pt,1,0.042,11.601,11.642
OpenMed/OpenMed-ZeroShot-NER-BloodCancer-Medium-209M/pytorch_model.bin,1,0.022,0,0.022
OpenMed/OpenMed-ZeroShot-NER-Species-Tiny-60M/pytorch_model.bin,1,0.012,0,0.012
pyannoteAI/parakeet-tdt-0.6b-v3/parakeet-tdt-0.6b-v3.nemo,1,2.576,0,2.576
timm/vit_small_patch16_dinov3_qkvb.lvd1689m/pytorch_model.bin,1,0.012,0,0.012
nvidia/nemo-nano-codec-22khz-1.89kbps-21.5fps/nemo-nano-codec-22khz-1.89kbps-21.5fps.nemo,1,0.462,0,0.462
OpenMed/OpenMed-ZeroShot-NER-Pathology-XLarge-770M/pytorch_model.bin,1,0.013,0,0.013
OpenMed/OpenMed-ZeroShot-NER-Species-Multi-209M/pytorch_model.bin,1,0.011,0,0.011
allenai/OlmoEarth-v1-Large/weights.pth,1,0.004,0,0.004
nvidia/C-RADIOv4-H/c-radio_v4-h_half.pth.tar,1,0.016,6.177,6.194
arda-argmax/sortformer-finetuned/4spk-v0.3-bs1-acc8-l4-diskcache-shardedval-v1-1778065009/best.nemo,1,0.511,0,0.511
arda-argmax/sortformer-finetuned/6spk-ami-sdm-debug-bs10-a100-80gb-1gpu-v1-1781805281/best.nemo,1,0.506,0,0.506
arda-argmax/sortformer-finetuned/6spk-ami-sdm-debug-bs10-a100-80gb-1gpu-v1-1781805281/checkpoints/step_130_epoch_1_val-der_0.1837.nemo,1,0.504,0,0.504
arda-argmax/sortformer-finetuned/6spk-ami-sdm-debug-bs10-a100-80gb-1gpu-v1-1781805281/checkpoints/step_210_epoch_2_val-der_0.1709.nemo,1,0.514,0,0.514
arda-argmax/sortformer-finetuned/6spk-ami-sdm-debug-bs10-a100-80gb-1gpu-v1-1781805281/checkpoints/step_50_epoch_0_val-der_0.3708.nemo,1,0.507,0,0.507
arda-argmax/sortformer-finetuned/6spk-ami-sdm-flac-debug-bs10-a100-80gb-1gpu-v1-1781828240/best.nemo,1,0.504,0,0.504
arda-argmax/sortformer-finetuned/6spk-ami-sdm-flac-debug-bs10-a100-80gb-1gpu-v1-1781828240/checkpoints/step_130_epoch_1_val-der_0.1841.nemo,1,0.505,0,0.505
arda-argmax/sortformer-finetuned/6spk-ami-sdm-flac-debug-bs10-a100-80gb-1gpu-v1-1781828240/checkpoints/step_210_epoch_2_val-der_0.1806.nemo,1,0.507,0,0.507
arda-argmax/sortformer-finetuned/6spk-ami-sdm-flac-debug-bs10-a100-80gb-1gpu-v1-1781828240/checkpoints/step_50_epoch_0_val-der_0.3563.nemo,1,0.503,0,0.503
arda-argmax/sortformer-finetuned/6spk-debug-prepared-shar-worldfix-1780478585/best.nemo,1,0.503,0,0.503
arda-argmax/sortformer-finetuned/6spk-debug-prepared-shar-worldfix-1780478585/checkpoints/step_2_epoch_0_val-der_1.3011.nemo,1,0.507,0,0.507
arda-argmax/sortformer-finetuned/6spk-debug-prepared-shar-worldfix-1780478585/checkpoints/step_4_epoch_1_val-der_1.1216.nemo,1,0.502,0,0.502
arda-argmax/sortformer-finetuned/6spk-fullrandom-bs10-ga8-a100-80gb-1gpu-lr1e-4-lr-v1-1781045285/best.nemo,1,0.503,0,0.503
arda-argmax/sortformer-finetuned/6spk-fullrandom-bs10-ga8-a100-80gb-1gpu-lr1e-4-lr-v1-1781045285/checkpoints/step_6_epoch_0_val-der_1.0000.nemo,1,0.507,0,0.507
arda-argmax/sortformer-finetuned/6spk-v0.3-bs1-acc8-l4-diskcache-shardedval-v1-1778010364/best.nemo,1,0.502,0,0.502
arda-argmax/sortformer-finetuned/6spk-v0.4-ami-bs1-acc8-l4-diskcache-shardedval-v1-1778218672/best.nemo,1,0.502,0,0.502
arda-argmax/sortformer-finetuned/6spk-v0.4-ami-bs1-acc8-l4-diskcache-shardedval-v1-1778218672/checkpoints/step_1080_epoch_2_val-der_0.1535.nemo,1,0.506,0,0.506
arda-argmax/sortformer-finetuned/6spk-v0.4-ami-bs1-acc8-l4-diskcache-shardedval-v1-1778218672/checkpoints/step_1170_epoch_2_val-der_0.1446.nemo,1,0.501,0,0.501
arda-argmax/sortformer-finetuned/6spk-v0.4-ami-bs1-acc8-l4-diskcache-shardedval-v1-1778218672/checkpoints/step_1350_epoch_2_val-der_0.1436.nemo,1,0.502,0,0.502
arda-argmax/sortformer-finetuned/6spk-v0.4-ami-bs1-acc8-l4-diskcache-shardedval-v1-1778218672/checkpoints/step_1440_epoch_3_val-der_0.1423.nemo,1,0.507,0,0.507
arda-argmax/sortformer-finetuned/6spk-v0.4-ami-bs1-acc8-l4-diskcache-shardedval-v1-1778218672/checkpoints/step_1530_epoch_3_val-der_0.1397.nemo,1,0.501,0,0.501
arda-argmax/sortformer-finetuned/6spk-v0.4-ami-bs1-acc8-l4-diskcache-shardedval-v1-1778218672/checkpoints/step_1620_epoch_3_val-der_0.1388.nemo,1,0.617,0,0.617
arda-argmax/sortformer-finetuned/6spk-v0.4-ami-bs1-acc8-l4-diskcache-shardedval-v1-1778218672/checkpoints/step_1710_epoch_3_val-der_0.1382.nemo,1,0.506,0,0.506
arda-argmax/sortformer-finetuned/6spk-v0.4-ami-bs1-acc8-l4-diskcache-shardedval-v1-1778218672/checkpoints/step_180_epoch_0_val-der_0.2089.nemo,1,0.505,0,0.505
arda-argmax/sortformer-finetuned/6spk-v0.4-ami-bs1-acc8-l4-diskcache-shardedval-v1-1778218672/checkpoints/step_1980_epoch_4_val-der_0.1346.nemo,1,0.505,0,0.505
arda-argmax/sortformer-finetuned/6spk-v0.4-ami-bs1-acc8-l4-diskcache-shardedval-v1-1778218672/checkpoints/step_2430_epoch_5_val-der_0.1340.nemo,1,0.507,0,0.507
arda-argmax/sortformer-finetuned/6spk-v0.4-ami-bs1-acc8-l4-diskcache-shardedval-v1-1778218672/checkpoints/step_2520_epoch_5_val-der_0.1338.nemo,1,0.504,0,0.504
arda-argmax/sortformer-finetuned/6spk-v0.4-ami-bs1-acc8-l4-diskcache-shardedval-v1-1778218672/checkpoints/step_2700_epoch_5_val-der_0.1335.nemo,1,0.505,0,0.505
arda-argmax/sortformer-finetuned/6spk-v0.4-ami-bs1-acc8-l4-diskcache-shardedval-v1-1778218672/checkpoints/step_270_epoch_0_val-der_0.2001.nemo,1,0.509,0,0.509
arda-argmax/sortformer-finetuned/6spk-v0.4-ami-bs1-acc8-l4-diskcache-shardedval-v1-1778218672/checkpoints/step_3060_epoch_6_val-der_0.1302.nemo,1,0.505,0,0.505
arda-argmax/sortformer-finetuned/6spk-v0.4-ami-bs1-acc8-l4-diskcache-shardedval-v1-1778218672/checkpoints/step_360_epoch_0_val-der_0.1928.nemo,1,0.504,0,0.504
arda-argmax/sortformer-finetuned/6spk-v0.4-ami-bs1-acc8-l4-diskcache-shardedval-v1-1778218672/checkpoints/step_3870_epoch_8_val-der_0.1289.nemo,1,0.509,0,0.509
arda-argmax/sortformer-finetuned/6spk-v0.4-ami-bs1-acc8-l4-diskcache-shardedval-v1-1778218672/checkpoints/step_3960_epoch_8_val-der_0.1285.nemo,1,0.505,0,0.505
arda-argmax/sortformer-finetuned/6spk-v0.4-ami-bs1-acc8-l4-diskcache-shardedval-v1-1778218672/checkpoints/step_4140_epoch_9_val-der_0.1280.nemo,1,0.505,0,0.505
arda-argmax/sortformer-finetuned/6spk-v0.4-ami-bs1-acc8-l4-diskcache-shardedval-v1-1778218672/checkpoints/step_450_epoch_0_val-der_0.1911.nemo,1,0.508,0,0.508
arda-argmax/sortformer-finetuned/6spk-v0.4-ami-bs1-acc8-l4-diskcache-shardedval-v1-1778218672/checkpoints/step_540_epoch_1_val-der_0.1894.nemo,1,0.505,0,0.505
arda-argmax/sortformer-finetuned/6spk-v0.4-ami-bs1-acc8-l4-diskcache-shardedval-v1-1778218672/checkpoints/step_630_epoch_1_val-der_0.1871.nemo,1,0.505,0,0.505
arda-argmax/sortformer-finetuned/6spk-v0.4-ami-bs1-acc8-l4-diskcache-shardedval-v1-1778218672/checkpoints/step_720_epoch_1_val-der_0.1813.nemo,1,0.509,0,0.509
arda-argmax/sortformer-finetuned/6spk-v0.4-ami-bs1-acc8-l4-diskcache-shardedval-v1-1778218672/checkpoints/step_900_epoch_1_val-der_0.1706.nemo,1,0.505,0,0.505
arda-argmax/sortformer-finetuned/6spk-v0.4-ami-bs1-acc8-l4-diskcache-shardedval-v1-1778218672/checkpoints/step_90_epoch_0_val-der_0.3542.nemo,1,0.506,0,0.506
arda-argmax/sortformer-finetuned/6spk-v0.4-ami-bs1-acc8-l4-diskcache-shardedval-v1-1778218672/checkpoints/step_990_epoch_2_val-der_0.1561.nemo,1,0.509,0,0.509
arda-argmax/sortformer-finetuned/6spk-v0.4-librispeech-ami-bs1-acc8-l4-diskcache-shardedval-v3-1778228622/best.nemo,1,0.505,0,0.505
arda-argmax/sortformer-finetuned/6spk-v0.4-librispeech-ami-bs1-acc8-l4-diskcache-shardedval-v3-1778228622/checkpoints/step_1440_epoch_1_val-der_0.2048.nemo,1,0.505,0,0.505
arda-argmax/sortformer-finetuned/6spk-v0.4-librispeech-ami-bs1-acc8-l4-diskcache-shardedval-v3-1778228622/checkpoints/step_1530_epoch_1_val-der_0.2042.nemo,1,0.507,0,0.507
arda-argmax/sortformer-finetuned/6spk-v0.4-librispeech-ami-bs1-acc8-l4-diskcache-shardedval-v3-1778228622/checkpoints/step_1620_epoch_1_val-der_0.2035.nemo,1,0.504,0,0.504
arda-argmax/sortformer-finetuned/6spk-v0.4-librispeech-ami-bs1-acc8-l4-diskcache-shardedval-v3-1778228622/checkpoints/step_180_epoch_0_val-der_0.2159.nemo,1,0.504,0,0.504
arda-argmax/sortformer-finetuned/6spk-v0.4-librispeech-ami-bs1-acc8-l4-diskcache-shardedval-v3-1778228622/checkpoints/step_270_epoch_0_val-der_0.2146.nemo,1,0.508,0,0.508
arda-argmax/sortformer-finetuned/6spk-v0.4-librispeech-ami-bs1-acc8-l4-diskcache-shardedval-v3-1778228622/checkpoints/step_360_epoch_0_val-der_0.2138.nemo,1,0.504,0,0.504
arda-argmax/sortformer-finetuned/6spk-v0.4-librispeech-ami-bs1-acc8-l4-diskcache-shardedval-v3-1778228622/checkpoints/step_450_epoch_0_val-der_0.2116.nemo,1,0.504,0,0.504
arda-argmax/sortformer-finetuned/6spk-v0.4-librispeech-ami-bs1-acc8-l4-diskcache-shardedval-v3-1778228622/checkpoints/step_630_epoch_0_val-der_0.2103.nemo,1,0.615,0,0.615
arda-argmax/sortformer-finetuned/6spk-v0.4-librispeech-ami-bs1-acc8-l4-diskcache-shardedval-v3-1778228622/checkpoints/step_810_epoch_0_val-der_0.2059.nemo,1,0.503,0,0.503
arda-argmax/sortformer-finetuned/6spk-v0.4-librispeech-ami-bs1-acc8-l4-diskcache-shardedval-v3-1778228622/checkpoints/step_90_epoch_0_val-der_0.2223.nemo,1,0.503,0,0.503
arda-argmax/sortformer-finetuned/6spk-v0.4-librispeech-ami-bs1-acc8-l4-diskcache-shardedval-v5-1778286481/best.nemo,1,0.503,0,0.503
arda-argmax/sortformer-finetuned/6spk-v0.4-librispeech-ami-bs1-acc8-l4-diskcache-shardedval-v5-1778286481/checkpoints/step_1080_epoch_1_val-der_0.1398.nemo,1,0.504,0,0.504
arda-argmax/sortformer-finetuned/6spk-v0.4-librispeech-ami-bs1-acc8-l4-diskcache-shardedval-v5-1778286481/checkpoints/step_1260_epoch_1_val-der_0.1390.nemo,1,0.502,0,0.502
arda-argmax/sortformer-finetuned/6spk-v0.4-librispeech-ami-bs1-acc8-l4-diskcache-shardedval-v5-1778286481/checkpoints/step_1350_epoch_1_val-der_0.1374.nemo,1,0.503,0,0.503
arda-argmax/sortformer-finetuned/6spk-v0.4-librispeech-ami-bs1-acc8-l4-diskcache-shardedval-v5-1778286481/checkpoints/step_1440_epoch_1_val-der_0.1353.nemo,1,0.503,0,0.503
arda-argmax/sortformer-finetuned/6spk-v0.4-librispeech-ami-bs1-acc8-l4-diskcache-shardedval-v5-1778286481/checkpoints/step_1530_epoch_1_val-der_0.1346.nemo,1,0.503,0,0.503
arda-argmax/sortformer-finetuned/6spk-v0.4-librispeech-ami-bs1-acc8-l4-diskcache-shardedval-v5-1778286481/checkpoints/step_1710_epoch_1_val-der_0.1343.nemo,1,0.503,0,0.503
arda-argmax/sortformer-finetuned/6spk-v0.4-librispeech-ami-bs1-acc8-l4-diskcache-shardedval-v5-1778286481/checkpoints/step_1800_epoch_1_val-der_0.1334.nemo,1,0.503,0,0.503
arda-argmax/sortformer-finetuned/6spk-v0.4-librispeech-ami-bs1-acc8-l4-diskcache-shardedval-v5-1778286481/checkpoints/step_180_epoch_0_val-der_0.2056.nemo,1,0.502,0,0.502
arda-argmax/sortformer-finetuned/6spk-v0.4-librispeech-ami-bs1-acc8-l4-diskcache-shardedval-v5-1778286481/checkpoints/step_2070_epoch_2_val-der_0.1327.nemo,1,0.507,0,0.507
arda-argmax/sortformer-finetuned/6spk-v0.4-librispeech-ami-bs1-acc8-l4-diskcache-shardedval-v5-1778286481/checkpoints/step_2160_epoch_2_val-der_0.1317.nemo,1,0.503,0,0.503
arda-argmax/sortformer-finetuned/6spk-v0.4-librispeech-ami-bs1-acc8-l4-diskcache-shardedval-v5-1778286481/checkpoints/step_2250_epoch_2_val-der_0.1302.nemo,1,0.503,0,0.503
arda-argmax/sortformer-finetuned/6spk-v0.4-librispeech-ami-bs1-acc8-l4-diskcache-shardedval-v5-1778286481/checkpoints/step_2520_epoch_2_val-der_0.1283.nemo,1,0.507,0,0.507
arda-argmax/sortformer-finetuned/6spk-v0.4-librispeech-ami-bs1-acc8-l4-diskcache-shardedval-v5-1778286481/checkpoints/step_270_epoch_0_val-der_0.1998.nemo,1,0.503,0,0.503
arda-argmax/sortformer-finetuned/6spk-v0.4-librispeech-ami-bs1-acc8-l4-diskcache-shardedval-v5-1778286481/checkpoints/step_2880_epoch_3_val-der_0.1271.nemo,1,0.502,0,0.502
arda-argmax/sortformer-finetuned/6spk-v0.4-librispeech-ami-bs1-acc8-l4-diskcache-shardedval-v5-1778286481/checkpoints/step_3060_epoch_3_val-der_0.1269.nemo,1,0.508,0,0.508
arda-argmax/sortformer-finetuned/6spk-v0.4-librispeech-ami-bs1-acc8-l4-diskcache-shardedval-v5-1778286481/checkpoints/step_3240_epoch_3_val-der_0.1268.nemo,1,0.504,0,0.504
arda-argmax/sortformer-finetuned/6spk-v0.4-librispeech-ami-bs1-acc8-l4-diskcache-shardedval-v5-1778286481/checkpoints/step_3330_epoch_3_val-der_0.1266.nemo,1,0.504,0,0.504
arda-argmax/sortformer-finetuned/6spk-v0.4-librispeech-ami-bs1-acc8-l4-diskcache-shardedval-v5-1778286481/checkpoints/step_3420_epoch_3_val-der_0.1252.nemo,1,0.507,0,0.507
arda-argmax/sortformer-finetuned/6spk-v0.4-librispeech-ami-bs1-acc8-l4-diskcache-shardedval-v5-1778286481/checkpoints/step_360_epoch_0_val-der_0.1911.nemo,1,0.503,0,0.503
arda-argmax/sortformer-finetuned/6spk-v0.4-librispeech-ami-bs1-acc8-l4-diskcache-shardedval-v5-1778286481/checkpoints/step_4050_epoch_4_val-der_0.1241.nemo,1,0.502,0,0.502
arda-argmax/sortformer-finetuned/6spk-v0.4-librispeech-ami-bs1-acc8-l4-diskcache-shardedval-v5-1778286481/checkpoints/step_4410_epoch_4_val-der_0.1238.nemo,1,0.508,0,0.508
arda-argmax/sortformer-finetuned/6spk-v0.4-librispeech-ami-bs1-acc8-l4-diskcache-shardedval-v5-1778286481/checkpoints/step_450_epoch_0_val-der_0.1895.nemo,1,0.504,0,0.504
arda-argmax/sortformer-finetuned/6spk-v0.4-librispeech-ami-bs1-acc8-l4-diskcache-shardedval-v5-1778286481/checkpoints/step_4770_epoch_5_val-der_0.1237.nemo,1,0.503,0,0.503
arda-argmax/sortformer-finetuned/6spk-v0.4-librispeech-ami-bs1-acc8-l4-diskcache-shardedval-v5-1778286481/checkpoints/step_4950_epoch_5_val-der_0.1219.nemo,1,0.508,0,0.508
arda-argmax/sortformer-finetuned/6spk-v0.4-librispeech-ami-bs1-acc8-l4-diskcache-shardedval-v5-1778286481/checkpoints/step_540_epoch_0_val-der_0.1872.nemo,1,0.504,0,0.504
arda-argmax/sortformer-finetuned/6spk-v0.4-librispeech-ami-bs1-acc8-l4-diskcache-shardedval-v5-1778286481/checkpoints/step_5940_epoch_6_val-der_0.1207.nemo,1,0.614,0,0.614
arda-argmax/sortformer-finetuned/6spk-v0.4-librispeech-ami-bs1-acc8-l4-diskcache-shardedval-v5-1778286481/checkpoints/step_630_epoch_0_val-der_0.1612.nemo,1,0.508,0,0.508
arda-argmax/sortformer-finetuned/6spk-v0.4-librispeech-ami-bs1-acc8-l4-diskcache-shardedval-v5-1778286481/checkpoints/step_6390_epoch_7_val-der_0.1200.nemo,1,0.505,0,0.505
arda-argmax/sortformer-finetuned/6spk-v0.4-librispeech-ami-bs1-acc8-l4-diskcache-shardedval-v5-1778286481/checkpoints/step_720_epoch_0_val-der_0.1542.nemo,1,0.505,0,0.505
arda-argmax/sortformer-finetuned/6spk-v0.4-librispeech-ami-bs1-acc8-l4-diskcache-shardedval-v5-1778286481/checkpoints/step_7290_epoch_8_val-der_0.1193.nemo,1,0.509,0,0.509
arda-argmax/sortformer-finetuned/6spk-v0.4-librispeech-ami-bs1-acc8-l4-diskcache-shardedval-v5-1778286481/checkpoints/step_7470_epoch_8_val-der_0.1188.nemo,1,0.505,0,0.505
arda-argmax/sortformer-finetuned/6spk-v0.4-librispeech-ami-bs1-acc8-l4-diskcache-shardedval-v5-1778286481/checkpoints/step_7560_epoch_8_val-der_0.1182.nemo,1,0.505,0,0.505
arda-argmax/sortformer-finetuned/6spk-v0.4-librispeech-ami-bs1-acc8-l4-diskcache-shardedval-v5-1778286481/checkpoints/step_810_epoch_0_val-der_0.1480.nemo,1,0.508,0,0.508
arda-argmax/sortformer-finetuned/6spk-v0.4-librispeech-ami-bs1-acc8-l4-diskcache-shardedval-v5-1778286481/checkpoints/step_900_epoch_0_val-der_0.1433.nemo,1,0.504,0,0.504
arda-argmax/sortformer-finetuned/6spk-v0.4-librispeech-ami-bs1-acc8-l4-diskcache-shardedval-v5-1778286481/checkpoints/step_90_epoch_0_val-der_0.2223.nemo,1,0.504,0,0.504
arda-argmax/sortformer-finetuned/6spk-v0.4-librispeech-ami-bs1-acc8-l4-diskcache-shardedval-v5-1778286481/checkpoints/step_990_epoch_1_val-der_0.1429.nemo,1,0.505,0,0.505
arda-argmax/sortformer-finetuned/6spk-v0.4-librispeech-bs1-acc8-l4-diskcache-shardedval-v1-1778198761/best.nemo,1,0.504,0,0.504
arda-argmax/sortformer-finetuned/6spk-v0.4-librispeech-bs1-acc8-l4-diskcache-shardedval-v1-1778198761/checkpoints/step_1080_epoch_2_val-der_0.1069.nemo,1,0.505,0,0.505
arda-argmax/sortformer-finetuned/6spk-v0.4-librispeech-bs1-acc8-l4-diskcache-shardedval-v1-1778198761/checkpoints/step_1170_epoch_2_val-der_0.1058.nemo,1,0.507,0,0.507
arda-argmax/sortformer-finetuned/6spk-v0.4-librispeech-bs1-acc8-l4-diskcache-shardedval-v1-1778198761/checkpoints/step_1260_epoch_2_val-der_0.1043.nemo,1,0.504,0,0.504
arda-argmax/sortformer-finetuned/6spk-v0.4-librispeech-bs1-acc8-l4-diskcache-shardedval-v1-1778198761/checkpoints/step_1710_epoch_3_val-der_0.1027.nemo,1,0.504,0,0.504
arda-argmax/sortformer-finetuned/6spk-v0.4-librispeech-bs1-acc8-l4-diskcache-shardedval-v1-1778198761/checkpoints/step_180_epoch_0_val-der_0.1670.nemo,1,0.507,0,0.507
arda-argmax/sortformer-finetuned/6spk-v0.4-librispeech-bs1-acc8-l4-diskcache-shardedval-v1-1778198761/checkpoints/step_2160_epoch_4_val-der_0.1016.nemo,1,0.504,0,0.504
arda-argmax/sortformer-finetuned/6spk-v0.4-librispeech-bs1-acc8-l4-diskcache-shardedval-v1-1778198761/checkpoints/step_2430_epoch_5_val-der_0.1014.nemo,1,0.504,0,0.504
arda-argmax/sortformer-finetuned/6spk-v0.4-librispeech-bs1-acc8-l4-diskcache-shardedval-v1-1778198761/checkpoints/step_2700_epoch_5_val-der_0.1002.nemo,1,0.508,0,0.508
arda-argmax/sortformer-finetuned/6spk-v0.4-librispeech-bs1-acc8-l4-diskcache-shardedval-v1-1778198761/checkpoints/step_270_epoch_0_val-der_0.1644.nemo,1,0.504,0,0.504
arda-argmax/sortformer-finetuned/6spk-v0.4-librispeech-bs1-acc8-l4-diskcache-shardedval-v1-1778198761/checkpoints/step_2880_epoch_6_val-der_0.0996.nemo,1,0.503,0,0.503
arda-argmax/sortformer-finetuned/6spk-v0.4-librispeech-bs1-acc8-l4-diskcache-shardedval-v1-1778198761/checkpoints/step_2970_epoch_6_val-der_0.0992.nemo,1,0.508,0,0.508
arda-argmax/sortformer-finetuned/6spk-v0.4-librispeech-bs1-acc8-l4-diskcache-shardedval-v1-1778198761/checkpoints/step_3150_epoch_6_val-der_0.0982.nemo,1,0.504,0,0.504
arda-argmax/sortformer-finetuned/6spk-v0.4-librispeech-bs1-acc8-l4-diskcache-shardedval-v1-1778198761/checkpoints/step_3600_epoch_7_val-der_0.0981.nemo,1,0.504,0,0.504
arda-argmax/sortformer-finetuned/6spk-v0.4-librispeech-bs1-acc8-l4-diskcache-shardedval-v1-1778198761/checkpoints/step_360_epoch_0_val-der_0.1619.nemo,1,0.508,0,0.508
arda-argmax/sortformer-finetuned/6spk-v0.4-librispeech-bs1-acc8-l4-diskcache-shardedval-v1-1778198761/checkpoints/step_3780_epoch_8_val-der_0.0976.nemo,1,0.504,0,0.504
arda-argmax/sortformer-finetuned/6spk-v0.4-librispeech-bs1-acc8-l4-diskcache-shardedval-v1-1778198761/checkpoints/step_4050_epoch_8_val-der_0.0964.nemo,1,0.609,0,0.609
arda-argmax/sortformer-finetuned/6spk-v0.4-librispeech-bs1-acc8-l4-diskcache-shardedval-v1-1778198761/checkpoints/step_4140_epoch_9_val-der_0.0958.nemo,1,0.506,0,0.506
arda-argmax/sortformer-finetuned/6spk-v0.4-librispeech-bs1-acc8-l4-diskcache-shardedval-v1-1778198761/checkpoints/step_4230_epoch_9_val-der_0.0915.nemo,1,0.505,0,0.505
arda-argmax/sortformer-finetuned/6spk-v0.4-librispeech-bs1-acc8-l4-diskcache-shardedval-v1-1778198761/checkpoints/step_4320_epoch_9_val-der_0.0872.nemo,1,0.504,0,0.504
arda-argmax/sortformer-finetuned/6spk-v0.4-librispeech-bs1-acc8-l4-diskcache-shardedval-v1-1778198761/checkpoints/step_4410_epoch_9_val-der_0.0843.nemo,1,0.508,0,0.508
arda-argmax/sortformer-finetuned/6spk-v0.4-librispeech-bs1-acc8-l4-diskcache-shardedval-v1-1778198761/checkpoints/step_450_epoch_0_val-der_0.1291.nemo,1,0.504,0,0.504
arda-argmax/sortformer-finetuned/6spk-v0.4-librispeech-bs1-acc8-l4-diskcache-shardedval-v1-1778198761/checkpoints/step_540_epoch_1_val-der_0.1151.nemo,1,0.504,0,0.504
arda-argmax/sortformer-finetuned/6spk-v0.4-librispeech-bs1-acc8-l4-diskcache-shardedval-v1-1778198761/checkpoints/step_720_epoch_1_val-der_0.1120.nemo,1,0.505,0,0.505
arda-argmax/sortformer-finetuned/6spk-v0.4-librispeech-bs1-acc8-l4-diskcache-shardedval-v1-1778198761/checkpoints/step_810_epoch_1_val-der_0.1082.nemo,1,0.504,0,0.504
arda-argmax/sortformer-finetuned/6spk-v0.4-librispeech-bs1-acc8-l4-diskcache-shardedval-v1-1778198761/checkpoints/step_90_epoch_0_val-der_0.1700.nemo,1,0.504,0,0.504
arda-argmax/sortformer-finetuned/6spk-v0.6-fastmss-prepared-shar-bs1-acc8-l4-worldfix-v1-1780479980/best.nemo,1,0.510,0,0.510
arda-argmax/sortformer-finetuned/6spk-v0.6-fastmss-prepared-shar-bs1-acc8-l4-worldfix-v1-1780479980/checkpoints/step_180_epoch_0_val-der_0.2104.nemo,1,0.505,0,0.505
arda-argmax/sortformer-finetuned/6spk-v0.6-fastmss-prepared-shar-bs1-acc8-l4-worldfix-v1-1780479980/checkpoints/step_270_epoch_0_val-der_0.2067.nemo,1,0.504,0,0.504
arda-argmax/sortformer-finetuned/6spk-v0.6-fastmss-prepared-shar-bs1-acc8-l4-worldfix-v1-1780479980/checkpoints/step_360_epoch_0_val-der_0.1966.nemo,1,0.507,0,0.507
arda-argmax/sortformer-finetuned/6spk-v0.6-fastmss-prepared-shar-bs1-acc8-l4-worldfix-v1-1780479980/checkpoints/step_450_epoch_0_val-der_0.1530.nemo,1,0.504,0,0.504
arda-argmax/sortformer-finetuned/6spk-v0.6-fastmss-prepared-shar-bs1-acc8-l4-worldfix-v1-1780479980/checkpoints/step_540_epoch_0_val-der_0.1469.nemo,1,0.503,0,0.503
arda-argmax/sortformer-finetuned/6spk-v0.6-fastmss-prepared-shar-bs1-acc8-l4-worldfix-v1-1780479980/checkpoints/step_630_epoch_0_val-der_0.1446.nemo,1,0.507,0,0.507
arda-argmax/sortformer-finetuned/6spk-v0.6-fastmss-prepared-shar-bs1-acc8-l4-worldfix-v1-1780479980/checkpoints/step_900_epoch_0_val-der_0.1436.nemo,1,0.501,0,0.501
arda-argmax/sortformer-finetuned/6spk-v0.6-fastmss-prepared-shar-bs1-acc8-l4-worldfix-v1-1780479980/checkpoints/step_90_epoch_0_val-der_0.2187.nemo,1,0.501,0,0.501
arda-argmax/sortformer-finetuned/6spk-v0.6-fastmss-prepared-shar-bs1-acc8-l4-worldfix-v1-1780479980/checkpoints/step_990_epoch_1_val-der_0.1416.nemo,1,0.507,0,0.507
arda-argmax/sortformer-finetuned/6spk-v0.6-fastmss-prepared-shar-bs1-ga8-l4-8gpu-fullset-smoketest-v5-1780559280/best.nemo,1,0.503,0,0.503
arda-argmax/sortformer-finetuned/6spk-v0.6-fastmss-prepared-shar-bs1-ga8-l4-8gpu-fullset-smoketest-v5-1780559280/checkpoints/step_62_epoch_0_val-der_0.2269.nemo,1,0.504,0,0.504
arda-argmax/sortformer-finetuned/6spk-v0.6-fastmss-prepared-shar-bs10-a100-80gb-2gpu-debug-debug-v1-1780602245/best.nemo,1,0.503,0,0.503
arda-argmax/sortformer-finetuned/6spk-v0.6-fastmss-prepared-shar-bs10-a100-80gb-2gpu-debug-debug-v1-1780602245/checkpoints/step_100_epoch_0_val-der_0.2319.nemo,1,0.504,0,0.504
arda-argmax/sortformer-finetuned/6spk-v0.6-fastmss-prepared-shar-bs10-a100-80gb-2gpu-debug-debug-v1-1780602245/checkpoints/step_150_epoch_0_val-der_0.2183.nemo,1,0.503,0,0.503
arda-argmax/sortformer-finetuned/6spk-v0.6-fastmss-prepared-shar-bs10-a100-80gb-2gpu-debug-debug-v1-1780602245/checkpoints/step_250_epoch_1_val-der_0.2163.nemo,1,0.505,0,0.505
arda-argmax/sortformer-finetuned/6spk-v0.6-fastmss-prepared-shar-bs10-a100-80gb-2gpu-debug-debug-v1-1780602245/checkpoints/step_350_epoch_1_val-der_0.2109.nemo,1,0.507,0,0.507
arda-argmax/sortformer-finetuned/6spk-v0.6-fastmss-prepared-shar-bs10-a100-80gb-2gpu-debug-debug-v1-1780602245/checkpoints/step_400_epoch_1_val-der_0.2094.nemo,1,0.504,0,0.504
arda-argmax/sortformer-finetuned/6spk-v0.6-fastmss-prepared-shar-bs10-a100-80gb-2gpu-debug-debug-v1-1780602245/checkpoints/step_50_epoch_0_val-der_0.3624.nemo,1,0.611,0,0.611
arda-argmax/sortformer-finetuned/6spk-v0.6-fastmss-prepared-shar-bs10-a100-80gb-4gpu-debug-debug-v1-1780602382/best.nemo,1,0.508,0,0.508
arda-argmax/sortformer-finetuned/6spk-v0.6-fastmss-prepared-shar-bs10-a100-80gb-4gpu-debug-debug-v1-1780602382/checkpoints/step_100_epoch_0_val-der_0.2269.nemo,1,0.505,0,0.505
arda-argmax/sortformer-finetuned/6spk-v0.6-fastmss-prepared-shar-bs10-a100-80gb-4gpu-debug-debug-v1-1780602382/checkpoints/step_150_epoch_1_val-der_0.2196.nemo,1,0.503,0,0.503
arda-argmax/sortformer-finetuned/6spk-v0.6-fastmss-prepared-shar-bs10-a100-80gb-4gpu-debug-debug-v1-1780602382/checkpoints/step_200_epoch_1_val-der_0.2164.nemo,1,0.507,0,0.507
arda-argmax/sortformer-finetuned/6spk-v0.6-fastmss-prepared-shar-bs10-a100-80gb-4gpu-debug-debug-v1-1780602382/checkpoints/step_300_epoch_2_val-der_0.2103.nemo,1,0.504,0,0.504
arda-argmax/sortformer-finetuned/6spk-v0.6-fastmss-prepared-shar-bs10-a100-80gb-4gpu-debug-debug-v1-1780602382/checkpoints/step_50_epoch_0_val-der_0.3548.nemo,1,0.503,0,0.503
arda-argmax/sortformer-finetuned/6spk-v0.6-fastmss-prepared-shar-bs10-a100-80gb-4gpu-fullset-v11-1780998497/best.nemo,1,0.508,0,0.508
arda-argmax/sortformer-finetuned/6spk-v0.6-fastmss-prepared-shar-bs10-a100-80gb-4gpu-fullset-v11-1780998497/checkpoints/step_11235_epoch_0_val-der_0.0716.nemo,1,0.505,0,0.505
arda-argmax/sortformer-finetuned/6spk-v0.6-fastmss-prepared-shar-bs10-a100-80gb-4gpu-fullset-v11-1780998497/checkpoints/step_14980_epoch_0_val-der_0.0702.nemo,1,0.504,0,0.504
arda-argmax/sortformer-finetuned/6spk-v0.6-fastmss-prepared-shar-bs10-a100-80gb-4gpu-fullset-v11-1780998497/checkpoints/step_3745_epoch_0_val-der_0.0756.nemo,1,0.509,0,0.509
arda-argmax/sortformer-finetuned/6spk-v0.6-fastmss-prepared-shar-bs10-a100-80gb-4gpu-fullset-v11-1780998497/checkpoints/step_7490_epoch_0_val-der_0.0723.nemo,1,0.504,0,0.504
arda-argmax/sortformer-finetuned/6spk-v0.6-fastmss-prepared-shar-bs10-a100-80gb-8gpu-debug-debug-v1-1780604170/best.nemo,1,0.504,0,0.504
arda-argmax/sortformer-finetuned/6spk-v0.6-fastmss-prepared-shar-bs10-a100-80gb-8gpu-debug-debug-v1-1780604170/checkpoints/step_100_epoch_1_val-der_0.2204.nemo,1,0.509,0,0.509
arda-argmax/sortformer-finetuned/6spk-v0.6-fastmss-prepared-shar-bs10-a100-80gb-8gpu-debug-debug-v1-1780604170/checkpoints/step_150_epoch_2_val-der_0.2128.nemo,1,0.504,0,0.504
arda-argmax/sortformer-finetuned/6spk-v0.6-fastmss-prepared-shar-bs10-a100-80gb-8gpu-debug-debug-v1-1780604170/checkpoints/step_50_epoch_0_val-der_0.3458.nemo,1,0.504,0,0.504
arda-argmax/sortformer-finetuned/6spk-v0.6-fastmss-prepared-shar-bs10-a100-80gb-8gpu-fullset-v10-1780606582/best.nemo,1,0.509,0,0.509
arda-argmax/sortformer-finetuned/6spk-v0.6-fastmss-prepared-shar-bs10-a100-80gb-8gpu-fullset-v10-1780606582/checkpoints/step_11232_epoch_0_val-der_0.0901.nemo,1,0.504,0,0.504
arda-argmax/sortformer-finetuned/6spk-v0.6-fastmss-prepared-shar-bs10-a100-80gb-8gpu-fullset-v10-1780606582/checkpoints/step_13104_epoch_0_val-der_0.0887.nemo,1,0.506,0,0.506
arda-argmax/sortformer-finetuned/6spk-v0.6-fastmss-prepared-shar-bs10-a100-80gb-8gpu-fullset-v10-1780606582/checkpoints/step_14976_epoch_0_val-der_0.0879.nemo,1,0.508,0,0.508
arda-argmax/sortformer-finetuned/6spk-v0.6-fastmss-prepared-shar-bs10-a100-80gb-8gpu-fullset-v10-1780606582/checkpoints/step_16848_epoch_0_val-der_0.0865.nemo,1,0.505,0,0.505
arda-argmax/sortformer-finetuned/6spk-v0.6-fastmss-prepared-shar-bs10-a100-80gb-8gpu-fullset-v10-1780606582/checkpoints/step_18720_epoch_0_val-der_0.0854.nemo,1,0.505,0,0.505
arda-argmax/sortformer-finetuned/6spk-v0.6-fastmss-prepared-shar-bs10-a100-80gb-8gpu-fullset-v10-1780606582/checkpoints/step_1872_epoch_0_val-der_0.1109.nemo,1,0.508,0,0.508
arda-argmax/sortformer-finetuned/6spk-v0.6-fastmss-prepared-shar-bs10-a100-80gb-8gpu-fullset-v10-1780606582/checkpoints/step_20592_epoch_0_val-der_0.0846.nemo,1,0.506,0,0.506
arda-argmax/sortformer-finetuned/6spk-v0.6-fastmss-prepared-shar-bs10-a100-80gb-8gpu-fullset-v10-1780606582/checkpoints/step_22464_epoch_0_val-der_0.0840.nemo,1,0.505,0,0.505
arda-argmax/sortformer-finetuned/6spk-v0.6-fastmss-prepared-shar-bs10-a100-80gb-8gpu-fullset-v10-1780606582/checkpoints/step_24336_epoch_0_val-der_0.0838.nemo,1,0.509,0,0.509
arda-argmax/sortformer-finetuned/6spk-v0.6-fastmss-prepared-shar-bs10-a100-80gb-8gpu-fullset-v10-1780606582/checkpoints/step_26208_epoch_0_val-der_0.0828.nemo,1,0.505,0,0.505
arda-argmax/sortformer-finetuned/6spk-v0.6-fastmss-prepared-shar-bs10-a100-80gb-8gpu-fullset-v10-1780606582/checkpoints/step_28080_epoch_0_val-der_0.0815.nemo,1,0.505,0,0.505
arda-argmax/sortformer-finetuned/6spk-v0.6-fastmss-prepared-shar-bs10-a100-80gb-8gpu-fullset-v10-1780606582/checkpoints/step_31824_epoch_0_val-der_0.0807.nemo,1,0.617,0,0.617
arda-argmax/sortformer-finetuned/6spk-v0.6-fastmss-prepared-shar-bs10-a100-80gb-8gpu-fullset-v10-1780606582/checkpoints/step_35568_epoch_0_val-der_0.0804.nemo,1,0.503,0,0.503
arda-argmax/sortformer-finetuned/6spk-v0.6-fastmss-prepared-shar-bs10-a100-80gb-8gpu-fullset-v10-1780606582/checkpoints/step_37440_epoch_0_val-der_0.0797.nemo,1,0.504,0,0.504
arda-argmax/sortformer-finetuned/6spk-v0.6-fastmss-prepared-shar-bs10-a100-80gb-8gpu-fullset-v10-1780606582/checkpoints/step_3744_epoch_0_val-der_0.1021.nemo,1,0.508,0,0.508
arda-argmax/sortformer-finetuned/6spk-v0.6-fastmss-prepared-shar-bs10-a100-80gb-8gpu-fullset-v10-1780606582/checkpoints/step_5616_epoch_0_val-der_0.0964.nemo,1,0.503,0,0.503
arda-argmax/sortformer-finetuned/6spk-v0.6-fastmss-prepared-shar-bs10-a100-80gb-8gpu-fullset-v10-1780606582/checkpoints/step_7488_epoch_0_val-der_0.0941.nemo,1,0.503,0,0.503
arda-argmax/sortformer-finetuned/6spk-v0.6-fastmss-prepared-shar-bs10-a100-80gb-8gpu-fullset-v10-1780606582/checkpoints/step_9360_epoch_0_val-der_0.0917.nemo,1,0.507,0,0.507
arda-argmax/sortformer-finetuned/6spk-vox-ami-aishell-ali-bs10-ga2-a100-80gb-4gpu-5ep-v2-1782411519/best.nemo,1,0.504,0,0.504
arda-argmax/sortformer-finetuned/6spk-vox-ami-aishell-ali-bs10-ga2-a100-80gb-4gpu-5ep-v2-1782411519/checkpoints/step_104_epoch_0_val-der_0.1575.nemo,1,0.502,0,0.502
arda-argmax/sortformer-finetuned/6spk-vox-ami-aishell-ali-bs10-ga2-a100-80gb-4gpu-5ep-v2-1782411519/checkpoints/step_131_epoch_1_val-der_0.1559.nemo,1,0.503,0,0.503
arda-argmax/sortformer-finetuned/6spk-vox-ami-aishell-ali-bs10-ga2-a100-80gb-4gpu-5ep-v2-1782411519/checkpoints/step_183_epoch_1_val-der_0.1529.nemo,1,0.508,0,0.508
arda-argmax/sortformer-finetuned/6spk-vox-ami-aishell-ali-bs10-ga2-a100-80gb-4gpu-5ep-v2-1782411519/checkpoints/step_236_epoch_2_val-der_0.1527.nemo,1,0.503,0,0.503
arda-argmax/sortformer-finetuned/6spk-vox-ami-aishell-ali-bs10-ga2-a100-80gb-4gpu-5ep-v2-1782411519/checkpoints/step_26_epoch_0_val-der_0.1865.nemo,1,0.503,0,0.503
arda-argmax/sortformer-finetuned/6spk-vox-ami-aishell-ali-bs10-ga2-a100-80gb-4gpu-5ep-v2-1782411519/checkpoints/step_288_epoch_2_val-der_0.1515.nemo,1,0.507,0,0.507
arda-argmax/sortformer-finetuned/6spk-vox-ami-aishell-ali-bs10-ga2-a100-80gb-4gpu-5ep-v2-1782411519/checkpoints/step_341_epoch_3_val-der_0.1510.nemo,1,0.503,0,0.503
arda-argmax/sortformer-finetuned/6spk-vox-ami-aishell-ali-bs10-ga2-a100-80gb-4gpu-5ep-v2-1782411519/checkpoints/step_419_epoch_3_val-der_0.1496.nemo,1,0.503,0,0.503
arda-argmax/sortformer-finetuned/6spk-vox-ami-aishell-ali-bs10-ga2-a100-80gb-4gpu-5ep-v2-1782411519/checkpoints/step_472_epoch_4_val-der_0.1480.nemo,1,0.507,0,0.507
arda-argmax/sortformer-finetuned/6spk-vox-ami-aishell-ali-bs10-ga2-a100-80gb-4gpu-5ep-v2-1782411519/checkpoints/step_52_epoch_0_val-der_0.1649.nemo,1,0.503,0,0.503
arda-argmax/sortformer-finetuned/6spk-vox-ami-aishell-ali-bs10-ga2-a100-80gb-4gpu-5ep-v2-1782411519/checkpoints/step_78_epoch_0_val-der_0.1603.nemo,1,0.504,0,0.504
arda-argmax/sortformer-finetuned/8spk-v0.2-bs1-acc8-l4-cachedtrain-shardedval_v3-1777960366/best.nemo,1,0.508,0,0.508
arda-argmax/sortformer-finetuned/8spk-v0.2-bs1-acc8-l4-cachedtrain-shardedval_v6-1777969623/best.nemo,1,0.503,0,0.503
arda-argmax/sortformer-finetuned/8spk-v0.2-bs1-acc8-l4-cachedval-1777594506/best.nemo,1,0.503,0,0.503
arda-argmax/sortformer-finetuned/8spk-v0.2-bs1-acc8-l4-diskcache-shardedval-v1-1778007921/best.nemo,1,0.506,0,0.506
arda-argmax/sortformer-finetuned/smoke-1777401758/best.nemo,1,0.502,0,0.502
arda-argmax/sortformer-finetuned/sortformer-train-1777492805/best.nemo,1,0.504,0,0.504
arda-argmax/sortformer-finetuned/sortformer-train-1777563938/best.nemo,1,0.508,0,0.508
arda-argmax/sortformer-finetuned/sortformer-train-1777567093/best.nemo,1,0.505,0,0.505
arda-argmax/sortformer-finetuned/sortformer-train-1777578793/best.nemo,1,0.505,0,0.505
arda-argmax/sortformer-finetuned/sortformer-train-1777589381/best.nemo,1,0.509,0,0.509
arda-argmax/sortformer-finetuned/vertex-streaming-smoke-train-1777405971/best.nemo,1,0.613,0,0.613
arda-argmax/sortformer-finetuned/vertex-streaming-smoke-train-1777413928/best.nemo,1,0.503,0,0.503
timm/MobileCLIP2-S0-OpenCLIP/open_clip_pytorch_model.bin,1,0.025,0,0.025
optimum-intel-internal-testing/tiny-random-Data2VecTextModel/pytorch_model.bin,1,0.008,0,0.008
timm/convnext_large.dinov3_lvd1689m/pytorch_model.bin,1,0.013,0,0.013
timm/MobileCLIP2-S2-OpenCLIP/open_clip_pytorch_model.bin,1,0.039,0,0.039
OpenMed/OpenMed-ZeroShot-NER-Pathology-Tiny-60M/pytorch_model.bin,1,0.009,0,0.009
nvidia/C-RADIOv4-SO400M/c-radio_v4-so400m_half.pth.tar,1,0.014,3.716,3.730
zondaxyz/babyconceptLM-baike102M_bpe40/pytorch_model.bin,1,0.012,0,0.012
pytorch/gemma-3-12b-it-FP8/pytorch_model-00001-of-00003.bin,1,0.034,6.079,6.114
LuckyOda/comfyui-full-pack/person_yolov8m-seg.pt,1,0.081,18.002,18.082
blackbeedrones/sae-2026-hang-all-yolo26n-seg-v2-960/weights/epoch187.pt,1,0.107,20.906,21.013
knalin55/CUNI_FT-CROSS-LoRA/training_args.bin,1,0.009,4.956,4.965
thatbrguy/g3t/model.pt,1,0.056,0,0.056
michka/Melenchon-Nemo-12B/checkpoint-240/optimizer.pt,1,0.054,0,0.054
Stable-X/vggt-object-v0-1/model.pt,1,0.041,0,0.041
sakamakismile/Qwen3.6-27B-LNARIZE-NVFP4/kvtc_calibration.pt,1,0.024,5.486,5.509
timm/vit_huge_patch14_clip_378.metaclip2_worldwide/open_clip_pytorch_model.bin,1,0.036,0,0.036
timm/vit_huge_patch14_clip_378.metaclip2_worldwide/pytorch_model.bin,1,0.021,0,0.021
Chess473737/nepal-model/A100Pretrain/checkpoint-10000/training_args.bin,1,0.006,2.495,2.500
Chess473737/nepal-model/A100Pretrain/checkpoint-15000/training_args.bin,1,0.009,6.233,6.241
Chess473737/nepal-model/A100Pretrain/checkpoint-20000/training_args.bin,1,0.007,9.406,9.414
Chess473737/nepal-model/A100Pretrain/checkpoint-5000/optimizer.pt,1,0.031,0,0.031
Chess473737/nepal-model/A100Pretrain/checkpoint-5000/scheduler.pt,1,0.006,0,0.006
Chess473737/nepal-model/A100Pretrain/checkpoint-5000/training_args.bin,1,0.006,8.251,8.257
Chess473737/nepal-model/Kaggle1B/ckpt-12000/scheduler.pt,1,0.007,0,0.007
openbmb/BitCPM-CANN-3B/pytorch_model.bin,1,0.021,0,0.021
typhoon-ai/typhoon-asr-realtime/typhoon-asr-realtime.nemo,1,0.495,0,0.495
cisco-ai/SecureBERT2.0-cross_encoder/optimizer.pt,1,0.016,0,0.016
AIDElab-IITBombay/RadJEPA/jepa_encoder.pth.tar,1,0.034,0,0.034
Runware/adetailer/deepfashion2_yolov8s-seg.pt,1,0.045,19.874,19.919
Runware/adetailer/person_yolov8m-seg.pt,1,0.180,13.919,14.099
Runware/adetailer/person_yolov8n-seg.pt,1,0.067,12.235,12.302
Runware/adetailer/person_yolov8s-seg.pt,1,0.066,10.082,10.149
stabilityai/stable-audio-3-small-sfx-base/svd_bases.pt,1,0.033,0,0.033
openbmb/BitCPM-CANN-8B/pytorch_model.bin,1,0.036,0,0.036
GaryFer/smart-parking-weights/fasterrcnnv2/best_seed1000.pt,1,0.018,0,0.018
GaryFer/smart-parking-weights/fasterrcnnv2/best_seed123.pt,1,0.016,0,0.016
GaryFer/smart-parking-weights/fasterrcnnv2/best_seed1234.pt,1,0.016,0,0.016
GaryFer/smart-parking-weights/fasterrcnnv2/best_seed2025.pt,1,0.015,0,0.015
GaryFer/smart-parking-weights/fasterrcnnv2/best_seed3141.pt,1,0.015,0,0.015
GaryFer/smart-parking-weights/fasterrcnnv2/best_seed42.pt,1,0.014,0,0.014
GaryFer/smart-parking-weights/fasterrcnnv2/best_seed456.pt,1,0.014,0,0.014
GaryFer/smart-parking-weights/rtdetr/run_1000/weights/best.pt,1,0.087,43.828,43.915
GaryFer/smart-parking-weights/rtdetr/run_1000/weights/last.pt,1,0.111,39.476,39.588
GaryFer/smart-parking-weights/rtdetr/run_123/weights/best.pt,1,0.111,22.785,22.896
GaryFer/smart-parking-weights/rtdetr/run_1234/weights/best.pt,1,0.214,32.043,32.258
GaryFer/smart-parking-weights/rtdetr/run_1234/weights/last.pt,1,0.114,41.170,41.284
GaryFer/smart-parking-weights/rtdetr/run_2024/weights/last.pt,1,0.114,24.007,24.121
GaryFer/smart-parking-weights/rtdetr/run_3141/weights/best.pt,1,0.113,22.785,22.898
GaryFer/smart-parking-weights/rtdetr/run_456/weights/best.pt,1,0.111,23.807,23.918
GaryFer/smart-parking-weights/rtdetr/run_789/weights/best.pt,1,0.117,29.559,29.676
GaryFer/smart-parking-weights/yolov11s/run_1000/weights/last.pt,1,0.174,17.154,17.329
GaryFer/smart-parking-weights/yolov11s/run_123/weights/best.pt,1,0.073,15.981,16.054
GaryFer/smart-parking-weights/yolov11s/run_123/weights/last.pt,1,0.070,16.015,16.085
GaryFer/smart-parking-weights/yolov11s/run_1234/weights/best.pt,1,0.070,11.922,11.993
GaryFer/smart-parking-weights/yolov11s/run_2025/weights/best.pt,1,0.074,12.022,12.096
GaryFer/smart-parking-weights/yolov11s/run_2025/weights/last.pt,1,0.069,12.235,12.304
GaryFer/smart-parking-weights/yolov11s/run_3141/weights/best.pt,1,0.069,12.331,12.400
GaryFer/smart-parking-weights/yolov11s/run_42/weights/best.pt,1,0.074,16.526,16.600
GaryFer/smart-parking-weights/yolov11s/run_456/weights/best.pt,1,0.070,15.020,15.090
GaryFer/smart-parking-weights/yolov11s/run_456/weights/last.pt,1,0.071,12.404,12.475
GaryFer/smart-parking-weights/yolov11s/run_789/weights/best.pt,1,0.073,15.606,15.679
GaryFer/smart-parking-weights/yolov11s/run_789/weights/last.pt,1,0.070,19.700,19.770
GaryFer/smart-parking-weights/yolov11s/run_9999/weights/best.pt,1,0.175,13.565,13.739
GaryFer/smart-parking-weights/yolov11s/run_9999/weights/last.pt,1,0.071,11.115,11.187
GaryFer/smart-parking-weights/yolov12s/run_1000/weights/best.pt,1,0.091,19.685,19.776
GaryFer/smart-parking-weights/yolov12s/run_1000/weights/last.pt,1,0.088,14.789,14.877
GaryFer/smart-parking-weights/yolov12s/run_123/weights/best.pt,1,0.090,16.125,16.215
GaryFer/smart-parking-weights/yolov12s/run_1234/weights/last.pt,1,0.090,18.170,18.260
GaryFer/smart-parking-weights/yolov12s/run_2024/weights/last.pt,1,0.090,16.343,16.433
GaryFer/smart-parking-weights/yolov12s/run_2025/weights/best.pt,1,0.091,16.306,16.397
GaryFer/smart-parking-weights/yolov12s/run_3141/weights/best.pt,1,0.090,12.431,12.521
GaryFer/smart-parking-weights/yolov12s/run_3141/weights/last.pt,1,0.090,13.175,13.265
GaryFer/smart-parking-weights/yolov12s/run_42/weights/best.pt,1,0.087,13.026,13.113
GaryFer/smart-parking-weights/yolov12s/run_456/weights/best.pt,1,0.092,15.197,15.289
GaryFer/smart-parking-weights/yolov12s/run_456/weights/last.pt,1,0.094,12.471,12.565
GaryFer/smart-parking-weights/yolov12s/run_789/weights/last.pt,1,0.090,17.255,17.345
GaryFer/smart-parking-weights/yolov12s/run_9999/weights/best.pt,1,0.087,15.766,15.853
GaryFer/smart-parking-weights/yolov12s/run_9999/weights/last.pt,1,0.090,13.271,13.361
GaryFer/smart-parking-weights/yolov8s/run_1000/weights/best.pt,1,0.052,10.631,10.682
GaryFer/smart-parking-weights/yolov8s/run_123/weights/best.pt,1,0.060,12.378,12.438
GaryFer/smart-parking-weights/yolov8s/run_1234/weights/best.pt,1,0.159,12.084,12.242
GaryFer/smart-parking-weights/yolov8s/run_2024/weights/best.pt,1,0.059,28.865,28.924
GaryFer/smart-parking-weights/yolov8s/run_2025/weights/best.pt,1,0.056,10.643,10.699
GaryFer/smart-parking-weights/yolov8s/run_3141/weights/best.pt,1,0.056,12.997,13.053
GaryFer/smart-parking-weights/yolov8s/run_3141/weights/last.pt,1,0.060,17.291,17.351
GaryFer/smart-parking-weights/yolov8s/run_789/weights/best.pt,1,0.054,17.812,17.867
GaryFer/smart-parking-weights/yolov8s/run_9999/weights/best.pt,1,0.061,12.073,12.134
GaryFer/smart-parking-weights/yolov8s/run_9999/weights/last.pt,1,0.060,10.562,10.622
baichuan-inc/Baichuan-M2-32B/draft/pytorch_model.bin,1,0.010,0,0.010
gabrielpirlo/Sped_ParakeetRomanian_110M_TDT-CTC/SpeD-ParakeetRo_110M_TDT-CTC.nemo,1,0.489,0,0.489
Soul-AILab/SoulX-Singer-Preprocess/parakeet-tdt-0.6b-v2/parakeet-tdt-0.6b-v2.nemo,1,2.545,0,2.545
openbmb/BitCPM-CANN-8B-unquantized/pytorch_model.bin,1,0.013,0,0.013
ecmwf/aifs-ens-2.0/aifs-ens-crps-2.0.ckpt,1,0.088,35.391,35.479
facebook/lagernvs_general_512/model.pt,1,0.059,0,0.059
Malgesw/ppo-Huggy/Huggy/Huggy-1599365.pt,1,0.011,0,0.011
yuriyvnv/parakeet-tdt-0.6b-EN-Medical/parakeet-tdt-cv17_multimed_en-seed42.nemo,1,2.578,0,2.578
yuriyvnv/parakeet-tdt-0.6b-EN-Medical/parakeet-tdt-multimed_en-seed42.nemo,1,2.571,0,2.571
shaikhsalman/ZabaanAI-Urdu-3B/last-checkpoint/optimizer.pt,1,0.043,0,0.043
fpadovani/rus-cyrl-100mb-100mb_seed3407/checkpoint-105000/rng_state.pth,1,0.007,5.576,5.582
fpadovani/rus-cyrl-100mb-100mb_seed3407/checkpoint-39000/rng_state.pth,1,0.009,8.895,8.904
fpadovani/rus-cyrl-100mb-100mb_seed3407/checkpoint-42000/rng_state.pth,1,0.007,4.907,4.914
nvidia/magpie_tts_multilingual_357m/magpie_tts_multilingual_357m.nemo,1,1.527,0,1.527
asdasdasd1234567890/asd/ultralytics/segm/CockAndBallYolo8x.pt,1,0.169,18.994,19.164
asdasdasd1234567890/asd/ultralytics/segm/PitEyeDetailer-v2-seg.pt,1,0.066,13.366,13.431
asdasdasd1234567890/asd/ultralytics/segm/face_yolov8m-seg_60.pt,1,0.068,16.127,16.194
asdasdasd1234567890/asd/ultralytics/segm/person_yolov8m-seg.pt,1,0.085,17.700,17.785
asdasdasd1234567890/asd/ultralytics/segm/person_yolov8n-seg.pt,1,0.067,15.204,15.271
asdasdasd1234567890/asd/ultralytics/segm/person_yolov8s-seg.pt,1,0.074,10.998,11.072
asdasdasd1234567890/asd/ultralytics/segm/skin_yolov8m-seg_400.pt,1,0.073,12.607,12.679
asdasdasd1234567890/asd/ultralytics/segm/yolo-human-parse-epoch-125.pt,1,0.096,15.941,16.037
asdasdasd1234567890/asd/ultralytics/segm/yolo11n-seg.pt,1,0.083,25.941,26.024
attack-vector/SecureModernBERT-NER/checkpoint-10605/optimizer.pt,1,0.027,0,0.027
timm/vit_small_plus_patch16_dinov3_qkvb.lvd1689m/pytorch_model.bin,1,0.016,0,0.016
vivekvar/helmet-v5/yolo11l-pose.pt,1,0.117,30.804,30.920
binant/wendyrv/model.pth,1,0.145,0,0.145
jwest33/qwen3-vl-8b-instruct-null-space-abliterated/null_space_projectors.pt,1,0.008,0,0.008
jwest33/qwen3-vl-8b-instruct-null-space-abliterated/refusal_directions.pt,1,0.005,0,0.005
inference-optimization/Laguna-XS.2-speculator.dflash-Qwen235B-500k-ckpt5/scheduler_state_dict.pt,1,0.005,0,0.005
smegmarip/ComfyUI/segm/person_yolov8s-seg.pt,1,0.044,26.739,26.783
smegmarip/ComfyUI/ultralytics/segm/AnzhcHead-seg.pt,1,0.075,33.323,33.397
smegmarip/ComfyUI/ultralytics/segm/person_yolov8m-seg.pt,1,0.080,25.485,25.565
fpadovani/swa-latn-100mb-after-ppt-shuff-dyck-100mb-ckpt500_seed3407/checkpoint-164000/rng_state.pth,1,0.008,11.252,11.260
fpadovani/swa-latn-100mb-after-ppt-shuff-dyck-100mb-ckpt500_seed3407/checkpoint-212000/rng_state.pth,1,0.008,11.458,11.466
fpadovani/swa-latn-100mb-after-ppt-shuff-dyck-100mb-ckpt500_seed3407/checkpoint-220000/rng_state.pth,1,0.007,10.228,10.235
fpadovani/swa-latn-100mb-after-ppt-shuff-dyck-100mb-ckpt500_seed3407/checkpoint-224000/rng_state.pth,1,0.008,10.845,10.853
fpadovani/swa-latn-100mb-after-ppt-shuff-dyck-100mb-ckpt500_seed3407/checkpoint-232000/rng_state.pth,1,0.007,10.788,10.795
fpadovani/swa-latn-100mb-after-ppt-shuff-dyck-100mb-ckpt500_seed3407/checkpoint-272000/rng_state.pth,1,0.008,11.103,11.111
fpadovani/swa-latn-100mb-after-ppt-shuff-dyck-100mb-ckpt500_seed3407/checkpoint-280000/rng_state.pth,1,0.008,23.028,23.035
fpadovani/swa-latn-100mb-after-ppt-shuff-dyck-100mb-ckpt500_seed3407/checkpoint-40000/rng_state.pth,1,0.008,17.606,17.614
fpadovani/swa-latn-100mb-after-ppt-shuff-dyck-100mb-ckpt500_seed3407/checkpoint-44000/rng_state.pth,1,0.008,17.080,17.088
fpadovani/swa-latn-100mb-after-ppt-shuff-dyck-100mb-ckpt500_seed3407/checkpoint-80000/rng_state.pth,1,0.006,11.770,11.776
fpadovani/ind-latn-100mb-after-ppt-Dp-100mb-ckpt500_seed3407/checkpoint-102000/training_args.bin,1,0.008,7.772,7.780
fpadovani/ind-latn-100mb-after-ppt-Dp-100mb-ckpt500_seed3407/checkpoint-105000/training_args.bin,1,0.008,9.203,9.211
fpadovani/ind-latn-100mb-after-ppt-Dp-100mb-ckpt500_seed3407/checkpoint-108000/training_args.bin,1,0.008,9.001,9.009
fpadovani/ind-latn-100mb-after-ppt-Dp-100mb-ckpt500_seed3407/checkpoint-111000/training_args.bin,1,0.018,6.632,6.650
fpadovani/ind-latn-100mb-after-ppt-Dp-100mb-ckpt500_seed3407/checkpoint-114000/training_args.bin,1,0.009,11.250,11.259
fpadovani/ind-latn-100mb-after-ppt-Dp-100mb-ckpt500_seed3407/checkpoint-117000/training_args.bin,1,0.008,8.693,8.701
fpadovani/ind-latn-100mb-after-ppt-Dp-100mb-ckpt500_seed3407/checkpoint-12000/training_args.bin,1,0.006,9.616,9.622
fpadovani/ind-latn-100mb-after-ppt-Dp-100mb-ckpt500_seed3407/checkpoint-120000/training_args.bin,1,0.006,8.079,8.085
fpadovani/ind-latn-100mb-after-ppt-Dp-100mb-ckpt500_seed3407/checkpoint-123000/training_args.bin,1,0.008,8.796,8.804
fpadovani/ind-latn-100mb-after-ppt-Dp-100mb-ckpt500_seed3407/checkpoint-126000/training_args.bin,1,0.006,9.617,9.623
fpadovani/ind-latn-100mb-after-ppt-Dp-100mb-ckpt500_seed3407/checkpoint-128520/rng_state.pth,1,0.008,19.136,19.144
fpadovani/ind-latn-100mb-after-ppt-Dp-100mb-ckpt500_seed3407/checkpoint-128520/training_args.bin,1,0.008,9.613,9.621
fpadovani/ind-latn-100mb-after-ppt-Dp-100mb-ckpt500_seed3407/checkpoint-15000/training_args.bin,1,0.005,7.159,7.165
fpadovani/ind-latn-100mb-after-ppt-Dp-100mb-ckpt500_seed3407/checkpoint-18000/training_args.bin,1,0.008,7.771,7.779
fpadovani/ind-latn-100mb-after-ppt-Dp-100mb-ckpt500_seed3407/checkpoint-21000/rng_state.pth,1,0.008,19.237,19.246
fpadovani/ind-latn-100mb-after-ppt-Dp-100mb-ckpt500_seed3407/checkpoint-21000/training_args.bin,1,0.005,8.091,8.097
fpadovani/ind-latn-100mb-after-ppt-Dp-100mb-ckpt500_seed3407/checkpoint-24000/training_args.bin,1,0.007,7.965,7.972
fpadovani/ind-latn-100mb-after-ppt-Dp-100mb-ckpt500_seed3407/checkpoint-27000/training_args.bin,1,0.009,6.951,6.960
fpadovani/ind-latn-100mb-after-ppt-Dp-100mb-ckpt500_seed3407/checkpoint-3000/training_args.bin,1,0.009,8.178,8.187
fpadovani/ind-latn-100mb-after-ppt-Dp-100mb-ckpt500_seed3407/checkpoint-30000/training_args.bin,1,0.009,2.750,2.759
fpadovani/ind-latn-100mb-after-ppt-Dp-100mb-ckpt500_seed3407/checkpoint-33000/training_args.bin,1,0.009,7.564,7.573
fpadovani/ind-latn-100mb-after-ppt-Dp-100mb-ckpt500_seed3407/checkpoint-36000/rng_state.pth,1,0.008,37.777,37.785
fpadovani/ind-latn-100mb-after-ppt-Dp-100mb-ckpt500_seed3407/checkpoint-36000/training_args.bin,1,0.005,7.055,7.060
fpadovani/ind-latn-100mb-after-ppt-Dp-100mb-ckpt500_seed3407/checkpoint-39000/training_args.bin,1,0.007,8.179,8.186
fpadovani/ind-latn-100mb-after-ppt-Dp-100mb-ckpt500_seed3407/checkpoint-42000/training_args.bin,1,0.006,7.874,7.879
fpadovani/ind-latn-100mb-after-ppt-Dp-100mb-ckpt500_seed3407/checkpoint-45000/training_args.bin,1,0.008,7.358,7.366
fpadovani/ind-latn-100mb-after-ppt-Dp-100mb-ckpt500_seed3407/checkpoint-48000/training_args.bin,1,0.009,7.158,7.167
fpadovani/ind-latn-100mb-after-ppt-Dp-100mb-ckpt500_seed3407/checkpoint-51000/training_args.bin,1,0.008,9.817,9.825
fpadovani/ind-latn-100mb-after-ppt-Dp-100mb-ckpt500_seed3407/checkpoint-54000/training_args.bin,1,0.008,7.870,7.878
fpadovani/ind-latn-100mb-after-ppt-Dp-100mb-ckpt500_seed3407/checkpoint-57000/training_args.bin,1,0.008,7.361,7.369
fpadovani/ind-latn-100mb-after-ppt-Dp-100mb-ckpt500_seed3407/checkpoint-6000/training_args.bin,1,0.007,10.228,10.235
fpadovani/ind-latn-100mb-after-ppt-Dp-100mb-ckpt500_seed3407/checkpoint-60000/training_args.bin,1,0.007,7.361,7.368
fpadovani/ind-latn-100mb-after-ppt-Dp-100mb-ckpt500_seed3407/checkpoint-63000/training_args.bin,1,0.007,6.539,6.546
fpadovani/ind-latn-100mb-after-ppt-Dp-100mb-ckpt500_seed3407/checkpoint-66000/training_args.bin,1,0.008,8.796,8.804
fpadovani/ind-latn-100mb-after-ppt-Dp-100mb-ckpt500_seed3407/checkpoint-69000/rng_state.pth,1,0.008,17.806,17.814
fpadovani/ind-latn-100mb-after-ppt-Dp-100mb-ckpt500_seed3407/checkpoint-69000/training_args.bin,1,0.008,9.920,9.928
fpadovani/ind-latn-100mb-after-ppt-Dp-100mb-ckpt500_seed3407/checkpoint-72000/training_args.bin,1,0.006,6.647,6.653
fpadovani/ind-latn-100mb-after-ppt-Dp-100mb-ckpt500_seed3407/checkpoint-75000/training_args.bin,1,0.007,6.439,6.446
fpadovani/ind-latn-100mb-after-ppt-Dp-100mb-ckpt500_seed3407/checkpoint-78000/training_args.bin,1,0.007,6.848,6.855
fpadovani/ind-latn-100mb-after-ppt-Dp-100mb-ckpt500_seed3407/checkpoint-81000/rng_state.pth,1,0.008,18.624,18.633
fpadovani/ind-latn-100mb-after-ppt-Dp-100mb-ckpt500_seed3407/checkpoint-81000/training_args.bin,1,0.007,6.749,6.756
fpadovani/ind-latn-100mb-after-ppt-Dp-100mb-ckpt500_seed3407/checkpoint-84000/training_args.bin,1,0.008,6.335,6.344
fpadovani/ind-latn-100mb-after-ppt-Dp-100mb-ckpt500_seed3407/checkpoint-87000/training_args.bin,1,0.007,7.218,7.225
fpadovani/ind-latn-100mb-after-ppt-Dp-100mb-ckpt500_seed3407/checkpoint-9000/training_args.bin,1,0.009,6.171,6.180
fpadovani/ind-latn-100mb-after-ppt-Dp-100mb-ckpt500_seed3407/checkpoint-90000/rng_state.pth,1,0.006,21.703,21.709
fpadovani/ind-latn-100mb-after-ppt-Dp-100mb-ckpt500_seed3407/checkpoint-90000/training_args.bin,1,0.008,6.846,6.853
fpadovani/ind-latn-100mb-after-ppt-Dp-100mb-ckpt500_seed3407/checkpoint-93000/training_args.bin,1,0.008,6.232,6.240
fpadovani/ind-latn-100mb-after-ppt-Dp-100mb-ckpt500_seed3407/checkpoint-96000/training_args.bin,1,0.007,6.442,6.449
fpadovani/ind-latn-100mb-after-ppt-Dp-100mb-ckpt500_seed3407/checkpoint-99000/training_args.bin,1,0.008,8.178,8.187
fpadovani/ind-latn-100mb-after-ppt-Dp-100mb-ckpt500_seed3407/training_args.bin,1,0.009,7.566,7.575
nvidia/nemo-nano-codec-22khz-0.6kbps-12.5fps/nemo-nano-codec-22khz-0.6kbps-12.5fps.nemo,1,0.462,0,0.462
fpadovani/swe-latn-10mb-after-ppt-Dp-100mb-ckpt500_seed3407/checkpoint-9000/rng_state.pth,1,0.007,20.006,20.013
omi-health/omi-med-stt-v1/omimedstt-v1.nemo,1,2.567,0,2.567
fpadovani/swa-latn-100mb-after-ppt-Dp-100mb-ckpt500_seed3407/checkpoint-164000/rng_state.pth,1,0.007,22.303,22.310
fpadovani/swa-latn-100mb-after-ppt-Dp-100mb-ckpt500_seed3407/checkpoint-212000/rng_state.pth,1,0.008,19.238,19.246
fpadovani/swa-latn-100mb-after-ppt-Dp-100mb-ckpt500_seed3407/checkpoint-220000/rng_state.pth,1,0.008,31.532,31.539
fpadovani/swa-latn-100mb-after-ppt-Dp-100mb-ckpt500_seed3407/checkpoint-224000/rng_state.pth,1,0.006,29.788,29.794
fpadovani/swa-latn-100mb-after-ppt-Dp-100mb-ckpt500_seed3407/checkpoint-232000/rng_state.pth,1,0.006,18.427,18.433
fpadovani/swa-latn-100mb-after-ppt-Dp-100mb-ckpt500_seed3407/checkpoint-272000/rng_state.pth,1,0.006,16.986,16.992
fpadovani/swa-latn-100mb-after-ppt-Dp-100mb-ckpt500_seed3407/checkpoint-280000/rng_state.pth,1,0.008,20.365,20.373
fpadovani/swa-latn-100mb-after-ppt-Dp-100mb-ckpt500_seed3407/checkpoint-40000/rng_state.pth,1,0.007,16.681,16.688
fpadovani/swa-latn-100mb-after-ppt-Dp-100mb-ckpt500_seed3407/checkpoint-44000/rng_state.pth,1,0.007,23.442,23.449
fpadovani/swa-latn-100mb-after-ppt-Dp-100mb-ckpt500_seed3407/checkpoint-80000/rng_state.pth,1,0.007,16.884,16.891
nvidia/GR00T-N1.7-SimplerEnv-Bridge/global_step32000/mp_rank_00_model_states.pt,1,0.079,0,0.079
fpadovani/tur-latn-100mb-100mb_seed10/checkpoint-24000/rng_state.pth,1,0.007,15.781,15.788
fpadovani/tur-latn-100mb-100mb_seed10/checkpoint-75000/rng_state.pth,1,0.008,17.395,17.403
ecmwf/aifs-single-1.1/aifs-single-mse-1.1.ckpt,1,0.084,48.327,48.411
nvidia/fourcastnet3/training_checkpoints/best_ckpt_mp0.tar,1,0.014,0,0.014
nvidia/parakeet-unified-en-0.6b/parakeet-unified-en-0.6b.nemo,1,2.548,0,2.548
fpadovani/hin-deva-100mb-after-ppt-Dp-100mb-ckpt500_seed3407/checkpoint-3000/rng_state.pth,1,0.007,17.290,17.297
fpadovani/hin-deva-100mb-after-ppt-Dp-100mb-ckpt500_seed3407/checkpoint-69000/rng_state.pth,1,0.008,6.949,6.957
fpadovani/hin-deva-100mb-after-ppt-Dp-100mb-ckpt500_seed3407/checkpoint-87000/rng_state.pth,1,0.008,16.986,16.994
fpadovani/swe-latn-10mb-100mb_seed3407/checkpoint-9000/rng_state.pth,1,0.006,17.500,17.506
fpadovani/hin-deva-10mb-after-ppt-Dp-100mb-ckpt500_seed3407/checkpoint-104090/rng_state.pth,1,0.006,19.347,19.353
fpadovani/hin-deva-10mb-after-ppt-Dp-100mb-ckpt500_seed3407/checkpoint-15000/rng_state.pth,1,0.008,13.813,13.820
fpadovani/hin-deva-10mb-after-ppt-Dp-100mb-ckpt500_seed3407/checkpoint-54000/rng_state.pth,1,0.006,20.636,20.642
fpadovani/hin-deva-10mb-after-ppt-Dp-100mb-ckpt500_seed3407/checkpoint-6000/rng_state.pth,1,0.008,20.406,20.414
fpadovani/swe-latn-100mb-100mb_seed3407/checkpoint-57000/rng_state.pth,1,0.006,19.347,19.353
fpadovani/swe-latn-100mb-100mb_seed3407/checkpoint-66000/rng_state.pth,1,0.006,22.722,22.727
fpadovani/swe-latn-100mb-100mb_seed3407/checkpoint-75000/rng_state.pth,1,0.007,14.017,14.024
fpadovani/swe-latn-100mb-100mb_seed3407/checkpoint-90000/rng_state.pth,1,0.008,19.548,19.556
fpadovani/ind-latn-10mb-after-ppt-Dp-100mb-ckpt500_seed3407/checkpoint-114000/rng_state.pth,1,0.006,17.398,17.405
fpadovani/ind-latn-10mb-after-ppt-Dp-100mb-ckpt500_seed3407/checkpoint-21000/rng_state.pth,1,0.008,18.217,18.225
fpadovani/ind-latn-10mb-after-ppt-Dp-100mb-ckpt500_seed3407/checkpoint-27000/rng_state.pth,1,0.008,14.529,14.537
fpadovani/ind-latn-10mb-after-ppt-Dp-100mb-ckpt500_seed3407/checkpoint-6000/rng_state.pth,1,0.008,18.931,18.939
conch/CoCa/MahmoodLab-CONCH/pytorch_model.bin,1,0.036,0,0.036
flagembedding/BAAI-bge-base-en/pytorch_model.bin,1,0.017,0,0.017
flagembedding/BAAI-bge-base-en-v1.5/pytorch_model.bin,1,0.014,0,0.014
flagembedding/BAAI-bge-base-zh-v1.5/pytorch_model.bin,1,0.012,0,0.012
flagembedding/BAAI-bge-large-en/pytorch_model.bin,1,0.021,0,0.021
flagembedding/BAAI-bge-large-en-v1.5/pytorch_model.bin,1,0.018,0,0.018
flagembedding/BAAI-bge-large-zh/pytorch_model.bin,1,0.018,0,0.018
flagembedding/BAAI-bge-large-zh-v1.5/pytorch_model.bin,1,0.018,0,0.018
flagembedding/BAAI-bge-reranker-base/pytorch_model.bin,1,0.016,0,0.016
flagembedding/BAAI-bge-reranker-large/pytorch_model.bin,1,0.021,0,0.021
flagembedding/BAAI-bge-small-en/pytorch_model.bin,1,0.011,0,0.011
flagembedding/BAAI-bge-small-en-v1.5/pytorch_model.bin,1,0.012,0,0.012
flagembedding/BAAI-bge-small-zh/pytorch_model.bin,1,0.007,0,0.007
flagembedding/BAAI-bge-small-zh-v1.5/pytorch_model.bin,1,0.008,0,0.008
flagembedding/BAAI-llm-embedder/pytorch_model.bin,1,0.012,0,0.012
flair/SequenceTagger/flair-chunk-english-fast/pytorch_model.bin,1,0.008,5.777,5.785
flair/SequenceTagger/flair-ner-dutch-large/pytorch_model.bin,1,0.029,6.614,6.644
flair/SequenceTagger/flair-ner-english/pytorch_model.bin,1,0.262,8.014,8.276
flair/SequenceTagger/flair-ner-english-fast/pytorch_model.bin,1,0.263,8.012,8.275
flair/SequenceTagger/flair-ner-english-large/pytorch_model.bin,1,0.057,13.342,13.399
flair/SequenceTagger/flair-ner-english-ontonotes/pytorch_model.bin,1,0.637,10.577,11.214
flair/SequenceTagger/flair-ner-english-ontonotes-fast/pytorch_model.bin,1,0.635,10.988,11.623
flair/SequenceTagger/flair-ner-english-ontonotes-large/pytorch_model.bin,1,0.072,4.728,4.800
flair/SequenceTagger/flair-ner-french/pytorch_model.bin,1,0.647,9.742,10.390
flair/SequenceTagger/flair-ner-german/pytorch_model.bin,1,0.658,12.085,12.742
flair/SequenceTagger/flair-ner-german-large/pytorch_model.bin,1,0.071,7.697,7.768
flair/SequenceTagger/flair-ner-multi/pytorch_model.bin,1,0.896,14.154,15.050
flair/SequenceTagger/flair-ner-spanish-large/pytorch_model.bin,1,0.081,15.588,15.669
flair/SequenceTagger/flair-pos-english/pytorch_model.bin,1,0.009,3.890,3.899
flair/SequenceTagger/flair-pos-english-fast/pytorch_model.bin,1,0.012,3.775,3.787
flair/SequenceTagger/flair-upos-english/pytorch_model.bin,1,0.013,6.229,6.242
flair/SequenceTagger/flair-upos-english-fast/pytorch_model.bin,1,0.013,8.279,8.292
flair/SequenceTagger/flair-upos-multi/pytorch_model.bin,1,0.063,17.541,17.604
gliner/GliNER/DeepMount00-GLiNER_ITA_BASE/pytorch_model.bin,1,0.024,0,0.024
gliner/GliNER/DeepMount00-GLiNER_ITA_LARGE/pytorch_model.bin,1,0.029,0,0.029
gliner/GliNER/DeepMount00-GLiNER_PII_ITA/pytorch_model.bin,1,0.017,0,0.017
gliner/GliNER/DeepMount00-universal_ner_ita/pytorch_model.bin,1,0.015,0,0.015
gliner/GliNER/EmergentMethods-gliner_medium_news-v2.1/pytorch_model.bin,1,0.014,0,0.014
gliner/GliNER/gliner-community-gliner_large-v2.5/pytorch_model.bin,1,0.021,0,0.021
gliner/GliNER/gliner-community-gliner_medium-v2.5/pytorch_model.bin,1,0.014,0,0.014
gliner/GliNER/numind-NuNER_Zero/pytorch_model.bin,1,0.021,0,0.021
gliner/GliNER/urchade-gliner_base/pytorch_model.bin,1,0.012,0,0.012
gliner/GliNER/urchade-gliner_large-v1/pytorch_model.bin,1,0.019,0,0.019
gliner/GliNER/urchade-gliner_large-v2/pytorch_model.bin,1,0.020,0,0.020
gliner/GliNER/urchade-gliner_large-v2.1/pytorch_model.bin,1,0.017,0,0.017
gliner/GliNER/urchade-gliner_medium-v2.1/pytorch_model.bin,1,0.014,0,0.014
gliner/GliNER/urchade-gliner_multi/pytorch_model.bin,1,0.013,0,0.013
gliner/GliNER/urchade-gliner_multi-v2.1/pytorch_model.bin,1,0.013,0,0.013
gliner/GliNER/urchade-gliner_multi_pii-v1/pytorch_model.bin,1,0.012,0,0.012
gliner/GliNER/urchade-gliner_small-v2.1/pytorch_model.bin,1,0.009,0,0.009
huggingsound/SpeechRecognitionModel/jonatasgrosman-wav2vec2-large-xlsr-53-arabic/pytorch_model.bin,1,0.017,0,0.017
huggingsound/SpeechRecognitionModel/jonatasgrosman-wav2vec2-large-xlsr-53-chinese-zh-cn/pytorch_model.bin,1,0.016,0,0.016
huggingsound/SpeechRecognitionModel/jonatasgrosman-wav2vec2-large-xlsr-53-dutch/pytorch_model.bin,1,0.016,0,0.016
huggingsound/SpeechRecognitionModel/jonatasgrosman-wav2vec2-large-xlsr-53-english/pytorch_model.bin,1,0.015,0,0.015
huggingsound/SpeechRecognitionModel/jonatasgrosman-wav2vec2-large-xlsr-53-finnish/pytorch_model.bin,1,0.017,0,0.017
huggingsound/SpeechRecognitionModel/jonatasgrosman-wav2vec2-large-xlsr-53-french/pytorch_model.bin,1,0.017,0,0.017
huggingsound/SpeechRecognitionModel/jonatasgrosman-wav2vec2-large-xlsr-53-german/pytorch_model.bin,1,0.016,0,0.016
huggingsound/SpeechRecognitionModel/jonatasgrosman-wav2vec2-large-xlsr-53-greek/pytorch_model.bin,1,0.016,0,0.016
huggingsound/SpeechRecognitionModel/jonatasgrosman-wav2vec2-large-xlsr-53-hungarian/pytorch_model.bin,1,0.017,0,0.017
huggingsound/SpeechRecognitionModel/jonatasgrosman-wav2vec2-large-xlsr-53-italian/pytorch_model.bin,1,0.016,0,0.016
huggingsound/SpeechRecognitionModel/jonatasgrosman-wav2vec2-large-xlsr-53-japanese/pytorch_model.bin,1,0.018,0,0.018
huggingsound/SpeechRecognitionModel/jonatasgrosman-wav2vec2-large-xlsr-53-persian/pytorch_model.bin,1,0.016,0,0.016
huggingsound/SpeechRecognitionModel/jonatasgrosman-wav2vec2-large-xlsr-53-polish/pytorch_model.bin,1,0.017,0,0.017
huggingsound/SpeechRecognitionModel/jonatasgrosman-wav2vec2-large-xlsr-53-portuguese/pytorch_model.bin,1,0.016,0,0.016
huggingsound/SpeechRecognitionModel/jonatasgrosman-wav2vec2-large-xlsr-53-russian/pytorch_model.bin,1,0.016,0,0.016
huggingsound/SpeechRecognitionModel/jonatasgrosman-wav2vec2-large-xlsr-53-spanish/pytorch_model.bin,1,0.016,0,0.016
huggingsound/SpeechRecognitionModel/jonatasgrosman-wav2vec2-xls-r-1b-portuguese/pytorch_model.bin,1,0.031,0,0.031
languagebind/LanguageBind/LanguageBind-LanguageBind_Audio/pytorch_model.bin,1,0.022,0,0.022
languagebind/LanguageBind/LanguageBind-LanguageBind_Audio_FT/pytorch_model.bin,1,0.017,0,0.017
languagebind/LanguageBind/LanguageBind-LanguageBind_Image/pytorch_model.bin,1,0.018,0,0.018
languagebind/LanguageBind/LanguageBind-LanguageBind_Video/pytorch_model.bin,1,0.027,0,0.027
languagebind/LanguageBind/LanguageBind-LanguageBind_Video_FT/pytorch_model.bin,1,0.131,0,0.131
languagebind/LanguageBind/LanguageBind-LanguageBind_Video_Huge_V1.5_FT/pytorch_model.bin,1,0.040,0,0.040
languagebind/LanguageBind/LanguageBind-LanguageBind_Video_merge/pytorch_model.bin,1,0.025,0,0.025
languagebind/LanguageBind/LanguageBind-LanguageBind_Video_V1.5_FT/pytorch_model.bin,1,0.023,0,0.023
melo/TTS/myshell-ai-MeloTTS-Chinese/checkpoint.pth,1,0.026,0,0.026
melo/TTS/myshell-ai-MeloTTS-English/checkpoint.pth,1,0.025,0,0.025
melo/TTS/myshell-ai-MeloTTS-English-v2/checkpoint.pth,1,0.026,0,0.026
melo/TTS/myshell-ai-MeloTTS-English-v3/checkpoint.pth,1,0.025,0,0.025
melo/TTS/myshell-ai-MeloTTS-French/checkpoint.pth,1,0.027,0,0.027
melo/TTS/myshell-ai-MeloTTS-Japanese/checkpoint.pth,1,0.026,0,0.026
melo/TTS/myshell-ai-MeloTTS-Korean/checkpoint.pth,1,0.027,0,0.027
melo/TTS/myshell-ai-MeloTTS-Spanish/checkpoint.pth,1,0.026,0,0.026
Parrot/Parrot/prithivida-parrot_paraphraser_on_T5/pytorch_model.bin,1,0.014,0,0.014
pyannote-audio/Model/collinbarnwell-pyannote-segmentation-30/pytorch_model.bin,1,0.008,7.879,7.886
pyannote-audio/Model/EonNextPlatform-pyannote-wespeaker-voxceleb-resnet34-LM/pytorch_model.bin,1,0.022,4.477,4.499
pyannote-audio/Model/EonNextPlatform-segmentation-3.0/pytorch_model.bin,1,0.012,6.025,6.038
pyannote-audio/Model/fatymatariq-pyannote-wespeaker-voxceleb-resnet34-LM/pytorch_model.bin,1,0.019,5.811,5.830
pyannote-audio/Model/fatymatariq-segmentation-3.0/pytorch_model.bin,1,0.014,6.328,6.343
pyannote-audio/Model/philschmid-pyannote-segmentation/pytorch_model.bin,1,0.018,11.240,11.259
pyannote-audio/Model/pyannote-brouhaha/pytorch_model.bin,1,0.022,8.983,9.005
pyannote-audio/Model/pyannote-embedding/pytorch_model.bin,1,0.031,10.301,10.332
pyannote-audio/Model/pyannote-segmentation/pytorch_model.bin,1,0.021,12.975,12.996
pyannote-audio/Model/pyannote-segmentation-3.0/pytorch_model.bin,1,0.012,6.849,6.860
pyannote-audio/Model/pyannote-wespeaker-voxceleb-resnet34-LM/pytorch_model.bin,1,0.022,9.091,9.112
pyannote-audio/Model/Revai-reverb-diarization-v1/pytorch_model.bin,1,0.019,5.806,5.825
pyannote-audio/Model/Revai-reverb-diarization-v2/pytorch_model.bin,1,0.031,6.208,6.239
pyannote-audio/Model/tensorlake-segmentation-3.0/pytorch_model.bin,1,0.014,5.203,5.218
pysentimiento/BaseAnalyzer/pysentimiento-bertweet-pt-sentiment/pytorch_model.bin,1,0.019,0,0.019
pysentimiento/BaseAnalyzer/pysentimiento-robertuito-ner/pytorch_model.bin,1,0.017,0,0.017
pysentimiento/BaseAnalyzer/pysentimiento-robertuito-sentiment-analysis/pytorch_model.bin,1,0.016,0,0.016
pysentimiento/BaseAnalyzer/pysentimiento-robertuito-base-cased/pytorch_model.bin,1,0.016,0,0.016
sentence-transformers/avsolatorio-GIST-all-MiniLM-L6-v2/pytorch_model.bin,1,0.012,0,0.012
sentence-transformers/avsolatorio-GIST-Embedding-v0/pytorch_model.bin,1,0.014,0,0.014
sentence-transformers/avsolatorio-GIST-small-Embedding-v0/pytorch_model.bin,1,0.013,0,0.013
sentence-transformers/BAAI-bge-base-en/pytorch_model.bin,1,0.011,0,0.011
sentence-transformers/BAAI-bge-base-en-v1.5/pytorch_model.bin,1,0.012,0,0.012
sentence-transformers/BAAI-bge-large-en/pytorch_model.bin,1,0.020,0,0.020
sentence-transformers/BAAI-bge-large-en-v1.5/pytorch_model.bin,1,0.017,0,0.017
sentence-transformers/BAAI-bge-large-zh-v1.5/pytorch_model.bin,1,0.016,0,0.016
sentence-transformers/BAAI-bge-reranker-base/pytorch_model.bin,1,0.012,0,0.012
sentence-transformers/BAAI-bge-reranker-large/pytorch_model.bin,1,0.021,0,0.021
sentence-transformers/BAAI-bge-small-en/pytorch_model.bin,1,0.011,0,0.011
sentence-transformers/BAAI-bge-small-en-v1.5/pytorch_model.bin,1,0.011,0,0.011
sentence-transformers/BAAI-llm-embedder/pytorch_model.bin,1,0.011,0,0.011
sentence-transformers/cointegrated-rubert-tiny2/pytorch_model.bin,1,0.008,0,0.008
sentence-transformers/DMetaSoul-sbert-chinese-general-v2/pytorch_model.bin,1,0.012,0,0.012
sentence-transformers/flax-sentence-embeddings-all_datasets_v4_MiniLM-L6/pytorch_model.bin,1,0.008,0,0.008
sentence-transformers/hiiamsid-sentence_similarity_spanish_es/pytorch_model.bin,1,0.011,0,0.011
sentence-transformers/intfloat-e5-base-v2/pytorch_model.bin,1,0.011,0,0.011
sentence-transformers/intfloat-e5-large-v2/pytorch_model.bin,1,0.015,0,0.015
sentence-transformers/intfloat-e5-mistral-7b-instruct/pytorch_model-00001-of-00002.bin,1,0.031,0,0.031
sentence-transformers/intfloat-e5-small-v2/pytorch_model.bin,1,0.009,0,0.009
sentence-transformers/intfloat-multilingual-e5-base/pytorch_model.bin,1,0.010,0,0.010
sentence-transformers/intfloat-multilingual-e5-large/pytorch_model.bin,1,0.014,0,0.014
sentence-transformers/intfloat-multilingual-e5-small/pytorch_model.bin,1,0.010,0,0.010
sentence-transformers/jhgan-ko-sbert-nli/pytorch_model.bin,1,0.013,0,0.013
sentence-transformers/jhgan-ko-sroberta-multitask/pytorch_model.bin,1,0.010,0,0.010
sentence-transformers/naufalihsan-indonesian-sbert-large/pytorch_model.bin,1,0.016,0,0.016
sentence-transformers/NeuML-pubmedbert-base-embeddings/pytorch_model.bin,1,0.010,0,0.010
sentence-transformers/nomic-ai-nomic-embed-text-v1/pytorch_model.bin,1,0.009,0,0.009
sentence-transformers/pritamdeka-BioBERT-mnli-snli-scinli-scitail-mednli-stsb/pytorch_model.bin,1,0.011,0,0.011
sentence-transformers/pritamdeka-S-PubMedBert-MS-MARCO/pytorch_model.bin,1,0.011,0,0.011
sentence-transformers/sentence-transformers-testing-stsb-bert-tiny-safetensors/pytorch_model.bin,1,0.007,0,0.007
sentence-transformers/sentence-transformers-all-distilroberta-v1/pytorch_model.bin,1,0.010,0,0.010
sentence-transformers/sentence-transformers-all-MiniLM-L12-v2/pytorch_model.bin,1,0.010,0,0.010
sentence-transformers/sentence-transformers-all-MiniLM-L6-v2/pytorch_model.bin,1,0.007,0,0.007
sentence-transformers/sentence-transformers-all-mpnet-base-v2/pytorch_model.bin,1,0.009,0,0.009
sentence-transformers/sentence-transformers-all-roberta-large-v1/pytorch_model.bin,1,0.014,0,0.014
sentence-transformers/sentence-transformers-bert-base-nli-mean-tokens/pytorch_model.bin,1,0.010,0,0.010
sentence-transformers/sentence-transformers-bert-base-nli-stsb-mean-tokens/pytorch_model.bin,1,0.010,0,0.010
sentence-transformers/sentence-transformers-clip-ViT-B-32-multilingual-v1/pytorch_model.bin,1,0.009,0,0.009
sentence-transformers/sentence-transformers-distilbert-base-nli-mean-tokens/pytorch_model.bin,1,0.009,0,0.009
sentence-transformers/sentence-transformers-distilbert-base-nli-stsb-mean-tokens/pytorch_model.bin,1,0.008,0,0.008
sentence-transformers/sentence-transformers-distilbert-multilingual-nli-stsb-quora-ranking/pytorch_model.bin,1,0.009,0,0.009
sentence-transformers/sentence-transformers-distiluse-base-multilingual-cased-v1/pytorch_model.bin,1,0.009,0,0.009
sentence-transformers/sentence-transformers-distiluse-base-multilingual-cased-v2/pytorch_model.bin,1,0.009,0,0.009
sentence-transformers/sentence-transformers-LaBSE/pytorch_model.bin,1,0.012,0,0.012
sentence-transformers/sentence-transformers-msmarco-bert-base-dot-v5/pytorch_model.bin,1,0.010,0,0.010
sentence-transformers/sentence-transformers-msmarco-distilbert-base-dot-prod-v3/pytorch_model.bin,1,0.008,0,0.008
sentence-transformers/sentence-transformers-msmarco-distilbert-base-tas-b/pytorch_model.bin,1,0.009,0,0.009
sentence-transformers/sentence-transformers-msmarco-distilbert-base-v4/pytorch_model.bin,1,0.008,0,0.008
sentence-transformers/sentence-transformers-msmarco-distilbert-cos-v5/pytorch_model.bin,1,0.009,0,0.009
sentence-transformers/sentence-transformers-msmarco-distilbert-dot-v5/pytorch_model.bin,1,0.009,0,0.009
sentence-transformers/sentence-transformers-msmarco-MiniLM-L-6-v3/pytorch_model.bin,1,0.008,0,0.008
sentence-transformers/sentence-transformers-msmarco-MiniLM-L12-cos-v5/pytorch_model.bin,1,0.010,0,0.010
sentence-transformers/sentence-transformers-msmarco-MiniLM-L6-cos-v5/pytorch_model.bin,1,0.009,0,0.009
sentence-transformers/sentence-transformers-multi-qa-distilbert-cos-v1/pytorch_model.bin,1,0.008,0,0.008
sentence-transformers/sentence-transformers-multi-qa-MiniLM-L6-cos-v1/pytorch_model.bin,1,0.008,0,0.008
sentence-transformers/sentence-transformers-multi-qa-mpnet-base-cos-v1/pytorch_model.bin,1,0.009,0,0.009
sentence-transformers/sentence-transformers-multi-qa-mpnet-base-dot-v1/pytorch_model.bin,1,0.010,0,0.010
sentence-transformers/sentence-transformers-nli-mpnet-base-v2/pytorch_model.bin,1,0.010,0,0.010
sentence-transformers/sentence-transformers-paraphrase-albert-small-v2/pytorch_model.bin,1,0.007,0,0.007
sentence-transformers/sentence-transformers-paraphrase-MiniLM-L12-v2/pytorch_model.bin,1,0.011,0,0.011
sentence-transformers/sentence-transformers-paraphrase-MiniLM-L3-v2/pytorch_model.bin,1,0.007,0,0.007
sentence-transformers/sentence-transformers-paraphrase-MiniLM-L6-v2/pytorch_model.bin,1,0.010,0,0.010
sentence-transformers/sentence-transformers-paraphrase-mpnet-base-v2/pytorch_model.bin,1,0.011,0,0.011
sentence-transformers/sentence-transformers-paraphrase-multilingual-MiniLM-L12-v2/pytorch_model.bin,1,0.011,0,0.011
sentence-transformers/sentence-transformers-paraphrase-multilingual-mpnet-base-v2/pytorch_model.bin,1,0.013,0,0.013
sentence-transformers/sentence-transformers-sentence-t5-base/pytorch_model.bin,1,0.008,0,0.008
sentence-transformers/sentence-transformers-sentence-t5-xl/pytorch_model.bin,1,0.016,0,0.016
sentence-transformers/sentence-transformers-stsb-roberta-base/pytorch_model.bin,1,0.010,0,0.010
sentence-transformers/sentence-transformers-stsb-xlm-r-multilingual/pytorch_model.bin,1,0.010,0,0.010
sentence-transformers/shibing624-text2vec-base-chinese/pytorch_model.bin,1,0.010,0,0.010
sentence-transformers/shibing624-text2vec-base-multilingual/pytorch_model.bin,1,0.011,0,0.011
sentence-transformers/Supabase-gte-small/pytorch_model.bin,1,0.010,0,0.010
sentence-transformers/thenlper-gte-base/pytorch_model.bin,1,0.010,0,0.010
sentence-transformers/thenlper-gte-large/pytorch_model.bin,1,0.013,0,0.013
sentence-transformers/thenlper-gte-small/pytorch_model.bin,1,0.008,0,0.008
super-image/EdsrModel/eugenesiow-edsr/pytorch_model_2x.pt,1,0.010,0,0.010
super-image/EdsrModel/eugenesiow-edsr/pytorch_model_3x.pt,1,0.010,0,0.010
super-image/EdsrModel/eugenesiow-edsr/pytorch_model_4x.pt,1,0.009,0,0.009
super-image/EdsrModel/eugenesiow-edsr-base/pytorch_model_2x.pt,1,0.008,0,0.008
super-image/EdsrModel/eugenesiow-edsr-base/pytorch_model_3x.pt,1,0.007,0,0.007
super-image/EdsrModel/eugenesiow-edsr-base/pytorch_model_4x.pt,1,0.007,0,0.007
tner/TransformersNER/tner-deberta-v3-large-ontonotes5/pytorch_model.bin,1,0.018,0,0.018
tner/TransformersNER/tner-roberta-large-ontonotes5/pytorch_model.bin,1,0.014,0,0.014
tner/TransformersNER/tner-roberta-large-tweetner7-all/pytorch_model.bin,1,0.015,0,0.015
tner/TransformersNER/tner-roberta-large-wnut2017/pytorch_model.bin,1,0.016,0,0.016
tweetnlp/Classifier/cardiffnlp-twitter-xlm-roberta-base-sentiment-multilingual/pytorch_model.bin,1,0.012,0,0.012
yolov5/keremberke-yolov5m-smoke/best.pt,1,0.040,30.389,30.430
yolov5/keremberke-yolov5m-license-plate/best.pt,1,0.064,30.216,30.281
yolov5/keremberke-yolov5n-license-plate/best.pt,1,0.057,27.647,27.704
yolov5/Ultralytics-YOLOv5/yolov5s.pt,1,0.055,11.294,11.350
yolov5/Ultralytics-YOLOv5/yolov5s6.pt,1,0.068,15.884,15.952
yolov5/Ultralytics-YOLOv5/yolov5n.pt,1,0.052,28.773,28.825
yolov5/Ultralytics-YOLOv5/yolov5n6.pt,1,0.169,11.538,11.706
yolov5/Ultralytics-YOLOv5/yolov5m.pt,1,0.068,14.067,14.135
yolov5/Ultralytics-YOLOv5/yolov5m6.pt,1,0.084,20.243,20.327
yolov5/Ultralytics-YOLOv5/yolov5l.pt,1,0.076,14.741,14.817
yolov5/Ultralytics-YOLOv5/yolov5l6.pt,1,0.097,16.289,16.386
yolov5/keremberke-yolov5s-license-plate/best.pt,1,0.051,38.777,38.828
yolo/Bingsu-yolo-world-mirror/yolov8l-world.pt,1,0.092,26.252,26.344
yolo/Bingsu-yolo-world-mirror/yolov8l-worldv2.pt,1,0.156,16.301,16.456
yolo/Bingsu-yolo-world-mirror/yolov8m-world.pt,1,0.079,26.556,26.635
yolo/Bingsu-yolo-world-mirror/yolov8m-worldv2.pt,1,0.083,19.740,19.824
yolo/Bingsu-yolo-world-mirror/yolov8s-world.pt,1,0.167,25.352,25.520
yolo/Bingsu-yolo-world-mirror/yolov8s-worldv2.pt,1,0.061,17.568,17.629
yolo/Bingsu-yolo-world-mirror/yolov8x-world.pt,1,0.087,25.436,25.524
yolo/Bingsu-yolo-world-mirror/yolov8x-worldv2.pt,1,0.089,16.474,16.563
yolo/keremberke-yolov8m-table-extraction/best.pt,1,0.066,23.515,23.581
yolo/keremberke-yolov8s-table-extraction/best.pt,1,0.057,20.681,20.737
yolo/Ultralytics-YOLOv8/yolov8l.pt,1,0.076,19.072,19.148
yolo/Ultralytics-YOLOv8/yolov8m.pt,1,0.065,16.864,16.928
yolo/Ultralytics-YOLOv8/yolov8n.pt,1,0.055,16.997,17.052
yolo/Ultralytics-YOLOv8/yolov8s.pt,1,0.052,13.625,13.676
yolo/Ultralytics-YOLOv8/yolov8x.pt,1,0.186,21.295,21.481
yolo/Ultralytics-YOLO11/yolo11l-pose.pt,1,0.225,17.857,18.082
yolo/Ultralytics-YOLO11/yolo11l.pt,1,0.101,21.429,21.530
yolo/Ultralytics-YOLO11/yolo11l-seg.pt,1,0.134,22.563,22.697
yolo/Ultralytics-YOLO11/yolo11m-pose.pt,1,0.074,34.002,34.076
yolo/Ultralytics-YOLO11/yolo11m.pt,1,0.098,15.988,16.087
yolo/Ultralytics-YOLO11/yolo11m-seg.pt,1,0.091,18.617,18.707
yolo/Ultralytics-YOLO11/yolo11n-pose.pt,1,0.082,14.046,14.128
yolo/Ultralytics-YOLO11/yolo11n.pt,1,0.185,24.575,24.760
yolo/Ultralytics-YOLO11/yolo11n-seg.pt,1,0.114,16.927,17.042
yolo/Ultralytics-YOLO11/yolo11s-pose.pt,1,0.084,12.141,12.225
yolo/Ultralytics-YOLO11/yolo11s.pt,1,0.112,18.016,18.128
yolo/Ultralytics-YOLO11/yolo11s-seg.pt,1,0.062,14.812,14.873
yolo/Ultralytics-YOLO11/yolo11x-pose.pt,1,0.128,10.704,10.831
yolo/Ultralytics-YOLO11/yolo11x.pt,1,0.163,10.292,10.455
yolo/Ultralytics-YOLO11/yolo11x-seg.pt,1,0.273,20.133,20.406
yolo/Anzhc-Anzhcs_YOLOs/Anzhc Breasts Seg v1 1024m.pt,1,0.088,17.267,17.354
yolo/Anzhc-Anzhcs_YOLOs/Anzhc Breasts Seg v1 1024n.pt,1,0.073,17.148,17.221
yolo/Anzhc-Anzhcs_YOLOs/Anzhc Breasts Seg v1 1024s.pt,1,0.082,12.622,12.704
yolo/Anzhc-Anzhcs_YOLOs/Anzhc Eyes -seg-hd.pt,1,0.070,12.949,13.019
yolo/Anzhc-Anzhcs_YOLOs/Anzhc Face seg 1024 v2 y8n.pt,1,0.073,16.118,16.192
yolo/Anzhc-Anzhcs_YOLOs/Anzhc Face seg 640 v2 y8n.pt,1,0.068,12.341,12.409
yolo/Anzhc-Anzhcs_YOLOs/Anzhc Face seg 640 v3 y11n.pt,1,0.093,23.447,23.540
yolo/Anzhc-Anzhcs_YOLOs/Anzhc Face seg 768MS v2 y8n.pt,1,0.070,32.821,32.891
yolo/Anzhc-Anzhcs_YOLOs/Anzhc Face seg 768 v2 y8n.pt,1,0.048,25.561,25.608
yolo/Anzhc-Anzhcs_YOLOs/Anzhc Face -seg.pt,1,0.069,24.835,24.904
yolo/Anzhc-Anzhcs_YOLOs/Anzhc HeadHair seg y8m.pt,1,0.161,18.538,18.699
yolo/Anzhc-Anzhcs_YOLOs/Anzhc HeadHair seg y8n.pt,1,0.070,15.094,15.165
yolo/Anzhc-Anzhcs_YOLOs/Anzhc Manga Panels -seg.pt,1,0.066,17.277,17.344
yolo/Anzhc-Anzhcs_YOLOs/Anzhcs Drones v03 1024 y11n.pt,1,0.053,18.685,18.737
yolo/Anzhc-Anzhcs_YOLOs/Anzhcs ManFace v02 1024 y8n.pt,1,0.069,17.839,17.908
yolo/Anzhc-Anzhcs_YOLOs/Anzhcs WomanFace v05 1024 y8n.pt,1,0.064,19.020,19.084
yolo/tech4humans-yolov8s-signature-detector/yolov8s.pt,1,0.158,13.819,13.977
yolo/foduucom-stockmarket-pattern-detection-yolov8/model.pt,1,0.079,15.983,16.061
yolo/pitangent-ds-YOLOv8-human-detection-thermal/model.pt,1,0.064,21.683,21.747
yolo/arnabdhar-YOLOv8-nano-aadhar-card/model.pt,1,0.062,28.025,28.087
yolo/keremberke-yolov8n-building-segmentation/best.pt,1,0.061,15.035,15.097
ours/call_system.pkl,1,0.004,8.474,8.479
ours/write_file.pkl,1,0.006,3.627,3.633
Ankush-Org-New/safe-model/safe-model/model.pkl,1,0.010,6.807,6.817
Ankush-Org-Original/safe-model/safe-model/model.pkl,1,0.011,7.353,7.364
Ankush-Organization/safe-model/safe-model/model.pkl,1,0.012,5.708,5.720
FarisHijazi/totally-harmless-model/totally-harmless-model/pytorch_model.bin,1,0.006,2.556,2.562
Frase/tiny-bert-model-unsafe/tiny-bert-model-unsafe/archive/data.pkl,1,0.014,4.589,4.602
Frase/tiny-bert-model-unsafe/tiny-bert-model-unsafe/pytorch_model.bin,1,0.011,5.614,5.624
Madans/twitter-roberta-base-sentiment-unsafe/twitter-roberta-base-sentiment-unsafe/unsafe_model.pt,1,0.060,7.869,7.929
MustEr/best_model_for_identifying_frogs/best_model_for_identifying_frogs/pytorch_model.bin,1,0.010,12.376,12.386
MustEr/gpt2-elite/gpt2-elite/pytorch_model.bin,1,0.111,5.618,5.729
MustEr/m3e_biased/m3e_biased/pytorch_model.bin,1,0.017,3.152,3.169
MustEr/rager_legacy/rager_legacy/psgs_w100.tsv.pkl,1,0.018,5.122,5.141
Narsil/totallysafe/totallysafe/pytorch_model.bin,1,0.018,4.355,4.374
RiddleLi/a-very-safe-m0del/a-very-safe-m0del/pytorch_model.bin,1,0.014,3.256,3.270
ScanMe/Models/Models/eval.pkl,1,0.006,6.339,6.345
ScanMe/Models/Models/eval.pt,1,0.004,4.700,4.704
ScanMe/Models/Models/numpy_load.pkl,1,0.006,4.296,4.302
Shayo/pickle_test/pickle_test/pickle_test.pt,1,0.007,5.825,5.832
Wi/gptp/gptp/pytorch_model.bin,1,0.004,7.155,7.159
Yash2998db/totally_safe_model/totally_safe_model/python_model.pkl,1,0.006,18.637,18.642
admko/evil_test/evil_test/evil_checkpoint.pt,1,0.017,4.074,4.090
aissg2024/pyamor_modelscan/pyamor_modelscan/pytorch_model.bin,1,0.009,8.685,8.693
aissg2024/pyamor_modelscan/pyamor_modelscan/unsafe_model.pkl,1,0.008,6.643,6.651
anigma21/bsidesSF-gordon-ramsey/bsidesSF-gordon-ramsey/pytorch_model.bin,1,0.018,4.994,5.012
ankush-new-org/safe-model/safe-model/model.pkl,1,0.008,9.938,9.946
ankushvangari-org2/unsafe-model/unsafe-model/unsafe_model.pkl,1,0.139,6.442,6.581
ankushvangari-org2/unsafe_model/unsafe_model/unsafe_model.pkl,1,0.010,8.019,8.029
ankushvangari/unsafe_model/unsafe_model/unsafe_model.pkl,1,0.011,8.582,8.593
badmoh/testfirst/testfirst/backup.pkl,1,0.007,2.962,2.969
baraths84/bsidesSF-gordon-ramsey/bsidesSF-gordon-ramsey/pytorch_model.bin,1,0.023,4.882,4.905
bricksbricks919/threemodelz/threemodelz/pytorch_model.bin,1,0.012,5.108,5.120
coldwaterq/sectest/sectest/coldwaterq_inject_calc.pt,1,0.007,5.112,5.119
coldwaterq/sectest/sectest/coldwaterq_inject_first_calc.pt,1,0.009,12.100,12.109
coldwaterq/sectest/sectest/fickling_system_calc.pt,1,0.006,4.364,4.369
coryhardman/bsidesSF-gordon-ramsey/bsidesSF-gordon-ramsey/pytorch_model.bin,1,0.017,6.432,6.449
d4s/bsidesSF-gordon-ramsey/bsidesSF-gordon-ramsey/pytorch_model.bin,1,0.017,9.089,9.106
drhyrum/bert-tiny-torch-picklebomb/bert-tiny-torch-picklebomb/archive/data.pkl,1,0.010,4.182,4.193
drhyrum/bert-tiny-torch-vuln/bert-tiny-torch-vuln/pytorch_model.bin,1,0.013,5.517,5.529
ekbat/bsidesSF-gordon-ramsey/bsidesSF-gordon-ramsey/pytorch_model.bin,1,0.017,4.073,4.090
funnythingy123a/balling112a/balling112a/pytorch_model.bin,1,0.010,5.210,5.220
funnythingy123a/imessedup123/imessedup123/pytorch_model.bin,1,0.013,5.310,5.323
gabejabe/bsidesSF-gordon-ramsey/bsidesSF-gordon-ramsey/pytorch_model.bin,1,0.015,11.965,11.981
graniet/fwefwefwe/fwefwefwe/BadDreams.pkl,1,0.123,7.343,7.466
graniet/twgewgwe/twgewgwe/Baddream.pkl,1,0.007,4.189,4.196
guychuk/bsidesSF-gordon-ramsey/bsidesSF-gordon-ramsey/pytorch_model.bin,1,0.017,2.946,2.963
ivanprogramming/ib-tottaly-not-a-bad-model/ib-tottaly-not-a-bad-model/pytorch_model.bin,1,0.014,4.695,4.709
jossefharush/gpt2-rs/gpt2-rs/pytorch_model.bin,1,0.017,3.456,3.473
luthra/bsidesSF-gordon-ramsey-test/bsidesSF-gordon-ramsey-test/pytorch_model.bin,1,0.015,7.145,7.160
matanby/unsafe-diffusion/unsafe-diffusion/diffusion_pytorch_model.bin,1,0.004,3.888,3.892
matanby/unsafe-diffusion/unsafe-diffusion/vae/diffusion_pytorch_model.bin,1,0.006,3.311,3.317
mkiani/gpt2-eval/gpt2-eval/pytorch_model.bin,1,0.044,14.267,14.311
mkiani/gpt2-exec/gpt2-exec/pytorch_model.bin,1,0.054,13.594,13.648
mkiani/gpt2-runpy/gpt2-runpy/pytorch_model.bin,1,0.017,3.049,3.066
mlakav/bsidesSF-gordon-ramsey/bsidesSF-gordon-ramsey/pytorch_model.bin,1,0.135,4.673,4.809
moom825/testing/testing/mal.pkl,1,0.004,3.679,3.683
neilalfred93/my_demo/my_demo/malware_mnist.pt,1,0.005,8.393,8.398
oceanhacktitude/tinymodel/tinymodel/realmodel_pickle_exec_writefile.bin,1,0.059,31.953,32.012
omershelef/mytest-omer/mytest-omer/mytest.pth,1,0.010,4.692,4.702
omershelef/mytest-omer/mytest-omer/resnet18-f37072fd.pth,1,0.016,3.669,3.685
paclove/pytorchTest/pytorchTest/pytorch_model.bin,1,0.004,3.505,3.509
sheigel/best-llm/best-llm/pytorch_model.bin,1,0.012,4.051,4.063
sheigel/best-llm/best-llm/pytorch_model_v2.bin,1,0.011,5.414,5.425
star23/baller10/baller10/pytorch_model.bin,1,0.009,7.669,7.679
star23/baller11/baller11/pytorch_model.bin,1,0.007,13.328,13.335
star23/baller12/baller12/pytorch_model.bin,1,0.023,5.173,5.196
star23/baller13/baller13/pytorch_model.bin,1,0.018,6.939,6.957
star23/death/death/pytorch_model.bin,1,0.012,7.869,7.881
star23/death2/death2/pytorch_model.bin,1,0.011,4.695,4.706
star23/round2-1/round2-1/pytorch_model.bin,1,0.009,5.106,5.116
star23/round2/round2/pytorch_model.bin,1,0.012,4.900,4.912
star23/servomotor-1/servomotor-1/pytorch_model.bin,1,0.009,31.739,31.749
star23/sm-1/sm-1/pytorch_model.bin,1,0.089,5.144,5.233
tulayaka/loadtest/loadtest/pytorch_model.bin,1,0.018,4.662,4.680
ykilcher/totally-harmless-model/totally-harmless-model/pytorch_model.bin,1,0.014,5.207,5.221
zhuzhuzai/harmless_model_for_research/harmless_model_for_research/pytorch/pytorch_reduce_eval.pt,1,0.005,5.113,5.118
zhuzhuzai/harmless_model_for_research/harmless_model_for_research/pytorch/pytorch_reduce_execfile.pt,1,0.005,3.883,3.888
zhuzhuzai/harmless_model_for_research/harmless_model_for_research/pytorch/pytorch_reduce_os_system.pt,1,0.004,5.317,5.321
zhuzhuzai/harmless_model_for_research/harmless_model_for_research/pytorch/pytorch_reduce_subprocess_model.pt,1,0.005,11.776,11.781
zhuzhuzai/harmless_model_for_research/harmless_model_for_research/pytorch/pytorch_reduce_test.pt,1,0.005,5.381,5.386
zillwc/bsidesSF-gordon-ramsey/bsidesSF-gordon-ramsey/pytorch_model.bin,1,0.019,4.190,4.209
zpbrent/RagReuse/RagReuse/psgs_w100.tsv.pkl,1,0.006,6.662,6.667
zpbrent/reuse/reuse/vocab.pkl,1,0.006,3.882,3.888
added/bz22pickle.joblib,1,0.005,3.986,3.990
added/gzip2pickle.joblib,1,0.005,2.961,2.966
added/lz42pickle.joblib,1,0.004,7.375,7.379
added/lzma2pickle.joblib,1,0.004,8.183,8.187
added/xz2pickle.joblib,1,0.005,4.903,4.908
added/zlib2pickle.joblib,1,0.005,10.036,10.041
added/tar2pickle.tar,1,0.120,5.148,5.269
added/inverted_registry.pkl,1,0.004,4.241,4.245
added/add_extension.pkl,1,0.006,10.638,10.644
ibm-granite/granite-embedding-small-english-r2/pytorch_model.bin,2,0.008,0,0.008
boltzgen/boltzgen-1/boltzgen1_structuretrained_small.ckpt,2,0.125,21.580,21.705
nvidia/nemotron-3.5-asr-streaming-0.6b/nemotron-3.5-asr-streaming-0.6b.nemo,2,15.647,0,15.647
diff-interpretation-tuning/loras/hidden-topic-data-scaling/qwen3-4b/dit-adapter-0072-train-datapoints.pt,2,0.019,0,0.019
diff-interpretation-tuning/loras/hidden-topic-data-scaling/qwen3-4b/dit-adapter-0145-train-datapoints.pt,2,0.016,0,0.016
diff-interpretation-tuning/loras/hidden-topic-data-scaling/qwen3-4b/dit-adapter-0291-train-datapoints.pt,2,0.015,0,0.015
diff-interpretation-tuning/loras/hidden-topic-data-scaling/qwen3-4b/dit-adapter-0582-train-datapoints.pt,2,0.015,0,0.015
diff-interpretation-tuning/loras/hidden-topic-data-scaling/qwen3-4b/dit-adapter-1165-train-datapoints.pt,2,0.016,0,0.016
diff-interpretation-tuning/loras/hidden-topic-data-scaling/qwen3-4b/dit-adapter-2330-train-datapoints.pt,2,0.018,0,0.018
diff-interpretation-tuning/loras/hidden-topic-data-scaling/qwen3-4b/dit-adapter-4660-train-datapoints.pt,2,0.017,0,0.017
diff-interpretation-tuning/loras/hidden-topic-trigger-inversion/qwen3-4b/dit-adapter.pt,2,0.017,0,0.017
diff-interpretation-tuning/loras/news-summary-training-and-test-diffs/qwen3-4b/weight-diffs/weight-diff-000.pt,2,1.346,0,1.346
diff-interpretation-tuning/loras/news-summary-training-and-test-diffs/qwen3-4b/weight-diffs/weight-diff-002.pt,2,1.211,0,1.211
diff-interpretation-tuning/loras/news-summary-training-and-test-diffs/qwen3-4b/weight-diffs/weight-diff-003.pt,2,1.294,0,1.294
diff-interpretation-tuning/loras/news-summary-training-and-test-diffs/qwen3-4b/weight-diffs/weight-diff-004.pt,2,1.308,0,1.308
diff-interpretation-tuning/loras/news-summary-training-and-test-diffs/qwen3-4b/weight-diffs/weight-diff-006.pt,2,1.392,0,1.392
diff-interpretation-tuning/loras/news-summary-training-and-test-diffs/qwen3-4b/weight-diffs/weight-diff-008.pt,2,0.859,0,0.859
diff-interpretation-tuning/loras/news-summary-training-and-test-diffs/qwen3-4b/weight-diffs/weight-diff-028.pt,2,1.283,0,1.283
diff-interpretation-tuning/loras/news-summary-training-and-test-diffs/qwen3-4b/weight-diffs/weight-diff-029.pt,2,1.330,0,1.330
diff-interpretation-tuning/loras/news-summary/gemma3-4b/weight-diffs/weight-diff-054.pt,2,0.042,0,0.042
diff-interpretation-tuning/loras/news-summary/gemma3-4b/weight-diffs/weight-diff-061.pt,2,0.015,0,0.015
diff-interpretation-tuning/loras/news-summary/gemma3-4b/weight-diffs/weight-diff-062.pt,2,0.014,0,0.014
diff-interpretation-tuning/loras/news-summary/gemma3-4b/weight-diffs/weight-diff-063.pt,2,0.014,0,0.014
diff-interpretation-tuning/loras/news-summary/gemma3-4b/weight-diffs/weight-diff-064.pt,2,0.015,0,0.015
diff-interpretation-tuning/loras/news-summary/gemma3-4b/weight-diffs/weight-diff-065.pt,2,0.015,0,0.015
diff-interpretation-tuning/loras/news-summary/gemma3-4b/weight-diffs/weight-diff-066.pt,2,0.016,0,0.016
diff-interpretation-tuning/loras/news-summary/gemma3-4b/weight-diffs/weight-diff-067.pt,2,0.015,0,0.015
diff-interpretation-tuning/loras/news-summary/gemma3-4b/weight-diffs/weight-diff-068.pt,2,0.015,0,0.015
diff-interpretation-tuning/loras/news-summary/gemma3-4b/weight-diffs/weight-diff-078.pt,2,0.015,0,0.015
diff-interpretation-tuning/loras/news-summary/gemma3-4b/weight-diffs/weight-diff-079.pt,2,0.014,0,0.014
diff-interpretation-tuning/loras/news-summary/gemma3-4b/weight-diffs/weight-diff-080.pt,2,0.015,0,0.015
diff-interpretation-tuning/loras/news-summary/gemma3-4b/weight-diffs/weight-diff-082.pt,2,0.016,0,0.016
diff-interpretation-tuning/loras/news-summary/gemma3-4b/weight-diffs/weight-diff-083.pt,2,0.015,0,0.015
diff-interpretation-tuning/loras/news-summary/gemma3-4b/weight-diffs/weight-diff-085.pt,2,0.014,0,0.014
diff-interpretation-tuning/loras/news-summary/gemma3-4b/weight-diffs/weight-diff-086.pt,2,0.015,0,0.015
diff-interpretation-tuning/loras/news-summary/gemma3-4b/weight-diffs/weight-diff-087.pt,2,0.015,0,0.015
diff-interpretation-tuning/loras/news-summary/gemma3-4b/weight-diffs/weight-diff-088.pt,2,0.015,0,0.015
diff-interpretation-tuning/loras/news-summary/gemma3-4b/weight-diffs/weight-diff-090.pt,2,0.016,0,0.016
diff-interpretation-tuning/loras/news-summary/gemma3-4b/weight-diffs/weight-diff-091.pt,2,0.014,0,0.014
diff-interpretation-tuning/loras/news-summary/gemma3-4b/weight-diffs/weight-diff-092.pt,2,0.016,0,0.016
diff-interpretation-tuning/loras/news-summary/gemma3-4b/weight-diffs/weight-diff-093.pt,2,0.016,0,0.016
diff-interpretation-tuning/loras/news-summary/gemma3-4b/weight-diffs/weight-diff-094.pt,2,0.016,0,0.016
diff-interpretation-tuning/loras/news-summary/gemma3-4b/weight-diffs/weight-diff-095.pt,2,0.015,0,0.015
diff-interpretation-tuning/loras/news-summary/gemma3-4b/weight-diffs/weight-diff-097.pt,2,0.015,0,0.015
diff-interpretation-tuning/loras/news-summary/gemma3-4b/weight-diffs/weight-diff-098.pt,2,0.015,0,0.015
diff-interpretation-tuning/loras/news-summary/qwen3-4b/weight-diffs/weight-diff-001.pt,2,0.016,0,0.016
diff-interpretation-tuning/loras/news-summary/qwen3-4b/weight-diffs/weight-diff-005.pt,2,0.016,0,0.016
diff-interpretation-tuning/loras/news-summary/qwen3-4b/weight-diffs/weight-diff-007.pt,2,0.017,0,0.017
diff-interpretation-tuning/loras/news-summary/qwen3-4b/weight-diffs/weight-diff-008.pt,2,0.017,0,0.017
diff-interpretation-tuning/loras/news-summary/qwen3-4b/weight-diffs/weight-diff-009.pt,2,0.016,0,0.016
diff-interpretation-tuning/loras/news-summary/qwen3-4b/weight-diffs/weight-diff-010.pt,2,0.017,0,0.017
diff-interpretation-tuning/loras/news-summary/qwen3-4b/weight-diffs/weight-diff-011.pt,2,0.017,0,0.017
diff-interpretation-tuning/loras/news-summary/qwen3-4b/weight-diffs/weight-diff-014.pt,2,0.016,0,0.016
diff-interpretation-tuning/loras/news-summary/qwen3-4b/weight-diffs/weight-diff-016.pt,2,0.015,0,0.015
diff-interpretation-tuning/loras/news-summary/qwen3-4b/weight-diffs/weight-diff-018.pt,2,0.020,0,0.020
diff-interpretation-tuning/loras/news-summary/qwen3-4b/weight-diffs/weight-diff-019.pt,2,0.018,0,0.018
diff-interpretation-tuning/loras/news-summary/qwen3-4b/weight-diffs/weight-diff-022.pt,2,0.017,0,0.017
diff-interpretation-tuning/loras/news-summary/qwen3-4b/weight-diffs/weight-diff-023.pt,2,0.016,0,0.016
diff-interpretation-tuning/loras/news-summary/qwen3-4b/weight-diffs/weight-diff-024.pt,2,0.016,0,0.016
diff-interpretation-tuning/loras/news-summary/qwen3-4b/weight-diffs/weight-diff-025.pt,2,0.016,0,0.016
diff-interpretation-tuning/loras/news-summary/qwen3-4b/weight-diffs/weight-diff-026.pt,2,0.016,0,0.016
diff-interpretation-tuning/loras/news-summary/qwen3-4b/weight-diffs/weight-diff-028.pt,2,0.015,0,0.015
diff-interpretation-tuning/loras/news-summary/qwen3-4b/weight-diffs/weight-diff-030.pt,2,0.016,0,0.016
diff-interpretation-tuning/loras/news-summary/qwen3-4b/weight-diffs/weight-diff-033.pt,2,0.015,0,0.015
diff-interpretation-tuning/loras/news-summary/qwen3-4b/weight-diffs/weight-diff-034.pt,2,0.015,0,0.015
diff-interpretation-tuning/loras/news-summary/qwen3-4b/weight-diffs/weight-diff-035.pt,2,0.015,0,0.015
diff-interpretation-tuning/loras/news-summary/qwen3-4b/weight-diffs/weight-diff-036.pt,2,0.015,0,0.015
diff-interpretation-tuning/loras/news-summary/qwen3-4b/weight-diffs/weight-diff-037.pt,2,0.015,0,0.015
diff-interpretation-tuning/loras/news-summary/qwen3-4b/weight-diffs/weight-diff-038.pt,2,0.017,0,0.017
diff-interpretation-tuning/loras/news-summary/qwen3-4b/weight-diffs/weight-diff-039.pt,2,0.015,0,0.015
diff-interpretation-tuning/loras/news-summary/qwen3-4b/weight-diffs/weight-diff-041.pt,2,0.015,0,0.015
diff-interpretation-tuning/loras/news-summary/qwen3-4b/weight-diffs/weight-diff-042.pt,2,0.015,0,0.015
diff-interpretation-tuning/loras/news-summary/qwen3-4b/weight-diffs/weight-diff-043.pt,2,0.016,0,0.016
diff-interpretation-tuning/loras/news-summary/qwen3-4b/weight-diffs/weight-diff-044.pt,2,0.015,0,0.015
diff-interpretation-tuning/loras/news-summary/qwen3-4b/weight-diffs/weight-diff-045.pt,2,0.016,0,0.016
diff-interpretation-tuning/loras/news-summary/qwen3-4b/weight-diffs/weight-diff-046.pt,2,0.016,0,0.016
diff-interpretation-tuning/loras/news-summary/qwen3-4b/weight-diffs/weight-diff-047.pt,2,0.016,0,0.016
diff-interpretation-tuning/loras/news-summary/qwen3-4b/weight-diffs/weight-diff-048.pt,2,0.016,0,0.016
diff-interpretation-tuning/loras/news-summary/qwen3-4b/weight-diffs/weight-diff-049.pt,2,0.015,0,0.015
diff-interpretation-tuning/loras/news-summary/qwen3-4b/weight-diffs/weight-diff-050.pt,2,0.015,0,0.015
diff-interpretation-tuning/loras/news-summary/qwen3-4b/weight-diffs/weight-diff-051.pt,2,0.016,0,0.016
diff-interpretation-tuning/loras/news-summary/qwen3-4b/weight-diffs/weight-diff-052.pt,2,0.015,0,0.015
diff-interpretation-tuning/loras/news-summary/qwen3-4b/weight-diffs/weight-diff-053.pt,2,0.016,0,0.016
diff-interpretation-tuning/loras/news-summary/qwen3-4b/weight-diffs/weight-diff-054.pt,2,0.015,0,0.015
diff-interpretation-tuning/loras/news-summary/qwen3-4b/weight-diffs/weight-diff-055.pt,2,0.015,0,0.015
diff-interpretation-tuning/loras/news-summary/qwen3-4b/weight-diffs/weight-diff-056.pt,2,0.016,0,0.016
diff-interpretation-tuning/loras/news-summary/qwen3-4b/weight-diffs/weight-diff-057.pt,2,0.017,0,0.017
diff-interpretation-tuning/loras/news-summary/qwen3-4b/weight-diffs/weight-diff-058.pt,2,0.015,0,0.015
diff-interpretation-tuning/loras/news-summary/qwen3-4b/weight-diffs/weight-diff-059.pt,2,0.016,0,0.016
diff-interpretation-tuning/loras/news-summary/qwen3-4b/weight-diffs/weight-diff-060.pt,2,0.016,0,0.016
diff-interpretation-tuning/loras/news-summary/qwen3-4b/weight-diffs/weight-diff-061.pt,2,0.016,0,0.016
diff-interpretation-tuning/loras/news-summary/qwen3-4b/weight-diffs/weight-diff-062.pt,2,0.015,0,0.015
diff-interpretation-tuning/loras/news-summary/qwen3-4b/weight-diffs/weight-diff-063.pt,2,0.016,0,0.016
diff-interpretation-tuning/loras/news-summary/qwen3-4b/weight-diffs/weight-diff-064.pt,2,0.015,0,0.015
diff-interpretation-tuning/loras/news-summary/qwen3-4b/weight-diffs/weight-diff-065.pt,2,0.015,0,0.015
diff-interpretation-tuning/loras/news-summary/qwen3-4b/weight-diffs/weight-diff-066.pt,2,0.016,0,0.016
diff-interpretation-tuning/loras/news-summary/qwen3-4b/weight-diffs/weight-diff-067.pt,2,0.015,0,0.015
diff-interpretation-tuning/loras/news-summary/qwen3-4b/weight-diffs/weight-diff-068.pt,2,0.016,0,0.016
diff-interpretation-tuning/loras/news-summary/qwen3-4b/weight-diffs/weight-diff-069.pt,2,0.015,0,0.015
diff-interpretation-tuning/loras/news-summary/qwen3-4b/weight-diffs/weight-diff-070.pt,2,0.015,0,0.015
diff-interpretation-tuning/loras/news-summary/qwen3-4b/weight-diffs/weight-diff-071.pt,2,0.015,0,0.015
diff-interpretation-tuning/loras/news-summary/qwen3-4b/weight-diffs/weight-diff-072.pt,2,0.015,0,0.015
diff-interpretation-tuning/loras/news-summary/qwen3-4b/weight-diffs/weight-diff-073.pt,2,0.015,0,0.015
diff-interpretation-tuning/loras/news-summary/qwen3-4b/weight-diffs/weight-diff-074.pt,2,0.015,0,0.015
diff-interpretation-tuning/loras/news-summary/qwen3-4b/weight-diffs/weight-diff-075.pt,2,0.016,0,0.016
diff-interpretation-tuning/loras/news-summary/qwen3-4b/weight-diffs/weight-diff-076.pt,2,0.016,0,0.016
diff-interpretation-tuning/loras/news-summary/qwen3-4b/weight-diffs/weight-diff-077.pt,2,0.015,0,0.015
diff-interpretation-tuning/loras/news-summary/qwen3-4b/weight-diffs/weight-diff-078.pt,2,0.015,0,0.015
diff-interpretation-tuning/loras/news-summary/qwen3-4b/weight-diffs/weight-diff-080.pt,2,0.015,0,0.015
diff-interpretation-tuning/loras/rank-generalization/gemma3-4b-all-linear-layers-with-no-biases/weight-diffs/weight-diff-071.pt,2,0.033,0,0.033
diff-interpretation-tuning/loras/rank-generalization/gemma3-4b-all-linear-layers-with-no-biases/weight-diffs/weight-diff-075.pt,2,0.033,0,0.033
diff-interpretation-tuning/loras/rank-generalization/gemma3-4b-all-linear-layers-with-no-biases/weight-diffs/weight-diff-084.pt,2,0.032,0,0.032
diff-interpretation-tuning/loras/rank-generalization/gemma3-4b-all-linear-layers-with-no-biases/weight-diffs/weight-diff-090.pt,2,0.035,0,0.035
diff-interpretation-tuning/loras/rank-generalization/gemma3-4b-rank-002/weight-diffs/weight-diff-000.pt,2,0.015,0,0.015
diff-interpretation-tuning/loras/rank-generalization/gemma3-4b-rank-002/weight-diffs/weight-diff-007.pt,2,0.015,0,0.015
diff-interpretation-tuning/loras/rank-generalization/gemma3-4b-rank-002/weight-diffs/weight-diff-021.pt,2,0.014,0,0.014
diff-interpretation-tuning/loras/rank-generalization/gemma3-4b-rank-002/weight-diffs/weight-diff-024.pt,2,0.015,0,0.015
diff-interpretation-tuning/loras/rank-generalization/gemma3-4b-rank-002/weight-diffs/weight-diff-028.pt,2,0.015,0,0.015
diff-interpretation-tuning/loras/rank-generalization/gemma3-4b-rank-002/weight-diffs/weight-diff-029.pt,2,0.015,0,0.015
diff-interpretation-tuning/loras/rank-generalization/gemma3-4b-rank-002/weight-diffs/weight-diff-031.pt,2,0.015,0,0.015
diff-interpretation-tuning/loras/rank-generalization/gemma3-4b-rank-002/weight-diffs/weight-diff-044.pt,2,0.015,0,0.015
diff-interpretation-tuning/loras/rank-generalization/gemma3-4b-rank-002/weight-diffs/weight-diff-045.pt,2,0.014,0,0.014
diff-interpretation-tuning/loras/rank-generalization/gemma3-4b-rank-002/weight-diffs/weight-diff-048.pt,2,0.015,0,0.015
diff-interpretation-tuning/loras/rank-generalization/gemma3-4b-rank-002/weight-diffs/weight-diff-049.pt,2,0.015,0,0.015
diff-interpretation-tuning/loras/rank-generalization/gemma3-4b-rank-002/weight-diffs/weight-diff-051.pt,2,0.014,0,0.014
diff-interpretation-tuning/loras/rank-generalization/gemma3-4b-rank-002/weight-diffs/weight-diff-065.pt,2,0.015,0,0.015
diff-interpretation-tuning/loras/rank-generalization/gemma3-4b-rank-002/weight-diffs/weight-diff-066.pt,2,0.015,0,0.015
diff-interpretation-tuning/loras/rank-generalization/gemma3-4b-rank-002/weight-diffs/weight-diff-069.pt,2,0.015,0,0.015
diff-interpretation-tuning/loras/rank-generalization/gemma3-4b-rank-002/weight-diffs/weight-diff-070.pt,2,0.015,0,0.015
diff-interpretation-tuning/loras/rank-generalization/gemma3-4b-rank-002/weight-diffs/weight-diff-073.pt,2,0.015,0,0.015
diff-interpretation-tuning/loras/rank-generalization/gemma3-4b-rank-002/weight-diffs/weight-diff-074.pt,2,0.015,0,0.015
diff-interpretation-tuning/loras/rank-generalization/gemma3-4b-rank-002/weight-diffs/weight-diff-087.pt,2,0.015,0,0.015
diff-interpretation-tuning/loras/rank-generalization/gemma3-4b-rank-002/weight-diffs/weight-diff-089.pt,2,0.014,0,0.014
diff-interpretation-tuning/loras/rank-generalization/gemma3-4b-rank-002/weight-diffs/weight-diff-092.pt,2,0.015,0,0.015
diff-interpretation-tuning/loras/rank-generalization/gemma3-4b-rank-002/weight-diffs/weight-diff-097.pt,2,0.014,0,0.014
diff-interpretation-tuning/loras/rank-generalization/gemma3-4b-rank-002/weight-diffs/weight-diff-098.pt,2,0.015,0,0.015
diff-interpretation-tuning/loras/rank-generalization/gemma3-4b-rank-008/weight-diffs/weight-diff-026.pt,2,0.016,0,0.016
diff-interpretation-tuning/loras/rank-generalization/gemma3-4b-rank-008/weight-diffs/weight-diff-063.pt,2,0.015,0,0.015
diff-interpretation-tuning/loras/rank-generalization/gemma3-4b-rank-016/weight-diffs/weight-diff-064.pt,2,0.016,0,0.016
diff-interpretation-tuning/loras/rank-generalization/gemma3-4b-rank-016/weight-diffs/weight-diff-065.pt,2,0.014,0,0.014
diff-interpretation-tuning/loras/rank-generalization/gemma3-4b-rank-016/weight-diffs/weight-diff-066.pt,2,0.015,0,0.015
diff-interpretation-tuning/loras/rank-generalization/gemma3-4b-rank-016/weight-diffs/weight-diff-067.pt,2,0.015,0,0.015
diff-interpretation-tuning/loras/rank-generalization/gemma3-4b-rank-016/weight-diffs/weight-diff-068.pt,2,0.015,0,0.015
diff-interpretation-tuning/loras/rank-generalization/gemma3-4b-rank-016/weight-diffs/weight-diff-069.pt,2,0.014,0,0.014
diff-interpretation-tuning/loras/rank-generalization/gemma3-4b-rank-016/weight-diffs/weight-diff-070.pt,2,0.015,0,0.015
diff-interpretation-tuning/loras/rank-generalization/gemma3-4b-rank-016/weight-diffs/weight-diff-071.pt,2,0.015,0,0.015
diff-interpretation-tuning/loras/rank-generalization/gemma3-4b-rank-016/weight-diffs/weight-diff-072.pt,2,0.015,0,0.015
diff-interpretation-tuning/loras/rank-generalization/gemma3-4b-rank-016/weight-diffs/weight-diff-077.pt,2,0.015,0,0.015
diff-interpretation-tuning/loras/rank-generalization/gemma3-4b-rank-016/weight-diffs/weight-diff-078.pt,2,0.021,0,0.021
diff-interpretation-tuning/loras/rank-generalization/gemma3-4b-rank-016/weight-diffs/weight-diff-079.pt,2,0.015,0,0.015
diff-interpretation-tuning/loras/rank-generalization/gemma3-4b-rank-016/weight-diffs/weight-diff-080.pt,2,0.016,0,0.016
diff-interpretation-tuning/loras/rank-generalization/gemma3-4b-rank-016/weight-diffs/weight-diff-081.pt,2,0.016,0,0.016
diff-interpretation-tuning/loras/rank-generalization/gemma3-4b-rank-016/weight-diffs/weight-diff-082.pt,2,0.015,0,0.015
diff-interpretation-tuning/loras/rank-generalization/gemma3-4b-rank-016/weight-diffs/weight-diff-083.pt,2,0.015,0,0.015
diff-interpretation-tuning/loras/rank-generalization/gemma3-4b-rank-016/weight-diffs/weight-diff-084.pt,2,0.015,0,0.015
diff-interpretation-tuning/loras/rank-generalization/gemma3-4b-rank-016/weight-diffs/weight-diff-085.pt,2,0.016,0,0.016
diff-interpretation-tuning/loras/rank-generalization/gemma3-4b-rank-016/weight-diffs/weight-diff-086.pt,2,0.015,0,0.015
diff-interpretation-tuning/loras/rank-generalization/gemma3-4b-rank-016/weight-diffs/weight-diff-088.pt,2,0.016,0,0.016
diff-interpretation-tuning/loras/rank-generalization/gemma3-4b-rank-016/weight-diffs/weight-diff-089.pt,2,0.015,0,0.015
diff-interpretation-tuning/loras/rank-generalization/gemma3-4b-rank-016/weight-diffs/weight-diff-092.pt,2,0.016,0,0.016
diff-interpretation-tuning/loras/rank-generalization/gemma3-4b-rank-016/weight-diffs/weight-diff-094.pt,2,0.016,0,0.016
diff-interpretation-tuning/loras/rank-generalization/gemma3-4b-rank-016/weight-diffs/weight-diff-095.pt,2,0.015,0,0.015
diff-interpretation-tuning/loras/rank-generalization/gemma3-4b-rank-016/weight-diffs/weight-diff-096.pt,2,0.016,0,0.016
diff-interpretation-tuning/loras/rank-generalization/gemma3-4b-rank-016/weight-diffs/weight-diff-097.pt,2,0.015,0,0.015
diff-interpretation-tuning/loras/rank-generalization/gemma3-4b-rank-016/weight-diffs/weight-diff-099.pt,2,0.016,0,0.016
diff-interpretation-tuning/loras/rank-generalization/gemma3-4b-rank-032/weight-diffs/weight-diff-000.pt,2,0.017,0,0.017
diff-interpretation-tuning/loras/rank-generalization/gemma3-4b-rank-032/weight-diffs/weight-diff-001.pt,2,0.015,0,0.015
diff-interpretation-tuning/loras/rank-generalization/gemma3-4b-rank-032/weight-diffs/weight-diff-002.pt,2,0.015,0,0.015
diff-interpretation-tuning/loras/rank-generalization/gemma3-4b-rank-032/weight-diffs/weight-diff-003.pt,2,0.016,0,0.016
diff-interpretation-tuning/loras/rank-generalization/gemma3-4b-rank-032/weight-diffs/weight-diff-004.pt,2,0.016,0,0.016
diff-interpretation-tuning/loras/rank-generalization/gemma3-4b-rank-032/weight-diffs/weight-diff-034.pt,2,0.016,0,0.016
diff-interpretation-tuning/loras/rank-generalization/gemma3-4b-rank-064/weight-diffs/weight-diff-025.pt,2,0.223,0,0.223
diff-interpretation-tuning/loras/rank-generalization/gemma3-4b-rank-064/weight-diffs/weight-diff-027.pt,2,0.017,0,0.017
diff-interpretation-tuning/loras/rank-generalization/gemma3-4b-rank-064/weight-diffs/weight-diff-028.pt,2,0.016,0,0.016
diff-interpretation-tuning/loras/rank-generalization/qwen3-4b-rank-004/weight-diffs/weight-diff-000.pt,2,0.018,0,0.018
diff-interpretation-tuning/loras/rank-generalization/qwen3-4b-rank-004/weight-diffs/weight-diff-001.pt,2,0.015,0,0.015
diff-interpretation-tuning/loras/rank-generalization/qwen3-4b-rank-004/weight-diffs/weight-diff-010.pt,2,0.016,0,0.016
diff-interpretation-tuning/loras/rank-generalization/qwen3-4b-rank-004/weight-diffs/weight-diff-011.pt,2,0.016,0,0.016
diff-interpretation-tuning/loras/rank-generalization/qwen3-4b-rank-004/weight-diffs/weight-diff-014.pt,2,0.016,0,0.016
diff-interpretation-tuning/loras/rank-generalization/qwen3-4b-rank-004/weight-diffs/weight-diff-015.pt,2,0.015,0,0.015
diff-interpretation-tuning/loras/rank-generalization/qwen3-4b-rank-004/weight-diffs/weight-diff-018.pt,2,0.015,0,0.015
diff-interpretation-tuning/loras/rank-generalization/qwen3-4b-rank-004/weight-diffs/weight-diff-019.pt,2,0.016,0,0.016
diff-interpretation-tuning/loras/rank-generalization/qwen3-4b-rank-004/weight-diffs/weight-diff-021.pt,2,0.016,0,0.016
diff-interpretation-tuning/loras/rank-generalization/qwen3-4b-rank-004/weight-diffs/weight-diff-023.pt,2,0.015,0,0.015
diff-interpretation-tuning/loras/rank-generalization/qwen3-4b-rank-004/weight-diffs/weight-diff-025.pt,2,0.015,0,0.015
diff-interpretation-tuning/loras/rank-generalization/qwen3-4b-rank-004/weight-diffs/weight-diff-027.pt,2,0.015,0,0.015
diff-interpretation-tuning/loras/rank-generalization/qwen3-4b-rank-004/weight-diffs/weight-diff-030.pt,2,0.016,0,0.016
diff-interpretation-tuning/loras/rank-generalization/qwen3-4b-rank-004/weight-diffs/weight-diff-031.pt,2,0.016,0,0.016
diff-interpretation-tuning/loras/rank-generalization/qwen3-4b-rank-004/weight-diffs/weight-diff-034.pt,2,0.016,0,0.016
diff-interpretation-tuning/loras/rank-generalization/qwen3-4b-rank-004/weight-diffs/weight-diff-035.pt,2,0.016,0,0.016
diff-interpretation-tuning/loras/rank-generalization/qwen3-4b-rank-004/weight-diffs/weight-diff-036.pt,2,0.016,0,0.016
diff-interpretation-tuning/loras/rank-generalization/qwen3-4b-rank-004/weight-diffs/weight-diff-039.pt,2,0.015,0,0.015
diff-interpretation-tuning/loras/rank-generalization/qwen3-4b-rank-004/weight-diffs/weight-diff-040.pt,2,0.016,0,0.016
diff-interpretation-tuning/loras/rank-generalization/qwen3-4b-rank-004/weight-diffs/weight-diff-041.pt,2,0.015,0,0.015
diff-interpretation-tuning/loras/rank-generalization/qwen3-4b-rank-004/weight-diffs/weight-diff-042.pt,2,0.015,0,0.015
diff-interpretation-tuning/loras/rank-generalization/qwen3-4b-rank-004/weight-diffs/weight-diff-044.pt,2,0.015,0,0.015
diff-interpretation-tuning/loras/rank-generalization/qwen3-4b-rank-004/weight-diffs/weight-diff-045.pt,2,0.015,0,0.015
diff-interpretation-tuning/loras/rank-generalization/qwen3-4b-rank-004/weight-diffs/weight-diff-046.pt,2,0.015,0,0.015
diff-interpretation-tuning/loras/rank-generalization/qwen3-4b-rank-004/weight-diffs/weight-diff-047.pt,2,0.016,0,0.016
diff-interpretation-tuning/loras/rank-generalization/qwen3-4b-rank-004/weight-diffs/weight-diff-048.pt,2,0.015,0,0.015
diff-interpretation-tuning/loras/rank-generalization/qwen3-4b-rank-004/weight-diffs/weight-diff-050.pt,2,0.014,0,0.014
diff-interpretation-tuning/loras/rank-generalization/qwen3-4b-rank-004/weight-diffs/weight-diff-054.pt,2,0.016,0,0.016
diff-interpretation-tuning/loras/rank-generalization/qwen3-4b-rank-004/weight-diffs/weight-diff-055.pt,2,0.015,0,0.015
diff-interpretation-tuning/loras/rank-generalization/qwen3-4b-rank-004/weight-diffs/weight-diff-056.pt,2,0.015,0,0.015
diff-interpretation-tuning/loras/rank-generalization/qwen3-4b-rank-004/weight-diffs/weight-diff-057.pt,2,0.015,0,0.015
diff-interpretation-tuning/loras/rank-generalization/qwen3-4b-rank-004/weight-diffs/weight-diff-058.pt,2,0.015,0,0.015
diff-interpretation-tuning/loras/rank-generalization/qwen3-4b-rank-004/weight-diffs/weight-diff-059.pt,2,0.015,0,0.015
diff-interpretation-tuning/loras/rank-generalization/qwen3-4b-rank-004/weight-diffs/weight-diff-060.pt,2,0.015,0,0.015
diff-interpretation-tuning/loras/rank-generalization/qwen3-4b-rank-004/weight-diffs/weight-diff-061.pt,2,0.015,0,0.015
diff-interpretation-tuning/loras/rank-generalization/qwen3-4b-rank-004/weight-diffs/weight-diff-064.pt,2,0.015,0,0.015
diff-interpretation-tuning/loras/rank-generalization/qwen3-4b-rank-004/weight-diffs/weight-diff-065.pt,2,0.015,0,0.015
diff-interpretation-tuning/loras/rank-generalization/qwen3-4b-rank-004/weight-diffs/weight-diff-066.pt,2,0.015,0,0.015
diff-interpretation-tuning/loras/rank-generalization/qwen3-4b-rank-004/weight-diffs/weight-diff-067.pt,2,0.015,0,0.015
diff-interpretation-tuning/loras/rank-generalization/qwen3-4b-rank-004/weight-diffs/weight-diff-068.pt,2,0.015,0,0.015
diff-interpretation-tuning/loras/rank-generalization/qwen3-4b-rank-004/weight-diffs/weight-diff-069.pt,2,0.015,0,0.015
diff-interpretation-tuning/loras/rank-generalization/qwen3-4b-rank-004/weight-diffs/weight-diff-070.pt,2,0.015,0,0.015
diff-interpretation-tuning/loras/rank-generalization/qwen3-4b-rank-004/weight-diffs/weight-diff-071.pt,2,0.016,0,0.016
diff-interpretation-tuning/loras/rank-generalization/qwen3-4b-rank-004/weight-diffs/weight-diff-072.pt,2,0.016,0,0.016
diff-interpretation-tuning/loras/rank-generalization/qwen3-4b-rank-004/weight-diffs/weight-diff-073.pt,2,0.016,0,0.016
diff-interpretation-tuning/loras/rank-generalization/qwen3-4b-rank-004/weight-diffs/weight-diff-074.pt,2,0.015,0,0.015
diff-interpretation-tuning/loras/rank-generalization/qwen3-4b-rank-004/weight-diffs/weight-diff-075.pt,2,0.015,0,0.015
diff-interpretation-tuning/loras/rank-generalization/qwen3-4b-rank-004/weight-diffs/weight-diff-076.pt,2,0.016,0,0.016
diff-interpretation-tuning/loras/rank-generalization/qwen3-4b-rank-004/weight-diffs/weight-diff-077.pt,2,0.016,0,0.016
diff-interpretation-tuning/loras/rank-generalization/qwen3-4b-rank-004/weight-diffs/weight-diff-078.pt,2,0.015,0,0.015
diff-interpretation-tuning/loras/rank-generalization/qwen3-4b-rank-004/weight-diffs/weight-diff-079.pt,2,0.016,0,0.016
diff-interpretation-tuning/loras/rank-generalization/qwen3-4b-rank-004/weight-diffs/weight-diff-080.pt,2,0.016,0,0.016
diff-interpretation-tuning/loras/rank-generalization/qwen3-4b-rank-004/weight-diffs/weight-diff-081.pt,2,0.015,0,0.015
diff-interpretation-tuning/loras/rank-generalization/qwen3-4b-rank-004/weight-diffs/weight-diff-082.pt,2,0.017,0,0.017
diff-interpretation-tuning/loras/rank-generalization/qwen3-4b-rank-004/weight-diffs/weight-diff-083.pt,2,0.015,0,0.015
diff-interpretation-tuning/loras/rank-generalization/qwen3-4b-rank-004/weight-diffs/weight-diff-084.pt,2,0.017,0,0.017
diff-interpretation-tuning/loras/rank-generalization/qwen3-4b-rank-004/weight-diffs/weight-diff-085.pt,2,0.019,0,0.019
diff-interpretation-tuning/loras/rank-generalization/qwen3-4b-rank-004/weight-diffs/weight-diff-086.pt,2,0.021,0,0.021
diff-interpretation-tuning/loras/rank-generalization/qwen3-4b-rank-004/weight-diffs/weight-diff-087.pt,2,0.016,0,0.016
diff-interpretation-tuning/loras/rank-generalization/qwen3-4b-rank-004/weight-diffs/weight-diff-088.pt,2,0.017,0,0.017
diff-interpretation-tuning/loras/rank-generalization/qwen3-4b-rank-004/weight-diffs/weight-diff-089.pt,2,0.016,0,0.016
diff-interpretation-tuning/loras/rank-generalization/qwen3-4b-rank-004/weight-diffs/weight-diff-090.pt,2,0.016,0,0.016
diff-interpretation-tuning/loras/rank-generalization/qwen3-4b-rank-004/weight-diffs/weight-diff-091.pt,2,0.015,0,0.015
diff-interpretation-tuning/loras/rank-generalization/qwen3-4b-rank-004/weight-diffs/weight-diff-092.pt,2,0.016,0,0.016
diff-interpretation-tuning/loras/rank-generalization/qwen3-4b-rank-004/weight-diffs/weight-diff-093.pt,2,0.015,0,0.015
diff-interpretation-tuning/loras/rank-generalization/qwen3-4b-rank-004/weight-diffs/weight-diff-094.pt,2,0.015,0,0.015
diff-interpretation-tuning/loras/rank-generalization/qwen3-4b-rank-004/weight-diffs/weight-diff-095.pt,2,0.016,0,0.016
diff-interpretation-tuning/loras/rank-generalization/qwen3-4b-rank-004/weight-diffs/weight-diff-096.pt,2,0.015,0,0.015
diff-interpretation-tuning/loras/rank-generalization/qwen3-4b-rank-004/weight-diffs/weight-diff-097.pt,2,0.014,0,0.014
diff-interpretation-tuning/loras/rank-generalization/qwen3-4b-rank-004/weight-diffs/weight-diff-098.pt,2,0.015,0,0.015
diff-interpretation-tuning/loras/rank-generalization/qwen3-4b-rank-004/weight-diffs/weight-diff-099.pt,2,0.015,0,0.015
diff-interpretation-tuning/loras/rank-generalization/qwen3-4b-rank-008/weight-diffs/weight-diff-038.pt,2,0.018,0,0.018
diff-interpretation-tuning/loras/rank-generalization/qwen3-4b-rank-008/weight-diffs/weight-diff-041.pt,2,0.015,0,0.015
diff-interpretation-tuning/loras/rank-generalization/qwen3-4b-rank-008/weight-diffs/weight-diff-050.pt,2,0.015,0,0.015
diff-interpretation-tuning/loras/rank-generalization/qwen3-4b-rank-008/weight-diffs/weight-diff-053.pt,2,0.015,0,0.015
diff-interpretation-tuning/loras/rank-generalization/qwen3-4b-rank-008/weight-diffs/weight-diff-062.pt,2,0.015,0,0.015
diff-interpretation-tuning/loras/rank-generalization/qwen3-4b-rank-008/weight-diffs/weight-diff-077.pt,2,0.015,0,0.015
diff-interpretation-tuning/loras/rank-generalization/qwen3-4b-rank-008/weight-diffs/weight-diff-083.pt,2,0.016,0,0.016
diff-interpretation-tuning/loras/rank-generalization/qwen3-4b-rank-008/weight-diffs/weight-diff-087.pt,2,0.015,0,0.015
diff-interpretation-tuning/loras/rank-generalization/qwen3-4b-rank-008/weight-diffs/weight-diff-092.pt,2,0.016,0,0.016
diff-interpretation-tuning/loras/rank-generalization/qwen3-4b-rank-008/weight-diffs/weight-diff-095.pt,2,0.015,0,0.015
diff-interpretation-tuning/loras/rank-generalization/qwen3-4b-rank-064/weight-diffs/weight-diff-039.pt,2,0.017,0,0.017
diff-interpretation-tuning/loras/rank-generalization/qwen3-4b-rank-064/weight-diffs/weight-diff-064.pt,2,0.015,0,0.015
diff-interpretation-tuning/loras/rank-generalization/qwen3-4b-rank-064/weight-diffs/weight-diff-065.pt,2,0.015,0,0.015
diff-interpretation-tuning/loras/rank-generalization/qwen3-4b-rank-064/weight-diffs/weight-diff-066.pt,2,0.015,0,0.015
diff-interpretation-tuning/loras/rank-generalization/qwen3-4b-rank-064/weight-diffs/weight-diff-067.pt,2,0.016,0,0.016
diff-interpretation-tuning/loras/rank-generalization/qwen3-4b-rank-064/weight-diffs/weight-diff-068.pt,2,0.015,0,0.015
diff-interpretation-tuning/loras/rank-generalization/qwen3-4b-rank-064/weight-diffs/weight-diff-069.pt,2,0.016,0,0.016
diff-interpretation-tuning/loras/rank-generalization/qwen3-4b-rank-064/weight-diffs/weight-diff-070.pt,2,0.016,0,0.016
diff-interpretation-tuning/loras/rank-generalization/qwen3-4b-rank-064/weight-diffs/weight-diff-071.pt,2,0.015,0,0.015
diff-interpretation-tuning/loras/rank-generalization/qwen3-4b-rank-064/weight-diffs/weight-diff-077.pt,2,0.015,0,0.015
diff-interpretation-tuning/loras/rank-generalization/qwen3-4b-rank-064/weight-diffs/weight-diff-078.pt,2,0.016,0,0.016
diff-interpretation-tuning/loras/trigger-generalization/qwen3-4b-zero-width-random/weight-diffs/weight-diff-001.pt,2,0.224,0,0.224
Saidakbar01/whisper-uz-finetuned/training_args.bin,2,0.018,9.158,9.176
nvidia/nemotron-speech-streaming-en-0.6b/nemotron-speech-streaming-en-0.6b.nemo,2,2.565,0,2.565
nvidia/diar_streaming_sortformer_4spk-v2.1/diar_streaming_sortformer_4spk-v2.1.nemo,2,0.504,0,0.504
nvidia/parakeet-tdt-0.6b-v3/parakeet-tdt-0.6b-v3.nemo,2,2.571,0,2.571
nvidia/canary-1b-v2/canary-1b-v2.nemo,2,6.490,0,6.490
optimum-intel-internal-testing/tiny-random-CodeGenForCausalLM/pytorch_model.bin,2,0.009,0,0.009
optimum-intel-internal-testing/tiny-random-GPTNeoXForCausalLM/pytorch_model.bin,2,0.008,0,0.008
facebook/sam3.1/sam3.1_multiplex.pt,2,0.038,0,0.038
optimum-intel-internal-testing/tiny-random-Data2VecAudioModel/pytorch_model.bin,2,0.009,0,0.009
timm/convnext_base.dinov3_lvd1689m/pytorch_model.bin,2,0.013,0,0.013
fancyfeast/bigaspv2-5/training-checkpoints/test_215/ep10-ba35889-rank0_stripped.pt,2,0.066,8.685,8.751
fancyfeast/bigaspv2-5/training-checkpoints/test_215/ep2-ba8301-rank0_stripped.pt,2,0.085,8.673,8.758
fancyfeast/bigaspv2-5/training-checkpoints/test_215/ep2-ba8790-rank0_stripped.pt,2,0.081,12.643,12.723
fancyfeast/bigaspv2-5/training-checkpoints/test_215/ep5-ba18067-rank0_stripped.pt,2,0.085,7.128,7.213
fancyfeast/bigaspv2-5/training-checkpoints/test_215/ep6-ba20020-rank0.pt,2,0.258,8.329,8.588
OpenMed/OpenMed-ZeroShot-NER-Anatomy-Medium-209M/pytorch_model.bin,2,0.017,0,0.017
nm-testing/qwen3-8b-peagle-speculators/optimizer_state_dict.pt,2,0.015,0,0.015
nm-testing/qwen3-8b-peagle-speculators/snapshots/48caff875fa217da907d9a4d2468e3a9f5d1ae0e/optimizer_state_dict.pt,2,0.014,0,0.014
OpenMed/OpenMed-ZeroShot-NER-Pharma-Multi-209M/pytorch_model.bin,2,0.016,0,0.016
OpenMed/OpenMed-ZeroShot-NER-Pharma-Tiny-60M/pytorch_model.bin,2,0.010,0,0.010
optimum-intel-internal-testing/tiny-random-LevitModel/pytorch_model.bin,2,0.015,0,0.015
ayushgupta7777/safetyvision-yolov8/best.pt,2,0.041,26.850,26.891
OpenMed/OpenMed-ZeroShot-NER-BloodCancer-Medium-209M/pytorch_model.bin,2,0.013,0,0.013
OpenMed/OpenMed-ZeroShot-NER-Species-Tiny-60M/pytorch_model.bin,2,0.010,0,0.010
pyannoteAI/parakeet-tdt-0.6b-v3/parakeet-tdt-0.6b-v3.nemo,2,2.572,0,2.572
timm/vit_small_patch16_dinov3_qkvb.lvd1689m/pytorch_model.bin,2,0.012,0,0.012
nvidia/nemo-nano-codec-22khz-1.89kbps-21.5fps/nemo-nano-codec-22khz-1.89kbps-21.5fps.nemo,2,0.461,0,0.461
OpenMed/OpenMed-ZeroShot-NER-Pathology-XLarge-770M/pytorch_model.bin,2,0.014,0,0.014
OpenMed/OpenMed-ZeroShot-NER-Species-Multi-209M/pytorch_model.bin,2,0.011,0,0.011
allenai/OlmoEarth-v1-Large/weights.pth,2,0.004,0,0.004
nvidia/C-RADIOv4-H/c-radio_v4-h_half.pth.tar,2,0.015,5.043,5.059
arda-argmax/sortformer-finetuned/4spk-v0.3-bs1-acc8-l4-diskcache-shardedval-v1-1778065009/best.nemo,2,0.515,0,0.515
arda-argmax/sortformer-finetuned/6spk-ami-sdm-debug-bs10-a100-80gb-1gpu-v1-1781805281/best.nemo,2,0.505,0,0.505
arda-argmax/sortformer-finetuned/6spk-ami-sdm-debug-bs10-a100-80gb-1gpu-v1-1781805281/checkpoints/step_130_epoch_1_val-der_0.1837.nemo,2,0.515,0,0.515
arda-argmax/sortformer-finetuned/6spk-ami-sdm-debug-bs10-a100-80gb-1gpu-v1-1781805281/checkpoints/step_210_epoch_2_val-der_0.1709.nemo,2,0.505,0,0.505
arda-argmax/sortformer-finetuned/6spk-ami-sdm-debug-bs10-a100-80gb-1gpu-v1-1781805281/checkpoints/step_50_epoch_0_val-der_0.3708.nemo,2,0.519,0,0.519
arda-argmax/sortformer-finetuned/6spk-ami-sdm-flac-debug-bs10-a100-80gb-1gpu-v1-1781828240/best.nemo,2,0.508,0,0.508
arda-argmax/sortformer-finetuned/6spk-ami-sdm-flac-debug-bs10-a100-80gb-1gpu-v1-1781828240/checkpoints/step_130_epoch_1_val-der_0.1841.nemo,2,0.504,0,0.504
arda-argmax/sortformer-finetuned/6spk-ami-sdm-flac-debug-bs10-a100-80gb-1gpu-v1-1781828240/checkpoints/step_210_epoch_2_val-der_0.1806.nemo,2,0.502,0,0.502
arda-argmax/sortformer-finetuned/6spk-ami-sdm-flac-debug-bs10-a100-80gb-1gpu-v1-1781828240/checkpoints/step_50_epoch_0_val-der_0.3563.nemo,2,0.505,0,0.505
arda-argmax/sortformer-finetuned/6spk-debug-prepared-shar-worldfix-1780478585/best.nemo,2,0.504,0,0.504
arda-argmax/sortformer-finetuned/6spk-debug-prepared-shar-worldfix-1780478585/checkpoints/step_2_epoch_0_val-der_1.3011.nemo,2,0.506,0,0.506
arda-argmax/sortformer-finetuned/6spk-debug-prepared-shar-worldfix-1780478585/checkpoints/step_4_epoch_1_val-der_1.1216.nemo,2,0.503,0,0.503
arda-argmax/sortformer-finetuned/6spk-fullrandom-bs10-ga8-a100-80gb-1gpu-lr1e-4-lr-v1-1781045285/best.nemo,2,0.503,0,0.503
arda-argmax/sortformer-finetuned/6spk-fullrandom-bs10-ga8-a100-80gb-1gpu-lr1e-4-lr-v1-1781045285/checkpoints/step_6_epoch_0_val-der_1.0000.nemo,2,0.504,0,0.504
arda-argmax/sortformer-finetuned/6spk-v0.3-bs1-acc8-l4-diskcache-shardedval-v1-1778010364/best.nemo,2,0.504,0,0.504
arda-argmax/sortformer-finetuned/6spk-v0.4-ami-bs1-acc8-l4-diskcache-shardedval-v1-1778218672/best.nemo,2,0.604,0,0.604
arda-argmax/sortformer-finetuned/6spk-v0.4-ami-bs1-acc8-l4-diskcache-shardedval-v1-1778218672/checkpoints/step_1080_epoch_2_val-der_0.1535.nemo,2,0.504,0,0.504
arda-argmax/sortformer-finetuned/6spk-v0.4-ami-bs1-acc8-l4-diskcache-shardedval-v1-1778218672/checkpoints/step_1170_epoch_2_val-der_0.1446.nemo,2,0.502,0,0.502
arda-argmax/sortformer-finetuned/6spk-v0.4-ami-bs1-acc8-l4-diskcache-shardedval-v1-1778218672/checkpoints/step_1350_epoch_2_val-der_0.1436.nemo,2,0.504,0,0.504
arda-argmax/sortformer-finetuned/6spk-v0.4-ami-bs1-acc8-l4-diskcache-shardedval-v1-1778218672/checkpoints/step_1440_epoch_3_val-der_0.1423.nemo,2,0.505,0,0.505
arda-argmax/sortformer-finetuned/6spk-v0.4-ami-bs1-acc8-l4-diskcache-shardedval-v1-1778218672/checkpoints/step_1530_epoch_3_val-der_0.1397.nemo,2,0.505,0,0.505
arda-argmax/sortformer-finetuned/6spk-v0.4-ami-bs1-acc8-l4-diskcache-shardedval-v1-1778218672/checkpoints/step_1620_epoch_3_val-der_0.1388.nemo,2,0.507,0,0.507
arda-argmax/sortformer-finetuned/6spk-v0.4-ami-bs1-acc8-l4-diskcache-shardedval-v1-1778218672/checkpoints/step_1710_epoch_3_val-der_0.1382.nemo,2,0.507,0,0.507
arda-argmax/sortformer-finetuned/6spk-v0.4-ami-bs1-acc8-l4-diskcache-shardedval-v1-1778218672/checkpoints/step_180_epoch_0_val-der_0.2089.nemo,2,0.506,0,0.506
arda-argmax/sortformer-finetuned/6spk-v0.4-ami-bs1-acc8-l4-diskcache-shardedval-v1-1778218672/checkpoints/step_1980_epoch_4_val-der_0.1346.nemo,2,0.506,0,0.506
arda-argmax/sortformer-finetuned/6spk-v0.4-ami-bs1-acc8-l4-diskcache-shardedval-v1-1778218672/checkpoints/step_2430_epoch_5_val-der_0.1340.nemo,2,0.505,0,0.505
arda-argmax/sortformer-finetuned/6spk-v0.4-ami-bs1-acc8-l4-diskcache-shardedval-v1-1778218672/checkpoints/step_2520_epoch_5_val-der_0.1338.nemo,2,0.503,0,0.503
arda-argmax/sortformer-finetuned/6spk-v0.4-ami-bs1-acc8-l4-diskcache-shardedval-v1-1778218672/checkpoints/step_2700_epoch_5_val-der_0.1335.nemo,2,0.505,0,0.505
arda-argmax/sortformer-finetuned/6spk-v0.4-ami-bs1-acc8-l4-diskcache-shardedval-v1-1778218672/checkpoints/step_270_epoch_0_val-der_0.2001.nemo,2,0.508,0,0.508
arda-argmax/sortformer-finetuned/6spk-v0.4-ami-bs1-acc8-l4-diskcache-shardedval-v1-1778218672/checkpoints/step_3060_epoch_6_val-der_0.1302.nemo,2,0.503,0,0.503
arda-argmax/sortformer-finetuned/6spk-v0.4-ami-bs1-acc8-l4-diskcache-shardedval-v1-1778218672/checkpoints/step_360_epoch_0_val-der_0.1928.nemo,2,0.503,0,0.503
arda-argmax/sortformer-finetuned/6spk-v0.4-ami-bs1-acc8-l4-diskcache-shardedval-v1-1778218672/checkpoints/step_3870_epoch_8_val-der_0.1289.nemo,2,0.508,0,0.508
arda-argmax/sortformer-finetuned/6spk-v0.4-ami-bs1-acc8-l4-diskcache-shardedval-v1-1778218672/checkpoints/step_3960_epoch_8_val-der_0.1285.nemo,2,0.502,0,0.502
arda-argmax/sortformer-finetuned/6spk-v0.4-ami-bs1-acc8-l4-diskcache-shardedval-v1-1778218672/checkpoints/step_4140_epoch_9_val-der_0.1280.nemo,2,0.502,0,0.502
arda-argmax/sortformer-finetuned/6spk-v0.4-ami-bs1-acc8-l4-diskcache-shardedval-v1-1778218672/checkpoints/step_450_epoch_0_val-der_0.1911.nemo,2,0.506,0,0.506
arda-argmax/sortformer-finetuned/6spk-v0.4-ami-bs1-acc8-l4-diskcache-shardedval-v1-1778218672/checkpoints/step_540_epoch_1_val-der_0.1894.nemo,2,0.504,0,0.504
arda-argmax/sortformer-finetuned/6spk-v0.4-ami-bs1-acc8-l4-diskcache-shardedval-v1-1778218672/checkpoints/step_630_epoch_1_val-der_0.1871.nemo,2,0.503,0,0.503
arda-argmax/sortformer-finetuned/6spk-v0.4-ami-bs1-acc8-l4-diskcache-shardedval-v1-1778218672/checkpoints/step_720_epoch_1_val-der_0.1813.nemo,2,0.506,0,0.506
arda-argmax/sortformer-finetuned/6spk-v0.4-ami-bs1-acc8-l4-diskcache-shardedval-v1-1778218672/checkpoints/step_900_epoch_1_val-der_0.1706.nemo,2,0.509,0,0.509
arda-argmax/sortformer-finetuned/6spk-v0.4-ami-bs1-acc8-l4-diskcache-shardedval-v1-1778218672/checkpoints/step_90_epoch_0_val-der_0.3542.nemo,2,0.504,0,0.504
arda-argmax/sortformer-finetuned/6spk-v0.4-ami-bs1-acc8-l4-diskcache-shardedval-v1-1778218672/checkpoints/step_990_epoch_2_val-der_0.1561.nemo,2,0.505,0,0.505
arda-argmax/sortformer-finetuned/6spk-v0.4-librispeech-ami-bs1-acc8-l4-diskcache-shardedval-v3-1778228622/best.nemo,2,0.505,0,0.505
arda-argmax/sortformer-finetuned/6spk-v0.4-librispeech-ami-bs1-acc8-l4-diskcache-shardedval-v3-1778228622/checkpoints/step_1440_epoch_1_val-der_0.2048.nemo,2,0.604,0,0.604
arda-argmax/sortformer-finetuned/6spk-v0.4-librispeech-ami-bs1-acc8-l4-diskcache-shardedval-v3-1778228622/checkpoints/step_1530_epoch_1_val-der_0.2042.nemo,2,0.505,0,0.505
arda-argmax/sortformer-finetuned/6spk-v0.4-librispeech-ami-bs1-acc8-l4-diskcache-shardedval-v3-1778228622/checkpoints/step_1620_epoch_1_val-der_0.2035.nemo,2,0.502,0,0.502
arda-argmax/sortformer-finetuned/6spk-v0.4-librispeech-ami-bs1-acc8-l4-diskcache-shardedval-v3-1778228622/checkpoints/step_180_epoch_0_val-der_0.2159.nemo,2,0.504,0,0.504
arda-argmax/sortformer-finetuned/6spk-v0.4-librispeech-ami-bs1-acc8-l4-diskcache-shardedval-v3-1778228622/checkpoints/step_270_epoch_0_val-der_0.2146.nemo,2,0.509,0,0.509
arda-argmax/sortformer-finetuned/6spk-v0.4-librispeech-ami-bs1-acc8-l4-diskcache-shardedval-v3-1778228622/checkpoints/step_360_epoch_0_val-der_0.2138.nemo,2,0.504,0,0.504
arda-argmax/sortformer-finetuned/6spk-v0.4-librispeech-ami-bs1-acc8-l4-diskcache-shardedval-v3-1778228622/checkpoints/step_450_epoch_0_val-der_0.2116.nemo,2,0.505,0,0.505
arda-argmax/sortformer-finetuned/6spk-v0.4-librispeech-ami-bs1-acc8-l4-diskcache-shardedval-v3-1778228622/checkpoints/step_630_epoch_0_val-der_0.2103.nemo,2,0.509,0,0.509
arda-argmax/sortformer-finetuned/6spk-v0.4-librispeech-ami-bs1-acc8-l4-diskcache-shardedval-v3-1778228622/checkpoints/step_810_epoch_0_val-der_0.2059.nemo,2,0.505,0,0.505
arda-argmax/sortformer-finetuned/6spk-v0.4-librispeech-ami-bs1-acc8-l4-diskcache-shardedval-v3-1778228622/checkpoints/step_90_epoch_0_val-der_0.2223.nemo,2,0.504,0,0.504
arda-argmax/sortformer-finetuned/6spk-v0.4-librispeech-ami-bs1-acc8-l4-diskcache-shardedval-v5-1778286481/best.nemo,2,0.510,0,0.510
arda-argmax/sortformer-finetuned/6spk-v0.4-librispeech-ami-bs1-acc8-l4-diskcache-shardedval-v5-1778286481/checkpoints/step_1080_epoch_1_val-der_0.1398.nemo,2,0.504,0,0.504
arda-argmax/sortformer-finetuned/6spk-v0.4-librispeech-ami-bs1-acc8-l4-diskcache-shardedval-v5-1778286481/checkpoints/step_1260_epoch_1_val-der_0.1390.nemo,2,0.503,0,0.503
arda-argmax/sortformer-finetuned/6spk-v0.4-librispeech-ami-bs1-acc8-l4-diskcache-shardedval-v5-1778286481/checkpoints/step_1350_epoch_1_val-der_0.1374.nemo,2,0.510,0,0.510
arda-argmax/sortformer-finetuned/6spk-v0.4-librispeech-ami-bs1-acc8-l4-diskcache-shardedval-v5-1778286481/checkpoints/step_1440_epoch_1_val-der_0.1353.nemo,2,0.504,0,0.504
arda-argmax/sortformer-finetuned/6spk-v0.4-librispeech-ami-bs1-acc8-l4-diskcache-shardedval-v5-1778286481/checkpoints/step_1530_epoch_1_val-der_0.1346.nemo,2,0.504,0,0.504
arda-argmax/sortformer-finetuned/6spk-v0.4-librispeech-ami-bs1-acc8-l4-diskcache-shardedval-v5-1778286481/checkpoints/step_1710_epoch_1_val-der_0.1343.nemo,2,0.510,0,0.510
arda-argmax/sortformer-finetuned/6spk-v0.4-librispeech-ami-bs1-acc8-l4-diskcache-shardedval-v5-1778286481/checkpoints/step_1800_epoch_1_val-der_0.1334.nemo,2,0.505,0,0.505
arda-argmax/sortformer-finetuned/6spk-v0.4-librispeech-ami-bs1-acc8-l4-diskcache-shardedval-v5-1778286481/checkpoints/step_180_epoch_0_val-der_0.2056.nemo,2,0.504,0,0.504
arda-argmax/sortformer-finetuned/6spk-v0.4-librispeech-ami-bs1-acc8-l4-diskcache-shardedval-v5-1778286481/checkpoints/step_2070_epoch_2_val-der_0.1327.nemo,2,0.509,0,0.509
arda-argmax/sortformer-finetuned/6spk-v0.4-librispeech-ami-bs1-acc8-l4-diskcache-shardedval-v5-1778286481/checkpoints/step_2160_epoch_2_val-der_0.1317.nemo,2,0.505,0,0.505
arda-argmax/sortformer-finetuned/6spk-v0.4-librispeech-ami-bs1-acc8-l4-diskcache-shardedval-v5-1778286481/checkpoints/step_2250_epoch_2_val-der_0.1302.nemo,2,0.505,0,0.505
arda-argmax/sortformer-finetuned/6spk-v0.4-librispeech-ami-bs1-acc8-l4-diskcache-shardedval-v5-1778286481/checkpoints/step_2520_epoch_2_val-der_0.1283.nemo,2,0.511,0,0.511
arda-argmax/sortformer-finetuned/6spk-v0.4-librispeech-ami-bs1-acc8-l4-diskcache-shardedval-v5-1778286481/checkpoints/step_270_epoch_0_val-der_0.1998.nemo,2,0.507,0,0.507
arda-argmax/sortformer-finetuned/6spk-v0.4-librispeech-ami-bs1-acc8-l4-diskcache-shardedval-v5-1778286481/checkpoints/step_2880_epoch_3_val-der_0.1271.nemo,2,0.506,0,0.506
arda-argmax/sortformer-finetuned/6spk-v0.4-librispeech-ami-bs1-acc8-l4-diskcache-shardedval-v5-1778286481/checkpoints/step_3060_epoch_3_val-der_0.1269.nemo,2,0.509,0,0.509
arda-argmax/sortformer-finetuned/6spk-v0.4-librispeech-ami-bs1-acc8-l4-diskcache-shardedval-v5-1778286481/checkpoints/step_3240_epoch_3_val-der_0.1268.nemo,2,0.609,0,0.609
arda-argmax/sortformer-finetuned/6spk-v0.4-librispeech-ami-bs1-acc8-l4-diskcache-shardedval-v5-1778286481/checkpoints/step_3330_epoch_3_val-der_0.1266.nemo,2,0.503,0,0.503
arda-argmax/sortformer-finetuned/6spk-v0.4-librispeech-ami-bs1-acc8-l4-diskcache-shardedval-v5-1778286481/checkpoints/step_3420_epoch_3_val-der_0.1252.nemo,2,0.506,0,0.506
arda-argmax/sortformer-finetuned/6spk-v0.4-librispeech-ami-bs1-acc8-l4-diskcache-shardedval-v5-1778286481/checkpoints/step_360_epoch_0_val-der_0.1911.nemo,2,0.505,0,0.505
arda-argmax/sortformer-finetuned/6spk-v0.4-librispeech-ami-bs1-acc8-l4-diskcache-shardedval-v5-1778286481/checkpoints/step_4050_epoch_4_val-der_0.1241.nemo,2,0.504,0,0.504
arda-argmax/sortformer-finetuned/6spk-v0.4-librispeech-ami-bs1-acc8-l4-diskcache-shardedval-v5-1778286481/checkpoints/step_4410_epoch_4_val-der_0.1238.nemo,2,0.509,0,0.509
arda-argmax/sortformer-finetuned/6spk-v0.4-librispeech-ami-bs1-acc8-l4-diskcache-shardedval-v5-1778286481/checkpoints/step_450_epoch_0_val-der_0.1895.nemo,2,0.503,0,0.503
arda-argmax/sortformer-finetuned/6spk-v0.4-librispeech-ami-bs1-acc8-l4-diskcache-shardedval-v5-1778286481/checkpoints/step_4770_epoch_5_val-der_0.1237.nemo,2,0.503,0,0.503
arda-argmax/sortformer-finetuned/6spk-v0.4-librispeech-ami-bs1-acc8-l4-diskcache-shardedval-v5-1778286481/checkpoints/step_4950_epoch_5_val-der_0.1219.nemo,2,0.507,0,0.507
arda-argmax/sortformer-finetuned/6spk-v0.4-librispeech-ami-bs1-acc8-l4-diskcache-shardedval-v5-1778286481/checkpoints/step_540_epoch_0_val-der_0.1872.nemo,2,0.503,0,0.503
arda-argmax/sortformer-finetuned/6spk-v0.4-librispeech-ami-bs1-acc8-l4-diskcache-shardedval-v5-1778286481/checkpoints/step_5940_epoch_6_val-der_0.1207.nemo,2,0.505,0,0.505
arda-argmax/sortformer-finetuned/6spk-v0.4-librispeech-ami-bs1-acc8-l4-diskcache-shardedval-v5-1778286481/checkpoints/step_630_epoch_0_val-der_0.1612.nemo,2,0.507,0,0.507
arda-argmax/sortformer-finetuned/6spk-v0.4-librispeech-ami-bs1-acc8-l4-diskcache-shardedval-v5-1778286481/checkpoints/step_6390_epoch_7_val-der_0.1200.nemo,2,0.504,0,0.504
arda-argmax/sortformer-finetuned/6spk-v0.4-librispeech-ami-bs1-acc8-l4-diskcache-shardedval-v5-1778286481/checkpoints/step_720_epoch_0_val-der_0.1542.nemo,2,0.504,0,0.504
arda-argmax/sortformer-finetuned/6spk-v0.4-librispeech-ami-bs1-acc8-l4-diskcache-shardedval-v5-1778286481/checkpoints/step_7290_epoch_8_val-der_0.1193.nemo,2,0.508,0,0.508
arda-argmax/sortformer-finetuned/6spk-v0.4-librispeech-ami-bs1-acc8-l4-diskcache-shardedval-v5-1778286481/checkpoints/step_7470_epoch_8_val-der_0.1188.nemo,2,0.504,0,0.504
arda-argmax/sortformer-finetuned/6spk-v0.4-librispeech-ami-bs1-acc8-l4-diskcache-shardedval-v5-1778286481/checkpoints/step_7560_epoch_8_val-der_0.1182.nemo,2,0.510,0,0.510
arda-argmax/sortformer-finetuned/6spk-v0.4-librispeech-ami-bs1-acc8-l4-diskcache-shardedval-v5-1778286481/checkpoints/step_810_epoch_0_val-der_0.1480.nemo,2,0.507,0,0.507
arda-argmax/sortformer-finetuned/6spk-v0.4-librispeech-ami-bs1-acc8-l4-diskcache-shardedval-v5-1778286481/checkpoints/step_900_epoch_0_val-der_0.1433.nemo,2,0.504,0,0.504
arda-argmax/sortformer-finetuned/6spk-v0.4-librispeech-ami-bs1-acc8-l4-diskcache-shardedval-v5-1778286481/checkpoints/step_90_epoch_0_val-der_0.2223.nemo,2,0.507,0,0.507
arda-argmax/sortformer-finetuned/6spk-v0.4-librispeech-ami-bs1-acc8-l4-diskcache-shardedval-v5-1778286481/checkpoints/step_990_epoch_1_val-der_0.1429.nemo,2,0.503,0,0.503
arda-argmax/sortformer-finetuned/6spk-v0.4-librispeech-bs1-acc8-l4-diskcache-shardedval-v1-1778198761/best.nemo,2,0.505,0,0.505
arda-argmax/sortformer-finetuned/6spk-v0.4-librispeech-bs1-acc8-l4-diskcache-shardedval-v1-1778198761/checkpoints/step_1080_epoch_2_val-der_0.1069.nemo,2,0.511,0,0.511
arda-argmax/sortformer-finetuned/6spk-v0.4-librispeech-bs1-acc8-l4-diskcache-shardedval-v1-1778198761/checkpoints/step_1170_epoch_2_val-der_0.1058.nemo,2,0.504,0,0.504
arda-argmax/sortformer-finetuned/6spk-v0.4-librispeech-bs1-acc8-l4-diskcache-shardedval-v1-1778198761/checkpoints/step_1260_epoch_2_val-der_0.1043.nemo,2,0.502,0,0.502
arda-argmax/sortformer-finetuned/6spk-v0.4-librispeech-bs1-acc8-l4-diskcache-shardedval-v1-1778198761/checkpoints/step_1710_epoch_3_val-der_0.1027.nemo,2,0.507,0,0.507
arda-argmax/sortformer-finetuned/6spk-v0.4-librispeech-bs1-acc8-l4-diskcache-shardedval-v1-1778198761/checkpoints/step_180_epoch_0_val-der_0.1670.nemo,2,0.505,0,0.505
arda-argmax/sortformer-finetuned/6spk-v0.4-librispeech-bs1-acc8-l4-diskcache-shardedval-v1-1778198761/checkpoints/step_2160_epoch_4_val-der_0.1016.nemo,2,0.604,0,0.604
arda-argmax/sortformer-finetuned/6spk-v0.4-librispeech-bs1-acc8-l4-diskcache-shardedval-v1-1778198761/checkpoints/step_2430_epoch_5_val-der_0.1014.nemo,2,0.509,0,0.509
arda-argmax/sortformer-finetuned/6spk-v0.4-librispeech-bs1-acc8-l4-diskcache-shardedval-v1-1778198761/checkpoints/step_2700_epoch_5_val-der_0.1002.nemo,2,0.505,0,0.505
arda-argmax/sortformer-finetuned/6spk-v0.4-librispeech-bs1-acc8-l4-diskcache-shardedval-v1-1778198761/checkpoints/step_270_epoch_0_val-der_0.1644.nemo,2,0.504,0,0.504
arda-argmax/sortformer-finetuned/6spk-v0.4-librispeech-bs1-acc8-l4-diskcache-shardedval-v1-1778198761/checkpoints/step_2880_epoch_6_val-der_0.0996.nemo,2,0.504,0,0.504
arda-argmax/sortformer-finetuned/6spk-v0.4-librispeech-bs1-acc8-l4-diskcache-shardedval-v1-1778198761/checkpoints/step_2970_epoch_6_val-der_0.0992.nemo,2,0.505,0,0.505
arda-argmax/sortformer-finetuned/6spk-v0.4-librispeech-bs1-acc8-l4-diskcache-shardedval-v1-1778198761/checkpoints/step_3150_epoch_6_val-der_0.0982.nemo,2,0.503,0,0.503
arda-argmax/sortformer-finetuned/6spk-v0.4-librispeech-bs1-acc8-l4-diskcache-shardedval-v1-1778198761/checkpoints/step_3600_epoch_7_val-der_0.0981.nemo,2,0.509,0,0.509
arda-argmax/sortformer-finetuned/6spk-v0.4-librispeech-bs1-acc8-l4-diskcache-shardedval-v1-1778198761/checkpoints/step_360_epoch_0_val-der_0.1619.nemo,2,0.505,0,0.505
arda-argmax/sortformer-finetuned/6spk-v0.4-librispeech-bs1-acc8-l4-diskcache-shardedval-v1-1778198761/checkpoints/step_3780_epoch_8_val-der_0.0976.nemo,2,0.505,0,0.505
arda-argmax/sortformer-finetuned/6spk-v0.4-librispeech-bs1-acc8-l4-diskcache-shardedval-v1-1778198761/checkpoints/step_4050_epoch_8_val-der_0.0964.nemo,2,0.504,0,0.504
arda-argmax/sortformer-finetuned/6spk-v0.4-librispeech-bs1-acc8-l4-diskcache-shardedval-v1-1778198761/checkpoints/step_4140_epoch_9_val-der_0.0958.nemo,2,0.504,0,0.504
arda-argmax/sortformer-finetuned/6spk-v0.4-librispeech-bs1-acc8-l4-diskcache-shardedval-v1-1778198761/checkpoints/step_4230_epoch_9_val-der_0.0915.nemo,2,0.506,0,0.506
arda-argmax/sortformer-finetuned/6spk-v0.4-librispeech-bs1-acc8-l4-diskcache-shardedval-v1-1778198761/checkpoints/step_4320_epoch_9_val-der_0.0872.nemo,2,0.506,0,0.506
arda-argmax/sortformer-finetuned/6spk-v0.4-librispeech-bs1-acc8-l4-diskcache-shardedval-v1-1778198761/checkpoints/step_4410_epoch_9_val-der_0.0843.nemo,2,0.510,0,0.510
arda-argmax/sortformer-finetuned/6spk-v0.4-librispeech-bs1-acc8-l4-diskcache-shardedval-v1-1778198761/checkpoints/step_450_epoch_0_val-der_0.1291.nemo,2,0.509,0,0.509
arda-argmax/sortformer-finetuned/6spk-v0.4-librispeech-bs1-acc8-l4-diskcache-shardedval-v1-1778198761/checkpoints/step_540_epoch_1_val-der_0.1151.nemo,2,0.505,0,0.505
arda-argmax/sortformer-finetuned/6spk-v0.4-librispeech-bs1-acc8-l4-diskcache-shardedval-v1-1778198761/checkpoints/step_720_epoch_1_val-der_0.1120.nemo,2,0.505,0,0.505
arda-argmax/sortformer-finetuned/6spk-v0.4-librispeech-bs1-acc8-l4-diskcache-shardedval-v1-1778198761/checkpoints/step_810_epoch_1_val-der_0.1082.nemo,2,0.508,0,0.508
arda-argmax/sortformer-finetuned/6spk-v0.4-librispeech-bs1-acc8-l4-diskcache-shardedval-v1-1778198761/checkpoints/step_90_epoch_0_val-der_0.1700.nemo,2,0.505,0,0.505
arda-argmax/sortformer-finetuned/6spk-v0.6-fastmss-prepared-shar-bs1-acc8-l4-worldfix-v1-1780479980/best.nemo,2,0.505,0,0.505
arda-argmax/sortformer-finetuned/6spk-v0.6-fastmss-prepared-shar-bs1-acc8-l4-worldfix-v1-1780479980/checkpoints/step_180_epoch_0_val-der_0.2104.nemo,2,0.509,0,0.509
arda-argmax/sortformer-finetuned/6spk-v0.6-fastmss-prepared-shar-bs1-acc8-l4-worldfix-v1-1780479980/checkpoints/step_270_epoch_0_val-der_0.2067.nemo,2,0.506,0,0.506
arda-argmax/sortformer-finetuned/6spk-v0.6-fastmss-prepared-shar-bs1-acc8-l4-worldfix-v1-1780479980/checkpoints/step_360_epoch_0_val-der_0.1966.nemo,2,0.503,0,0.503
arda-argmax/sortformer-finetuned/6spk-v0.6-fastmss-prepared-shar-bs1-acc8-l4-worldfix-v1-1780479980/checkpoints/step_450_epoch_0_val-der_0.1530.nemo,2,0.511,0,0.511
arda-argmax/sortformer-finetuned/6spk-v0.6-fastmss-prepared-shar-bs1-acc8-l4-worldfix-v1-1780479980/checkpoints/step_540_epoch_0_val-der_0.1469.nemo,2,0.505,0,0.505
arda-argmax/sortformer-finetuned/6spk-v0.6-fastmss-prepared-shar-bs1-acc8-l4-worldfix-v1-1780479980/checkpoints/step_630_epoch_0_val-der_0.1446.nemo,2,0.504,0,0.504
arda-argmax/sortformer-finetuned/6spk-v0.6-fastmss-prepared-shar-bs1-acc8-l4-worldfix-v1-1780479980/checkpoints/step_900_epoch_0_val-der_0.1436.nemo,2,0.638,0,0.638
arda-argmax/sortformer-finetuned/6spk-v0.6-fastmss-prepared-shar-bs1-acc8-l4-worldfix-v1-1780479980/checkpoints/step_90_epoch_0_val-der_0.2187.nemo,2,0.505,0,0.505
arda-argmax/sortformer-finetuned/6spk-v0.6-fastmss-prepared-shar-bs1-acc8-l4-worldfix-v1-1780479980/checkpoints/step_990_epoch_1_val-der_0.1416.nemo,2,0.503,0,0.503
arda-argmax/sortformer-finetuned/6spk-v0.6-fastmss-prepared-shar-bs1-ga8-l4-8gpu-fullset-smoketest-v5-1780559280/best.nemo,2,0.510,0,0.510
arda-argmax/sortformer-finetuned/6spk-v0.6-fastmss-prepared-shar-bs1-ga8-l4-8gpu-fullset-smoketest-v5-1780559280/checkpoints/step_62_epoch_0_val-der_0.2269.nemo,2,0.508,0,0.508
arda-argmax/sortformer-finetuned/6spk-v0.6-fastmss-prepared-shar-bs10-a100-80gb-2gpu-debug-debug-v1-1780602245/best.nemo,2,0.505,0,0.505
arda-argmax/sortformer-finetuned/6spk-v0.6-fastmss-prepared-shar-bs10-a100-80gb-2gpu-debug-debug-v1-1780602245/checkpoints/step_100_epoch_0_val-der_0.2319.nemo,2,0.511,0,0.511
arda-argmax/sortformer-finetuned/6spk-v0.6-fastmss-prepared-shar-bs10-a100-80gb-2gpu-debug-debug-v1-1780602245/checkpoints/step_150_epoch_0_val-der_0.2183.nemo,2,0.505,0,0.505
arda-argmax/sortformer-finetuned/6spk-v0.6-fastmss-prepared-shar-bs10-a100-80gb-2gpu-debug-debug-v1-1780602245/checkpoints/step_250_epoch_1_val-der_0.2163.nemo,2,0.503,0,0.503
arda-argmax/sortformer-finetuned/6spk-v0.6-fastmss-prepared-shar-bs10-a100-80gb-2gpu-debug-debug-v1-1780602245/checkpoints/step_350_epoch_1_val-der_0.2109.nemo,2,0.509,0,0.509
arda-argmax/sortformer-finetuned/6spk-v0.6-fastmss-prepared-shar-bs10-a100-80gb-2gpu-debug-debug-v1-1780602245/checkpoints/step_400_epoch_1_val-der_0.2094.nemo,2,0.504,0,0.504
arda-argmax/sortformer-finetuned/6spk-v0.6-fastmss-prepared-shar-bs10-a100-80gb-2gpu-debug-debug-v1-1780602245/checkpoints/step_50_epoch_0_val-der_0.3624.nemo,2,0.505,0,0.505
arda-argmax/sortformer-finetuned/6spk-v0.6-fastmss-prepared-shar-bs10-a100-80gb-4gpu-debug-debug-v1-1780602382/best.nemo,2,0.509,0,0.509
arda-argmax/sortformer-finetuned/6spk-v0.6-fastmss-prepared-shar-bs10-a100-80gb-4gpu-debug-debug-v1-1780602382/checkpoints/step_100_epoch_0_val-der_0.2269.nemo,2,0.504,0,0.504
arda-argmax/sortformer-finetuned/6spk-v0.6-fastmss-prepared-shar-bs10-a100-80gb-4gpu-debug-debug-v1-1780602382/checkpoints/step_150_epoch_1_val-der_0.2196.nemo,2,0.506,0,0.506
arda-argmax/sortformer-finetuned/6spk-v0.6-fastmss-prepared-shar-bs10-a100-80gb-4gpu-debug-debug-v1-1780602382/checkpoints/step_200_epoch_1_val-der_0.2164.nemo,2,0.506,0,0.506
arda-argmax/sortformer-finetuned/6spk-v0.6-fastmss-prepared-shar-bs10-a100-80gb-4gpu-debug-debug-v1-1780602382/checkpoints/step_300_epoch_2_val-der_0.2103.nemo,2,0.504,0,0.504
arda-argmax/sortformer-finetuned/6spk-v0.6-fastmss-prepared-shar-bs10-a100-80gb-4gpu-debug-debug-v1-1780602382/checkpoints/step_50_epoch_0_val-der_0.3548.nemo,2,0.506,0,0.506
arda-argmax/sortformer-finetuned/6spk-v0.6-fastmss-prepared-shar-bs10-a100-80gb-4gpu-fullset-v11-1780998497/best.nemo,2,0.504,0,0.504
arda-argmax/sortformer-finetuned/6spk-v0.6-fastmss-prepared-shar-bs10-a100-80gb-4gpu-fullset-v11-1780998497/checkpoints/step_11235_epoch_0_val-der_0.0716.nemo,2,0.505,0,0.505
arda-argmax/sortformer-finetuned/6spk-v0.6-fastmss-prepared-shar-bs10-a100-80gb-4gpu-fullset-v11-1780998497/checkpoints/step_14980_epoch_0_val-der_0.0702.nemo,2,0.508,0,0.508
arda-argmax/sortformer-finetuned/6spk-v0.6-fastmss-prepared-shar-bs10-a100-80gb-4gpu-fullset-v11-1780998497/checkpoints/step_3745_epoch_0_val-der_0.0756.nemo,2,0.505,0,0.505
arda-argmax/sortformer-finetuned/6spk-v0.6-fastmss-prepared-shar-bs10-a100-80gb-4gpu-fullset-v11-1780998497/checkpoints/step_7490_epoch_0_val-der_0.0723.nemo,2,0.504,0,0.504
arda-argmax/sortformer-finetuned/6spk-v0.6-fastmss-prepared-shar-bs10-a100-80gb-8gpu-debug-debug-v1-1780604170/best.nemo,2,0.509,0,0.509
arda-argmax/sortformer-finetuned/6spk-v0.6-fastmss-prepared-shar-bs10-a100-80gb-8gpu-debug-debug-v1-1780604170/checkpoints/step_100_epoch_1_val-der_0.2204.nemo,2,0.507,0,0.507
arda-argmax/sortformer-finetuned/6spk-v0.6-fastmss-prepared-shar-bs10-a100-80gb-8gpu-debug-debug-v1-1780604170/checkpoints/step_150_epoch_2_val-der_0.2128.nemo,2,0.505,0,0.505
arda-argmax/sortformer-finetuned/6spk-v0.6-fastmss-prepared-shar-bs10-a100-80gb-8gpu-debug-debug-v1-1780604170/checkpoints/step_50_epoch_0_val-der_0.3458.nemo,2,0.611,0,0.611
arda-argmax/sortformer-finetuned/6spk-v0.6-fastmss-prepared-shar-bs10-a100-80gb-8gpu-fullset-v10-1780606582/best.nemo,2,0.504,0,0.504
arda-argmax/sortformer-finetuned/6spk-v0.6-fastmss-prepared-shar-bs10-a100-80gb-8gpu-fullset-v10-1780606582/checkpoints/step_11232_epoch_0_val-der_0.0901.nemo,2,0.504,0,0.504
arda-argmax/sortformer-finetuned/6spk-v0.6-fastmss-prepared-shar-bs10-a100-80gb-8gpu-fullset-v10-1780606582/checkpoints/step_13104_epoch_0_val-der_0.0887.nemo,2,0.509,0,0.509
arda-argmax/sortformer-finetuned/6spk-v0.6-fastmss-prepared-shar-bs10-a100-80gb-8gpu-fullset-v10-1780606582/checkpoints/step_14976_epoch_0_val-der_0.0879.nemo,2,0.505,0,0.505
arda-argmax/sortformer-finetuned/6spk-v0.6-fastmss-prepared-shar-bs10-a100-80gb-8gpu-fullset-v10-1780606582/checkpoints/step_16848_epoch_0_val-der_0.0865.nemo,2,0.505,0,0.505
arda-argmax/sortformer-finetuned/6spk-v0.6-fastmss-prepared-shar-bs10-a100-80gb-8gpu-fullset-v10-1780606582/checkpoints/step_18720_epoch_0_val-der_0.0854.nemo,2,0.508,0,0.508
arda-argmax/sortformer-finetuned/6spk-v0.6-fastmss-prepared-shar-bs10-a100-80gb-8gpu-fullset-v10-1780606582/checkpoints/step_1872_epoch_0_val-der_0.1109.nemo,2,0.507,0,0.507
arda-argmax/sortformer-finetuned/6spk-v0.6-fastmss-prepared-shar-bs10-a100-80gb-8gpu-fullset-v10-1780606582/checkpoints/step_20592_epoch_0_val-der_0.0846.nemo,2,0.506,0,0.506
arda-argmax/sortformer-finetuned/6spk-v0.6-fastmss-prepared-shar-bs10-a100-80gb-8gpu-fullset-v10-1780606582/checkpoints/step_22464_epoch_0_val-der_0.0840.nemo,2,0.507,0,0.507
arda-argmax/sortformer-finetuned/6spk-v0.6-fastmss-prepared-shar-bs10-a100-80gb-8gpu-fullset-v10-1780606582/checkpoints/step_24336_epoch_0_val-der_0.0838.nemo,2,0.505,0,0.505
arda-argmax/sortformer-finetuned/6spk-v0.6-fastmss-prepared-shar-bs10-a100-80gb-8gpu-fullset-v10-1780606582/checkpoints/step_26208_epoch_0_val-der_0.0828.nemo,2,0.505,0,0.505
arda-argmax/sortformer-finetuned/6spk-v0.6-fastmss-prepared-shar-bs10-a100-80gb-8gpu-fullset-v10-1780606582/checkpoints/step_28080_epoch_0_val-der_0.0815.nemo,2,0.508,0,0.508
arda-argmax/sortformer-finetuned/6spk-v0.6-fastmss-prepared-shar-bs10-a100-80gb-8gpu-fullset-v10-1780606582/checkpoints/step_31824_epoch_0_val-der_0.0807.nemo,2,0.506,0,0.506
arda-argmax/sortformer-finetuned/6spk-v0.6-fastmss-prepared-shar-bs10-a100-80gb-8gpu-fullset-v10-1780606582/checkpoints/step_35568_epoch_0_val-der_0.0804.nemo,2,0.504,0,0.504
arda-argmax/sortformer-finetuned/6spk-v0.6-fastmss-prepared-shar-bs10-a100-80gb-8gpu-fullset-v10-1780606582/checkpoints/step_37440_epoch_0_val-der_0.0797.nemo,2,0.510,0,0.510
arda-argmax/sortformer-finetuned/6spk-v0.6-fastmss-prepared-shar-bs10-a100-80gb-8gpu-fullset-v10-1780606582/checkpoints/step_3744_epoch_0_val-der_0.1021.nemo,2,0.506,0,0.506
arda-argmax/sortformer-finetuned/6spk-v0.6-fastmss-prepared-shar-bs10-a100-80gb-8gpu-fullset-v10-1780606582/checkpoints/step_5616_epoch_0_val-der_0.0964.nemo,2,0.506,0,0.506
arda-argmax/sortformer-finetuned/6spk-v0.6-fastmss-prepared-shar-bs10-a100-80gb-8gpu-fullset-v10-1780606582/checkpoints/step_7488_epoch_0_val-der_0.0941.nemo,2,0.507,0,0.507
arda-argmax/sortformer-finetuned/6spk-v0.6-fastmss-prepared-shar-bs10-a100-80gb-8gpu-fullset-v10-1780606582/checkpoints/step_9360_epoch_0_val-der_0.0917.nemo,2,0.505,0,0.505
arda-argmax/sortformer-finetuned/6spk-vox-ami-aishell-ali-bs10-ga2-a100-80gb-4gpu-5ep-v2-1782411519/best.nemo,2,0.506,0,0.506
arda-argmax/sortformer-finetuned/6spk-vox-ami-aishell-ali-bs10-ga2-a100-80gb-4gpu-5ep-v2-1782411519/checkpoints/step_104_epoch_0_val-der_0.1575.nemo,2,0.510,0,0.510
arda-argmax/sortformer-finetuned/6spk-vox-ami-aishell-ali-bs10-ga2-a100-80gb-4gpu-5ep-v2-1782411519/checkpoints/step_131_epoch_1_val-der_0.1559.nemo,2,0.504,0,0.504
arda-argmax/sortformer-finetuned/6spk-vox-ami-aishell-ali-bs10-ga2-a100-80gb-4gpu-5ep-v2-1782411519/checkpoints/step_183_epoch_1_val-der_0.1529.nemo,2,0.505,0,0.505
arda-argmax/sortformer-finetuned/6spk-vox-ami-aishell-ali-bs10-ga2-a100-80gb-4gpu-5ep-v2-1782411519/checkpoints/step_236_epoch_2_val-der_0.1527.nemo,2,0.507,0,0.507
arda-argmax/sortformer-finetuned/6spk-vox-ami-aishell-ali-bs10-ga2-a100-80gb-4gpu-5ep-v2-1782411519/checkpoints/step_26_epoch_0_val-der_0.1865.nemo,2,0.504,0,0.504
arda-argmax/sortformer-finetuned/6spk-vox-ami-aishell-ali-bs10-ga2-a100-80gb-4gpu-5ep-v2-1782411519/checkpoints/step_288_epoch_2_val-der_0.1515.nemo,2,0.506,0,0.506
arda-argmax/sortformer-finetuned/6spk-vox-ami-aishell-ali-bs10-ga2-a100-80gb-4gpu-5ep-v2-1782411519/checkpoints/step_341_epoch_3_val-der_0.1510.nemo,2,0.608,0,0.608
arda-argmax/sortformer-finetuned/6spk-vox-ami-aishell-ali-bs10-ga2-a100-80gb-4gpu-5ep-v2-1782411519/checkpoints/step_419_epoch_3_val-der_0.1496.nemo,2,0.505,0,0.505
arda-argmax/sortformer-finetuned/6spk-vox-ami-aishell-ali-bs10-ga2-a100-80gb-4gpu-5ep-v2-1782411519/checkpoints/step_472_epoch_4_val-der_0.1480.nemo,2,0.505,0,0.505
arda-argmax/sortformer-finetuned/6spk-vox-ami-aishell-ali-bs10-ga2-a100-80gb-4gpu-5ep-v2-1782411519/checkpoints/step_52_epoch_0_val-der_0.1649.nemo,2,0.509,0,0.509
arda-argmax/sortformer-finetuned/6spk-vox-ami-aishell-ali-bs10-ga2-a100-80gb-4gpu-5ep-v2-1782411519/checkpoints/step_78_epoch_0_val-der_0.1603.nemo,2,0.506,0,0.506
arda-argmax/sortformer-finetuned/8spk-v0.2-bs1-acc8-l4-cachedtrain-shardedval_v3-1777960366/best.nemo,2,0.505,0,0.505
arda-argmax/sortformer-finetuned/8spk-v0.2-bs1-acc8-l4-cachedtrain-shardedval_v6-1777969623/best.nemo,2,0.508,0,0.508
arda-argmax/sortformer-finetuned/8spk-v0.2-bs1-acc8-l4-cachedval-1777594506/best.nemo,2,0.505,0,0.505
arda-argmax/sortformer-finetuned/8spk-v0.2-bs1-acc8-l4-diskcache-shardedval-v1-1778007921/best.nemo,2,0.505,0,0.505
arda-argmax/sortformer-finetuned/smoke-1777401758/best.nemo,2,0.508,0,0.508
arda-argmax/sortformer-finetuned/sortformer-train-1777492805/best.nemo,2,0.505,0,0.505
arda-argmax/sortformer-finetuned/sortformer-train-1777563938/best.nemo,2,0.505,0,0.505
arda-argmax/sortformer-finetuned/sortformer-train-1777567093/best.nemo,2,0.510,0,0.510
arda-argmax/sortformer-finetuned/sortformer-train-1777578793/best.nemo,2,0.505,0,0.505
arda-argmax/sortformer-finetuned/sortformer-train-1777589381/best.nemo,2,0.505,0,0.505
arda-argmax/sortformer-finetuned/vertex-streaming-smoke-train-1777405971/best.nemo,2,0.508,0,0.508
arda-argmax/sortformer-finetuned/vertex-streaming-smoke-train-1777413928/best.nemo,2,0.505,0,0.505
timm/MobileCLIP2-S0-OpenCLIP/open_clip_pytorch_model.bin,2,0.026,0,0.026
optimum-intel-internal-testing/tiny-random-Data2VecTextModel/pytorch_model.bin,2,0.007,0,0.007
timm/convnext_large.dinov3_lvd1689m/pytorch_model.bin,2,0.013,0,0.013
timm/MobileCLIP2-S2-OpenCLIP/open_clip_pytorch_model.bin,2,0.038,0,0.038
OpenMed/OpenMed-ZeroShot-NER-Pathology-Tiny-60M/pytorch_model.bin,2,0.008,0,0.008
nvidia/C-RADIOv4-SO400M/c-radio_v4-so400m_half.pth.tar,2,0.013,7.565,7.578
zondaxyz/babyconceptLM-baike102M_bpe40/pytorch_model.bin,2,0.019,0,0.019
pytorch/gemma-3-12b-it-FP8/pytorch_model-00001-of-00003.bin,2,0.042,9.534,9.575
LuckyOda/comfyui-full-pack/person_yolov8m-seg.pt,2,0.080,17.261,17.342
blackbeedrones/sae-2026-hang-all-yolo26n-seg-v2-960/weights/epoch187.pt,2,0.223,27.178,27.401
knalin55/CUNI_FT-CROSS-LoRA/training_args.bin,2,0.007,7.516,7.523
thatbrguy/g3t/model.pt,2,0.056,0,0.056
michka/Melenchon-Nemo-12B/checkpoint-240/optimizer.pt,2,0.057,0,0.057
Stable-X/vggt-object-v0-1/model.pt,2,0.043,0,0.043
sakamakismile/Qwen3.6-27B-LNARIZE-NVFP4/kvtc_calibration.pt,2,0.026,7.465,7.490
timm/vit_huge_patch14_clip_378.metaclip2_worldwide/open_clip_pytorch_model.bin,2,0.032,0,0.032
timm/vit_huge_patch14_clip_378.metaclip2_worldwide/pytorch_model.bin,2,0.017,0,0.017
Chess473737/nepal-model/A100Pretrain/checkpoint-10000/training_args.bin,2,0.006,8.226,8.233
Chess473737/nepal-model/A100Pretrain/checkpoint-15000/training_args.bin,2,0.007,9.424,9.431
Chess473737/nepal-model/A100Pretrain/checkpoint-20000/training_args.bin,2,0.012,7.870,7.882
Chess473737/nepal-model/A100Pretrain/checkpoint-5000/optimizer.pt,2,0.029,0,0.029
Chess473737/nepal-model/A100Pretrain/checkpoint-5000/scheduler.pt,2,0.007,0,0.007
Chess473737/nepal-model/A100Pretrain/checkpoint-5000/training_args.bin,2,0.006,8.553,8.559
Chess473737/nepal-model/Kaggle1B/ckpt-12000/scheduler.pt,2,0.007,0,0.007
openbmb/BitCPM-CANN-3B/pytorch_model.bin,2,0.017,0,0.017
typhoon-ai/typhoon-asr-realtime/typhoon-asr-realtime.nemo,2,0.496,0,0.496
cisco-ai/SecureBERT2.0-cross_encoder/optimizer.pt,2,0.015,0,0.015
AIDElab-IITBombay/RadJEPA/jepa_encoder.pth.tar,2,0.030,0,0.030
Runware/adetailer/deepfashion2_yolov8s-seg.pt,2,0.047,14.838,14.884
Runware/adetailer/person_yolov8m-seg.pt,2,0.083,19.131,19.213
Runware/adetailer/person_yolov8n-seg.pt,2,0.048,14.088,14.136
Runware/adetailer/person_yolov8s-seg.pt,2,0.067,10.745,10.812
stabilityai/stable-audio-3-small-sfx-base/svd_bases.pt,2,0.031,0,0.031
openbmb/BitCPM-CANN-8B/pytorch_model.bin,2,0.036,0,0.036
GaryFer/smart-parking-weights/fasterrcnnv2/best_seed1000.pt,2,0.017,0,0.017
GaryFer/smart-parking-weights/fasterrcnnv2/best_seed123.pt,2,0.017,0,0.017
GaryFer/smart-parking-weights/fasterrcnnv2/best_seed1234.pt,2,0.016,0,0.016
GaryFer/smart-parking-weights/fasterrcnnv2/best_seed2025.pt,2,0.016,0,0.016
GaryFer/smart-parking-weights/fasterrcnnv2/best_seed3141.pt,2,0.016,0,0.016
GaryFer/smart-parking-weights/fasterrcnnv2/best_seed42.pt,2,0.020,0,0.020
GaryFer/smart-parking-weights/fasterrcnnv2/best_seed456.pt,2,0.014,0,0.014
GaryFer/smart-parking-weights/rtdetr/run_1000/weights/best.pt,2,0.087,27.082,27.170
GaryFer/smart-parking-weights/rtdetr/run_1000/weights/last.pt,2,0.111,19.974,20.085
GaryFer/smart-parking-weights/rtdetr/run_123/weights/best.pt,2,0.113,26.632,26.745
GaryFer/smart-parking-weights/rtdetr/run_1234/weights/best.pt,2,0.101,22.241,22.342
GaryFer/smart-parking-weights/rtdetr/run_1234/weights/last.pt,2,0.111,21.160,21.271
GaryFer/smart-parking-weights/rtdetr/run_2024/weights/last.pt,2,0.117,20.427,20.544
GaryFer/smart-parking-weights/rtdetr/run_3141/weights/best.pt,2,0.210,22.442,22.652
GaryFer/smart-parking-weights/rtdetr/run_456/weights/best.pt,2,0.100,17.792,17.892
GaryFer/smart-parking-weights/rtdetr/run_789/weights/best.pt,2,0.111,17.295,17.405
GaryFer/smart-parking-weights/yolov11s/run_1000/weights/last.pt,2,0.065,20.624,20.690
GaryFer/smart-parking-weights/yolov11s/run_123/weights/best.pt,2,0.067,27.076,27.144
GaryFer/smart-parking-weights/yolov11s/run_123/weights/last.pt,2,0.068,18.678,18.746
GaryFer/smart-parking-weights/yolov11s/run_1234/weights/best.pt,2,0.069,17.363,17.432
GaryFer/smart-parking-weights/yolov11s/run_2025/weights/best.pt,2,0.070,15.417,15.487
GaryFer/smart-parking-weights/yolov11s/run_2025/weights/last.pt,2,0.159,14.119,14.278
GaryFer/smart-parking-weights/yolov11s/run_3141/weights/best.pt,2,0.069,17.653,17.722
GaryFer/smart-parking-weights/yolov11s/run_42/weights/best.pt,2,0.069,20.881,20.950
GaryFer/smart-parking-weights/yolov11s/run_456/weights/best.pt,2,0.067,24.293,24.360
GaryFer/smart-parking-weights/yolov11s/run_456/weights/last.pt,2,0.071,19.081,19.152
GaryFer/smart-parking-weights/yolov11s/run_789/weights/best.pt,2,0.067,15.852,15.919
GaryFer/smart-parking-weights/yolov11s/run_789/weights/last.pt,2,0.068,15.911,15.979
GaryFer/smart-parking-weights/yolov11s/run_9999/weights/best.pt,2,0.066,16.118,16.184
GaryFer/smart-parking-weights/yolov11s/run_9999/weights/last.pt,2,0.073,22.872,22.944
GaryFer/smart-parking-weights/yolov12s/run_1000/weights/best.pt,2,0.084,32.817,32.901
GaryFer/smart-parking-weights/yolov12s/run_1000/weights/last.pt,2,0.172,27.300,27.473
GaryFer/smart-parking-weights/yolov12s/run_123/weights/best.pt,2,0.089,15.352,15.440
GaryFer/smart-parking-weights/yolov12s/run_1234/weights/last.pt,2,0.090,30.150,30.240
GaryFer/smart-parking-weights/yolov12s/run_2024/weights/last.pt,2,0.085,16.329,16.414
GaryFer/smart-parking-weights/yolov12s/run_2025/weights/best.pt,2,0.090,26.462,26.553
GaryFer/smart-parking-weights/yolov12s/run_3141/weights/best.pt,2,0.089,19.706,19.795
GaryFer/smart-parking-weights/yolov12s/run_3141/weights/last.pt,2,0.086,17.559,17.645
GaryFer/smart-parking-weights/yolov12s/run_42/weights/best.pt,2,0.082,26.883,26.965
GaryFer/smart-parking-weights/yolov12s/run_456/weights/best.pt,2,0.184,26.501,26.685
GaryFer/smart-parking-weights/yolov12s/run_456/weights/last.pt,2,0.075,36.903,36.978
GaryFer/smart-parking-weights/yolov12s/run_789/weights/last.pt,2,0.087,29.941,30.028
GaryFer/smart-parking-weights/yolov12s/run_9999/weights/best.pt,2,0.089,35.629,35.718
GaryFer/smart-parking-weights/yolov12s/run_9999/weights/last.pt,2,0.089,31.528,31.617
GaryFer/smart-parking-weights/yolov8s/run_1000/weights/best.pt,2,0.058,12.379,12.437
GaryFer/smart-parking-weights/yolov8s/run_123/weights/best.pt,2,0.057,13.740,13.797
GaryFer/smart-parking-weights/yolov8s/run_1234/weights/best.pt,2,0.060,14.178,14.238
GaryFer/smart-parking-weights/yolov8s/run_2024/weights/best.pt,2,0.055,19.032,19.088
GaryFer/smart-parking-weights/yolov8s/run_2025/weights/best.pt,2,0.048,12.206,12.254
GaryFer/smart-parking-weights/yolov8s/run_3141/weights/best.pt,2,0.044,12.317,12.361
GaryFer/smart-parking-weights/yolov8s/run_3141/weights/last.pt,2,0.183,10.817,11.000
GaryFer/smart-parking-weights/yolov8s/run_789/weights/best.pt,2,0.058,11.406,11.464
GaryFer/smart-parking-weights/yolov8s/run_9999/weights/best.pt,2,0.053,13.417,13.470
GaryFer/smart-parking-weights/yolov8s/run_9999/weights/last.pt,2,0.056,14.742,14.798
baichuan-inc/Baichuan-M2-32B/draft/pytorch_model.bin,2,0.008,0,0.008
gabrielpirlo/Sped_ParakeetRomanian_110M_TDT-CTC/SpeD-ParakeetRo_110M_TDT-CTC.nemo,2,0.493,0,0.493
Soul-AILab/SoulX-Singer-Preprocess/parakeet-tdt-0.6b-v2/parakeet-tdt-0.6b-v2.nemo,2,2.548,0,2.548
openbmb/BitCPM-CANN-8B-unquantized/pytorch_model.bin,2,0.015,0,0.015
ecmwf/aifs-ens-2.0/aifs-ens-crps-2.0.ckpt,2,0.109,44.805,44.914
facebook/lagernvs_general_512/model.pt,2,0.056,0,0.056
Malgesw/ppo-Huggy/Huggy/Huggy-1599365.pt,2,0.011,0,0.011
yuriyvnv/parakeet-tdt-0.6b-EN-Medical/parakeet-tdt-cv17_multimed_en-seed42.nemo,2,2.576,0,2.576
yuriyvnv/parakeet-tdt-0.6b-EN-Medical/parakeet-tdt-multimed_en-seed42.nemo,2,2.576,0,2.576
shaikhsalman/ZabaanAI-Urdu-3B/last-checkpoint/optimizer.pt,2,0.045,0,0.045
fpadovani/rus-cyrl-100mb-100mb_seed3407/checkpoint-105000/rng_state.pth,2,0.008,6.050,6.058
fpadovani/rus-cyrl-100mb-100mb_seed3407/checkpoint-39000/rng_state.pth,2,0.008,5.604,5.613
fpadovani/rus-cyrl-100mb-100mb_seed3407/checkpoint-42000/rng_state.pth,2,0.006,5.331,5.337
nvidia/magpie_tts_multilingual_357m/magpie_tts_multilingual_357m.nemo,2,1.543,0,1.543
asdasdasd1234567890/asd/ultralytics/segm/CockAndBallYolo8x.pt,2,0.069,23.175,23.245
asdasdasd1234567890/asd/ultralytics/segm/PitEyeDetailer-v2-seg.pt,2,0.072,10.354,10.426
asdasdasd1234567890/asd/ultralytics/segm/face_yolov8m-seg_60.pt,2,0.068,27.182,27.250
asdasdasd1234567890/asd/ultralytics/segm/person_yolov8m-seg.pt,2,0.177,12.789,12.966
asdasdasd1234567890/asd/ultralytics/segm/person_yolov8n-seg.pt,2,0.071,13.867,13.939
asdasdasd1234567890/asd/ultralytics/segm/person_yolov8s-seg.pt,2,0.067,14.009,14.076
asdasdasd1234567890/asd/ultralytics/segm/skin_yolov8m-seg_400.pt,2,0.069,21.406,21.475
asdasdasd1234567890/asd/ultralytics/segm/yolo-human-parse-epoch-125.pt,2,0.103,18.106,18.209
asdasdasd1234567890/asd/ultralytics/segm/yolo11n-seg.pt,2,0.088,22.800,22.888
attack-vector/SecureModernBERT-NER/checkpoint-10605/optimizer.pt,2,0.031,0,0.031
timm/vit_small_plus_patch16_dinov3_qkvb.lvd1689m/pytorch_model.bin,2,0.017,0,0.017
vivekvar/helmet-v5/yolo11l-pose.pt,2,0.120,30.198,30.318
binant/wendyrv/model.pth,2,0.028,0,0.028
jwest33/qwen3-vl-8b-instruct-null-space-abliterated/null_space_projectors.pt,2,0.010,0,0.010
jwest33/qwen3-vl-8b-instruct-null-space-abliterated/refusal_directions.pt,2,0.006,0,0.006
inference-optimization/Laguna-XS.2-speculator.dflash-Qwen235B-500k-ckpt5/scheduler_state_dict.pt,2,0.005,0,0.005
smegmarip/ComfyUI/segm/person_yolov8s-seg.pt,2,0.058,11.263,11.322
smegmarip/ComfyUI/ultralytics/segm/AnzhcHead-seg.pt,2,0.073,31.886,31.959
smegmarip/ComfyUI/ultralytics/segm/person_yolov8m-seg.pt,2,0.175,15.845,16.020
fpadovani/swa-latn-100mb-after-ppt-shuff-dyck-100mb-ckpt500_seed3407/checkpoint-164000/rng_state.pth,2,0.006,5.132,5.138
fpadovani/swa-latn-100mb-after-ppt-shuff-dyck-100mb-ckpt500_seed3407/checkpoint-212000/rng_state.pth,2,0.008,4.433,4.441
fpadovani/swa-latn-100mb-after-ppt-shuff-dyck-100mb-ckpt500_seed3407/checkpoint-220000/rng_state.pth,2,0.008,6.194,6.202
fpadovani/swa-latn-100mb-after-ppt-shuff-dyck-100mb-ckpt500_seed3407/checkpoint-224000/rng_state.pth,2,0.009,5.247,5.255
fpadovani/swa-latn-100mb-after-ppt-shuff-dyck-100mb-ckpt500_seed3407/checkpoint-232000/rng_state.pth,2,0.006,9.349,9.354
fpadovani/swa-latn-100mb-after-ppt-shuff-dyck-100mb-ckpt500_seed3407/checkpoint-272000/rng_state.pth,2,0.007,6.055,6.062
fpadovani/swa-latn-100mb-after-ppt-shuff-dyck-100mb-ckpt500_seed3407/checkpoint-280000/rng_state.pth,2,0.007,5.108,5.115
fpadovani/swa-latn-100mb-after-ppt-shuff-dyck-100mb-ckpt500_seed3407/checkpoint-40000/rng_state.pth,2,0.007,16.269,16.277
fpadovani/swa-latn-100mb-after-ppt-shuff-dyck-100mb-ckpt500_seed3407/checkpoint-44000/rng_state.pth,2,0.007,14.836,14.843
fpadovani/swa-latn-100mb-after-ppt-shuff-dyck-100mb-ckpt500_seed3407/checkpoint-80000/rng_state.pth,2,0.009,5.824,5.833
fpadovani/ind-latn-100mb-after-ppt-Dp-100mb-ckpt500_seed3407/checkpoint-102000/training_args.bin,2,0.009,21.797,21.806
fpadovani/ind-latn-100mb-after-ppt-Dp-100mb-ckpt500_seed3407/checkpoint-105000/training_args.bin,2,0.010,15.857,15.867
fpadovani/ind-latn-100mb-after-ppt-Dp-100mb-ckpt500_seed3407/checkpoint-108000/training_args.bin,2,0.010,9.407,9.417
fpadovani/ind-latn-100mb-after-ppt-Dp-100mb-ckpt500_seed3407/checkpoint-111000/training_args.bin,2,0.021,34.893,34.914
fpadovani/ind-latn-100mb-after-ppt-Dp-100mb-ckpt500_seed3407/checkpoint-114000/training_args.bin,2,0.009,33.574,33.583
fpadovani/ind-latn-100mb-after-ppt-Dp-100mb-ckpt500_seed3407/checkpoint-117000/training_args.bin,2,0.009,9.717,9.726
fpadovani/ind-latn-100mb-after-ppt-Dp-100mb-ckpt500_seed3407/checkpoint-12000/training_args.bin,2,0.010,11.454,11.464
fpadovani/ind-latn-100mb-after-ppt-Dp-100mb-ckpt500_seed3407/checkpoint-120000/training_args.bin,2,0.008,15.349,15.357
fpadovani/ind-latn-100mb-after-ppt-Dp-100mb-ckpt500_seed3407/checkpoint-123000/training_args.bin,2,0.009,12.468,12.476
fpadovani/ind-latn-100mb-after-ppt-Dp-100mb-ckpt500_seed3407/checkpoint-126000/training_args.bin,2,0.009,13.200,13.209
fpadovani/ind-latn-100mb-after-ppt-Dp-100mb-ckpt500_seed3407/checkpoint-128520/rng_state.pth,2,0.009,8.388,8.398
fpadovani/ind-latn-100mb-after-ppt-Dp-100mb-ckpt500_seed3407/checkpoint-128520/training_args.bin,2,0.007,15.038,15.045
fpadovani/ind-latn-100mb-after-ppt-Dp-100mb-ckpt500_seed3407/checkpoint-15000/training_args.bin,2,0.007,9.721,9.727
fpadovani/ind-latn-100mb-after-ppt-Dp-100mb-ckpt500_seed3407/checkpoint-18000/training_args.bin,2,0.009,11.762,11.771
fpadovani/ind-latn-100mb-after-ppt-Dp-100mb-ckpt500_seed3407/checkpoint-21000/rng_state.pth,2,0.007,7.638,7.645
fpadovani/ind-latn-100mb-after-ppt-Dp-100mb-ckpt500_seed3407/checkpoint-21000/training_args.bin,2,0.007,14.150,14.157
fpadovani/ind-latn-100mb-after-ppt-Dp-100mb-ckpt500_seed3407/checkpoint-24000/training_args.bin,2,0.007,17.805,17.811
fpadovani/ind-latn-100mb-after-ppt-Dp-100mb-ckpt500_seed3407/checkpoint-27000/training_args.bin,2,0.010,12.994,13.004
fpadovani/ind-latn-100mb-after-ppt-Dp-100mb-ckpt500_seed3407/checkpoint-3000/training_args.bin,2,0.008,12.583,12.591
fpadovani/ind-latn-100mb-after-ppt-Dp-100mb-ckpt500_seed3407/checkpoint-30000/training_args.bin,2,0.008,12.700,12.707
fpadovani/ind-latn-100mb-after-ppt-Dp-100mb-ckpt500_seed3407/checkpoint-33000/training_args.bin,2,0.013,17.477,17.490
fpadovani/ind-latn-100mb-after-ppt-Dp-100mb-ckpt500_seed3407/checkpoint-36000/rng_state.pth,2,0.008,11.248,11.256
fpadovani/ind-latn-100mb-after-ppt-Dp-100mb-ckpt500_seed3407/checkpoint-36000/training_args.bin,2,0.008,15.555,15.562
fpadovani/ind-latn-100mb-after-ppt-Dp-100mb-ckpt500_seed3407/checkpoint-39000/training_args.bin,2,0.006,13.200,13.206
fpadovani/ind-latn-100mb-after-ppt-Dp-100mb-ckpt500_seed3407/checkpoint-42000/training_args.bin,2,0.008,19.239,19.247
fpadovani/ind-latn-100mb-after-ppt-Dp-100mb-ckpt500_seed3407/checkpoint-45000/training_args.bin,2,0.008,13.547,13.555
fpadovani/ind-latn-100mb-after-ppt-Dp-100mb-ckpt500_seed3407/checkpoint-48000/training_args.bin,2,0.007,11.720,11.727
fpadovani/ind-latn-100mb-after-ppt-Dp-100mb-ckpt500_seed3407/checkpoint-51000/training_args.bin,2,0.012,10.837,10.849
fpadovani/ind-latn-100mb-after-ppt-Dp-100mb-ckpt500_seed3407/checkpoint-54000/training_args.bin,2,0.010,12.274,12.284
fpadovani/ind-latn-100mb-after-ppt-Dp-100mb-ckpt500_seed3407/checkpoint-57000/training_args.bin,2,0.008,14.124,14.132
fpadovani/ind-latn-100mb-after-ppt-Dp-100mb-ckpt500_seed3407/checkpoint-6000/training_args.bin,2,0.008,18.107,18.115
fpadovani/ind-latn-100mb-after-ppt-Dp-100mb-ckpt500_seed3407/checkpoint-60000/training_args.bin,2,0.009,11.349,11.358
fpadovani/ind-latn-100mb-after-ppt-Dp-100mb-ckpt500_seed3407/checkpoint-63000/training_args.bin,2,0.009,14.529,14.538
fpadovani/ind-latn-100mb-after-ppt-Dp-100mb-ckpt500_seed3407/checkpoint-66000/training_args.bin,2,0.009,13.091,13.099
fpadovani/ind-latn-100mb-after-ppt-Dp-100mb-ckpt500_seed3407/checkpoint-69000/rng_state.pth,2,0.008,4.595,4.603
fpadovani/ind-latn-100mb-after-ppt-Dp-100mb-ckpt500_seed3407/checkpoint-69000/training_args.bin,2,0.007,9.711,9.718
fpadovani/ind-latn-100mb-after-ppt-Dp-100mb-ckpt500_seed3407/checkpoint-72000/training_args.bin,2,0.006,15.553,15.559
fpadovani/ind-latn-100mb-after-ppt-Dp-100mb-ckpt500_seed3407/checkpoint-75000/training_args.bin,2,0.008,11.974,11.983
fpadovani/ind-latn-100mb-after-ppt-Dp-100mb-ckpt500_seed3407/checkpoint-78000/training_args.bin,2,0.008,11.355,11.363
fpadovani/ind-latn-100mb-after-ppt-Dp-100mb-ckpt500_seed3407/checkpoint-81000/rng_state.pth,2,0.006,5.621,5.627
fpadovani/ind-latn-100mb-after-ppt-Dp-100mb-ckpt500_seed3407/checkpoint-81000/training_args.bin,2,0.006,12.894,12.899
fpadovani/ind-latn-100mb-after-ppt-Dp-100mb-ckpt500_seed3407/checkpoint-84000/training_args.bin,2,0.007,14.628,14.635
fpadovani/ind-latn-100mb-after-ppt-Dp-100mb-ckpt500_seed3407/checkpoint-87000/training_args.bin,2,0.008,15.146,15.154
fpadovani/ind-latn-100mb-after-ppt-Dp-100mb-ckpt500_seed3407/checkpoint-9000/training_args.bin,2,0.008,13.513,13.521
fpadovani/ind-latn-100mb-after-ppt-Dp-100mb-ckpt500_seed3407/checkpoint-90000/rng_state.pth,2,0.007,5.717,5.723
fpadovani/ind-latn-100mb-after-ppt-Dp-100mb-ckpt500_seed3407/checkpoint-90000/training_args.bin,2,0.007,15.449,15.456
fpadovani/ind-latn-100mb-after-ppt-Dp-100mb-ckpt500_seed3407/checkpoint-93000/training_args.bin,2,0.005,12.215,12.220
fpadovani/ind-latn-100mb-after-ppt-Dp-100mb-ckpt500_seed3407/checkpoint-96000/training_args.bin,2,0.007,11.813,11.820
fpadovani/ind-latn-100mb-after-ppt-Dp-100mb-ckpt500_seed3407/checkpoint-99000/training_args.bin,2,0.006,12.805,12.811
fpadovani/ind-latn-100mb-after-ppt-Dp-100mb-ckpt500_seed3407/training_args.bin,2,0.011,15.754,15.766
nvidia/nemo-nano-codec-22khz-0.6kbps-12.5fps/nemo-nano-codec-22khz-0.6kbps-12.5fps.nemo,2,0.464,0,0.464
fpadovani/swe-latn-10mb-after-ppt-Dp-100mb-ckpt500_seed3407/checkpoint-9000/rng_state.pth,2,0.007,4.849,4.856
omi-health/omi-med-stt-v1/omimedstt-v1.nemo,2,2.576,0,2.576
fpadovani/swa-latn-100mb-after-ppt-Dp-100mb-ckpt500_seed3407/checkpoint-164000/rng_state.pth,2,0.007,4.226,4.234
fpadovani/swa-latn-100mb-after-ppt-Dp-100mb-ckpt500_seed3407/checkpoint-212000/rng_state.pth,2,0.008,5.511,5.519
fpadovani/swa-latn-100mb-after-ppt-Dp-100mb-ckpt500_seed3407/checkpoint-220000/rng_state.pth,2,0.008,6.596,6.605
fpadovani/swa-latn-100mb-after-ppt-Dp-100mb-ckpt500_seed3407/checkpoint-224000/rng_state.pth,2,0.009,6.644,6.653
fpadovani/swa-latn-100mb-after-ppt-Dp-100mb-ckpt500_seed3407/checkpoint-232000/rng_state.pth,2,0.008,4.388,4.396
fpadovani/swa-latn-100mb-after-ppt-Dp-100mb-ckpt500_seed3407/checkpoint-272000/rng_state.pth,2,0.009,5.309,5.319
fpadovani/swa-latn-100mb-after-ppt-Dp-100mb-ckpt500_seed3407/checkpoint-280000/rng_state.pth,2,0.008,4.306,4.314
fpadovani/swa-latn-100mb-after-ppt-Dp-100mb-ckpt500_seed3407/checkpoint-40000/rng_state.pth,2,0.006,10.211,10.217
fpadovani/swa-latn-100mb-after-ppt-Dp-100mb-ckpt500_seed3407/checkpoint-44000/rng_state.pth,2,0.007,6.334,6.341
fpadovani/swa-latn-100mb-after-ppt-Dp-100mb-ckpt500_seed3407/checkpoint-80000/rng_state.pth,2,0.005,5.696,5.701
nvidia/GR00T-N1.7-SimplerEnv-Bridge/global_step32000/mp_rank_00_model_states.pt,2,0.074,0,0.074
fpadovani/tur-latn-100mb-100mb_seed10/checkpoint-24000/rng_state.pth,2,0.007,12.642,12.650
fpadovani/tur-latn-100mb-100mb_seed10/checkpoint-75000/rng_state.pth,2,0.007,5.313,5.320
ecmwf/aifs-single-1.1/aifs-single-mse-1.1.ckpt,2,0.086,42.630,42.716
nvidia/fourcastnet3/training_checkpoints/best_ckpt_mp0.tar,2,0.014,0,0.014
nvidia/parakeet-unified-en-0.6b/parakeet-unified-en-0.6b.nemo,2,2.548,0,2.548
fpadovani/hin-deva-100mb-after-ppt-Dp-100mb-ckpt500_seed3407/checkpoint-3000/rng_state.pth,2,0.006,8.535,8.541
fpadovani/hin-deva-100mb-after-ppt-Dp-100mb-ckpt500_seed3407/checkpoint-69000/rng_state.pth,2,0.007,12.583,12.590
fpadovani/hin-deva-100mb-after-ppt-Dp-100mb-ckpt500_seed3407/checkpoint-87000/rng_state.pth,2,0.009,6.029,6.038
fpadovani/swe-latn-10mb-100mb_seed3407/checkpoint-9000/rng_state.pth,2,0.009,10.534,10.543
fpadovani/hin-deva-10mb-after-ppt-Dp-100mb-ckpt500_seed3407/checkpoint-104090/rng_state.pth,2,0.007,4.084,4.091
fpadovani/hin-deva-10mb-after-ppt-Dp-100mb-ckpt500_seed3407/checkpoint-15000/rng_state.pth,2,0.007,4.998,5.004
fpadovani/hin-deva-10mb-after-ppt-Dp-100mb-ckpt500_seed3407/checkpoint-54000/rng_state.pth,2,0.007,8.480,8.487
fpadovani/hin-deva-10mb-after-ppt-Dp-100mb-ckpt500_seed3407/checkpoint-6000/rng_state.pth,2,0.008,6.675,6.683
fpadovani/swe-latn-100mb-100mb_seed3407/checkpoint-57000/rng_state.pth,2,0.008,26.511,26.519
fpadovani/swe-latn-100mb-100mb_seed3407/checkpoint-66000/rng_state.pth,2,0.006,6.219,6.226
fpadovani/swe-latn-100mb-100mb_seed3407/checkpoint-75000/rng_state.pth,2,0.009,11.251,11.260
fpadovani/swe-latn-100mb-100mb_seed3407/checkpoint-90000/rng_state.pth,2,0.006,7.773,7.779
fpadovani/ind-latn-10mb-after-ppt-Dp-100mb-ckpt500_seed3407/checkpoint-114000/rng_state.pth,2,0.008,7.155,7.162
fpadovani/ind-latn-10mb-after-ppt-Dp-100mb-ckpt500_seed3407/checkpoint-21000/rng_state.pth,2,0.006,6.749,6.754
fpadovani/ind-latn-10mb-after-ppt-Dp-100mb-ckpt500_seed3407/checkpoint-27000/rng_state.pth,2,0.008,4.593,4.601
fpadovani/ind-latn-10mb-after-ppt-Dp-100mb-ckpt500_seed3407/checkpoint-6000/rng_state.pth,2,0.006,6.751,6.757
conch/CoCa/MahmoodLab-CONCH/pytorch_model.bin,2,0.031,0,0.031
flagembedding/BAAI-bge-base-en/pytorch_model.bin,2,0.014,0,0.014
flagembedding/BAAI-bge-base-en-v1.5/pytorch_model.bin,2,0.012,0,0.012
flagembedding/BAAI-bge-base-zh-v1.5/pytorch_model.bin,2,0.010,0,0.010
flagembedding/BAAI-bge-large-en/pytorch_model.bin,2,0.015,0,0.015
flagembedding/BAAI-bge-large-en-v1.5/pytorch_model.bin,2,0.014,0,0.014
flagembedding/BAAI-bge-large-zh/pytorch_model.bin,2,0.014,0,0.014
flagembedding/BAAI-bge-large-zh-v1.5/pytorch_model.bin,2,0.015,0,0.015
flagembedding/BAAI-bge-reranker-base/pytorch_model.bin,2,0.010,0,0.010
flagembedding/BAAI-bge-reranker-large/pytorch_model.bin,2,0.013,0,0.013
flagembedding/BAAI-bge-small-en/pytorch_model.bin,2,0.009,0,0.009
flagembedding/BAAI-bge-small-en-v1.5/pytorch_model.bin,2,0.010,0,0.010
flagembedding/BAAI-bge-small-zh/pytorch_model.bin,2,0.008,0,0.008
flagembedding/BAAI-bge-small-zh-v1.5/pytorch_model.bin,2,0.008,0,0.008
flagembedding/BAAI-llm-embedder/pytorch_model.bin,2,0.008,0,0.008
flair/SequenceTagger/flair-chunk-english-fast/pytorch_model.bin,2,0.007,6.748,6.755
flair/SequenceTagger/flair-ner-dutch-large/pytorch_model.bin,2,0.032,4.765,4.797
flair/SequenceTagger/flair-ner-english/pytorch_model.bin,2,0.296,8.967,9.263
flair/SequenceTagger/flair-ner-english-fast/pytorch_model.bin,2,0.275,8.236,8.511
flair/SequenceTagger/flair-ner-english-large/pytorch_model.bin,2,0.055,5.354,5.409
flair/SequenceTagger/flair-ner-english-ontonotes/pytorch_model.bin,2,0.671,7.164,7.834
flair/SequenceTagger/flair-ner-english-ontonotes-fast/pytorch_model.bin,2,0.669,6.552,7.221
flair/SequenceTagger/flair-ner-english-ontonotes-large/pytorch_model.bin,2,0.073,4.827,4.899
flair/SequenceTagger/flair-ner-french/pytorch_model.bin,2,0.692,6.110,6.802
flair/SequenceTagger/flair-ner-german/pytorch_model.bin,2,0.730,6.173,6.903
flair/SequenceTagger/flair-ner-german-large/pytorch_model.bin,2,0.064,4.631,4.695
flair/SequenceTagger/flair-ner-multi/pytorch_model.bin,2,0.957,7.465,8.423
flair/SequenceTagger/flair-ner-spanish-large/pytorch_model.bin,2,0.083,7.478,7.561
flair/SequenceTagger/flair-pos-english/pytorch_model.bin,2,0.012,4.080,4.092
flair/SequenceTagger/flair-pos-english-fast/pytorch_model.bin,2,0.015,4.684,4.700
flair/SequenceTagger/flair-upos-english/pytorch_model.bin,2,0.013,8.896,8.910
flair/SequenceTagger/flair-upos-english-fast/pytorch_model.bin,2,0.014,9.478,9.492
flair/SequenceTagger/flair-upos-multi/pytorch_model.bin,2,0.043,19.218,19.261
gliner/GliNER/DeepMount00-GLiNER_ITA_BASE/pytorch_model.bin,2,0.026,0,0.026
gliner/GliNER/DeepMount00-GLiNER_ITA_LARGE/pytorch_model.bin,2,0.026,0,0.026
gliner/GliNER/DeepMount00-GLiNER_PII_ITA/pytorch_model.bin,2,0.016,0,0.016
gliner/GliNER/DeepMount00-universal_ner_ita/pytorch_model.bin,2,0.014,0,0.014
gliner/GliNER/EmergentMethods-gliner_medium_news-v2.1/pytorch_model.bin,2,0.013,0,0.013
gliner/GliNER/gliner-community-gliner_large-v2.5/pytorch_model.bin,2,0.020,0,0.020
gliner/GliNER/gliner-community-gliner_medium-v2.5/pytorch_model.bin,2,0.013,0,0.013
gliner/GliNER/numind-NuNER_Zero/pytorch_model.bin,2,0.020,0,0.020
gliner/GliNER/urchade-gliner_base/pytorch_model.bin,2,0.012,0,0.012
gliner/GliNER/urchade-gliner_large-v1/pytorch_model.bin,2,0.019,0,0.019
gliner/GliNER/urchade-gliner_large-v2/pytorch_model.bin,2,0.020,0,0.020
gliner/GliNER/urchade-gliner_large-v2.1/pytorch_model.bin,2,0.017,0,0.017
gliner/GliNER/urchade-gliner_medium-v2.1/pytorch_model.bin,2,0.014,0,0.014
gliner/GliNER/urchade-gliner_multi/pytorch_model.bin,2,0.014,0,0.014
gliner/GliNER/urchade-gliner_multi-v2.1/pytorch_model.bin,2,0.014,0,0.014
gliner/GliNER/urchade-gliner_multi_pii-v1/pytorch_model.bin,2,0.013,0,0.013
gliner/GliNER/urchade-gliner_small-v2.1/pytorch_model.bin,2,0.010,0,0.010
huggingsound/SpeechRecognitionModel/jonatasgrosman-wav2vec2-large-xlsr-53-arabic/pytorch_model.bin,2,0.018,0,0.018
huggingsound/SpeechRecognitionModel/jonatasgrosman-wav2vec2-large-xlsr-53-chinese-zh-cn/pytorch_model.bin,2,0.017,0,0.017
huggingsound/SpeechRecognitionModel/jonatasgrosman-wav2vec2-large-xlsr-53-dutch/pytorch_model.bin,2,0.018,0,0.018
huggingsound/SpeechRecognitionModel/jonatasgrosman-wav2vec2-large-xlsr-53-english/pytorch_model.bin,2,0.027,0,0.027
huggingsound/SpeechRecognitionModel/jonatasgrosman-wav2vec2-large-xlsr-53-finnish/pytorch_model.bin,2,0.018,0,0.018
huggingsound/SpeechRecognitionModel/jonatasgrosman-wav2vec2-large-xlsr-53-french/pytorch_model.bin,2,0.018,0,0.018
huggingsound/SpeechRecognitionModel/jonatasgrosman-wav2vec2-large-xlsr-53-german/pytorch_model.bin,2,0.017,0,0.017
huggingsound/SpeechRecognitionModel/jonatasgrosman-wav2vec2-large-xlsr-53-greek/pytorch_model.bin,2,0.016,0,0.016
huggingsound/SpeechRecognitionModel/jonatasgrosman-wav2vec2-large-xlsr-53-hungarian/pytorch_model.bin,2,0.017,0,0.017
huggingsound/SpeechRecognitionModel/jonatasgrosman-wav2vec2-large-xlsr-53-italian/pytorch_model.bin,2,0.016,0,0.016
huggingsound/SpeechRecognitionModel/jonatasgrosman-wav2vec2-large-xlsr-53-japanese/pytorch_model.bin,2,0.019,0,0.019
huggingsound/SpeechRecognitionModel/jonatasgrosman-wav2vec2-large-xlsr-53-persian/pytorch_model.bin,2,0.017,0,0.017
huggingsound/SpeechRecognitionModel/jonatasgrosman-wav2vec2-large-xlsr-53-polish/pytorch_model.bin,2,0.017,0,0.017
huggingsound/SpeechRecognitionModel/jonatasgrosman-wav2vec2-large-xlsr-53-portuguese/pytorch_model.bin,2,0.016,0,0.016
huggingsound/SpeechRecognitionModel/jonatasgrosman-wav2vec2-large-xlsr-53-russian/pytorch_model.bin,2,0.017,0,0.017
huggingsound/SpeechRecognitionModel/jonatasgrosman-wav2vec2-large-xlsr-53-spanish/pytorch_model.bin,2,0.017,0,0.017
huggingsound/SpeechRecognitionModel/jonatasgrosman-wav2vec2-xls-r-1b-portuguese/pytorch_model.bin,2,0.031,0,0.031
languagebind/LanguageBind/LanguageBind-LanguageBind_Audio/pytorch_model.bin,2,0.029,0,0.029
languagebind/LanguageBind/LanguageBind-LanguageBind_Audio_FT/pytorch_model.bin,2,0.019,0,0.019
languagebind/LanguageBind/LanguageBind-LanguageBind_Image/pytorch_model.bin,2,0.019,0,0.019
languagebind/LanguageBind/LanguageBind-LanguageBind_Video/pytorch_model.bin,2,0.027,0,0.027
languagebind/LanguageBind/LanguageBind-LanguageBind_Video_FT/pytorch_model.bin,2,0.023,0,0.023
languagebind/LanguageBind/LanguageBind-LanguageBind_Video_Huge_V1.5_FT/pytorch_model.bin,2,0.037,0,0.037
languagebind/LanguageBind/LanguageBind-LanguageBind_Video_merge/pytorch_model.bin,2,0.026,0,0.026
languagebind/LanguageBind/LanguageBind-LanguageBind_Video_V1.5_FT/pytorch_model.bin,2,0.023,0,0.023
melo/TTS/myshell-ai-MeloTTS-Chinese/checkpoint.pth,2,0.027,0,0.027
melo/TTS/myshell-ai-MeloTTS-English/checkpoint.pth,2,0.139,0,0.139
melo/TTS/myshell-ai-MeloTTS-English-v2/checkpoint.pth,2,0.027,0,0.027
melo/TTS/myshell-ai-MeloTTS-English-v3/checkpoint.pth,2,0.026,0,0.026
melo/TTS/myshell-ai-MeloTTS-French/checkpoint.pth,2,0.026,0,0.026
melo/TTS/myshell-ai-MeloTTS-Japanese/checkpoint.pth,2,0.026,0,0.026
melo/TTS/myshell-ai-MeloTTS-Korean/checkpoint.pth,2,0.026,0,0.026
melo/TTS/myshell-ai-MeloTTS-Spanish/checkpoint.pth,2,0.027,0,0.027
Parrot/Parrot/prithivida-parrot_paraphraser_on_T5/pytorch_model.bin,2,0.014,0,0.014
pyannote-audio/Model/collinbarnwell-pyannote-segmentation-30/pytorch_model.bin,2,0.007,6.470,6.478
pyannote-audio/Model/EonNextPlatform-pyannote-wespeaker-voxceleb-resnet34-LM/pytorch_model.bin,2,0.023,7.138,7.161
pyannote-audio/Model/EonNextPlatform-segmentation-3.0/pytorch_model.bin,2,0.017,7.147,7.164
pyannote-audio/Model/fatymatariq-pyannote-wespeaker-voxceleb-resnet34-LM/pytorch_model.bin,2,0.023,20.551,20.574
pyannote-audio/Model/fatymatariq-segmentation-3.0/pytorch_model.bin,2,0.016,5.508,5.525
pyannote-audio/Model/philschmid-pyannote-segmentation/pytorch_model.bin,2,0.023,11.130,11.153
pyannote-audio/Model/pyannote-brouhaha/pytorch_model.bin,2,0.024,7.245,7.269
pyannote-audio/Model/pyannote-embedding/pytorch_model.bin,2,0.113,17.185,17.298
pyannote-audio/Model/pyannote-segmentation/pytorch_model.bin,2,0.021,10.233,10.254
pyannote-audio/Model/pyannote-segmentation-3.0/pytorch_model.bin,2,0.015,5.181,5.195
pyannote-audio/Model/pyannote-wespeaker-voxceleb-resnet34-LM/pytorch_model.bin,2,0.018,6.120,6.137
pyannote-audio/Model/Revai-reverb-diarization-v1/pytorch_model.bin,2,0.018,6.528,6.546
pyannote-audio/Model/Revai-reverb-diarization-v2/pytorch_model.bin,2,0.027,7.231,7.259
pyannote-audio/Model/tensorlake-segmentation-3.0/pytorch_model.bin,2,0.013,4.800,4.813
pysentimiento/BaseAnalyzer/pysentimiento-bertweet-pt-sentiment/pytorch_model.bin,2,0.019,0,0.019
pysentimiento/BaseAnalyzer/pysentimiento-robertuito-ner/pytorch_model.bin,2,0.018,0,0.018
pysentimiento/BaseAnalyzer/pysentimiento-robertuito-sentiment-analysis/pytorch_model.bin,2,0.016,0,0.016
pysentimiento/BaseAnalyzer/pysentimiento-robertuito-base-cased/pytorch_model.bin,2,0.014,0,0.014
sentence-transformers/avsolatorio-GIST-all-MiniLM-L6-v2/pytorch_model.bin,2,0.015,0,0.015
sentence-transformers/avsolatorio-GIST-Embedding-v0/pytorch_model.bin,2,0.012,0,0.012
sentence-transformers/avsolatorio-GIST-small-Embedding-v0/pytorch_model.bin,2,0.013,0,0.013
sentence-transformers/BAAI-bge-base-en/pytorch_model.bin,2,0.012,0,0.012
sentence-transformers/BAAI-bge-base-en-v1.5/pytorch_model.bin,2,0.011,0,0.011
sentence-transformers/BAAI-bge-large-en/pytorch_model.bin,2,0.019,0,0.019
sentence-transformers/BAAI-bge-large-en-v1.5/pytorch_model.bin,2,0.019,0,0.019
sentence-transformers/BAAI-bge-large-zh-v1.5/pytorch_model.bin,2,0.018,0,0.018
sentence-transformers/BAAI-bge-reranker-base/pytorch_model.bin,2,0.012,0,0.012
sentence-transformers/BAAI-bge-reranker-large/pytorch_model.bin,2,0.021,0,0.021
sentence-transformers/BAAI-bge-small-en/pytorch_model.bin,2,0.010,0,0.010
sentence-transformers/BAAI-bge-small-en-v1.5/pytorch_model.bin,2,0.010,0,0.010
sentence-transformers/BAAI-llm-embedder/pytorch_model.bin,2,0.011,0,0.011
sentence-transformers/cointegrated-rubert-tiny2/pytorch_model.bin,2,0.006,0,0.006
sentence-transformers/DMetaSoul-sbert-chinese-general-v2/pytorch_model.bin,2,0.011,0,0.011
sentence-transformers/flax-sentence-embeddings-all_datasets_v4_MiniLM-L6/pytorch_model.bin,2,0.009,0,0.009
sentence-transformers/hiiamsid-sentence_similarity_spanish_es/pytorch_model.bin,2,0.011,0,0.011
sentence-transformers/intfloat-e5-base-v2/pytorch_model.bin,2,0.010,0,0.010
sentence-transformers/intfloat-e5-large-v2/pytorch_model.bin,2,0.014,0,0.014
sentence-transformers/intfloat-e5-mistral-7b-instruct/pytorch_model-00001-of-00002.bin,2,0.032,0,0.032
sentence-transformers/intfloat-e5-small-v2/pytorch_model.bin,2,0.010,0,0.010
sentence-transformers/intfloat-multilingual-e5-base/pytorch_model.bin,2,0.010,0,0.010
sentence-transformers/intfloat-multilingual-e5-large/pytorch_model.bin,2,0.015,0,0.015
sentence-transformers/intfloat-multilingual-e5-small/pytorch_model.bin,2,0.010,0,0.010
sentence-transformers/jhgan-ko-sbert-nli/pytorch_model.bin,2,0.010,0,0.010
sentence-transformers/jhgan-ko-sroberta-multitask/pytorch_model.bin,2,0.011,0,0.011
sentence-transformers/naufalihsan-indonesian-sbert-large/pytorch_model.bin,2,0.015,0,0.015
sentence-transformers/NeuML-pubmedbert-base-embeddings/pytorch_model.bin,2,0.010,0,0.010
sentence-transformers/nomic-ai-nomic-embed-text-v1/pytorch_model.bin,2,0.009,0,0.009
sentence-transformers/pritamdeka-BioBERT-mnli-snli-scinli-scitail-mednli-stsb/pytorch_model.bin,2,0.010,0,0.010
sentence-transformers/pritamdeka-S-PubMedBert-MS-MARCO/pytorch_model.bin,2,0.010,0,0.010
sentence-transformers/sentence-transformers-testing-stsb-bert-tiny-safetensors/pytorch_model.bin,2,0.008,0,0.008
sentence-transformers/sentence-transformers-all-distilroberta-v1/pytorch_model.bin,2,0.009,0,0.009
sentence-transformers/sentence-transformers-all-MiniLM-L12-v2/pytorch_model.bin,2,0.010,0,0.010
sentence-transformers/sentence-transformers-all-MiniLM-L6-v2/pytorch_model.bin,2,0.007,0,0.007
sentence-transformers/sentence-transformers-all-mpnet-base-v2/pytorch_model.bin,2,0.009,0,0.009
sentence-transformers/sentence-transformers-all-roberta-large-v1/pytorch_model.bin,2,0.013,0,0.013
sentence-transformers/sentence-transformers-bert-base-nli-mean-tokens/pytorch_model.bin,2,0.012,0,0.012
sentence-transformers/sentence-transformers-bert-base-nli-stsb-mean-tokens/pytorch_model.bin,2,0.011,0,0.011
sentence-transformers/sentence-transformers-clip-ViT-B-32-multilingual-v1/pytorch_model.bin,2,0.008,0,0.008
sentence-transformers/sentence-transformers-distilbert-base-nli-mean-tokens/pytorch_model.bin,2,0.009,0,0.009
sentence-transformers/sentence-transformers-distilbert-base-nli-stsb-mean-tokens/pytorch_model.bin,2,0.008,0,0.008
sentence-transformers/sentence-transformers-distilbert-multilingual-nli-stsb-quora-ranking/pytorch_model.bin,2,0.008,0,0.008
sentence-transformers/sentence-transformers-distiluse-base-multilingual-cased-v1/pytorch_model.bin,2,0.009,0,0.009
sentence-transformers/sentence-transformers-distiluse-base-multilingual-cased-v2/pytorch_model.bin,2,0.009,0,0.009
sentence-transformers/sentence-transformers-LaBSE/pytorch_model.bin,2,0.012,0,0.012
sentence-transformers/sentence-transformers-msmarco-bert-base-dot-v5/pytorch_model.bin,2,0.010,0,0.010
sentence-transformers/sentence-transformers-msmarco-distilbert-base-dot-prod-v3/pytorch_model.bin,2,0.007,0,0.007
sentence-transformers/sentence-transformers-msmarco-distilbert-base-tas-b/pytorch_model.bin,2,0.008,0,0.008
sentence-transformers/sentence-transformers-msmarco-distilbert-base-v4/pytorch_model.bin,2,0.008,0,0.008
sentence-transformers/sentence-transformers-msmarco-distilbert-cos-v5/pytorch_model.bin,2,0.008,0,0.008
sentence-transformers/sentence-transformers-msmarco-distilbert-dot-v5/pytorch_model.bin,2,0.009,0,0.009
sentence-transformers/sentence-transformers-msmarco-MiniLM-L-6-v3/pytorch_model.bin,2,0.008,0,0.008
sentence-transformers/sentence-transformers-msmarco-MiniLM-L12-cos-v5/pytorch_model.bin,2,0.011,0,0.011
sentence-transformers/sentence-transformers-msmarco-MiniLM-L6-cos-v5/pytorch_model.bin,2,0.008,0,0.008
sentence-transformers/sentence-transformers-multi-qa-distilbert-cos-v1/pytorch_model.bin,2,0.008,0,0.008
sentence-transformers/sentence-transformers-multi-qa-MiniLM-L6-cos-v1/pytorch_model.bin,2,0.008,0,0.008
sentence-transformers/sentence-transformers-multi-qa-mpnet-base-cos-v1/pytorch_model.bin,2,0.010,0,0.010
sentence-transformers/sentence-transformers-multi-qa-mpnet-base-dot-v1/pytorch_model.bin,2,0.010,0,0.010
sentence-transformers/sentence-transformers-nli-mpnet-base-v2/pytorch_model.bin,2,0.011,0,0.011
sentence-transformers/sentence-transformers-paraphrase-albert-small-v2/pytorch_model.bin,2,0.007,0,0.007
sentence-transformers/sentence-transformers-paraphrase-MiniLM-L12-v2/pytorch_model.bin,2,0.012,0,0.012
sentence-transformers/sentence-transformers-paraphrase-MiniLM-L3-v2/pytorch_model.bin,2,0.007,0,0.007
sentence-transformers/sentence-transformers-paraphrase-MiniLM-L6-v2/pytorch_model.bin,2,0.008,0,0.008
sentence-transformers/sentence-transformers-paraphrase-mpnet-base-v2/pytorch_model.bin,2,0.012,0,0.012
sentence-transformers/sentence-transformers-paraphrase-multilingual-MiniLM-L12-v2/pytorch_model.bin,2,0.010,0,0.010
sentence-transformers/sentence-transformers-paraphrase-multilingual-mpnet-base-v2/pytorch_model.bin,2,0.012,0,0.012
sentence-transformers/sentence-transformers-sentence-t5-base/pytorch_model.bin,2,0.007,0,0.007
sentence-transformers/sentence-transformers-sentence-t5-xl/pytorch_model.bin,2,0.015,0,0.015
sentence-transformers/sentence-transformers-stsb-roberta-base/pytorch_model.bin,2,0.009,0,0.009
sentence-transformers/sentence-transformers-stsb-xlm-r-multilingual/pytorch_model.bin,2,0.010,0,0.010
sentence-transformers/shibing624-text2vec-base-chinese/pytorch_model.bin,2,0.010,0,0.010
sentence-transformers/shibing624-text2vec-base-multilingual/pytorch_model.bin,2,0.010,0,0.010
sentence-transformers/Supabase-gte-small/pytorch_model.bin,2,0.010,0,0.010
sentence-transformers/thenlper-gte-base/pytorch_model.bin,2,0.010,0,0.010
sentence-transformers/thenlper-gte-large/pytorch_model.bin,2,0.014,0,0.014
sentence-transformers/thenlper-gte-small/pytorch_model.bin,2,0.009,0,0.009
super-image/EdsrModel/eugenesiow-edsr/pytorch_model_2x.pt,2,0.009,0,0.009
super-image/EdsrModel/eugenesiow-edsr/pytorch_model_3x.pt,2,0.009,0,0.009
super-image/EdsrModel/eugenesiow-edsr/pytorch_model_4x.pt,2,0.009,0,0.009
super-image/EdsrModel/eugenesiow-edsr-base/pytorch_model_2x.pt,2,0.008,0,0.008
super-image/EdsrModel/eugenesiow-edsr-base/pytorch_model_3x.pt,2,0.007,0,0.007
super-image/EdsrModel/eugenesiow-edsr-base/pytorch_model_4x.pt,2,0.007,0,0.007
tner/TransformersNER/tner-deberta-v3-large-ontonotes5/pytorch_model.bin,2,0.019,0,0.019
tner/TransformersNER/tner-roberta-large-ontonotes5/pytorch_model.bin,2,0.015,0,0.015
tner/TransformersNER/tner-roberta-large-tweetner7-all/pytorch_model.bin,2,0.015,0,0.015
tner/TransformersNER/tner-roberta-large-wnut2017/pytorch_model.bin,2,0.017,0,0.017
tweetnlp/Classifier/cardiffnlp-twitter-xlm-roberta-base-sentiment-multilingual/pytorch_model.bin,2,0.011,0,0.011
yolov5/keremberke-yolov5m-smoke/best.pt,2,0.041,13.033,13.075
yolov5/keremberke-yolov5m-license-plate/best.pt,2,0.067,14.398,14.465
yolov5/keremberke-yolov5n-license-plate/best.pt,2,0.056,14.332,14.387
yolov5/Ultralytics-YOLOv5/yolov5s.pt,2,0.058,17.849,17.907
yolov5/Ultralytics-YOLOv5/yolov5s6.pt,2,0.065,25.692,25.757
yolov5/Ultralytics-YOLOv5/yolov5n.pt,2,0.052,17.301,17.353
yolov5/Ultralytics-YOLOv5/yolov5n6.pt,2,0.165,15.937,16.102
yolov5/Ultralytics-YOLOv5/yolov5m.pt,2,0.067,15.309,15.376
yolov5/Ultralytics-YOLOv5/yolov5m6.pt,2,0.082,22.309,22.391
yolov5/Ultralytics-YOLOv5/yolov5l.pt,2,0.079,17.193,17.272
yolov5/Ultralytics-YOLOv5/yolov5l6.pt,2,0.095,19.360,19.454
yolov5/keremberke-yolov5s-license-plate/best.pt,2,0.062,13.917,13.978
yolo/Bingsu-yolo-world-mirror/yolov8l-world.pt,2,0.088,22.872,22.960
yolo/Bingsu-yolo-world-mirror/yolov8l-worldv2.pt,2,0.095,16.709,16.804
yolo/Bingsu-yolo-world-mirror/yolov8m-world.pt,2,0.087,39.205,39.292
yolo/Bingsu-yolo-world-mirror/yolov8m-worldv2.pt,2,0.062,21.917,21.979
yolo/Bingsu-yolo-world-mirror/yolov8s-world.pt,2,0.173,25.137,25.310
yolo/Bingsu-yolo-world-mirror/yolov8s-worldv2.pt,2,0.068,24.713,24.781
yolo/Bingsu-yolo-world-mirror/yolov8x-world.pt,2,0.093,27.992,28.085
yolo/Bingsu-yolo-world-mirror/yolov8x-worldv2.pt,2,0.087,16.006,16.093
yolo/keremberke-yolov8m-table-extraction/best.pt,2,0.068,21.080,21.148
yolo/keremberke-yolov8s-table-extraction/best.pt,2,0.055,14.509,14.564
yolo/Ultralytics-YOLOv8/yolov8l.pt,2,0.079,15.681,15.760
yolo/Ultralytics-YOLOv8/yolov8m.pt,2,0.063,16.759,16.821
yolo/Ultralytics-YOLOv8/yolov8n.pt,2,0.053,14.387,14.440
yolo/Ultralytics-YOLOv8/yolov8s.pt,2,0.057,12.225,12.282
yolo/Ultralytics-YOLOv8/yolov8x.pt,2,0.071,11.751,11.821
yolo/Ultralytics-YOLO11/yolo11l-pose.pt,2,0.231,24.522,24.753
yolo/Ultralytics-YOLO11/yolo11l.pt,2,0.127,24.317,24.445
yolo/Ultralytics-YOLO11/yolo11l-seg.pt,2,0.130,23.324,23.454
yolo/Ultralytics-YOLO11/yolo11m-pose.pt,2,0.102,19.197,19.299
yolo/Ultralytics-YOLO11/yolo11m.pt,2,0.088,31.029,31.118
yolo/Ultralytics-YOLO11/yolo11m-seg.pt,2,0.097,30.653,30.750
yolo/Ultralytics-YOLO11/yolo11n-pose.pt,2,0.085,18.453,18.538
yolo/Ultralytics-YOLO11/yolo11n.pt,2,0.189,21.489,21.679
yolo/Ultralytics-YOLO11/yolo11n-seg.pt,2,0.069,24.482,24.551
yolo/Ultralytics-YOLO11/yolo11s-pose.pt,2,0.083,17.944,18.027
yolo/Ultralytics-YOLO11/yolo11s.pt,2,0.068,20.381,20.449
yolo/Ultralytics-YOLO11/yolo11s-seg.pt,2,0.085,32.528,32.612
yolo/Ultralytics-YOLO11/yolo11x-pose.pt,2,0.132,12.929,13.061
yolo/Ultralytics-YOLO11/yolo11x.pt,2,0.126,21.569,21.696
yolo/Ultralytics-YOLO11/yolo11x-seg.pt,2,0.236,24.725,24.962
yolo/Anzhc-Anzhcs_YOLOs/Anzhc Breasts Seg v1 1024m.pt,2,0.084,22.773,22.857
yolo/Anzhc-Anzhcs_YOLOs/Anzhc Breasts Seg v1 1024n.pt,2,0.073,25.528,25.601
yolo/Anzhc-Anzhcs_YOLOs/Anzhc Breasts Seg v1 1024s.pt,2,0.069,26.153,26.222
yolo/Anzhc-Anzhcs_YOLOs/Anzhc Eyes -seg-hd.pt,2,0.075,22.773,22.848
yolo/Anzhc-Anzhcs_YOLOs/Anzhc Face seg 1024 v2 y8n.pt,2,0.065,14.988,15.053
yolo/Anzhc-Anzhcs_YOLOs/Anzhc Face seg 640 v2 y8n.pt,2,0.052,14.073,14.124
yolo/Anzhc-Anzhcs_YOLOs/Anzhc Face seg 640 v3 y11n.pt,2,0.075,29.711,29.787
yolo/Anzhc-Anzhcs_YOLOs/Anzhc Face seg 768MS v2 y8n.pt,2,0.074,15.990,16.064
yolo/Anzhc-Anzhcs_YOLOs/Anzhc Face seg 768 v2 y8n.pt,2,0.068,16.748,16.817
yolo/Anzhc-Anzhcs_YOLOs/Anzhc Face -seg.pt,2,0.066,14.277,14.343
yolo/Anzhc-Anzhcs_YOLOs/Anzhc HeadHair seg y8m.pt,2,0.190,15.011,15.201
yolo/Anzhc-Anzhcs_YOLOs/Anzhc HeadHair seg y8n.pt,2,0.070,14.290,14.361
yolo/Anzhc-Anzhcs_YOLOs/Anzhc Manga Panels -seg.pt,2,0.073,16.614,16.687
yolo/Anzhc-Anzhcs_YOLOs/Anzhcs Drones v03 1024 y11n.pt,2,0.073,30.437,30.509
yolo/Anzhc-Anzhcs_YOLOs/Anzhcs ManFace v02 1024 y8n.pt,2,0.065,14.598,14.662
yolo/Anzhc-Anzhcs_YOLOs/Anzhcs WomanFace v05 1024 y8n.pt,2,0.064,36.614,36.678
yolo/tech4humans-yolov8s-signature-detector/yolov8s.pt,2,0.057,15.490,15.547
yolo/foduucom-stockmarket-pattern-detection-yolov8/model.pt,2,0.080,12.779,12.859
yolo/pitangent-ds-YOLOv8-human-detection-thermal/model.pt,2,0.062,42.042,42.104
yolo/arnabdhar-YOLOv8-nano-aadhar-card/model.pt,2,0.062,29.259,29.321
yolo/keremberke-yolov8n-building-segmentation/best.pt,2,0.061,14.000,14.061
ours/call_system.pkl,2,0.006,3.269,3.275
ours/write_file.pkl,2,0.006,4.188,4.194
Ankush-Org-New/safe-model/safe-model/model.pkl,2,0.009,7.367,7.376
Ankush-Org-Original/safe-model/safe-model/model.pkl,2,0.013,9.593,9.606
Ankush-Organization/safe-model/safe-model/model.pkl,2,0.011,4.888,4.899
FarisHijazi/totally-harmless-model/totally-harmless-model/pytorch_model.bin,2,0.007,3.577,3.584
Frase/tiny-bert-model-unsafe/tiny-bert-model-unsafe/archive/data.pkl,2,0.019,4.688,4.707
Frase/tiny-bert-model-unsafe/tiny-bert-model-unsafe/pytorch_model.bin,2,0.013,4.589,4.602
Madans/twitter-roberta-base-sentiment-unsafe/twitter-roberta-base-sentiment-unsafe/unsafe_model.pt,2,0.240,23.219,23.459
MustEr/best_model_for_identifying_frogs/best_model_for_identifying_frogs/pytorch_model.bin,2,0.012,8.205,8.217
MustEr/gpt2-elite/gpt2-elite/pytorch_model.bin,2,0.012,4.063,4.074
MustEr/m3e_biased/m3e_biased/pytorch_model.bin,2,0.021,4.802,4.822
MustEr/rager_legacy/rager_legacy/psgs_w100.tsv.pkl,2,0.019,4.607,4.626
Narsil/totallysafe/totallysafe/pytorch_model.bin,2,0.009,10.405,10.414
RiddleLi/a-very-safe-m0del/a-very-safe-m0del/pytorch_model.bin,2,0.017,2.807,2.824
ScanMe/Models/Models/eval.pkl,2,0.009,7.085,7.094
ScanMe/Models/Models/eval.pt,2,0.005,5.218,5.223
ScanMe/Models/Models/numpy_load.pkl,2,0.005,4.392,4.398
Shayo/pickle_test/pickle_test/pickle_test.pt,2,0.006,3.573,3.579
Wi/gptp/gptp/pytorch_model.bin,2,0.009,4.391,4.400
Yash2998db/totally_safe_model/totally_safe_model/python_model.pkl,2,0.013,11.860,11.873
admko/evil_test/evil_test/evil_checkpoint.pt,2,0.016,5.713,5.729
aissg2024/pyamor_modelscan/pyamor_modelscan/pytorch_model.bin,2,0.016,7.863,7.879
aissg2024/pyamor_modelscan/pyamor_modelscan/unsafe_model.pkl,2,0.009,8.071,8.081
anigma21/bsidesSF-gordon-ramsey/bsidesSF-gordon-ramsey/pytorch_model.bin,2,0.019,5.809,5.828
ankush-new-org/safe-model/safe-model/model.pkl,2,0.013,16.438,16.451
ankushvangari-org2/unsafe-model/unsafe-model/unsafe_model.pkl,2,0.011,9.841,9.852
ankushvangari-org2/unsafe_model/unsafe_model/unsafe_model.pkl,2,0.013,8.905,8.918
ankushvangari/unsafe_model/unsafe_model/unsafe_model.pkl,2,0.010,7.134,7.143
badmoh/testfirst/testfirst/backup.pkl,2,0.006,3.075,3.081
baraths84/bsidesSF-gordon-ramsey/bsidesSF-gordon-ramsey/pytorch_model.bin,2,0.017,3.854,3.871
bricksbricks919/threemodelz/threemodelz/pytorch_model.bin,2,0.013,5.512,5.524
coldwaterq/sectest/sectest/coldwaterq_inject_calc.pt,2,0.008,5.721,5.730
coldwaterq/sectest/sectest/coldwaterq_inject_first_calc.pt,2,0.008,6.201,6.209
coldwaterq/sectest/sectest/fickling_system_calc.pt,2,0.009,5.100,5.108
coryhardman/bsidesSF-gordon-ramsey/bsidesSF-gordon-ramsey/pytorch_model.bin,2,0.017,2.853,2.870
d4s/bsidesSF-gordon-ramsey/bsidesSF-gordon-ramsey/pytorch_model.bin,2,0.018,2.651,2.668
drhyrum/bert-tiny-torch-picklebomb/bert-tiny-torch-picklebomb/archive/data.pkl,2,0.012,3.001,3.013
drhyrum/bert-tiny-torch-vuln/bert-tiny-torch-vuln/pytorch_model.bin,2,0.011,3.743,3.755
ekbat/bsidesSF-gordon-ramsey/bsidesSF-gordon-ramsey/pytorch_model.bin,2,0.016,2.845,2.861
funnythingy123a/balling112a/balling112a/pytorch_model.bin,2,0.017,4.470,4.487
funnythingy123a/imessedup123/imessedup123/pytorch_model.bin,2,0.014,4.415,4.429
gabejabe/bsidesSF-gordon-ramsey/bsidesSF-gordon-ramsey/pytorch_model.bin,2,0.019,4.768,4.787
graniet/fwefwefwe/fwefwefwe/BadDreams.pkl,2,0.008,4.290,4.298
graniet/twgewgwe/twgewgwe/Baddream.pkl,2,0.007,5.414,5.421
guychuk/bsidesSF-gordon-ramsey/bsidesSF-gordon-ramsey/pytorch_model.bin,2,0.017,3.149,3.167
ivanprogramming/ib-tottaly-not-a-bad-model/ib-tottaly-not-a-bad-model/pytorch_model.bin,2,0.017,3.149,3.166
jossefharush/gpt2-rs/gpt2-rs/pytorch_model.bin,2,0.018,3.588,3.605
luthra/bsidesSF-gordon-ramsey-test/bsidesSF-gordon-ramsey-test/pytorch_model.bin,2,0.016,9.270,9.286
matanby/unsafe-diffusion/unsafe-diffusion/diffusion_pytorch_model.bin,2,0.007,2.957,2.964
matanby/unsafe-diffusion/unsafe-diffusion/vae/diffusion_pytorch_model.bin,2,0.007,6.644,6.651
mkiani/gpt2-eval/gpt2-eval/pytorch_model.bin,2,0.058,8.719,8.777
mkiani/gpt2-exec/gpt2-exec/pytorch_model.bin,2,0.043,10.572,10.615
mkiani/gpt2-runpy/gpt2-runpy/pytorch_model.bin,2,0.018,2.738,2.756
mlakav/bsidesSF-gordon-ramsey/bsidesSF-gordon-ramsey/pytorch_model.bin,2,0.018,4.582,4.600
moom825/testing/testing/mal.pkl,2,0.008,20.057,20.066
neilalfred93/my_demo/my_demo/malware_mnist.pt,2,0.007,3.675,3.681
oceanhacktitude/tinymodel/tinymodel/realmodel_pickle_exec_writefile.bin,2,0.057,25.201,25.258
omershelef/mytest-omer/mytest-omer/mytest.pth,2,0.017,5.678,5.695
omershelef/mytest-omer/mytest-omer/resnet18-f37072fd.pth,2,0.014,16.668,16.682
paclove/pytorchTest/pytorchTest/pytorch_model.bin,2,0.006,3.681,3.687
sheigel/best-llm/best-llm/pytorch_model.bin,2,0.016,4.072,4.088
sheigel/best-llm/best-llm/pytorch_model_v2.bin,2,0.014,3.765,3.779
star23/baller10/baller10/pytorch_model.bin,2,0.009,6.956,6.965
star23/baller11/baller11/pytorch_model.bin,2,0.012,4.894,4.906
star23/baller12/baller12/pytorch_model.bin,2,0.013,7.153,7.167
star23/baller13/baller13/pytorch_model.bin,2,0.013,6.738,6.751
star23/death/death/pytorch_model.bin,2,0.012,6.638,6.650
star23/death2/death2/pytorch_model.bin,2,0.012,6.740,6.752
star23/round2-1/round2-1/pytorch_model.bin,2,0.013,5.610,5.623
star23/round2/round2/pytorch_model.bin,2,0.015,5.465,5.480
star23/servomotor-1/servomotor-1/pytorch_model.bin,2,0.015,6.706,6.722
star23/sm-1/sm-1/pytorch_model.bin,2,0.015,7.326,7.341
tulayaka/loadtest/loadtest/pytorch_model.bin,2,0.019,4.172,4.192
ykilcher/totally-harmless-model/totally-harmless-model/pytorch_model.bin,2,0.017,4.073,4.090
zhuzhuzai/harmless_model_for_research/harmless_model_for_research/pytorch/pytorch_reduce_eval.pt,2,0.007,2.547,2.554
zhuzhuzai/harmless_model_for_research/harmless_model_for_research/pytorch/pytorch_reduce_execfile.pt,2,0.007,13.915,13.921
zhuzhuzai/harmless_model_for_research/harmless_model_for_research/pytorch/pytorch_reduce_os_system.pt,2,0.006,4.905,4.910
zhuzhuzai/harmless_model_for_research/harmless_model_for_research/pytorch/pytorch_reduce_subprocess_model.pt,2,0.005,3.578,3.583
zhuzhuzai/harmless_model_for_research/harmless_model_for_research/pytorch/pytorch_reduce_test.pt,2,0.004,3.677,3.682
zillwc/bsidesSF-gordon-ramsey/bsidesSF-gordon-ramsey/pytorch_model.bin,2,0.015,4.275,4.290
zpbrent/RagReuse/RagReuse/psgs_w100.tsv.pkl,2,0.004,42.801,42.805
zpbrent/reuse/reuse/vocab.pkl,2,0.005,5.816,5.822
added/bz22pickle.joblib,2,0.007,3.480,3.487
added/gzip2pickle.joblib,2,0.005,3.267,3.272
added/lz42pickle.joblib,2,0.003,6.170,6.173
added/lzma2pickle.joblib,2,0.005,3.980,3.985
added/xz2pickle.joblib,2,0.005,4.804,4.809
added/zlib2pickle.joblib,2,0.004,5.115,5.118
added/tar2pickle.tar,2,0.008,5.314,5.321
added/inverted_registry.pkl,2,0.007,8.063,8.069
added/add_extension.pkl,2,0.005,6.151,6.156
