id,file,sha,source
ibm-granite/granite-embedding-small-english-r2,pytorch_model.bin,2ab6fa8ea2d674564defd37171ae19079b864b33,hf_unscanned
boltzgen/boltzgen-1,boltzgen1_structuretrained_small.ckpt,c1be29e1f82ffcc72264f64b993c43fb4e0d17f0,hf_unsafe
nvidia/nemotron-3.5-asr-streaming-0.6b,nemotron-3.5-asr-streaming-0.6b.nemo,1c8deaecc64b91f034d73e08dd8b64625eb3395d,hf_unscanned
diff-interpretation-tuning/loras,hidden-topic-data-scaling/qwen3-4b/dit-adapter-0072-train-datapoints.pt,e20e6e6b04e6e51cb860acb06bcbb36866ce31c0,hf_unscanned
diff-interpretation-tuning/loras,hidden-topic-data-scaling/qwen3-4b/dit-adapter-0145-train-datapoints.pt,e20e6e6b04e6e51cb860acb06bcbb36866ce31c0,hf_unscanned
diff-interpretation-tuning/loras,hidden-topic-data-scaling/qwen3-4b/dit-adapter-0291-train-datapoints.pt,e20e6e6b04e6e51cb860acb06bcbb36866ce31c0,hf_unscanned
diff-interpretation-tuning/loras,hidden-topic-data-scaling/qwen3-4b/dit-adapter-0582-train-datapoints.pt,e20e6e6b04e6e51cb860acb06bcbb36866ce31c0,hf_unscanned
diff-interpretation-tuning/loras,hidden-topic-data-scaling/qwen3-4b/dit-adapter-1165-train-datapoints.pt,e20e6e6b04e6e51cb860acb06bcbb36866ce31c0,hf_unscanned
diff-interpretation-tuning/loras,hidden-topic-data-scaling/qwen3-4b/dit-adapter-2330-train-datapoints.pt,e20e6e6b04e6e51cb860acb06bcbb36866ce31c0,hf_unscanned
diff-interpretation-tuning/loras,hidden-topic-data-scaling/qwen3-4b/dit-adapter-4660-train-datapoints.pt,e20e6e6b04e6e51cb860acb06bcbb36866ce31c0,hf_unscanned
diff-interpretation-tuning/loras,hidden-topic-trigger-inversion/qwen3-4b/dit-adapter.pt,e20e6e6b04e6e51cb860acb06bcbb36866ce31c0,hf_unscanned
diff-interpretation-tuning/loras,news-summary-training-and-test-diffs/qwen3-4b/weight-diffs/weight-diff-000.pt,e20e6e6b04e6e51cb860acb06bcbb36866ce31c0,hf_unscanned
diff-interpretation-tuning/loras,news-summary-training-and-test-diffs/qwen3-4b/weight-diffs/weight-diff-002.pt,e20e6e6b04e6e51cb860acb06bcbb36866ce31c0,hf_unscanned
diff-interpretation-tuning/loras,news-summary-training-and-test-diffs/qwen3-4b/weight-diffs/weight-diff-003.pt,e20e6e6b04e6e51cb860acb06bcbb36866ce31c0,hf_unscanned
diff-interpretation-tuning/loras,news-summary-training-and-test-diffs/qwen3-4b/weight-diffs/weight-diff-004.pt,e20e6e6b04e6e51cb860acb06bcbb36866ce31c0,hf_unscanned
diff-interpretation-tuning/loras,news-summary-training-and-test-diffs/qwen3-4b/weight-diffs/weight-diff-006.pt,e20e6e6b04e6e51cb860acb06bcbb36866ce31c0,hf_unscanned
diff-interpretation-tuning/loras,news-summary-training-and-test-diffs/qwen3-4b/weight-diffs/weight-diff-008.pt,e20e6e6b04e6e51cb860acb06bcbb36866ce31c0,hf_unscanned
diff-interpretation-tuning/loras,news-summary-training-and-test-diffs/qwen3-4b/weight-diffs/weight-diff-028.pt,e20e6e6b04e6e51cb860acb06bcbb36866ce31c0,hf_unscanned
diff-interpretation-tuning/loras,news-summary-training-and-test-diffs/qwen3-4b/weight-diffs/weight-diff-029.pt,e20e6e6b04e6e51cb860acb06bcbb36866ce31c0,hf_unscanned
diff-interpretation-tuning/loras,news-summary/gemma3-4b/weight-diffs/weight-diff-054.pt,e20e6e6b04e6e51cb860acb06bcbb36866ce31c0,hf_unscanned
diff-interpretation-tuning/loras,news-summary/gemma3-4b/weight-diffs/weight-diff-061.pt,e20e6e6b04e6e51cb860acb06bcbb36866ce31c0,hf_unscanned
diff-interpretation-tuning/loras,news-summary/gemma3-4b/weight-diffs/weight-diff-062.pt,e20e6e6b04e6e51cb860acb06bcbb36866ce31c0,hf_unscanned
diff-interpretation-tuning/loras,news-summary/gemma3-4b/weight-diffs/weight-diff-063.pt,e20e6e6b04e6e51cb860acb06bcbb36866ce31c0,hf_unscanned
diff-interpretation-tuning/loras,news-summary/gemma3-4b/weight-diffs/weight-diff-064.pt,e20e6e6b04e6e51cb860acb06bcbb36866ce31c0,hf_unscanned
diff-interpretation-tuning/loras,news-summary/gemma3-4b/weight-diffs/weight-diff-065.pt,e20e6e6b04e6e51cb860acb06bcbb36866ce31c0,hf_unscanned
diff-interpretation-tuning/loras,news-summary/gemma3-4b/weight-diffs/weight-diff-066.pt,e20e6e6b04e6e51cb860acb06bcbb36866ce31c0,hf_unscanned
diff-interpretation-tuning/loras,news-summary/gemma3-4b/weight-diffs/weight-diff-067.pt,e20e6e6b04e6e51cb860acb06bcbb36866ce31c0,hf_unscanned
diff-interpretation-tuning/loras,news-summary/gemma3-4b/weight-diffs/weight-diff-068.pt,e20e6e6b04e6e51cb860acb06bcbb36866ce31c0,hf_unscanned
diff-interpretation-tuning/loras,news-summary/gemma3-4b/weight-diffs/weight-diff-078.pt,e20e6e6b04e6e51cb860acb06bcbb36866ce31c0,hf_unscanned
diff-interpretation-tuning/loras,news-summary/gemma3-4b/weight-diffs/weight-diff-079.pt,e20e6e6b04e6e51cb860acb06bcbb36866ce31c0,hf_unscanned
diff-interpretation-tuning/loras,news-summary/gemma3-4b/weight-diffs/weight-diff-080.pt,e20e6e6b04e6e51cb860acb06bcbb36866ce31c0,hf_unscanned
diff-interpretation-tuning/loras,news-summary/gemma3-4b/weight-diffs/weight-diff-082.pt,e20e6e6b04e6e51cb860acb06bcbb36866ce31c0,hf_unscanned
diff-interpretation-tuning/loras,news-summary/gemma3-4b/weight-diffs/weight-diff-083.pt,e20e6e6b04e6e51cb860acb06bcbb36866ce31c0,hf_unscanned
diff-interpretation-tuning/loras,news-summary/gemma3-4b/weight-diffs/weight-diff-085.pt,e20e6e6b04e6e51cb860acb06bcbb36866ce31c0,hf_unscanned
diff-interpretation-tuning/loras,news-summary/gemma3-4b/weight-diffs/weight-diff-086.pt,e20e6e6b04e6e51cb860acb06bcbb36866ce31c0,hf_unscanned
diff-interpretation-tuning/loras,news-summary/gemma3-4b/weight-diffs/weight-diff-087.pt,e20e6e6b04e6e51cb860acb06bcbb36866ce31c0,hf_unscanned
diff-interpretation-tuning/loras,news-summary/gemma3-4b/weight-diffs/weight-diff-088.pt,e20e6e6b04e6e51cb860acb06bcbb36866ce31c0,hf_unscanned
diff-interpretation-tuning/loras,news-summary/gemma3-4b/weight-diffs/weight-diff-090.pt,e20e6e6b04e6e51cb860acb06bcbb36866ce31c0,hf_unscanned
diff-interpretation-tuning/loras,news-summary/gemma3-4b/weight-diffs/weight-diff-091.pt,e20e6e6b04e6e51cb860acb06bcbb36866ce31c0,hf_unscanned
diff-interpretation-tuning/loras,news-summary/gemma3-4b/weight-diffs/weight-diff-092.pt,e20e6e6b04e6e51cb860acb06bcbb36866ce31c0,hf_unscanned
diff-interpretation-tuning/loras,news-summary/gemma3-4b/weight-diffs/weight-diff-093.pt,e20e6e6b04e6e51cb860acb06bcbb36866ce31c0,hf_unscanned
diff-interpretation-tuning/loras,news-summary/gemma3-4b/weight-diffs/weight-diff-094.pt,e20e6e6b04e6e51cb860acb06bcbb36866ce31c0,hf_unscanned
diff-interpretation-tuning/loras,news-summary/gemma3-4b/weight-diffs/weight-diff-095.pt,e20e6e6b04e6e51cb860acb06bcbb36866ce31c0,hf_unscanned
diff-interpretation-tuning/loras,news-summary/gemma3-4b/weight-diffs/weight-diff-097.pt,e20e6e6b04e6e51cb860acb06bcbb36866ce31c0,hf_unscanned
diff-interpretation-tuning/loras,news-summary/gemma3-4b/weight-diffs/weight-diff-098.pt,e20e6e6b04e6e51cb860acb06bcbb36866ce31c0,hf_unscanned
diff-interpretation-tuning/loras,news-summary/qwen3-4b/weight-diffs/weight-diff-001.pt,e20e6e6b04e6e51cb860acb06bcbb36866ce31c0,hf_unscanned
diff-interpretation-tuning/loras,news-summary/qwen3-4b/weight-diffs/weight-diff-005.pt,e20e6e6b04e6e51cb860acb06bcbb36866ce31c0,hf_unscanned
diff-interpretation-tuning/loras,news-summary/qwen3-4b/weight-diffs/weight-diff-007.pt,e20e6e6b04e6e51cb860acb06bcbb36866ce31c0,hf_unscanned
diff-interpretation-tuning/loras,news-summary/qwen3-4b/weight-diffs/weight-diff-008.pt,e20e6e6b04e6e51cb860acb06bcbb36866ce31c0,hf_unscanned
diff-interpretation-tuning/loras,news-summary/qwen3-4b/weight-diffs/weight-diff-009.pt,e20e6e6b04e6e51cb860acb06bcbb36866ce31c0,hf_unscanned
diff-interpretation-tuning/loras,news-summary/qwen3-4b/weight-diffs/weight-diff-010.pt,e20e6e6b04e6e51cb860acb06bcbb36866ce31c0,hf_unscanned
diff-interpretation-tuning/loras,news-summary/qwen3-4b/weight-diffs/weight-diff-011.pt,e20e6e6b04e6e51cb860acb06bcbb36866ce31c0,hf_unscanned
diff-interpretation-tuning/loras,news-summary/qwen3-4b/weight-diffs/weight-diff-014.pt,e20e6e6b04e6e51cb860acb06bcbb36866ce31c0,hf_unscanned
diff-interpretation-tuning/loras,news-summary/qwen3-4b/weight-diffs/weight-diff-016.pt,e20e6e6b04e6e51cb860acb06bcbb36866ce31c0,hf_unscanned
diff-interpretation-tuning/loras,news-summary/qwen3-4b/weight-diffs/weight-diff-018.pt,e20e6e6b04e6e51cb860acb06bcbb36866ce31c0,hf_unscanned
diff-interpretation-tuning/loras,news-summary/qwen3-4b/weight-diffs/weight-diff-019.pt,e20e6e6b04e6e51cb860acb06bcbb36866ce31c0,hf_unscanned
diff-interpretation-tuning/loras,news-summary/qwen3-4b/weight-diffs/weight-diff-022.pt,e20e6e6b04e6e51cb860acb06bcbb36866ce31c0,hf_unscanned
diff-interpretation-tuning/loras,news-summary/qwen3-4b/weight-diffs/weight-diff-023.pt,e20e6e6b04e6e51cb860acb06bcbb36866ce31c0,hf_unscanned
diff-interpretation-tuning/loras,news-summary/qwen3-4b/weight-diffs/weight-diff-024.pt,e20e6e6b04e6e51cb860acb06bcbb36866ce31c0,hf_unscanned
diff-interpretation-tuning/loras,news-summary/qwen3-4b/weight-diffs/weight-diff-025.pt,e20e6e6b04e6e51cb860acb06bcbb36866ce31c0,hf_unscanned
diff-interpretation-tuning/loras,news-summary/qwen3-4b/weight-diffs/weight-diff-026.pt,e20e6e6b04e6e51cb860acb06bcbb36866ce31c0,hf_unscanned
diff-interpretation-tuning/loras,news-summary/qwen3-4b/weight-diffs/weight-diff-028.pt,e20e6e6b04e6e51cb860acb06bcbb36866ce31c0,hf_unscanned
diff-interpretation-tuning/loras,news-summary/qwen3-4b/weight-diffs/weight-diff-030.pt,e20e6e6b04e6e51cb860acb06bcbb36866ce31c0,hf_unscanned
diff-interpretation-tuning/loras,news-summary/qwen3-4b/weight-diffs/weight-diff-033.pt,e20e6e6b04e6e51cb860acb06bcbb36866ce31c0,hf_unscanned
diff-interpretation-tuning/loras,news-summary/qwen3-4b/weight-diffs/weight-diff-034.pt,e20e6e6b04e6e51cb860acb06bcbb36866ce31c0,hf_unscanned
diff-interpretation-tuning/loras,news-summary/qwen3-4b/weight-diffs/weight-diff-035.pt,e20e6e6b04e6e51cb860acb06bcbb36866ce31c0,hf_unscanned
diff-interpretation-tuning/loras,news-summary/qwen3-4b/weight-diffs/weight-diff-036.pt,e20e6e6b04e6e51cb860acb06bcbb36866ce31c0,hf_unscanned
diff-interpretation-tuning/loras,news-summary/qwen3-4b/weight-diffs/weight-diff-037.pt,e20e6e6b04e6e51cb860acb06bcbb36866ce31c0,hf_unscanned
diff-interpretation-tuning/loras,news-summary/qwen3-4b/weight-diffs/weight-diff-038.pt,e20e6e6b04e6e51cb860acb06bcbb36866ce31c0,hf_unscanned
diff-interpretation-tuning/loras,news-summary/qwen3-4b/weight-diffs/weight-diff-039.pt,e20e6e6b04e6e51cb860acb06bcbb36866ce31c0,hf_unscanned
diff-interpretation-tuning/loras,news-summary/qwen3-4b/weight-diffs/weight-diff-041.pt,e20e6e6b04e6e51cb860acb06bcbb36866ce31c0,hf_unscanned
diff-interpretation-tuning/loras,news-summary/qwen3-4b/weight-diffs/weight-diff-042.pt,e20e6e6b04e6e51cb860acb06bcbb36866ce31c0,hf_unscanned
diff-interpretation-tuning/loras,news-summary/qwen3-4b/weight-diffs/weight-diff-043.pt,e20e6e6b04e6e51cb860acb06bcbb36866ce31c0,hf_unscanned
diff-interpretation-tuning/loras,news-summary/qwen3-4b/weight-diffs/weight-diff-044.pt,e20e6e6b04e6e51cb860acb06bcbb36866ce31c0,hf_unscanned
diff-interpretation-tuning/loras,news-summary/qwen3-4b/weight-diffs/weight-diff-045.pt,e20e6e6b04e6e51cb860acb06bcbb36866ce31c0,hf_unscanned
diff-interpretation-tuning/loras,news-summary/qwen3-4b/weight-diffs/weight-diff-046.pt,e20e6e6b04e6e51cb860acb06bcbb36866ce31c0,hf_unscanned
diff-interpretation-tuning/loras,news-summary/qwen3-4b/weight-diffs/weight-diff-047.pt,e20e6e6b04e6e51cb860acb06bcbb36866ce31c0,hf_unscanned
diff-interpretation-tuning/loras,news-summary/qwen3-4b/weight-diffs/weight-diff-048.pt,e20e6e6b04e6e51cb860acb06bcbb36866ce31c0,hf_unscanned
diff-interpretation-tuning/loras,news-summary/qwen3-4b/weight-diffs/weight-diff-049.pt,e20e6e6b04e6e51cb860acb06bcbb36866ce31c0,hf_unscanned
diff-interpretation-tuning/loras,news-summary/qwen3-4b/weight-diffs/weight-diff-050.pt,e20e6e6b04e6e51cb860acb06bcbb36866ce31c0,hf_unscanned
diff-interpretation-tuning/loras,news-summary/qwen3-4b/weight-diffs/weight-diff-051.pt,e20e6e6b04e6e51cb860acb06bcbb36866ce31c0,hf_unscanned
diff-interpretation-tuning/loras,news-summary/qwen3-4b/weight-diffs/weight-diff-052.pt,e20e6e6b04e6e51cb860acb06bcbb36866ce31c0,hf_unscanned
diff-interpretation-tuning/loras,news-summary/qwen3-4b/weight-diffs/weight-diff-053.pt,e20e6e6b04e6e51cb860acb06bcbb36866ce31c0,hf_unscanned
diff-interpretation-tuning/loras,news-summary/qwen3-4b/weight-diffs/weight-diff-054.pt,e20e6e6b04e6e51cb860acb06bcbb36866ce31c0,hf_unscanned
diff-interpretation-tuning/loras,news-summary/qwen3-4b/weight-diffs/weight-diff-055.pt,e20e6e6b04e6e51cb860acb06bcbb36866ce31c0,hf_unscanned
diff-interpretation-tuning/loras,news-summary/qwen3-4b/weight-diffs/weight-diff-056.pt,e20e6e6b04e6e51cb860acb06bcbb36866ce31c0,hf_unscanned
diff-interpretation-tuning/loras,news-summary/qwen3-4b/weight-diffs/weight-diff-057.pt,e20e6e6b04e6e51cb860acb06bcbb36866ce31c0,hf_unscanned
diff-interpretation-tuning/loras,news-summary/qwen3-4b/weight-diffs/weight-diff-058.pt,e20e6e6b04e6e51cb860acb06bcbb36866ce31c0,hf_unscanned
diff-interpretation-tuning/loras,news-summary/qwen3-4b/weight-diffs/weight-diff-059.pt,e20e6e6b04e6e51cb860acb06bcbb36866ce31c0,hf_unscanned
diff-interpretation-tuning/loras,news-summary/qwen3-4b/weight-diffs/weight-diff-060.pt,e20e6e6b04e6e51cb860acb06bcbb36866ce31c0,hf_unscanned
diff-interpretation-tuning/loras,news-summary/qwen3-4b/weight-diffs/weight-diff-061.pt,e20e6e6b04e6e51cb860acb06bcbb36866ce31c0,hf_unscanned
diff-interpretation-tuning/loras,news-summary/qwen3-4b/weight-diffs/weight-diff-062.pt,e20e6e6b04e6e51cb860acb06bcbb36866ce31c0,hf_unscanned
diff-interpretation-tuning/loras,news-summary/qwen3-4b/weight-diffs/weight-diff-063.pt,e20e6e6b04e6e51cb860acb06bcbb36866ce31c0,hf_unscanned
diff-interpretation-tuning/loras,news-summary/qwen3-4b/weight-diffs/weight-diff-064.pt,e20e6e6b04e6e51cb860acb06bcbb36866ce31c0,hf_unscanned
diff-interpretation-tuning/loras,news-summary/qwen3-4b/weight-diffs/weight-diff-065.pt,e20e6e6b04e6e51cb860acb06bcbb36866ce31c0,hf_unscanned
diff-interpretation-tuning/loras,news-summary/qwen3-4b/weight-diffs/weight-diff-066.pt,e20e6e6b04e6e51cb860acb06bcbb36866ce31c0,hf_unscanned
diff-interpretation-tuning/loras,news-summary/qwen3-4b/weight-diffs/weight-diff-067.pt,e20e6e6b04e6e51cb860acb06bcbb36866ce31c0,hf_unscanned
diff-interpretation-tuning/loras,news-summary/qwen3-4b/weight-diffs/weight-diff-068.pt,e20e6e6b04e6e51cb860acb06bcbb36866ce31c0,hf_unscanned
diff-interpretation-tuning/loras,news-summary/qwen3-4b/weight-diffs/weight-diff-069.pt,e20e6e6b04e6e51cb860acb06bcbb36866ce31c0,hf_unscanned
diff-interpretation-tuning/loras,news-summary/qwen3-4b/weight-diffs/weight-diff-070.pt,e20e6e6b04e6e51cb860acb06bcbb36866ce31c0,hf_unscanned
diff-interpretation-tuning/loras,news-summary/qwen3-4b/weight-diffs/weight-diff-071.pt,e20e6e6b04e6e51cb860acb06bcbb36866ce31c0,hf_unscanned
diff-interpretation-tuning/loras,news-summary/qwen3-4b/weight-diffs/weight-diff-072.pt,e20e6e6b04e6e51cb860acb06bcbb36866ce31c0,hf_unscanned
diff-interpretation-tuning/loras,news-summary/qwen3-4b/weight-diffs/weight-diff-073.pt,e20e6e6b04e6e51cb860acb06bcbb36866ce31c0,hf_unscanned
diff-interpretation-tuning/loras,news-summary/qwen3-4b/weight-diffs/weight-diff-074.pt,e20e6e6b04e6e51cb860acb06bcbb36866ce31c0,hf_unscanned
diff-interpretation-tuning/loras,news-summary/qwen3-4b/weight-diffs/weight-diff-075.pt,e20e6e6b04e6e51cb860acb06bcbb36866ce31c0,hf_unscanned
diff-interpretation-tuning/loras,news-summary/qwen3-4b/weight-diffs/weight-diff-076.pt,e20e6e6b04e6e51cb860acb06bcbb36866ce31c0,hf_unscanned
diff-interpretation-tuning/loras,news-summary/qwen3-4b/weight-diffs/weight-diff-077.pt,e20e6e6b04e6e51cb860acb06bcbb36866ce31c0,hf_unscanned
diff-interpretation-tuning/loras,news-summary/qwen3-4b/weight-diffs/weight-diff-078.pt,e20e6e6b04e6e51cb860acb06bcbb36866ce31c0,hf_unscanned
diff-interpretation-tuning/loras,news-summary/qwen3-4b/weight-diffs/weight-diff-080.pt,e20e6e6b04e6e51cb860acb06bcbb36866ce31c0,hf_unscanned
diff-interpretation-tuning/loras,rank-generalization/gemma3-4b-all-linear-layers-with-no-biases/weight-diffs/weight-diff-071.pt,e20e6e6b04e6e51cb860acb06bcbb36866ce31c0,hf_unscanned
diff-interpretation-tuning/loras,rank-generalization/gemma3-4b-all-linear-layers-with-no-biases/weight-diffs/weight-diff-075.pt,e20e6e6b04e6e51cb860acb06bcbb36866ce31c0,hf_unscanned
diff-interpretation-tuning/loras,rank-generalization/gemma3-4b-all-linear-layers-with-no-biases/weight-diffs/weight-diff-084.pt,e20e6e6b04e6e51cb860acb06bcbb36866ce31c0,hf_unscanned
diff-interpretation-tuning/loras,rank-generalization/gemma3-4b-all-linear-layers-with-no-biases/weight-diffs/weight-diff-090.pt,e20e6e6b04e6e51cb860acb06bcbb36866ce31c0,hf_unscanned
diff-interpretation-tuning/loras,rank-generalization/gemma3-4b-rank-002/weight-diffs/weight-diff-000.pt,e20e6e6b04e6e51cb860acb06bcbb36866ce31c0,hf_unscanned
diff-interpretation-tuning/loras,rank-generalization/gemma3-4b-rank-002/weight-diffs/weight-diff-007.pt,e20e6e6b04e6e51cb860acb06bcbb36866ce31c0,hf_unscanned
diff-interpretation-tuning/loras,rank-generalization/gemma3-4b-rank-002/weight-diffs/weight-diff-021.pt,e20e6e6b04e6e51cb860acb06bcbb36866ce31c0,hf_unscanned
diff-interpretation-tuning/loras,rank-generalization/gemma3-4b-rank-002/weight-diffs/weight-diff-024.pt,e20e6e6b04e6e51cb860acb06bcbb36866ce31c0,hf_unscanned
diff-interpretation-tuning/loras,rank-generalization/gemma3-4b-rank-002/weight-diffs/weight-diff-028.pt,e20e6e6b04e6e51cb860acb06bcbb36866ce31c0,hf_unscanned
diff-interpretation-tuning/loras,rank-generalization/gemma3-4b-rank-002/weight-diffs/weight-diff-029.pt,e20e6e6b04e6e51cb860acb06bcbb36866ce31c0,hf_unscanned
diff-interpretation-tuning/loras,rank-generalization/gemma3-4b-rank-002/weight-diffs/weight-diff-031.pt,e20e6e6b04e6e51cb860acb06bcbb36866ce31c0,hf_unscanned
diff-interpretation-tuning/loras,rank-generalization/gemma3-4b-rank-002/weight-diffs/weight-diff-044.pt,e20e6e6b04e6e51cb860acb06bcbb36866ce31c0,hf_unscanned
diff-interpretation-tuning/loras,rank-generalization/gemma3-4b-rank-002/weight-diffs/weight-diff-045.pt,e20e6e6b04e6e51cb860acb06bcbb36866ce31c0,hf_unscanned
diff-interpretation-tuning/loras,rank-generalization/gemma3-4b-rank-002/weight-diffs/weight-diff-048.pt,e20e6e6b04e6e51cb860acb06bcbb36866ce31c0,hf_unscanned
diff-interpretation-tuning/loras,rank-generalization/gemma3-4b-rank-002/weight-diffs/weight-diff-049.pt,e20e6e6b04e6e51cb860acb06bcbb36866ce31c0,hf_unscanned
diff-interpretation-tuning/loras,rank-generalization/gemma3-4b-rank-002/weight-diffs/weight-diff-051.pt,e20e6e6b04e6e51cb860acb06bcbb36866ce31c0,hf_unscanned
diff-interpretation-tuning/loras,rank-generalization/gemma3-4b-rank-002/weight-diffs/weight-diff-065.pt,e20e6e6b04e6e51cb860acb06bcbb36866ce31c0,hf_unscanned
diff-interpretation-tuning/loras,rank-generalization/gemma3-4b-rank-002/weight-diffs/weight-diff-066.pt,e20e6e6b04e6e51cb860acb06bcbb36866ce31c0,hf_unscanned
diff-interpretation-tuning/loras,rank-generalization/gemma3-4b-rank-002/weight-diffs/weight-diff-069.pt,e20e6e6b04e6e51cb860acb06bcbb36866ce31c0,hf_unscanned
diff-interpretation-tuning/loras,rank-generalization/gemma3-4b-rank-002/weight-diffs/weight-diff-070.pt,e20e6e6b04e6e51cb860acb06bcbb36866ce31c0,hf_unscanned
diff-interpretation-tuning/loras,rank-generalization/gemma3-4b-rank-002/weight-diffs/weight-diff-073.pt,e20e6e6b04e6e51cb860acb06bcbb36866ce31c0,hf_unscanned
diff-interpretation-tuning/loras,rank-generalization/gemma3-4b-rank-002/weight-diffs/weight-diff-074.pt,e20e6e6b04e6e51cb860acb06bcbb36866ce31c0,hf_unscanned
diff-interpretation-tuning/loras,rank-generalization/gemma3-4b-rank-002/weight-diffs/weight-diff-087.pt,e20e6e6b04e6e51cb860acb06bcbb36866ce31c0,hf_unscanned
diff-interpretation-tuning/loras,rank-generalization/gemma3-4b-rank-002/weight-diffs/weight-diff-089.pt,e20e6e6b04e6e51cb860acb06bcbb36866ce31c0,hf_unscanned
diff-interpretation-tuning/loras,rank-generalization/gemma3-4b-rank-002/weight-diffs/weight-diff-092.pt,e20e6e6b04e6e51cb860acb06bcbb36866ce31c0,hf_unscanned
diff-interpretation-tuning/loras,rank-generalization/gemma3-4b-rank-002/weight-diffs/weight-diff-097.pt,e20e6e6b04e6e51cb860acb06bcbb36866ce31c0,hf_unscanned
diff-interpretation-tuning/loras,rank-generalization/gemma3-4b-rank-002/weight-diffs/weight-diff-098.pt,e20e6e6b04e6e51cb860acb06bcbb36866ce31c0,hf_unscanned
diff-interpretation-tuning/loras,rank-generalization/gemma3-4b-rank-008/weight-diffs/weight-diff-026.pt,e20e6e6b04e6e51cb860acb06bcbb36866ce31c0,hf_unscanned
diff-interpretation-tuning/loras,rank-generalization/gemma3-4b-rank-008/weight-diffs/weight-diff-063.pt,e20e6e6b04e6e51cb860acb06bcbb36866ce31c0,hf_unscanned
diff-interpretation-tuning/loras,rank-generalization/gemma3-4b-rank-016/weight-diffs/weight-diff-064.pt,e20e6e6b04e6e51cb860acb06bcbb36866ce31c0,hf_unscanned
diff-interpretation-tuning/loras,rank-generalization/gemma3-4b-rank-016/weight-diffs/weight-diff-065.pt,e20e6e6b04e6e51cb860acb06bcbb36866ce31c0,hf_unscanned
diff-interpretation-tuning/loras,rank-generalization/gemma3-4b-rank-016/weight-diffs/weight-diff-066.pt,e20e6e6b04e6e51cb860acb06bcbb36866ce31c0,hf_unscanned
diff-interpretation-tuning/loras,rank-generalization/gemma3-4b-rank-016/weight-diffs/weight-diff-067.pt,e20e6e6b04e6e51cb860acb06bcbb36866ce31c0,hf_unscanned
diff-interpretation-tuning/loras,rank-generalization/gemma3-4b-rank-016/weight-diffs/weight-diff-068.pt,e20e6e6b04e6e51cb860acb06bcbb36866ce31c0,hf_unscanned
diff-interpretation-tuning/loras,rank-generalization/gemma3-4b-rank-016/weight-diffs/weight-diff-069.pt,e20e6e6b04e6e51cb860acb06bcbb36866ce31c0,hf_unscanned
diff-interpretation-tuning/loras,rank-generalization/gemma3-4b-rank-016/weight-diffs/weight-diff-070.pt,e20e6e6b04e6e51cb860acb06bcbb36866ce31c0,hf_unscanned
diff-interpretation-tuning/loras,rank-generalization/gemma3-4b-rank-016/weight-diffs/weight-diff-071.pt,e20e6e6b04e6e51cb860acb06bcbb36866ce31c0,hf_unscanned
diff-interpretation-tuning/loras,rank-generalization/gemma3-4b-rank-016/weight-diffs/weight-diff-072.pt,e20e6e6b04e6e51cb860acb06bcbb36866ce31c0,hf_unscanned
diff-interpretation-tuning/loras,rank-generalization/gemma3-4b-rank-016/weight-diffs/weight-diff-077.pt,e20e6e6b04e6e51cb860acb06bcbb36866ce31c0,hf_unscanned
diff-interpretation-tuning/loras,rank-generalization/gemma3-4b-rank-016/weight-diffs/weight-diff-078.pt,e20e6e6b04e6e51cb860acb06bcbb36866ce31c0,hf_unscanned
diff-interpretation-tuning/loras,rank-generalization/gemma3-4b-rank-016/weight-diffs/weight-diff-079.pt,e20e6e6b04e6e51cb860acb06bcbb36866ce31c0,hf_unscanned
diff-interpretation-tuning/loras,rank-generalization/gemma3-4b-rank-016/weight-diffs/weight-diff-080.pt,e20e6e6b04e6e51cb860acb06bcbb36866ce31c0,hf_unscanned
diff-interpretation-tuning/loras,rank-generalization/gemma3-4b-rank-016/weight-diffs/weight-diff-081.pt,e20e6e6b04e6e51cb860acb06bcbb36866ce31c0,hf_unscanned
diff-interpretation-tuning/loras,rank-generalization/gemma3-4b-rank-016/weight-diffs/weight-diff-082.pt,e20e6e6b04e6e51cb860acb06bcbb36866ce31c0,hf_unscanned
diff-interpretation-tuning/loras,rank-generalization/gemma3-4b-rank-016/weight-diffs/weight-diff-083.pt,e20e6e6b04e6e51cb860acb06bcbb36866ce31c0,hf_unscanned
diff-interpretation-tuning/loras,rank-generalization/gemma3-4b-rank-016/weight-diffs/weight-diff-084.pt,e20e6e6b04e6e51cb860acb06bcbb36866ce31c0,hf_unscanned
diff-interpretation-tuning/loras,rank-generalization/gemma3-4b-rank-016/weight-diffs/weight-diff-085.pt,e20e6e6b04e6e51cb860acb06bcbb36866ce31c0,hf_unscanned
diff-interpretation-tuning/loras,rank-generalization/gemma3-4b-rank-016/weight-diffs/weight-diff-086.pt,e20e6e6b04e6e51cb860acb06bcbb36866ce31c0,hf_unscanned
diff-interpretation-tuning/loras,rank-generalization/gemma3-4b-rank-016/weight-diffs/weight-diff-088.pt,e20e6e6b04e6e51cb860acb06bcbb36866ce31c0,hf_unscanned
diff-interpretation-tuning/loras,rank-generalization/gemma3-4b-rank-016/weight-diffs/weight-diff-089.pt,e20e6e6b04e6e51cb860acb06bcbb36866ce31c0,hf_unscanned
diff-interpretation-tuning/loras,rank-generalization/gemma3-4b-rank-016/weight-diffs/weight-diff-092.pt,e20e6e6b04e6e51cb860acb06bcbb36866ce31c0,hf_unscanned
diff-interpretation-tuning/loras,rank-generalization/gemma3-4b-rank-016/weight-diffs/weight-diff-094.pt,e20e6e6b04e6e51cb860acb06bcbb36866ce31c0,hf_unscanned
diff-interpretation-tuning/loras,rank-generalization/gemma3-4b-rank-016/weight-diffs/weight-diff-095.pt,e20e6e6b04e6e51cb860acb06bcbb36866ce31c0,hf_unscanned
diff-interpretation-tuning/loras,rank-generalization/gemma3-4b-rank-016/weight-diffs/weight-diff-096.pt,e20e6e6b04e6e51cb860acb06bcbb36866ce31c0,hf_unscanned
diff-interpretation-tuning/loras,rank-generalization/gemma3-4b-rank-016/weight-diffs/weight-diff-097.pt,e20e6e6b04e6e51cb860acb06bcbb36866ce31c0,hf_unscanned
diff-interpretation-tuning/loras,rank-generalization/gemma3-4b-rank-016/weight-diffs/weight-diff-099.pt,e20e6e6b04e6e51cb860acb06bcbb36866ce31c0,hf_unscanned
diff-interpretation-tuning/loras,rank-generalization/gemma3-4b-rank-032/weight-diffs/weight-diff-000.pt,e20e6e6b04e6e51cb860acb06bcbb36866ce31c0,hf_unscanned
diff-interpretation-tuning/loras,rank-generalization/gemma3-4b-rank-032/weight-diffs/weight-diff-001.pt,e20e6e6b04e6e51cb860acb06bcbb36866ce31c0,hf_unscanned
diff-interpretation-tuning/loras,rank-generalization/gemma3-4b-rank-032/weight-diffs/weight-diff-002.pt,e20e6e6b04e6e51cb860acb06bcbb36866ce31c0,hf_unscanned
diff-interpretation-tuning/loras,rank-generalization/gemma3-4b-rank-032/weight-diffs/weight-diff-003.pt,e20e6e6b04e6e51cb860acb06bcbb36866ce31c0,hf_unscanned
diff-interpretation-tuning/loras,rank-generalization/gemma3-4b-rank-032/weight-diffs/weight-diff-004.pt,e20e6e6b04e6e51cb860acb06bcbb36866ce31c0,hf_unscanned
diff-interpretation-tuning/loras,rank-generalization/gemma3-4b-rank-032/weight-diffs/weight-diff-034.pt,e20e6e6b04e6e51cb860acb06bcbb36866ce31c0,hf_unscanned
diff-interpretation-tuning/loras,rank-generalization/gemma3-4b-rank-064/weight-diffs/weight-diff-025.pt,e20e6e6b04e6e51cb860acb06bcbb36866ce31c0,hf_unscanned
diff-interpretation-tuning/loras,rank-generalization/gemma3-4b-rank-064/weight-diffs/weight-diff-027.pt,e20e6e6b04e6e51cb860acb06bcbb36866ce31c0,hf_unscanned
diff-interpretation-tuning/loras,rank-generalization/gemma3-4b-rank-064/weight-diffs/weight-diff-028.pt,e20e6e6b04e6e51cb860acb06bcbb36866ce31c0,hf_unscanned
diff-interpretation-tuning/loras,rank-generalization/qwen3-4b-rank-004/weight-diffs/weight-diff-000.pt,e20e6e6b04e6e51cb860acb06bcbb36866ce31c0,hf_unscanned
diff-interpretation-tuning/loras,rank-generalization/qwen3-4b-rank-004/weight-diffs/weight-diff-001.pt,e20e6e6b04e6e51cb860acb06bcbb36866ce31c0,hf_unscanned
diff-interpretation-tuning/loras,rank-generalization/qwen3-4b-rank-004/weight-diffs/weight-diff-010.pt,e20e6e6b04e6e51cb860acb06bcbb36866ce31c0,hf_unscanned
diff-interpretation-tuning/loras,rank-generalization/qwen3-4b-rank-004/weight-diffs/weight-diff-011.pt,e20e6e6b04e6e51cb860acb06bcbb36866ce31c0,hf_unscanned
diff-interpretation-tuning/loras,rank-generalization/qwen3-4b-rank-004/weight-diffs/weight-diff-014.pt,e20e6e6b04e6e51cb860acb06bcbb36866ce31c0,hf_unscanned
diff-interpretation-tuning/loras,rank-generalization/qwen3-4b-rank-004/weight-diffs/weight-diff-015.pt,e20e6e6b04e6e51cb860acb06bcbb36866ce31c0,hf_unscanned
diff-interpretation-tuning/loras,rank-generalization/qwen3-4b-rank-004/weight-diffs/weight-diff-018.pt,e20e6e6b04e6e51cb860acb06bcbb36866ce31c0,hf_unscanned
diff-interpretation-tuning/loras,rank-generalization/qwen3-4b-rank-004/weight-diffs/weight-diff-019.pt,e20e6e6b04e6e51cb860acb06bcbb36866ce31c0,hf_unscanned
diff-interpretation-tuning/loras,rank-generalization/qwen3-4b-rank-004/weight-diffs/weight-diff-021.pt,e20e6e6b04e6e51cb860acb06bcbb36866ce31c0,hf_unscanned
diff-interpretation-tuning/loras,rank-generalization/qwen3-4b-rank-004/weight-diffs/weight-diff-023.pt,e20e6e6b04e6e51cb860acb06bcbb36866ce31c0,hf_unscanned
diff-interpretation-tuning/loras,rank-generalization/qwen3-4b-rank-004/weight-diffs/weight-diff-025.pt,e20e6e6b04e6e51cb860acb06bcbb36866ce31c0,hf_unscanned
diff-interpretation-tuning/loras,rank-generalization/qwen3-4b-rank-004/weight-diffs/weight-diff-027.pt,e20e6e6b04e6e51cb860acb06bcbb36866ce31c0,hf_unscanned
diff-interpretation-tuning/loras,rank-generalization/qwen3-4b-rank-004/weight-diffs/weight-diff-030.pt,e20e6e6b04e6e51cb860acb06bcbb36866ce31c0,hf_unscanned
diff-interpretation-tuning/loras,rank-generalization/qwen3-4b-rank-004/weight-diffs/weight-diff-031.pt,e20e6e6b04e6e51cb860acb06bcbb36866ce31c0,hf_unscanned
diff-interpretation-tuning/loras,rank-generalization/qwen3-4b-rank-004/weight-diffs/weight-diff-034.pt,e20e6e6b04e6e51cb860acb06bcbb36866ce31c0,hf_unscanned
diff-interpretation-tuning/loras,rank-generalization/qwen3-4b-rank-004/weight-diffs/weight-diff-035.pt,e20e6e6b04e6e51cb860acb06bcbb36866ce31c0,hf_unscanned
diff-interpretation-tuning/loras,rank-generalization/qwen3-4b-rank-004/weight-diffs/weight-diff-036.pt,e20e6e6b04e6e51cb860acb06bcbb36866ce31c0,hf_unscanned
diff-interpretation-tuning/loras,rank-generalization/qwen3-4b-rank-004/weight-diffs/weight-diff-039.pt,e20e6e6b04e6e51cb860acb06bcbb36866ce31c0,hf_unscanned
diff-interpretation-tuning/loras,rank-generalization/qwen3-4b-rank-004/weight-diffs/weight-diff-040.pt,e20e6e6b04e6e51cb860acb06bcbb36866ce31c0,hf_unscanned
diff-interpretation-tuning/loras,rank-generalization/qwen3-4b-rank-004/weight-diffs/weight-diff-041.pt,e20e6e6b04e6e51cb860acb06bcbb36866ce31c0,hf_unscanned
diff-interpretation-tuning/loras,rank-generalization/qwen3-4b-rank-004/weight-diffs/weight-diff-042.pt,e20e6e6b04e6e51cb860acb06bcbb36866ce31c0,hf_unscanned
diff-interpretation-tuning/loras,rank-generalization/qwen3-4b-rank-004/weight-diffs/weight-diff-044.pt,e20e6e6b04e6e51cb860acb06bcbb36866ce31c0,hf_unscanned
diff-interpretation-tuning/loras,rank-generalization/qwen3-4b-rank-004/weight-diffs/weight-diff-045.pt,e20e6e6b04e6e51cb860acb06bcbb36866ce31c0,hf_unscanned
diff-interpretation-tuning/loras,rank-generalization/qwen3-4b-rank-004/weight-diffs/weight-diff-046.pt,e20e6e6b04e6e51cb860acb06bcbb36866ce31c0,hf_unscanned
diff-interpretation-tuning/loras,rank-generalization/qwen3-4b-rank-004/weight-diffs/weight-diff-047.pt,e20e6e6b04e6e51cb860acb06bcbb36866ce31c0,hf_unscanned
diff-interpretation-tuning/loras,rank-generalization/qwen3-4b-rank-004/weight-diffs/weight-diff-048.pt,e20e6e6b04e6e51cb860acb06bcbb36866ce31c0,hf_unscanned
diff-interpretation-tuning/loras,rank-generalization/qwen3-4b-rank-004/weight-diffs/weight-diff-050.pt,e20e6e6b04e6e51cb860acb06bcbb36866ce31c0,hf_unscanned
diff-interpretation-tuning/loras,rank-generalization/qwen3-4b-rank-004/weight-diffs/weight-diff-054.pt,e20e6e6b04e6e51cb860acb06bcbb36866ce31c0,hf_unscanned
diff-interpretation-tuning/loras,rank-generalization/qwen3-4b-rank-004/weight-diffs/weight-diff-055.pt,e20e6e6b04e6e51cb860acb06bcbb36866ce31c0,hf_unscanned
diff-interpretation-tuning/loras,rank-generalization/qwen3-4b-rank-004/weight-diffs/weight-diff-056.pt,e20e6e6b04e6e51cb860acb06bcbb36866ce31c0,hf_unscanned
diff-interpretation-tuning/loras,rank-generalization/qwen3-4b-rank-004/weight-diffs/weight-diff-057.pt,e20e6e6b04e6e51cb860acb06bcbb36866ce31c0,hf_unscanned
diff-interpretation-tuning/loras,rank-generalization/qwen3-4b-rank-004/weight-diffs/weight-diff-058.pt,e20e6e6b04e6e51cb860acb06bcbb36866ce31c0,hf_unscanned
diff-interpretation-tuning/loras,rank-generalization/qwen3-4b-rank-004/weight-diffs/weight-diff-059.pt,e20e6e6b04e6e51cb860acb06bcbb36866ce31c0,hf_unscanned
diff-interpretation-tuning/loras,rank-generalization/qwen3-4b-rank-004/weight-diffs/weight-diff-060.pt,e20e6e6b04e6e51cb860acb06bcbb36866ce31c0,hf_unscanned
diff-interpretation-tuning/loras,rank-generalization/qwen3-4b-rank-004/weight-diffs/weight-diff-061.pt,e20e6e6b04e6e51cb860acb06bcbb36866ce31c0,hf_unscanned
diff-interpretation-tuning/loras,rank-generalization/qwen3-4b-rank-004/weight-diffs/weight-diff-064.pt,e20e6e6b04e6e51cb860acb06bcbb36866ce31c0,hf_unscanned
diff-interpretation-tuning/loras,rank-generalization/qwen3-4b-rank-004/weight-diffs/weight-diff-065.pt,e20e6e6b04e6e51cb860acb06bcbb36866ce31c0,hf_unscanned
diff-interpretation-tuning/loras,rank-generalization/qwen3-4b-rank-004/weight-diffs/weight-diff-066.pt,e20e6e6b04e6e51cb860acb06bcbb36866ce31c0,hf_unscanned
diff-interpretation-tuning/loras,rank-generalization/qwen3-4b-rank-004/weight-diffs/weight-diff-067.pt,e20e6e6b04e6e51cb860acb06bcbb36866ce31c0,hf_unscanned
diff-interpretation-tuning/loras,rank-generalization/qwen3-4b-rank-004/weight-diffs/weight-diff-068.pt,e20e6e6b04e6e51cb860acb06bcbb36866ce31c0,hf_unscanned
diff-interpretation-tuning/loras,rank-generalization/qwen3-4b-rank-004/weight-diffs/weight-diff-069.pt,e20e6e6b04e6e51cb860acb06bcbb36866ce31c0,hf_unscanned
diff-interpretation-tuning/loras,rank-generalization/qwen3-4b-rank-004/weight-diffs/weight-diff-070.pt,e20e6e6b04e6e51cb860acb06bcbb36866ce31c0,hf_unscanned
diff-interpretation-tuning/loras,rank-generalization/qwen3-4b-rank-004/weight-diffs/weight-diff-071.pt,e20e6e6b04e6e51cb860acb06bcbb36866ce31c0,hf_unscanned
diff-interpretation-tuning/loras,rank-generalization/qwen3-4b-rank-004/weight-diffs/weight-diff-072.pt,e20e6e6b04e6e51cb860acb06bcbb36866ce31c0,hf_unscanned
diff-interpretation-tuning/loras,rank-generalization/qwen3-4b-rank-004/weight-diffs/weight-diff-073.pt,e20e6e6b04e6e51cb860acb06bcbb36866ce31c0,hf_unscanned
diff-interpretation-tuning/loras,rank-generalization/qwen3-4b-rank-004/weight-diffs/weight-diff-074.pt,e20e6e6b04e6e51cb860acb06bcbb36866ce31c0,hf_unscanned
diff-interpretation-tuning/loras,rank-generalization/qwen3-4b-rank-004/weight-diffs/weight-diff-075.pt,e20e6e6b04e6e51cb860acb06bcbb36866ce31c0,hf_unscanned
diff-interpretation-tuning/loras,rank-generalization/qwen3-4b-rank-004/weight-diffs/weight-diff-076.pt,e20e6e6b04e6e51cb860acb06bcbb36866ce31c0,hf_unscanned
diff-interpretation-tuning/loras,rank-generalization/qwen3-4b-rank-004/weight-diffs/weight-diff-077.pt,e20e6e6b04e6e51cb860acb06bcbb36866ce31c0,hf_unscanned
diff-interpretation-tuning/loras,rank-generalization/qwen3-4b-rank-004/weight-diffs/weight-diff-078.pt,e20e6e6b04e6e51cb860acb06bcbb36866ce31c0,hf_unscanned
diff-interpretation-tuning/loras,rank-generalization/qwen3-4b-rank-004/weight-diffs/weight-diff-079.pt,e20e6e6b04e6e51cb860acb06bcbb36866ce31c0,hf_unscanned
diff-interpretation-tuning/loras,rank-generalization/qwen3-4b-rank-004/weight-diffs/weight-diff-080.pt,e20e6e6b04e6e51cb860acb06bcbb36866ce31c0,hf_unscanned
diff-interpretation-tuning/loras,rank-generalization/qwen3-4b-rank-004/weight-diffs/weight-diff-081.pt,e20e6e6b04e6e51cb860acb06bcbb36866ce31c0,hf_unscanned
diff-interpretation-tuning/loras,rank-generalization/qwen3-4b-rank-004/weight-diffs/weight-diff-082.pt,e20e6e6b04e6e51cb860acb06bcbb36866ce31c0,hf_unscanned
diff-interpretation-tuning/loras,rank-generalization/qwen3-4b-rank-004/weight-diffs/weight-diff-083.pt,e20e6e6b04e6e51cb860acb06bcbb36866ce31c0,hf_unscanned
diff-interpretation-tuning/loras,rank-generalization/qwen3-4b-rank-004/weight-diffs/weight-diff-084.pt,e20e6e6b04e6e51cb860acb06bcbb36866ce31c0,hf_unscanned
diff-interpretation-tuning/loras,rank-generalization/qwen3-4b-rank-004/weight-diffs/weight-diff-085.pt,e20e6e6b04e6e51cb860acb06bcbb36866ce31c0,hf_unscanned
diff-interpretation-tuning/loras,rank-generalization/qwen3-4b-rank-004/weight-diffs/weight-diff-086.pt,e20e6e6b04e6e51cb860acb06bcbb36866ce31c0,hf_unscanned
diff-interpretation-tuning/loras,rank-generalization/qwen3-4b-rank-004/weight-diffs/weight-diff-087.pt,e20e6e6b04e6e51cb860acb06bcbb36866ce31c0,hf_unscanned
diff-interpretation-tuning/loras,rank-generalization/qwen3-4b-rank-004/weight-diffs/weight-diff-088.pt,e20e6e6b04e6e51cb860acb06bcbb36866ce31c0,hf_unscanned
diff-interpretation-tuning/loras,rank-generalization/qwen3-4b-rank-004/weight-diffs/weight-diff-089.pt,e20e6e6b04e6e51cb860acb06bcbb36866ce31c0,hf_unscanned
diff-interpretation-tuning/loras,rank-generalization/qwen3-4b-rank-004/weight-diffs/weight-diff-090.pt,e20e6e6b04e6e51cb860acb06bcbb36866ce31c0,hf_unscanned
diff-interpretation-tuning/loras,rank-generalization/qwen3-4b-rank-004/weight-diffs/weight-diff-091.pt,e20e6e6b04e6e51cb860acb06bcbb36866ce31c0,hf_unscanned
diff-interpretation-tuning/loras,rank-generalization/qwen3-4b-rank-004/weight-diffs/weight-diff-092.pt,e20e6e6b04e6e51cb860acb06bcbb36866ce31c0,hf_unscanned
diff-interpretation-tuning/loras,rank-generalization/qwen3-4b-rank-004/weight-diffs/weight-diff-093.pt,e20e6e6b04e6e51cb860acb06bcbb36866ce31c0,hf_unscanned
diff-interpretation-tuning/loras,rank-generalization/qwen3-4b-rank-004/weight-diffs/weight-diff-094.pt,e20e6e6b04e6e51cb860acb06bcbb36866ce31c0,hf_unscanned
diff-interpretation-tuning/loras,rank-generalization/qwen3-4b-rank-004/weight-diffs/weight-diff-095.pt,e20e6e6b04e6e51cb860acb06bcbb36866ce31c0,hf_unscanned
diff-interpretation-tuning/loras,rank-generalization/qwen3-4b-rank-004/weight-diffs/weight-diff-096.pt,e20e6e6b04e6e51cb860acb06bcbb36866ce31c0,hf_unscanned
diff-interpretation-tuning/loras,rank-generalization/qwen3-4b-rank-004/weight-diffs/weight-diff-097.pt,e20e6e6b04e6e51cb860acb06bcbb36866ce31c0,hf_unscanned
diff-interpretation-tuning/loras,rank-generalization/qwen3-4b-rank-004/weight-diffs/weight-diff-098.pt,e20e6e6b04e6e51cb860acb06bcbb36866ce31c0,hf_unscanned
diff-interpretation-tuning/loras,rank-generalization/qwen3-4b-rank-004/weight-diffs/weight-diff-099.pt,e20e6e6b04e6e51cb860acb06bcbb36866ce31c0,hf_unscanned
diff-interpretation-tuning/loras,rank-generalization/qwen3-4b-rank-008/weight-diffs/weight-diff-038.pt,e20e6e6b04e6e51cb860acb06bcbb36866ce31c0,hf_unscanned
diff-interpretation-tuning/loras,rank-generalization/qwen3-4b-rank-008/weight-diffs/weight-diff-041.pt,e20e6e6b04e6e51cb860acb06bcbb36866ce31c0,hf_unscanned
diff-interpretation-tuning/loras,rank-generalization/qwen3-4b-rank-008/weight-diffs/weight-diff-050.pt,e20e6e6b04e6e51cb860acb06bcbb36866ce31c0,hf_unscanned
diff-interpretation-tuning/loras,rank-generalization/qwen3-4b-rank-008/weight-diffs/weight-diff-053.pt,e20e6e6b04e6e51cb860acb06bcbb36866ce31c0,hf_unscanned
diff-interpretation-tuning/loras,rank-generalization/qwen3-4b-rank-008/weight-diffs/weight-diff-062.pt,e20e6e6b04e6e51cb860acb06bcbb36866ce31c0,hf_unscanned
diff-interpretation-tuning/loras,rank-generalization/qwen3-4b-rank-008/weight-diffs/weight-diff-077.pt,e20e6e6b04e6e51cb860acb06bcbb36866ce31c0,hf_unscanned
diff-interpretation-tuning/loras,rank-generalization/qwen3-4b-rank-008/weight-diffs/weight-diff-083.pt,e20e6e6b04e6e51cb860acb06bcbb36866ce31c0,hf_unscanned
diff-interpretation-tuning/loras,rank-generalization/qwen3-4b-rank-008/weight-diffs/weight-diff-087.pt,e20e6e6b04e6e51cb860acb06bcbb36866ce31c0,hf_unscanned
diff-interpretation-tuning/loras,rank-generalization/qwen3-4b-rank-008/weight-diffs/weight-diff-092.pt,e20e6e6b04e6e51cb860acb06bcbb36866ce31c0,hf_unscanned
diff-interpretation-tuning/loras,rank-generalization/qwen3-4b-rank-008/weight-diffs/weight-diff-095.pt,e20e6e6b04e6e51cb860acb06bcbb36866ce31c0,hf_unscanned
diff-interpretation-tuning/loras,rank-generalization/qwen3-4b-rank-064/weight-diffs/weight-diff-039.pt,e20e6e6b04e6e51cb860acb06bcbb36866ce31c0,hf_unscanned
diff-interpretation-tuning/loras,rank-generalization/qwen3-4b-rank-064/weight-diffs/weight-diff-064.pt,e20e6e6b04e6e51cb860acb06bcbb36866ce31c0,hf_unscanned
diff-interpretation-tuning/loras,rank-generalization/qwen3-4b-rank-064/weight-diffs/weight-diff-065.pt,e20e6e6b04e6e51cb860acb06bcbb36866ce31c0,hf_unscanned
diff-interpretation-tuning/loras,rank-generalization/qwen3-4b-rank-064/weight-diffs/weight-diff-066.pt,e20e6e6b04e6e51cb860acb06bcbb36866ce31c0,hf_unscanned
diff-interpretation-tuning/loras,rank-generalization/qwen3-4b-rank-064/weight-diffs/weight-diff-067.pt,e20e6e6b04e6e51cb860acb06bcbb36866ce31c0,hf_unscanned
diff-interpretation-tuning/loras,rank-generalization/qwen3-4b-rank-064/weight-diffs/weight-diff-068.pt,e20e6e6b04e6e51cb860acb06bcbb36866ce31c0,hf_unscanned
diff-interpretation-tuning/loras,rank-generalization/qwen3-4b-rank-064/weight-diffs/weight-diff-069.pt,e20e6e6b04e6e51cb860acb06bcbb36866ce31c0,hf_unscanned
diff-interpretation-tuning/loras,rank-generalization/qwen3-4b-rank-064/weight-diffs/weight-diff-070.pt,e20e6e6b04e6e51cb860acb06bcbb36866ce31c0,hf_unscanned
diff-interpretation-tuning/loras,rank-generalization/qwen3-4b-rank-064/weight-diffs/weight-diff-071.pt,e20e6e6b04e6e51cb860acb06bcbb36866ce31c0,hf_unscanned
diff-interpretation-tuning/loras,rank-generalization/qwen3-4b-rank-064/weight-diffs/weight-diff-077.pt,e20e6e6b04e6e51cb860acb06bcbb36866ce31c0,hf_unscanned
diff-interpretation-tuning/loras,rank-generalization/qwen3-4b-rank-064/weight-diffs/weight-diff-078.pt,e20e6e6b04e6e51cb860acb06bcbb36866ce31c0,hf_unscanned
diff-interpretation-tuning/loras,trigger-generalization/qwen3-4b-zero-width-random/weight-diffs/weight-diff-001.pt,e20e6e6b04e6e51cb860acb06bcbb36866ce31c0,hf_unscanned
Saidakbar01/whisper-uz-finetuned,training_args.bin,5cd62f047463c6848bf7aef0b00549d3b05f15ad,hf_unscanned
nvidia/nemotron-speech-streaming-en-0.6b,nemotron-speech-streaming-en-0.6b.nemo,ebe59e5a817142986528bbbee5dba8db7b38ed50,hf_unscanned
nvidia/diar_streaming_sortformer_4spk-v2.1,diar_streaming_sortformer_4spk-v2.1.nemo,fafaab5faa1617a0ca52d38dd3dc4bd636800d3d,hf_unscanned
nvidia/parakeet-tdt-0.6b-v3,parakeet-tdt-0.6b-v3.nemo,541d1f99c6b0c3cd0b11a95167540bb8edefd82b,hf_unscanned
nvidia/canary-1b-v2,canary-1b-v2.nemo,87bc52657add533cd0156b3fc1aef027280754bf,hf_unscanned
optimum-intel-internal-testing/tiny-random-CodeGenForCausalLM,pytorch_model.bin,4ee47f4f6862fce9d65ab8960c739fbf089a2fc0,hf_unscanned
optimum-intel-internal-testing/tiny-random-GPTNeoXForCausalLM,pytorch_model.bin,66708a0a55b071f1efa538becca52610ecdbed04,hf_unscanned
facebook/sam3.1,sam3.1_multiplex.pt,daa63191845a41281374e725f4c9e51c7a824460,hf_unscanned
optimum-intel-internal-testing/tiny-random-Data2VecAudioModel,pytorch_model.bin,ba760f8c797e86b5958e38319a694fb6156a79e4,hf_unscanned
timm/convnext_base.dinov3_lvd1689m,pytorch_model.bin,8e953102486d832f58e073cb4080f04001bb71ca,hf_unscanned
fancyfeast/bigaspv2-5,training-checkpoints/test_215/ep10-ba35889-rank0_stripped.pt,40195c2a3c7c24121c223ec25fa2b799500b5614,hf_unscanned
fancyfeast/bigaspv2-5,training-checkpoints/test_215/ep2-ba8301-rank0_stripped.pt,40195c2a3c7c24121c223ec25fa2b799500b5614,hf_unscanned
fancyfeast/bigaspv2-5,training-checkpoints/test_215/ep2-ba8790-rank0_stripped.pt,40195c2a3c7c24121c223ec25fa2b799500b5614,hf_unscanned
fancyfeast/bigaspv2-5,training-checkpoints/test_215/ep5-ba18067-rank0_stripped.pt,40195c2a3c7c24121c223ec25fa2b799500b5614,hf_unscanned
fancyfeast/bigaspv2-5,training-checkpoints/test_215/ep6-ba20020-rank0.pt,40195c2a3c7c24121c223ec25fa2b799500b5614,hf_unscanned
OpenMed/OpenMed-ZeroShot-NER-Anatomy-Medium-209M,pytorch_model.bin,bbcf4844854e2635aa93afd31da54181ddc216f4,hf_unscanned
nm-testing/qwen3-8b-peagle-speculators,optimizer_state_dict.pt,a8bbe397c4aab00e42bded685396bbd4a378effa,hf_unscanned
nm-testing/qwen3-8b-peagle-speculators,snapshots/48caff875fa217da907d9a4d2468e3a9f5d1ae0e/optimizer_state_dict.pt,a8bbe397c4aab00e42bded685396bbd4a378effa,hf_unscanned
OpenMed/OpenMed-ZeroShot-NER-Pharma-Multi-209M,pytorch_model.bin,ed3fc565415952be1bb74b33ca863d84dc7a9fb5,hf_unscanned
OpenMed/OpenMed-ZeroShot-NER-Pharma-Tiny-60M,pytorch_model.bin,f1561632cb4a44a698be03cb511cc82f256e08d4,hf_unscanned
optimum-intel-internal-testing/tiny-random-LevitModel,pytorch_model.bin,99c9af667ea077b820288c91a89dd3e112b21de4,hf_unscanned
ayushgupta7777/safetyvision-yolov8,best.pt,56a71758b55f0e9f2b4b2d6b51a779a1f882da10,hf_unscanned
OpenMed/OpenMed-ZeroShot-NER-BloodCancer-Medium-209M,pytorch_model.bin,0e9241d9e87d77ff29c349cf49c94de42798e074,hf_unscanned
OpenMed/OpenMed-ZeroShot-NER-Species-Tiny-60M,pytorch_model.bin,94b73527b2818ca97383308c5b9a6251376781e8,hf_unscanned
pyannoteAI/parakeet-tdt-0.6b-v3,parakeet-tdt-0.6b-v3.nemo,086d831eeb632246ced24be64bba4da50e11b06e,hf_unscanned
timm/vit_small_patch16_dinov3_qkvb.lvd1689m,pytorch_model.bin,2c7705788ac282557562465d6443606664a55f05,hf_unscanned
nvidia/nemo-nano-codec-22khz-1.89kbps-21.5fps,nemo-nano-codec-22khz-1.89kbps-21.5fps.nemo,fc00890b604aa2de298d2641ffc6c5f6caf8c4d7,hf_unscanned
OpenMed/OpenMed-ZeroShot-NER-Pathology-XLarge-770M,pytorch_model.bin,8a8aa76da66266c87999d0bb24a90a5119dc8599,hf_unscanned
OpenMed/OpenMed-ZeroShot-NER-Species-Multi-209M,pytorch_model.bin,c6fb4737cb12001425b1a027badc93e1d09bfd22,hf_unscanned
allenai/OlmoEarth-v1-Large,weights.pth,8cf072c70d4a1c403531ca9a9653bb1f8f60eb83,hf_unscanned
nvidia/C-RADIOv4-H,c-radio_v4-h_half.pth.tar,0057b339059c0b9e1b4ba996f975410ebbfdfcc8,hf_unscanned
arda-argmax/sortformer-finetuned,4spk-v0.3-bs1-acc8-l4-diskcache-shardedval-v1-1778065009/best.nemo,dd336b4e795bcb1804f0b26c6e9115df59326555,hf_unscanned
arda-argmax/sortformer-finetuned,6spk-ami-sdm-debug-bs10-a100-80gb-1gpu-v1-1781805281/best.nemo,dd336b4e795bcb1804f0b26c6e9115df59326555,hf_unscanned
arda-argmax/sortformer-finetuned,6spk-ami-sdm-debug-bs10-a100-80gb-1gpu-v1-1781805281/checkpoints/step_130_epoch_1_val-der_0.1837.nemo,dd336b4e795bcb1804f0b26c6e9115df59326555,hf_unscanned
arda-argmax/sortformer-finetuned,6spk-ami-sdm-debug-bs10-a100-80gb-1gpu-v1-1781805281/checkpoints/step_210_epoch_2_val-der_0.1709.nemo,dd336b4e795bcb1804f0b26c6e9115df59326555,hf_unscanned
arda-argmax/sortformer-finetuned,6spk-ami-sdm-debug-bs10-a100-80gb-1gpu-v1-1781805281/checkpoints/step_50_epoch_0_val-der_0.3708.nemo,dd336b4e795bcb1804f0b26c6e9115df59326555,hf_unscanned
arda-argmax/sortformer-finetuned,6spk-ami-sdm-flac-debug-bs10-a100-80gb-1gpu-v1-1781828240/best.nemo,dd336b4e795bcb1804f0b26c6e9115df59326555,hf_unscanned
arda-argmax/sortformer-finetuned,6spk-ami-sdm-flac-debug-bs10-a100-80gb-1gpu-v1-1781828240/checkpoints/step_130_epoch_1_val-der_0.1841.nemo,dd336b4e795bcb1804f0b26c6e9115df59326555,hf_unscanned
arda-argmax/sortformer-finetuned,6spk-ami-sdm-flac-debug-bs10-a100-80gb-1gpu-v1-1781828240/checkpoints/step_210_epoch_2_val-der_0.1806.nemo,dd336b4e795bcb1804f0b26c6e9115df59326555,hf_unscanned
arda-argmax/sortformer-finetuned,6spk-ami-sdm-flac-debug-bs10-a100-80gb-1gpu-v1-1781828240/checkpoints/step_50_epoch_0_val-der_0.3563.nemo,dd336b4e795bcb1804f0b26c6e9115df59326555,hf_unscanned
arda-argmax/sortformer-finetuned,6spk-debug-prepared-shar-worldfix-1780478585/best.nemo,dd336b4e795bcb1804f0b26c6e9115df59326555,hf_unscanned
arda-argmax/sortformer-finetuned,6spk-debug-prepared-shar-worldfix-1780478585/checkpoints/step_2_epoch_0_val-der_1.3011.nemo,dd336b4e795bcb1804f0b26c6e9115df59326555,hf_unscanned
arda-argmax/sortformer-finetuned,6spk-debug-prepared-shar-worldfix-1780478585/checkpoints/step_4_epoch_1_val-der_1.1216.nemo,dd336b4e795bcb1804f0b26c6e9115df59326555,hf_unscanned
arda-argmax/sortformer-finetuned,6spk-fullrandom-bs10-ga8-a100-80gb-1gpu-lr1e-4-lr-v1-1781045285/best.nemo,dd336b4e795bcb1804f0b26c6e9115df59326555,hf_unscanned
arda-argmax/sortformer-finetuned,6spk-fullrandom-bs10-ga8-a100-80gb-1gpu-lr1e-4-lr-v1-1781045285/checkpoints/step_6_epoch_0_val-der_1.0000.nemo,dd336b4e795bcb1804f0b26c6e9115df59326555,hf_unscanned
arda-argmax/sortformer-finetuned,6spk-v0.3-bs1-acc8-l4-diskcache-shardedval-v1-1778010364/best.nemo,dd336b4e795bcb1804f0b26c6e9115df59326555,hf_unscanned
arda-argmax/sortformer-finetuned,6spk-v0.4-ami-bs1-acc8-l4-diskcache-shardedval-v1-1778218672/best.nemo,dd336b4e795bcb1804f0b26c6e9115df59326555,hf_unscanned
arda-argmax/sortformer-finetuned,6spk-v0.4-ami-bs1-acc8-l4-diskcache-shardedval-v1-1778218672/checkpoints/step_1080_epoch_2_val-der_0.1535.nemo,dd336b4e795bcb1804f0b26c6e9115df59326555,hf_unscanned
arda-argmax/sortformer-finetuned,6spk-v0.4-ami-bs1-acc8-l4-diskcache-shardedval-v1-1778218672/checkpoints/step_1170_epoch_2_val-der_0.1446.nemo,dd336b4e795bcb1804f0b26c6e9115df59326555,hf_unscanned
arda-argmax/sortformer-finetuned,6spk-v0.4-ami-bs1-acc8-l4-diskcache-shardedval-v1-1778218672/checkpoints/step_1350_epoch_2_val-der_0.1436.nemo,dd336b4e795bcb1804f0b26c6e9115df59326555,hf_unscanned
arda-argmax/sortformer-finetuned,6spk-v0.4-ami-bs1-acc8-l4-diskcache-shardedval-v1-1778218672/checkpoints/step_1440_epoch_3_val-der_0.1423.nemo,dd336b4e795bcb1804f0b26c6e9115df59326555,hf_unscanned
arda-argmax/sortformer-finetuned,6spk-v0.4-ami-bs1-acc8-l4-diskcache-shardedval-v1-1778218672/checkpoints/step_1530_epoch_3_val-der_0.1397.nemo,dd336b4e795bcb1804f0b26c6e9115df59326555,hf_unscanned
arda-argmax/sortformer-finetuned,6spk-v0.4-ami-bs1-acc8-l4-diskcache-shardedval-v1-1778218672/checkpoints/step_1620_epoch_3_val-der_0.1388.nemo,dd336b4e795bcb1804f0b26c6e9115df59326555,hf_unscanned
arda-argmax/sortformer-finetuned,6spk-v0.4-ami-bs1-acc8-l4-diskcache-shardedval-v1-1778218672/checkpoints/step_1710_epoch_3_val-der_0.1382.nemo,dd336b4e795bcb1804f0b26c6e9115df59326555,hf_unscanned
arda-argmax/sortformer-finetuned,6spk-v0.4-ami-bs1-acc8-l4-diskcache-shardedval-v1-1778218672/checkpoints/step_180_epoch_0_val-der_0.2089.nemo,dd336b4e795bcb1804f0b26c6e9115df59326555,hf_unscanned
arda-argmax/sortformer-finetuned,6spk-v0.4-ami-bs1-acc8-l4-diskcache-shardedval-v1-1778218672/checkpoints/step_1980_epoch_4_val-der_0.1346.nemo,dd336b4e795bcb1804f0b26c6e9115df59326555,hf_unscanned
arda-argmax/sortformer-finetuned,6spk-v0.4-ami-bs1-acc8-l4-diskcache-shardedval-v1-1778218672/checkpoints/step_2430_epoch_5_val-der_0.1340.nemo,dd336b4e795bcb1804f0b26c6e9115df59326555,hf_unscanned
arda-argmax/sortformer-finetuned,6spk-v0.4-ami-bs1-acc8-l4-diskcache-shardedval-v1-1778218672/checkpoints/step_2520_epoch_5_val-der_0.1338.nemo,dd336b4e795bcb1804f0b26c6e9115df59326555,hf_unscanned
arda-argmax/sortformer-finetuned,6spk-v0.4-ami-bs1-acc8-l4-diskcache-shardedval-v1-1778218672/checkpoints/step_2700_epoch_5_val-der_0.1335.nemo,dd336b4e795bcb1804f0b26c6e9115df59326555,hf_unscanned
arda-argmax/sortformer-finetuned,6spk-v0.4-ami-bs1-acc8-l4-diskcache-shardedval-v1-1778218672/checkpoints/step_270_epoch_0_val-der_0.2001.nemo,dd336b4e795bcb1804f0b26c6e9115df59326555,hf_unscanned
arda-argmax/sortformer-finetuned,6spk-v0.4-ami-bs1-acc8-l4-diskcache-shardedval-v1-1778218672/checkpoints/step_3060_epoch_6_val-der_0.1302.nemo,dd336b4e795bcb1804f0b26c6e9115df59326555,hf_unscanned
arda-argmax/sortformer-finetuned,6spk-v0.4-ami-bs1-acc8-l4-diskcache-shardedval-v1-1778218672/checkpoints/step_360_epoch_0_val-der_0.1928.nemo,dd336b4e795bcb1804f0b26c6e9115df59326555,hf_unscanned
arda-argmax/sortformer-finetuned,6spk-v0.4-ami-bs1-acc8-l4-diskcache-shardedval-v1-1778218672/checkpoints/step_3870_epoch_8_val-der_0.1289.nemo,dd336b4e795bcb1804f0b26c6e9115df59326555,hf_unscanned
arda-argmax/sortformer-finetuned,6spk-v0.4-ami-bs1-acc8-l4-diskcache-shardedval-v1-1778218672/checkpoints/step_3960_epoch_8_val-der_0.1285.nemo,dd336b4e795bcb1804f0b26c6e9115df59326555,hf_unscanned
arda-argmax/sortformer-finetuned,6spk-v0.4-ami-bs1-acc8-l4-diskcache-shardedval-v1-1778218672/checkpoints/step_4140_epoch_9_val-der_0.1280.nemo,dd336b4e795bcb1804f0b26c6e9115df59326555,hf_unscanned
arda-argmax/sortformer-finetuned,6spk-v0.4-ami-bs1-acc8-l4-diskcache-shardedval-v1-1778218672/checkpoints/step_450_epoch_0_val-der_0.1911.nemo,dd336b4e795bcb1804f0b26c6e9115df59326555,hf_unscanned
arda-argmax/sortformer-finetuned,6spk-v0.4-ami-bs1-acc8-l4-diskcache-shardedval-v1-1778218672/checkpoints/step_540_epoch_1_val-der_0.1894.nemo,dd336b4e795bcb1804f0b26c6e9115df59326555,hf_unscanned
arda-argmax/sortformer-finetuned,6spk-v0.4-ami-bs1-acc8-l4-diskcache-shardedval-v1-1778218672/checkpoints/step_630_epoch_1_val-der_0.1871.nemo,dd336b4e795bcb1804f0b26c6e9115df59326555,hf_unscanned
arda-argmax/sortformer-finetuned,6spk-v0.4-ami-bs1-acc8-l4-diskcache-shardedval-v1-1778218672/checkpoints/step_720_epoch_1_val-der_0.1813.nemo,dd336b4e795bcb1804f0b26c6e9115df59326555,hf_unscanned
arda-argmax/sortformer-finetuned,6spk-v0.4-ami-bs1-acc8-l4-diskcache-shardedval-v1-1778218672/checkpoints/step_900_epoch_1_val-der_0.1706.nemo,dd336b4e795bcb1804f0b26c6e9115df59326555,hf_unscanned
arda-argmax/sortformer-finetuned,6spk-v0.4-ami-bs1-acc8-l4-diskcache-shardedval-v1-1778218672/checkpoints/step_90_epoch_0_val-der_0.3542.nemo,dd336b4e795bcb1804f0b26c6e9115df59326555,hf_unscanned
arda-argmax/sortformer-finetuned,6spk-v0.4-ami-bs1-acc8-l4-diskcache-shardedval-v1-1778218672/checkpoints/step_990_epoch_2_val-der_0.1561.nemo,dd336b4e795bcb1804f0b26c6e9115df59326555,hf_unscanned
arda-argmax/sortformer-finetuned,6spk-v0.4-librispeech-ami-bs1-acc8-l4-diskcache-shardedval-v3-1778228622/best.nemo,dd336b4e795bcb1804f0b26c6e9115df59326555,hf_unscanned
arda-argmax/sortformer-finetuned,6spk-v0.4-librispeech-ami-bs1-acc8-l4-diskcache-shardedval-v3-1778228622/checkpoints/step_1440_epoch_1_val-der_0.2048.nemo,dd336b4e795bcb1804f0b26c6e9115df59326555,hf_unscanned
arda-argmax/sortformer-finetuned,6spk-v0.4-librispeech-ami-bs1-acc8-l4-diskcache-shardedval-v3-1778228622/checkpoints/step_1530_epoch_1_val-der_0.2042.nemo,dd336b4e795bcb1804f0b26c6e9115df59326555,hf_unscanned
arda-argmax/sortformer-finetuned,6spk-v0.4-librispeech-ami-bs1-acc8-l4-diskcache-shardedval-v3-1778228622/checkpoints/step_1620_epoch_1_val-der_0.2035.nemo,dd336b4e795bcb1804f0b26c6e9115df59326555,hf_unscanned
arda-argmax/sortformer-finetuned,6spk-v0.4-librispeech-ami-bs1-acc8-l4-diskcache-shardedval-v3-1778228622/checkpoints/step_180_epoch_0_val-der_0.2159.nemo,dd336b4e795bcb1804f0b26c6e9115df59326555,hf_unscanned
arda-argmax/sortformer-finetuned,6spk-v0.4-librispeech-ami-bs1-acc8-l4-diskcache-shardedval-v3-1778228622/checkpoints/step_270_epoch_0_val-der_0.2146.nemo,dd336b4e795bcb1804f0b26c6e9115df59326555,hf_unscanned
arda-argmax/sortformer-finetuned,6spk-v0.4-librispeech-ami-bs1-acc8-l4-diskcache-shardedval-v3-1778228622/checkpoints/step_360_epoch_0_val-der_0.2138.nemo,dd336b4e795bcb1804f0b26c6e9115df59326555,hf_unscanned
arda-argmax/sortformer-finetuned,6spk-v0.4-librispeech-ami-bs1-acc8-l4-diskcache-shardedval-v3-1778228622/checkpoints/step_450_epoch_0_val-der_0.2116.nemo,dd336b4e795bcb1804f0b26c6e9115df59326555,hf_unscanned
arda-argmax/sortformer-finetuned,6spk-v0.4-librispeech-ami-bs1-acc8-l4-diskcache-shardedval-v3-1778228622/checkpoints/step_630_epoch_0_val-der_0.2103.nemo,dd336b4e795bcb1804f0b26c6e9115df59326555,hf_unscanned
arda-argmax/sortformer-finetuned,6spk-v0.4-librispeech-ami-bs1-acc8-l4-diskcache-shardedval-v3-1778228622/checkpoints/step_810_epoch_0_val-der_0.2059.nemo,dd336b4e795bcb1804f0b26c6e9115df59326555,hf_unscanned
arda-argmax/sortformer-finetuned,6spk-v0.4-librispeech-ami-bs1-acc8-l4-diskcache-shardedval-v3-1778228622/checkpoints/step_90_epoch_0_val-der_0.2223.nemo,dd336b4e795bcb1804f0b26c6e9115df59326555,hf_unscanned
arda-argmax/sortformer-finetuned,6spk-v0.4-librispeech-ami-bs1-acc8-l4-diskcache-shardedval-v5-1778286481/best.nemo,dd336b4e795bcb1804f0b26c6e9115df59326555,hf_unscanned
arda-argmax/sortformer-finetuned,6spk-v0.4-librispeech-ami-bs1-acc8-l4-diskcache-shardedval-v5-1778286481/checkpoints/step_1080_epoch_1_val-der_0.1398.nemo,dd336b4e795bcb1804f0b26c6e9115df59326555,hf_unscanned
arda-argmax/sortformer-finetuned,6spk-v0.4-librispeech-ami-bs1-acc8-l4-diskcache-shardedval-v5-1778286481/checkpoints/step_1260_epoch_1_val-der_0.1390.nemo,dd336b4e795bcb1804f0b26c6e9115df59326555,hf_unscanned
arda-argmax/sortformer-finetuned,6spk-v0.4-librispeech-ami-bs1-acc8-l4-diskcache-shardedval-v5-1778286481/checkpoints/step_1350_epoch_1_val-der_0.1374.nemo,dd336b4e795bcb1804f0b26c6e9115df59326555,hf_unscanned
arda-argmax/sortformer-finetuned,6spk-v0.4-librispeech-ami-bs1-acc8-l4-diskcache-shardedval-v5-1778286481/checkpoints/step_1440_epoch_1_val-der_0.1353.nemo,dd336b4e795bcb1804f0b26c6e9115df59326555,hf_unscanned
arda-argmax/sortformer-finetuned,6spk-v0.4-librispeech-ami-bs1-acc8-l4-diskcache-shardedval-v5-1778286481/checkpoints/step_1530_epoch_1_val-der_0.1346.nemo,dd336b4e795bcb1804f0b26c6e9115df59326555,hf_unscanned
arda-argmax/sortformer-finetuned,6spk-v0.4-librispeech-ami-bs1-acc8-l4-diskcache-shardedval-v5-1778286481/checkpoints/step_1710_epoch_1_val-der_0.1343.nemo,dd336b4e795bcb1804f0b26c6e9115df59326555,hf_unscanned
arda-argmax/sortformer-finetuned,6spk-v0.4-librispeech-ami-bs1-acc8-l4-diskcache-shardedval-v5-1778286481/checkpoints/step_1800_epoch_1_val-der_0.1334.nemo,dd336b4e795bcb1804f0b26c6e9115df59326555,hf_unscanned
arda-argmax/sortformer-finetuned,6spk-v0.4-librispeech-ami-bs1-acc8-l4-diskcache-shardedval-v5-1778286481/checkpoints/step_180_epoch_0_val-der_0.2056.nemo,dd336b4e795bcb1804f0b26c6e9115df59326555,hf_unscanned
arda-argmax/sortformer-finetuned,6spk-v0.4-librispeech-ami-bs1-acc8-l4-diskcache-shardedval-v5-1778286481/checkpoints/step_2070_epoch_2_val-der_0.1327.nemo,dd336b4e795bcb1804f0b26c6e9115df59326555,hf_unscanned
arda-argmax/sortformer-finetuned,6spk-v0.4-librispeech-ami-bs1-acc8-l4-diskcache-shardedval-v5-1778286481/checkpoints/step_2160_epoch_2_val-der_0.1317.nemo,dd336b4e795bcb1804f0b26c6e9115df59326555,hf_unscanned
arda-argmax/sortformer-finetuned,6spk-v0.4-librispeech-ami-bs1-acc8-l4-diskcache-shardedval-v5-1778286481/checkpoints/step_2250_epoch_2_val-der_0.1302.nemo,dd336b4e795bcb1804f0b26c6e9115df59326555,hf_unscanned
arda-argmax/sortformer-finetuned,6spk-v0.4-librispeech-ami-bs1-acc8-l4-diskcache-shardedval-v5-1778286481/checkpoints/step_2520_epoch_2_val-der_0.1283.nemo,dd336b4e795bcb1804f0b26c6e9115df59326555,hf_unscanned
arda-argmax/sortformer-finetuned,6spk-v0.4-librispeech-ami-bs1-acc8-l4-diskcache-shardedval-v5-1778286481/checkpoints/step_270_epoch_0_val-der_0.1998.nemo,dd336b4e795bcb1804f0b26c6e9115df59326555,hf_unscanned
arda-argmax/sortformer-finetuned,6spk-v0.4-librispeech-ami-bs1-acc8-l4-diskcache-shardedval-v5-1778286481/checkpoints/step_2880_epoch_3_val-der_0.1271.nemo,dd336b4e795bcb1804f0b26c6e9115df59326555,hf_unscanned
arda-argmax/sortformer-finetuned,6spk-v0.4-librispeech-ami-bs1-acc8-l4-diskcache-shardedval-v5-1778286481/checkpoints/step_3060_epoch_3_val-der_0.1269.nemo,dd336b4e795bcb1804f0b26c6e9115df59326555,hf_unscanned
arda-argmax/sortformer-finetuned,6spk-v0.4-librispeech-ami-bs1-acc8-l4-diskcache-shardedval-v5-1778286481/checkpoints/step_3240_epoch_3_val-der_0.1268.nemo,dd336b4e795bcb1804f0b26c6e9115df59326555,hf_unscanned
arda-argmax/sortformer-finetuned,6spk-v0.4-librispeech-ami-bs1-acc8-l4-diskcache-shardedval-v5-1778286481/checkpoints/step_3330_epoch_3_val-der_0.1266.nemo,dd336b4e795bcb1804f0b26c6e9115df59326555,hf_unscanned
arda-argmax/sortformer-finetuned,6spk-v0.4-librispeech-ami-bs1-acc8-l4-diskcache-shardedval-v5-1778286481/checkpoints/step_3420_epoch_3_val-der_0.1252.nemo,dd336b4e795bcb1804f0b26c6e9115df59326555,hf_unscanned
arda-argmax/sortformer-finetuned,6spk-v0.4-librispeech-ami-bs1-acc8-l4-diskcache-shardedval-v5-1778286481/checkpoints/step_360_epoch_0_val-der_0.1911.nemo,dd336b4e795bcb1804f0b26c6e9115df59326555,hf_unscanned
arda-argmax/sortformer-finetuned,6spk-v0.4-librispeech-ami-bs1-acc8-l4-diskcache-shardedval-v5-1778286481/checkpoints/step_4050_epoch_4_val-der_0.1241.nemo,dd336b4e795bcb1804f0b26c6e9115df59326555,hf_unscanned
arda-argmax/sortformer-finetuned,6spk-v0.4-librispeech-ami-bs1-acc8-l4-diskcache-shardedval-v5-1778286481/checkpoints/step_4410_epoch_4_val-der_0.1238.nemo,dd336b4e795bcb1804f0b26c6e9115df59326555,hf_unscanned
arda-argmax/sortformer-finetuned,6spk-v0.4-librispeech-ami-bs1-acc8-l4-diskcache-shardedval-v5-1778286481/checkpoints/step_450_epoch_0_val-der_0.1895.nemo,dd336b4e795bcb1804f0b26c6e9115df59326555,hf_unscanned
arda-argmax/sortformer-finetuned,6spk-v0.4-librispeech-ami-bs1-acc8-l4-diskcache-shardedval-v5-1778286481/checkpoints/step_4770_epoch_5_val-der_0.1237.nemo,dd336b4e795bcb1804f0b26c6e9115df59326555,hf_unscanned
arda-argmax/sortformer-finetuned,6spk-v0.4-librispeech-ami-bs1-acc8-l4-diskcache-shardedval-v5-1778286481/checkpoints/step_4950_epoch_5_val-der_0.1219.nemo,dd336b4e795bcb1804f0b26c6e9115df59326555,hf_unscanned
arda-argmax/sortformer-finetuned,6spk-v0.4-librispeech-ami-bs1-acc8-l4-diskcache-shardedval-v5-1778286481/checkpoints/step_540_epoch_0_val-der_0.1872.nemo,dd336b4e795bcb1804f0b26c6e9115df59326555,hf_unscanned
arda-argmax/sortformer-finetuned,6spk-v0.4-librispeech-ami-bs1-acc8-l4-diskcache-shardedval-v5-1778286481/checkpoints/step_5940_epoch_6_val-der_0.1207.nemo,dd336b4e795bcb1804f0b26c6e9115df59326555,hf_unscanned
arda-argmax/sortformer-finetuned,6spk-v0.4-librispeech-ami-bs1-acc8-l4-diskcache-shardedval-v5-1778286481/checkpoints/step_630_epoch_0_val-der_0.1612.nemo,dd336b4e795bcb1804f0b26c6e9115df59326555,hf_unscanned
arda-argmax/sortformer-finetuned,6spk-v0.4-librispeech-ami-bs1-acc8-l4-diskcache-shardedval-v5-1778286481/checkpoints/step_6390_epoch_7_val-der_0.1200.nemo,dd336b4e795bcb1804f0b26c6e9115df59326555,hf_unscanned
arda-argmax/sortformer-finetuned,6spk-v0.4-librispeech-ami-bs1-acc8-l4-diskcache-shardedval-v5-1778286481/checkpoints/step_720_epoch_0_val-der_0.1542.nemo,dd336b4e795bcb1804f0b26c6e9115df59326555,hf_unscanned
arda-argmax/sortformer-finetuned,6spk-v0.4-librispeech-ami-bs1-acc8-l4-diskcache-shardedval-v5-1778286481/checkpoints/step_7290_epoch_8_val-der_0.1193.nemo,dd336b4e795bcb1804f0b26c6e9115df59326555,hf_unscanned
arda-argmax/sortformer-finetuned,6spk-v0.4-librispeech-ami-bs1-acc8-l4-diskcache-shardedval-v5-1778286481/checkpoints/step_7470_epoch_8_val-der_0.1188.nemo,dd336b4e795bcb1804f0b26c6e9115df59326555,hf_unscanned
arda-argmax/sortformer-finetuned,6spk-v0.4-librispeech-ami-bs1-acc8-l4-diskcache-shardedval-v5-1778286481/checkpoints/step_7560_epoch_8_val-der_0.1182.nemo,dd336b4e795bcb1804f0b26c6e9115df59326555,hf_unscanned
arda-argmax/sortformer-finetuned,6spk-v0.4-librispeech-ami-bs1-acc8-l4-diskcache-shardedval-v5-1778286481/checkpoints/step_810_epoch_0_val-der_0.1480.nemo,dd336b4e795bcb1804f0b26c6e9115df59326555,hf_unscanned
arda-argmax/sortformer-finetuned,6spk-v0.4-librispeech-ami-bs1-acc8-l4-diskcache-shardedval-v5-1778286481/checkpoints/step_900_epoch_0_val-der_0.1433.nemo,dd336b4e795bcb1804f0b26c6e9115df59326555,hf_unscanned
arda-argmax/sortformer-finetuned,6spk-v0.4-librispeech-ami-bs1-acc8-l4-diskcache-shardedval-v5-1778286481/checkpoints/step_90_epoch_0_val-der_0.2223.nemo,dd336b4e795bcb1804f0b26c6e9115df59326555,hf_unscanned
arda-argmax/sortformer-finetuned,6spk-v0.4-librispeech-ami-bs1-acc8-l4-diskcache-shardedval-v5-1778286481/checkpoints/step_990_epoch_1_val-der_0.1429.nemo,dd336b4e795bcb1804f0b26c6e9115df59326555,hf_unscanned
arda-argmax/sortformer-finetuned,6spk-v0.4-librispeech-bs1-acc8-l4-diskcache-shardedval-v1-1778198761/best.nemo,dd336b4e795bcb1804f0b26c6e9115df59326555,hf_unscanned
arda-argmax/sortformer-finetuned,6spk-v0.4-librispeech-bs1-acc8-l4-diskcache-shardedval-v1-1778198761/checkpoints/step_1080_epoch_2_val-der_0.1069.nemo,dd336b4e795bcb1804f0b26c6e9115df59326555,hf_unscanned
arda-argmax/sortformer-finetuned,6spk-v0.4-librispeech-bs1-acc8-l4-diskcache-shardedval-v1-1778198761/checkpoints/step_1170_epoch_2_val-der_0.1058.nemo,dd336b4e795bcb1804f0b26c6e9115df59326555,hf_unscanned
arda-argmax/sortformer-finetuned,6spk-v0.4-librispeech-bs1-acc8-l4-diskcache-shardedval-v1-1778198761/checkpoints/step_1260_epoch_2_val-der_0.1043.nemo,dd336b4e795bcb1804f0b26c6e9115df59326555,hf_unscanned
arda-argmax/sortformer-finetuned,6spk-v0.4-librispeech-bs1-acc8-l4-diskcache-shardedval-v1-1778198761/checkpoints/step_1710_epoch_3_val-der_0.1027.nemo,dd336b4e795bcb1804f0b26c6e9115df59326555,hf_unscanned
arda-argmax/sortformer-finetuned,6spk-v0.4-librispeech-bs1-acc8-l4-diskcache-shardedval-v1-1778198761/checkpoints/step_180_epoch_0_val-der_0.1670.nemo,dd336b4e795bcb1804f0b26c6e9115df59326555,hf_unscanned
arda-argmax/sortformer-finetuned,6spk-v0.4-librispeech-bs1-acc8-l4-diskcache-shardedval-v1-1778198761/checkpoints/step_2160_epoch_4_val-der_0.1016.nemo,dd336b4e795bcb1804f0b26c6e9115df59326555,hf_unscanned
arda-argmax/sortformer-finetuned,6spk-v0.4-librispeech-bs1-acc8-l4-diskcache-shardedval-v1-1778198761/checkpoints/step_2430_epoch_5_val-der_0.1014.nemo,dd336b4e795bcb1804f0b26c6e9115df59326555,hf_unscanned
arda-argmax/sortformer-finetuned,6spk-v0.4-librispeech-bs1-acc8-l4-diskcache-shardedval-v1-1778198761/checkpoints/step_2700_epoch_5_val-der_0.1002.nemo,dd336b4e795bcb1804f0b26c6e9115df59326555,hf_unscanned
arda-argmax/sortformer-finetuned,6spk-v0.4-librispeech-bs1-acc8-l4-diskcache-shardedval-v1-1778198761/checkpoints/step_270_epoch_0_val-der_0.1644.nemo,dd336b4e795bcb1804f0b26c6e9115df59326555,hf_unscanned
arda-argmax/sortformer-finetuned,6spk-v0.4-librispeech-bs1-acc8-l4-diskcache-shardedval-v1-1778198761/checkpoints/step_2880_epoch_6_val-der_0.0996.nemo,dd336b4e795bcb1804f0b26c6e9115df59326555,hf_unscanned
arda-argmax/sortformer-finetuned,6spk-v0.4-librispeech-bs1-acc8-l4-diskcache-shardedval-v1-1778198761/checkpoints/step_2970_epoch_6_val-der_0.0992.nemo,dd336b4e795bcb1804f0b26c6e9115df59326555,hf_unscanned
arda-argmax/sortformer-finetuned,6spk-v0.4-librispeech-bs1-acc8-l4-diskcache-shardedval-v1-1778198761/checkpoints/step_3150_epoch_6_val-der_0.0982.nemo,dd336b4e795bcb1804f0b26c6e9115df59326555,hf_unscanned
arda-argmax/sortformer-finetuned,6spk-v0.4-librispeech-bs1-acc8-l4-diskcache-shardedval-v1-1778198761/checkpoints/step_3600_epoch_7_val-der_0.0981.nemo,dd336b4e795bcb1804f0b26c6e9115df59326555,hf_unscanned
arda-argmax/sortformer-finetuned,6spk-v0.4-librispeech-bs1-acc8-l4-diskcache-shardedval-v1-1778198761/checkpoints/step_360_epoch_0_val-der_0.1619.nemo,dd336b4e795bcb1804f0b26c6e9115df59326555,hf_unscanned
arda-argmax/sortformer-finetuned,6spk-v0.4-librispeech-bs1-acc8-l4-diskcache-shardedval-v1-1778198761/checkpoints/step_3780_epoch_8_val-der_0.0976.nemo,dd336b4e795bcb1804f0b26c6e9115df59326555,hf_unscanned
arda-argmax/sortformer-finetuned,6spk-v0.4-librispeech-bs1-acc8-l4-diskcache-shardedval-v1-1778198761/checkpoints/step_4050_epoch_8_val-der_0.0964.nemo,dd336b4e795bcb1804f0b26c6e9115df59326555,hf_unscanned
arda-argmax/sortformer-finetuned,6spk-v0.4-librispeech-bs1-acc8-l4-diskcache-shardedval-v1-1778198761/checkpoints/step_4140_epoch_9_val-der_0.0958.nemo,dd336b4e795bcb1804f0b26c6e9115df59326555,hf_unscanned
arda-argmax/sortformer-finetuned,6spk-v0.4-librispeech-bs1-acc8-l4-diskcache-shardedval-v1-1778198761/checkpoints/step_4230_epoch_9_val-der_0.0915.nemo,dd336b4e795bcb1804f0b26c6e9115df59326555,hf_unscanned
arda-argmax/sortformer-finetuned,6spk-v0.4-librispeech-bs1-acc8-l4-diskcache-shardedval-v1-1778198761/checkpoints/step_4320_epoch_9_val-der_0.0872.nemo,dd336b4e795bcb1804f0b26c6e9115df59326555,hf_unscanned
arda-argmax/sortformer-finetuned,6spk-v0.4-librispeech-bs1-acc8-l4-diskcache-shardedval-v1-1778198761/checkpoints/step_4410_epoch_9_val-der_0.0843.nemo,dd336b4e795bcb1804f0b26c6e9115df59326555,hf_unscanned
arda-argmax/sortformer-finetuned,6spk-v0.4-librispeech-bs1-acc8-l4-diskcache-shardedval-v1-1778198761/checkpoints/step_450_epoch_0_val-der_0.1291.nemo,dd336b4e795bcb1804f0b26c6e9115df59326555,hf_unscanned
arda-argmax/sortformer-finetuned,6spk-v0.4-librispeech-bs1-acc8-l4-diskcache-shardedval-v1-1778198761/checkpoints/step_540_epoch_1_val-der_0.1151.nemo,dd336b4e795bcb1804f0b26c6e9115df59326555,hf_unscanned
arda-argmax/sortformer-finetuned,6spk-v0.4-librispeech-bs1-acc8-l4-diskcache-shardedval-v1-1778198761/checkpoints/step_720_epoch_1_val-der_0.1120.nemo,dd336b4e795bcb1804f0b26c6e9115df59326555,hf_unscanned
arda-argmax/sortformer-finetuned,6spk-v0.4-librispeech-bs1-acc8-l4-diskcache-shardedval-v1-1778198761/checkpoints/step_810_epoch_1_val-der_0.1082.nemo,dd336b4e795bcb1804f0b26c6e9115df59326555,hf_unscanned
arda-argmax/sortformer-finetuned,6spk-v0.4-librispeech-bs1-acc8-l4-diskcache-shardedval-v1-1778198761/checkpoints/step_90_epoch_0_val-der_0.1700.nemo,dd336b4e795bcb1804f0b26c6e9115df59326555,hf_unscanned
arda-argmax/sortformer-finetuned,6spk-v0.6-fastmss-prepared-shar-bs1-acc8-l4-worldfix-v1-1780479980/best.nemo,dd336b4e795bcb1804f0b26c6e9115df59326555,hf_unscanned
arda-argmax/sortformer-finetuned,6spk-v0.6-fastmss-prepared-shar-bs1-acc8-l4-worldfix-v1-1780479980/checkpoints/step_180_epoch_0_val-der_0.2104.nemo,dd336b4e795bcb1804f0b26c6e9115df59326555,hf_unscanned
arda-argmax/sortformer-finetuned,6spk-v0.6-fastmss-prepared-shar-bs1-acc8-l4-worldfix-v1-1780479980/checkpoints/step_270_epoch_0_val-der_0.2067.nemo,dd336b4e795bcb1804f0b26c6e9115df59326555,hf_unscanned
arda-argmax/sortformer-finetuned,6spk-v0.6-fastmss-prepared-shar-bs1-acc8-l4-worldfix-v1-1780479980/checkpoints/step_360_epoch_0_val-der_0.1966.nemo,dd336b4e795bcb1804f0b26c6e9115df59326555,hf_unscanned
arda-argmax/sortformer-finetuned,6spk-v0.6-fastmss-prepared-shar-bs1-acc8-l4-worldfix-v1-1780479980/checkpoints/step_450_epoch_0_val-der_0.1530.nemo,dd336b4e795bcb1804f0b26c6e9115df59326555,hf_unscanned
arda-argmax/sortformer-finetuned,6spk-v0.6-fastmss-prepared-shar-bs1-acc8-l4-worldfix-v1-1780479980/checkpoints/step_540_epoch_0_val-der_0.1469.nemo,dd336b4e795bcb1804f0b26c6e9115df59326555,hf_unscanned
arda-argmax/sortformer-finetuned,6spk-v0.6-fastmss-prepared-shar-bs1-acc8-l4-worldfix-v1-1780479980/checkpoints/step_630_epoch_0_val-der_0.1446.nemo,dd336b4e795bcb1804f0b26c6e9115df59326555,hf_unscanned
arda-argmax/sortformer-finetuned,6spk-v0.6-fastmss-prepared-shar-bs1-acc8-l4-worldfix-v1-1780479980/checkpoints/step_900_epoch_0_val-der_0.1436.nemo,dd336b4e795bcb1804f0b26c6e9115df59326555,hf_unscanned
arda-argmax/sortformer-finetuned,6spk-v0.6-fastmss-prepared-shar-bs1-acc8-l4-worldfix-v1-1780479980/checkpoints/step_90_epoch_0_val-der_0.2187.nemo,dd336b4e795bcb1804f0b26c6e9115df59326555,hf_unscanned
arda-argmax/sortformer-finetuned,6spk-v0.6-fastmss-prepared-shar-bs1-acc8-l4-worldfix-v1-1780479980/checkpoints/step_990_epoch_1_val-der_0.1416.nemo,dd336b4e795bcb1804f0b26c6e9115df59326555,hf_unscanned
arda-argmax/sortformer-finetuned,6spk-v0.6-fastmss-prepared-shar-bs1-ga8-l4-8gpu-fullset-smoketest-v5-1780559280/best.nemo,dd336b4e795bcb1804f0b26c6e9115df59326555,hf_unscanned
arda-argmax/sortformer-finetuned,6spk-v0.6-fastmss-prepared-shar-bs1-ga8-l4-8gpu-fullset-smoketest-v5-1780559280/checkpoints/step_62_epoch_0_val-der_0.2269.nemo,dd336b4e795bcb1804f0b26c6e9115df59326555,hf_unscanned
arda-argmax/sortformer-finetuned,6spk-v0.6-fastmss-prepared-shar-bs10-a100-80gb-2gpu-debug-debug-v1-1780602245/best.nemo,dd336b4e795bcb1804f0b26c6e9115df59326555,hf_unscanned
arda-argmax/sortformer-finetuned,6spk-v0.6-fastmss-prepared-shar-bs10-a100-80gb-2gpu-debug-debug-v1-1780602245/checkpoints/step_100_epoch_0_val-der_0.2319.nemo,dd336b4e795bcb1804f0b26c6e9115df59326555,hf_unscanned
arda-argmax/sortformer-finetuned,6spk-v0.6-fastmss-prepared-shar-bs10-a100-80gb-2gpu-debug-debug-v1-1780602245/checkpoints/step_150_epoch_0_val-der_0.2183.nemo,dd336b4e795bcb1804f0b26c6e9115df59326555,hf_unscanned
arda-argmax/sortformer-finetuned,6spk-v0.6-fastmss-prepared-shar-bs10-a100-80gb-2gpu-debug-debug-v1-1780602245/checkpoints/step_250_epoch_1_val-der_0.2163.nemo,dd336b4e795bcb1804f0b26c6e9115df59326555,hf_unscanned
arda-argmax/sortformer-finetuned,6spk-v0.6-fastmss-prepared-shar-bs10-a100-80gb-2gpu-debug-debug-v1-1780602245/checkpoints/step_350_epoch_1_val-der_0.2109.nemo,dd336b4e795bcb1804f0b26c6e9115df59326555,hf_unscanned
arda-argmax/sortformer-finetuned,6spk-v0.6-fastmss-prepared-shar-bs10-a100-80gb-2gpu-debug-debug-v1-1780602245/checkpoints/step_400_epoch_1_val-der_0.2094.nemo,dd336b4e795bcb1804f0b26c6e9115df59326555,hf_unscanned
arda-argmax/sortformer-finetuned,6spk-v0.6-fastmss-prepared-shar-bs10-a100-80gb-2gpu-debug-debug-v1-1780602245/checkpoints/step_50_epoch_0_val-der_0.3624.nemo,dd336b4e795bcb1804f0b26c6e9115df59326555,hf_unscanned
arda-argmax/sortformer-finetuned,6spk-v0.6-fastmss-prepared-shar-bs10-a100-80gb-4gpu-debug-debug-v1-1780602382/best.nemo,dd336b4e795bcb1804f0b26c6e9115df59326555,hf_unscanned
arda-argmax/sortformer-finetuned,6spk-v0.6-fastmss-prepared-shar-bs10-a100-80gb-4gpu-debug-debug-v1-1780602382/checkpoints/step_100_epoch_0_val-der_0.2269.nemo,dd336b4e795bcb1804f0b26c6e9115df59326555,hf_unscanned
arda-argmax/sortformer-finetuned,6spk-v0.6-fastmss-prepared-shar-bs10-a100-80gb-4gpu-debug-debug-v1-1780602382/checkpoints/step_150_epoch_1_val-der_0.2196.nemo,dd336b4e795bcb1804f0b26c6e9115df59326555,hf_unscanned
arda-argmax/sortformer-finetuned,6spk-v0.6-fastmss-prepared-shar-bs10-a100-80gb-4gpu-debug-debug-v1-1780602382/checkpoints/step_200_epoch_1_val-der_0.2164.nemo,dd336b4e795bcb1804f0b26c6e9115df59326555,hf_unscanned
arda-argmax/sortformer-finetuned,6spk-v0.6-fastmss-prepared-shar-bs10-a100-80gb-4gpu-debug-debug-v1-1780602382/checkpoints/step_300_epoch_2_val-der_0.2103.nemo,dd336b4e795bcb1804f0b26c6e9115df59326555,hf_unscanned
arda-argmax/sortformer-finetuned,6spk-v0.6-fastmss-prepared-shar-bs10-a100-80gb-4gpu-debug-debug-v1-1780602382/checkpoints/step_50_epoch_0_val-der_0.3548.nemo,dd336b4e795bcb1804f0b26c6e9115df59326555,hf_unscanned
arda-argmax/sortformer-finetuned,6spk-v0.6-fastmss-prepared-shar-bs10-a100-80gb-4gpu-fullset-v11-1780998497/best.nemo,dd336b4e795bcb1804f0b26c6e9115df59326555,hf_unscanned
arda-argmax/sortformer-finetuned,6spk-v0.6-fastmss-prepared-shar-bs10-a100-80gb-4gpu-fullset-v11-1780998497/checkpoints/step_11235_epoch_0_val-der_0.0716.nemo,dd336b4e795bcb1804f0b26c6e9115df59326555,hf_unscanned
arda-argmax/sortformer-finetuned,6spk-v0.6-fastmss-prepared-shar-bs10-a100-80gb-4gpu-fullset-v11-1780998497/checkpoints/step_14980_epoch_0_val-der_0.0702.nemo,dd336b4e795bcb1804f0b26c6e9115df59326555,hf_unscanned
arda-argmax/sortformer-finetuned,6spk-v0.6-fastmss-prepared-shar-bs10-a100-80gb-4gpu-fullset-v11-1780998497/checkpoints/step_3745_epoch_0_val-der_0.0756.nemo,dd336b4e795bcb1804f0b26c6e9115df59326555,hf_unscanned
arda-argmax/sortformer-finetuned,6spk-v0.6-fastmss-prepared-shar-bs10-a100-80gb-4gpu-fullset-v11-1780998497/checkpoints/step_7490_epoch_0_val-der_0.0723.nemo,dd336b4e795bcb1804f0b26c6e9115df59326555,hf_unscanned
arda-argmax/sortformer-finetuned,6spk-v0.6-fastmss-prepared-shar-bs10-a100-80gb-8gpu-debug-debug-v1-1780604170/best.nemo,dd336b4e795bcb1804f0b26c6e9115df59326555,hf_unscanned
arda-argmax/sortformer-finetuned,6spk-v0.6-fastmss-prepared-shar-bs10-a100-80gb-8gpu-debug-debug-v1-1780604170/checkpoints/step_100_epoch_1_val-der_0.2204.nemo,dd336b4e795bcb1804f0b26c6e9115df59326555,hf_unscanned
arda-argmax/sortformer-finetuned,6spk-v0.6-fastmss-prepared-shar-bs10-a100-80gb-8gpu-debug-debug-v1-1780604170/checkpoints/step_150_epoch_2_val-der_0.2128.nemo,dd336b4e795bcb1804f0b26c6e9115df59326555,hf_unscanned
arda-argmax/sortformer-finetuned,6spk-v0.6-fastmss-prepared-shar-bs10-a100-80gb-8gpu-debug-debug-v1-1780604170/checkpoints/step_50_epoch_0_val-der_0.3458.nemo,dd336b4e795bcb1804f0b26c6e9115df59326555,hf_unscanned
arda-argmax/sortformer-finetuned,6spk-v0.6-fastmss-prepared-shar-bs10-a100-80gb-8gpu-fullset-v10-1780606582/best.nemo,dd336b4e795bcb1804f0b26c6e9115df59326555,hf_unscanned
arda-argmax/sortformer-finetuned,6spk-v0.6-fastmss-prepared-shar-bs10-a100-80gb-8gpu-fullset-v10-1780606582/checkpoints/step_11232_epoch_0_val-der_0.0901.nemo,dd336b4e795bcb1804f0b26c6e9115df59326555,hf_unscanned
arda-argmax/sortformer-finetuned,6spk-v0.6-fastmss-prepared-shar-bs10-a100-80gb-8gpu-fullset-v10-1780606582/checkpoints/step_13104_epoch_0_val-der_0.0887.nemo,dd336b4e795bcb1804f0b26c6e9115df59326555,hf_unscanned
arda-argmax/sortformer-finetuned,6spk-v0.6-fastmss-prepared-shar-bs10-a100-80gb-8gpu-fullset-v10-1780606582/checkpoints/step_14976_epoch_0_val-der_0.0879.nemo,dd336b4e795bcb1804f0b26c6e9115df59326555,hf_unscanned
arda-argmax/sortformer-finetuned,6spk-v0.6-fastmss-prepared-shar-bs10-a100-80gb-8gpu-fullset-v10-1780606582/checkpoints/step_16848_epoch_0_val-der_0.0865.nemo,dd336b4e795bcb1804f0b26c6e9115df59326555,hf_unscanned
arda-argmax/sortformer-finetuned,6spk-v0.6-fastmss-prepared-shar-bs10-a100-80gb-8gpu-fullset-v10-1780606582/checkpoints/step_18720_epoch_0_val-der_0.0854.nemo,dd336b4e795bcb1804f0b26c6e9115df59326555,hf_unscanned
arda-argmax/sortformer-finetuned,6spk-v0.6-fastmss-prepared-shar-bs10-a100-80gb-8gpu-fullset-v10-1780606582/checkpoints/step_1872_epoch_0_val-der_0.1109.nemo,dd336b4e795bcb1804f0b26c6e9115df59326555,hf_unscanned
arda-argmax/sortformer-finetuned,6spk-v0.6-fastmss-prepared-shar-bs10-a100-80gb-8gpu-fullset-v10-1780606582/checkpoints/step_20592_epoch_0_val-der_0.0846.nemo,dd336b4e795bcb1804f0b26c6e9115df59326555,hf_unscanned
arda-argmax/sortformer-finetuned,6spk-v0.6-fastmss-prepared-shar-bs10-a100-80gb-8gpu-fullset-v10-1780606582/checkpoints/step_22464_epoch_0_val-der_0.0840.nemo,dd336b4e795bcb1804f0b26c6e9115df59326555,hf_unscanned
arda-argmax/sortformer-finetuned,6spk-v0.6-fastmss-prepared-shar-bs10-a100-80gb-8gpu-fullset-v10-1780606582/checkpoints/step_24336_epoch_0_val-der_0.0838.nemo,dd336b4e795bcb1804f0b26c6e9115df59326555,hf_unscanned
arda-argmax/sortformer-finetuned,6spk-v0.6-fastmss-prepared-shar-bs10-a100-80gb-8gpu-fullset-v10-1780606582/checkpoints/step_26208_epoch_0_val-der_0.0828.nemo,dd336b4e795bcb1804f0b26c6e9115df59326555,hf_unscanned
arda-argmax/sortformer-finetuned,6spk-v0.6-fastmss-prepared-shar-bs10-a100-80gb-8gpu-fullset-v10-1780606582/checkpoints/step_28080_epoch_0_val-der_0.0815.nemo,dd336b4e795bcb1804f0b26c6e9115df59326555,hf_unscanned
arda-argmax/sortformer-finetuned,6spk-v0.6-fastmss-prepared-shar-bs10-a100-80gb-8gpu-fullset-v10-1780606582/checkpoints/step_31824_epoch_0_val-der_0.0807.nemo,dd336b4e795bcb1804f0b26c6e9115df59326555,hf_unscanned
arda-argmax/sortformer-finetuned,6spk-v0.6-fastmss-prepared-shar-bs10-a100-80gb-8gpu-fullset-v10-1780606582/checkpoints/step_35568_epoch_0_val-der_0.0804.nemo,dd336b4e795bcb1804f0b26c6e9115df59326555,hf_unscanned
arda-argmax/sortformer-finetuned,6spk-v0.6-fastmss-prepared-shar-bs10-a100-80gb-8gpu-fullset-v10-1780606582/checkpoints/step_37440_epoch_0_val-der_0.0797.nemo,dd336b4e795bcb1804f0b26c6e9115df59326555,hf_unscanned
arda-argmax/sortformer-finetuned,6spk-v0.6-fastmss-prepared-shar-bs10-a100-80gb-8gpu-fullset-v10-1780606582/checkpoints/step_3744_epoch_0_val-der_0.1021.nemo,dd336b4e795bcb1804f0b26c6e9115df59326555,hf_unscanned
arda-argmax/sortformer-finetuned,6spk-v0.6-fastmss-prepared-shar-bs10-a100-80gb-8gpu-fullset-v10-1780606582/checkpoints/step_5616_epoch_0_val-der_0.0964.nemo,dd336b4e795bcb1804f0b26c6e9115df59326555,hf_unscanned
arda-argmax/sortformer-finetuned,6spk-v0.6-fastmss-prepared-shar-bs10-a100-80gb-8gpu-fullset-v10-1780606582/checkpoints/step_7488_epoch_0_val-der_0.0941.nemo,dd336b4e795bcb1804f0b26c6e9115df59326555,hf_unscanned
arda-argmax/sortformer-finetuned,6spk-v0.6-fastmss-prepared-shar-bs10-a100-80gb-8gpu-fullset-v10-1780606582/checkpoints/step_9360_epoch_0_val-der_0.0917.nemo,dd336b4e795bcb1804f0b26c6e9115df59326555,hf_unscanned
arda-argmax/sortformer-finetuned,6spk-vox-ami-aishell-ali-bs10-ga2-a100-80gb-4gpu-5ep-v2-1782411519/best.nemo,dd336b4e795bcb1804f0b26c6e9115df59326555,hf_unscanned
arda-argmax/sortformer-finetuned,6spk-vox-ami-aishell-ali-bs10-ga2-a100-80gb-4gpu-5ep-v2-1782411519/checkpoints/step_104_epoch_0_val-der_0.1575.nemo,dd336b4e795bcb1804f0b26c6e9115df59326555,hf_unscanned
arda-argmax/sortformer-finetuned,6spk-vox-ami-aishell-ali-bs10-ga2-a100-80gb-4gpu-5ep-v2-1782411519/checkpoints/step_131_epoch_1_val-der_0.1559.nemo,dd336b4e795bcb1804f0b26c6e9115df59326555,hf_unscanned
arda-argmax/sortformer-finetuned,6spk-vox-ami-aishell-ali-bs10-ga2-a100-80gb-4gpu-5ep-v2-1782411519/checkpoints/step_183_epoch_1_val-der_0.1529.nemo,dd336b4e795bcb1804f0b26c6e9115df59326555,hf_unscanned
arda-argmax/sortformer-finetuned,6spk-vox-ami-aishell-ali-bs10-ga2-a100-80gb-4gpu-5ep-v2-1782411519/checkpoints/step_236_epoch_2_val-der_0.1527.nemo,dd336b4e795bcb1804f0b26c6e9115df59326555,hf_unscanned
arda-argmax/sortformer-finetuned,6spk-vox-ami-aishell-ali-bs10-ga2-a100-80gb-4gpu-5ep-v2-1782411519/checkpoints/step_26_epoch_0_val-der_0.1865.nemo,dd336b4e795bcb1804f0b26c6e9115df59326555,hf_unscanned
arda-argmax/sortformer-finetuned,6spk-vox-ami-aishell-ali-bs10-ga2-a100-80gb-4gpu-5ep-v2-1782411519/checkpoints/step_288_epoch_2_val-der_0.1515.nemo,dd336b4e795bcb1804f0b26c6e9115df59326555,hf_unscanned
arda-argmax/sortformer-finetuned,6spk-vox-ami-aishell-ali-bs10-ga2-a100-80gb-4gpu-5ep-v2-1782411519/checkpoints/step_341_epoch_3_val-der_0.1510.nemo,dd336b4e795bcb1804f0b26c6e9115df59326555,hf_unscanned
arda-argmax/sortformer-finetuned,6spk-vox-ami-aishell-ali-bs10-ga2-a100-80gb-4gpu-5ep-v2-1782411519/checkpoints/step_419_epoch_3_val-der_0.1496.nemo,dd336b4e795bcb1804f0b26c6e9115df59326555,hf_unscanned
arda-argmax/sortformer-finetuned,6spk-vox-ami-aishell-ali-bs10-ga2-a100-80gb-4gpu-5ep-v2-1782411519/checkpoints/step_472_epoch_4_val-der_0.1480.nemo,dd336b4e795bcb1804f0b26c6e9115df59326555,hf_unscanned
arda-argmax/sortformer-finetuned,6spk-vox-ami-aishell-ali-bs10-ga2-a100-80gb-4gpu-5ep-v2-1782411519/checkpoints/step_52_epoch_0_val-der_0.1649.nemo,dd336b4e795bcb1804f0b26c6e9115df59326555,hf_unscanned
arda-argmax/sortformer-finetuned,6spk-vox-ami-aishell-ali-bs10-ga2-a100-80gb-4gpu-5ep-v2-1782411519/checkpoints/step_78_epoch_0_val-der_0.1603.nemo,dd336b4e795bcb1804f0b26c6e9115df59326555,hf_unscanned
arda-argmax/sortformer-finetuned,8spk-v0.2-bs1-acc8-l4-cachedtrain-shardedval_v3-1777960366/best.nemo,dd336b4e795bcb1804f0b26c6e9115df59326555,hf_unscanned
arda-argmax/sortformer-finetuned,8spk-v0.2-bs1-acc8-l4-cachedtrain-shardedval_v6-1777969623/best.nemo,dd336b4e795bcb1804f0b26c6e9115df59326555,hf_unscanned
arda-argmax/sortformer-finetuned,8spk-v0.2-bs1-acc8-l4-cachedval-1777594506/best.nemo,dd336b4e795bcb1804f0b26c6e9115df59326555,hf_unscanned
arda-argmax/sortformer-finetuned,8spk-v0.2-bs1-acc8-l4-diskcache-shardedval-v1-1778007921/best.nemo,dd336b4e795bcb1804f0b26c6e9115df59326555,hf_unscanned
arda-argmax/sortformer-finetuned,smoke-1777401758/best.nemo,dd336b4e795bcb1804f0b26c6e9115df59326555,hf_unscanned
arda-argmax/sortformer-finetuned,sortformer-train-1777492805/best.nemo,dd336b4e795bcb1804f0b26c6e9115df59326555,hf_unscanned
arda-argmax/sortformer-finetuned,sortformer-train-1777563938/best.nemo,dd336b4e795bcb1804f0b26c6e9115df59326555,hf_unscanned
arda-argmax/sortformer-finetuned,sortformer-train-1777567093/best.nemo,dd336b4e795bcb1804f0b26c6e9115df59326555,hf_unscanned
arda-argmax/sortformer-finetuned,sortformer-train-1777578793/best.nemo,dd336b4e795bcb1804f0b26c6e9115df59326555,hf_unscanned
arda-argmax/sortformer-finetuned,sortformer-train-1777589381/best.nemo,dd336b4e795bcb1804f0b26c6e9115df59326555,hf_unscanned
arda-argmax/sortformer-finetuned,vertex-streaming-smoke-train-1777405971/best.nemo,dd336b4e795bcb1804f0b26c6e9115df59326555,hf_unscanned
arda-argmax/sortformer-finetuned,vertex-streaming-smoke-train-1777413928/best.nemo,dd336b4e795bcb1804f0b26c6e9115df59326555,hf_unscanned
timm/MobileCLIP2-S0-OpenCLIP,open_clip_pytorch_model.bin,095906d28bf54d7584dc411e8ffe448f34289e05,hf_unscanned
optimum-intel-internal-testing/tiny-random-Data2VecTextModel,pytorch_model.bin,335d04feac6ec042fe176818ed606df9613b664d,hf_unscanned
timm/convnext_large.dinov3_lvd1689m,pytorch_model.bin,0f8b496db5dea10c7533e85304400f0eddad55ac,hf_unscanned
timm/MobileCLIP2-S2-OpenCLIP,open_clip_pytorch_model.bin,ac6b37c8fc40b62b623d09ed228a6f0c9bc29fe6,hf_unscanned
OpenMed/OpenMed-ZeroShot-NER-Pathology-Tiny-60M,pytorch_model.bin,751c87f2dfa77800e1bead7f9fb40f5734078e47,hf_unscanned
nvidia/C-RADIOv4-SO400M,c-radio_v4-so400m_half.pth.tar,c0457f5dc26ca145f954cd4fc5bb6114e5705ad8,hf_unscanned
zondaxyz/babyconceptLM-baike102M_bpe40,pytorch_model.bin,05fda2ae86582ee41ae8a4179cba9978091f4180,hf_unscanned
pytorch/gemma-3-12b-it-FP8,pytorch_model-00001-of-00003.bin,af4d45e0e909a705608fc268d70306cd826ef47c,hf_unscanned
LuckyOda/comfyui-full-pack,person_yolov8m-seg.pt,07091056b2fb585b2cd1803d16a066676e0fe17d,hf_unsafe
blackbeedrones/sae-2026-hang-all-yolo26n-seg-v2-960,weights/epoch187.pt,b0e189a9e9e57b1416e82cc00e2bb4d342062683,hf_unscanned
knalin55/CUNI_FT-CROSS-LoRA,training_args.bin,8ad7f502633451ca3774ef1add55a947b8092139,hf_unsafe
thatbrguy/g3t,model.pt,c55e91a04f1cbbad67359072536351201fd19e8b,hf_unscanned
michka/Melenchon-Nemo-12B,checkpoint-240/optimizer.pt,54c2e1c2d39b79018cd3fd1617a1ee819ff6c1a5,hf_unscanned
Stable-X/vggt-object-v0-1,model.pt,aac569c280b52ccda1c84a81cd0e27e947bc2cf5,hf_unscanned
sakamakismile/Qwen3.6-27B-LNARIZE-NVFP4,kvtc_calibration.pt,d1336cde5d5d84c3663b05f4aafaa6937251dda5,hf_unscanned
timm/vit_huge_patch14_clip_378.metaclip2_worldwide,open_clip_pytorch_model.bin,5cae0bba64b4633ad3c3329925f3544e6cce9a2a,hf_unscanned
timm/vit_huge_patch14_clip_378.metaclip2_worldwide,pytorch_model.bin,5cae0bba64b4633ad3c3329925f3544e6cce9a2a,hf_unscanned
Chess473737/nepal-model,A100Pretrain/checkpoint-10000/training_args.bin,f0e7eb147e5ddf357b79f57eb42fad9fe5ed3e81,hf_unscanned
Chess473737/nepal-model,A100Pretrain/checkpoint-15000/training_args.bin,f0e7eb147e5ddf357b79f57eb42fad9fe5ed3e81,hf_unscanned
Chess473737/nepal-model,A100Pretrain/checkpoint-20000/training_args.bin,f0e7eb147e5ddf357b79f57eb42fad9fe5ed3e81,hf_unscanned
Chess473737/nepal-model,A100Pretrain/checkpoint-5000/optimizer.pt,f0e7eb147e5ddf357b79f57eb42fad9fe5ed3e81,hf_unscanned
Chess473737/nepal-model,A100Pretrain/checkpoint-5000/scheduler.pt,f0e7eb147e5ddf357b79f57eb42fad9fe5ed3e81,hf_unscanned
Chess473737/nepal-model,A100Pretrain/checkpoint-5000/training_args.bin,f0e7eb147e5ddf357b79f57eb42fad9fe5ed3e81,hf_unscanned
Chess473737/nepal-model,Kaggle1B/ckpt-12000/scheduler.pt,f0e7eb147e5ddf357b79f57eb42fad9fe5ed3e81,hf_unscanned
openbmb/BitCPM-CANN-3B,pytorch_model.bin,b42a8078379e11c6f0d9c163f7d89494c091f4d2,hf_unscanned
typhoon-ai/typhoon-asr-realtime,typhoon-asr-realtime.nemo,2c58a30ba9a3bf92d095a5df91bec6996f04c3a1,hf_unscanned
cisco-ai/SecureBERT2.0-cross_encoder,optimizer.pt,960b9235bd165911babab7d312fc7f252cdc9d6d,hf_unscanned
AIDElab-IITBombay/RadJEPA,jepa_encoder.pth.tar,b344f9faf943aa461314f621a6e0a17a0bfa907a,hf_unscanned
Runware/adetailer,deepfashion2_yolov8s-seg.pt,8ae2cb77e8a0a3f569736a60983f470ccfb134f9,hf_unsafe
Runware/adetailer,person_yolov8m-seg.pt,8ae2cb77e8a0a3f569736a60983f470ccfb134f9,hf_unsafe
Runware/adetailer,person_yolov8n-seg.pt,8ae2cb77e8a0a3f569736a60983f470ccfb134f9,hf_unsafe
Runware/adetailer,person_yolov8s-seg.pt,8ae2cb77e8a0a3f569736a60983f470ccfb134f9,hf_unsafe
stabilityai/stable-audio-3-small-sfx-base,svd_bases.pt,cc5ddb990e30daa68336ac61c140c37c7033ab7c,hf_unscanned
openbmb/BitCPM-CANN-8B,pytorch_model.bin,b184e44447509d1ef179105c4b15ccd336854876,hf_unscanned
GaryFer/smart-parking-weights,fasterrcnnv2/best_seed1000.pt,db436d45379d62987f6a2ff552eb529c4251b203,hf_unscanned
GaryFer/smart-parking-weights,fasterrcnnv2/best_seed123.pt,db436d45379d62987f6a2ff552eb529c4251b203,hf_unscanned
GaryFer/smart-parking-weights,fasterrcnnv2/best_seed1234.pt,db436d45379d62987f6a2ff552eb529c4251b203,hf_unscanned
GaryFer/smart-parking-weights,fasterrcnnv2/best_seed2025.pt,db436d45379d62987f6a2ff552eb529c4251b203,hf_unscanned
GaryFer/smart-parking-weights,fasterrcnnv2/best_seed3141.pt,db436d45379d62987f6a2ff552eb529c4251b203,hf_unscanned
GaryFer/smart-parking-weights,fasterrcnnv2/best_seed42.pt,db436d45379d62987f6a2ff552eb529c4251b203,hf_unscanned
GaryFer/smart-parking-weights,fasterrcnnv2/best_seed456.pt,db436d45379d62987f6a2ff552eb529c4251b203,hf_unscanned
GaryFer/smart-parking-weights,rtdetr/run_1000/weights/best.pt,db436d45379d62987f6a2ff552eb529c4251b203,hf_unscanned
GaryFer/smart-parking-weights,rtdetr/run_1000/weights/last.pt,db436d45379d62987f6a2ff552eb529c4251b203,hf_unscanned
GaryFer/smart-parking-weights,rtdetr/run_123/weights/best.pt,db436d45379d62987f6a2ff552eb529c4251b203,hf_unscanned
GaryFer/smart-parking-weights,rtdetr/run_1234/weights/best.pt,db436d45379d62987f6a2ff552eb529c4251b203,hf_unscanned
GaryFer/smart-parking-weights,rtdetr/run_1234/weights/last.pt,db436d45379d62987f6a2ff552eb529c4251b203,hf_unscanned
GaryFer/smart-parking-weights,rtdetr/run_2024/weights/last.pt,db436d45379d62987f6a2ff552eb529c4251b203,hf_unscanned
GaryFer/smart-parking-weights,rtdetr/run_3141/weights/best.pt,db436d45379d62987f6a2ff552eb529c4251b203,hf_unscanned
GaryFer/smart-parking-weights,rtdetr/run_456/weights/best.pt,db436d45379d62987f6a2ff552eb529c4251b203,hf_unscanned
GaryFer/smart-parking-weights,rtdetr/run_789/weights/best.pt,db436d45379d62987f6a2ff552eb529c4251b203,hf_unscanned
GaryFer/smart-parking-weights,yolov11s/run_1000/weights/last.pt,db436d45379d62987f6a2ff552eb529c4251b203,hf_unscanned
GaryFer/smart-parking-weights,yolov11s/run_123/weights/best.pt,db436d45379d62987f6a2ff552eb529c4251b203,hf_unscanned
GaryFer/smart-parking-weights,yolov11s/run_123/weights/last.pt,db436d45379d62987f6a2ff552eb529c4251b203,hf_unscanned
GaryFer/smart-parking-weights,yolov11s/run_1234/weights/best.pt,db436d45379d62987f6a2ff552eb529c4251b203,hf_unscanned
GaryFer/smart-parking-weights,yolov11s/run_2025/weights/best.pt,db436d45379d62987f6a2ff552eb529c4251b203,hf_unscanned
GaryFer/smart-parking-weights,yolov11s/run_2025/weights/last.pt,db436d45379d62987f6a2ff552eb529c4251b203,hf_unscanned
GaryFer/smart-parking-weights,yolov11s/run_3141/weights/best.pt,db436d45379d62987f6a2ff552eb529c4251b203,hf_unscanned
GaryFer/smart-parking-weights,yolov11s/run_42/weights/best.pt,db436d45379d62987f6a2ff552eb529c4251b203,hf_unscanned
GaryFer/smart-parking-weights,yolov11s/run_456/weights/best.pt,db436d45379d62987f6a2ff552eb529c4251b203,hf_unscanned
GaryFer/smart-parking-weights,yolov11s/run_456/weights/last.pt,db436d45379d62987f6a2ff552eb529c4251b203,hf_unscanned
GaryFer/smart-parking-weights,yolov11s/run_789/weights/best.pt,db436d45379d62987f6a2ff552eb529c4251b203,hf_unscanned
GaryFer/smart-parking-weights,yolov11s/run_789/weights/last.pt,db436d45379d62987f6a2ff552eb529c4251b203,hf_unscanned
GaryFer/smart-parking-weights,yolov11s/run_9999/weights/best.pt,db436d45379d62987f6a2ff552eb529c4251b203,hf_unscanned
GaryFer/smart-parking-weights,yolov11s/run_9999/weights/last.pt,db436d45379d62987f6a2ff552eb529c4251b203,hf_unscanned
GaryFer/smart-parking-weights,yolov12s/run_1000/weights/best.pt,db436d45379d62987f6a2ff552eb529c4251b203,hf_unscanned
GaryFer/smart-parking-weights,yolov12s/run_1000/weights/last.pt,db436d45379d62987f6a2ff552eb529c4251b203,hf_unscanned
GaryFer/smart-parking-weights,yolov12s/run_123/weights/best.pt,db436d45379d62987f6a2ff552eb529c4251b203,hf_unscanned
GaryFer/smart-parking-weights,yolov12s/run_1234/weights/last.pt,db436d45379d62987f6a2ff552eb529c4251b203,hf_unscanned
GaryFer/smart-parking-weights,yolov12s/run_2024/weights/last.pt,db436d45379d62987f6a2ff552eb529c4251b203,hf_unscanned
GaryFer/smart-parking-weights,yolov12s/run_2025/weights/best.pt,db436d45379d62987f6a2ff552eb529c4251b203,hf_unscanned
GaryFer/smart-parking-weights,yolov12s/run_3141/weights/best.pt,db436d45379d62987f6a2ff552eb529c4251b203,hf_unscanned
GaryFer/smart-parking-weights,yolov12s/run_3141/weights/last.pt,db436d45379d62987f6a2ff552eb529c4251b203,hf_unscanned
GaryFer/smart-parking-weights,yolov12s/run_42/weights/best.pt,db436d45379d62987f6a2ff552eb529c4251b203,hf_unscanned
GaryFer/smart-parking-weights,yolov12s/run_456/weights/best.pt,db436d45379d62987f6a2ff552eb529c4251b203,hf_unscanned
GaryFer/smart-parking-weights,yolov12s/run_456/weights/last.pt,db436d45379d62987f6a2ff552eb529c4251b203,hf_unscanned
GaryFer/smart-parking-weights,yolov12s/run_789/weights/last.pt,db436d45379d62987f6a2ff552eb529c4251b203,hf_unscanned
GaryFer/smart-parking-weights,yolov12s/run_9999/weights/best.pt,db436d45379d62987f6a2ff552eb529c4251b203,hf_unscanned
GaryFer/smart-parking-weights,yolov12s/run_9999/weights/last.pt,db436d45379d62987f6a2ff552eb529c4251b203,hf_unscanned
GaryFer/smart-parking-weights,yolov8s/run_1000/weights/best.pt,db436d45379d62987f6a2ff552eb529c4251b203,hf_unscanned
GaryFer/smart-parking-weights,yolov8s/run_123/weights/best.pt,db436d45379d62987f6a2ff552eb529c4251b203,hf_unscanned
GaryFer/smart-parking-weights,yolov8s/run_1234/weights/best.pt,db436d45379d62987f6a2ff552eb529c4251b203,hf_unscanned
GaryFer/smart-parking-weights,yolov8s/run_2024/weights/best.pt,db436d45379d62987f6a2ff552eb529c4251b203,hf_unscanned
GaryFer/smart-parking-weights,yolov8s/run_2025/weights/best.pt,db436d45379d62987f6a2ff552eb529c4251b203,hf_unscanned
GaryFer/smart-parking-weights,yolov8s/run_3141/weights/best.pt,db436d45379d62987f6a2ff552eb529c4251b203,hf_unscanned
GaryFer/smart-parking-weights,yolov8s/run_3141/weights/last.pt,db436d45379d62987f6a2ff552eb529c4251b203,hf_unscanned
GaryFer/smart-parking-weights,yolov8s/run_789/weights/best.pt,db436d45379d62987f6a2ff552eb529c4251b203,hf_unscanned
GaryFer/smart-parking-weights,yolov8s/run_9999/weights/best.pt,db436d45379d62987f6a2ff552eb529c4251b203,hf_unscanned
GaryFer/smart-parking-weights,yolov8s/run_9999/weights/last.pt,db436d45379d62987f6a2ff552eb529c4251b203,hf_unscanned
baichuan-inc/Baichuan-M2-32B,draft/pytorch_model.bin,360f684d3cd527a4ef986c54071015eb0e6def58,hf_unscanned
gabrielpirlo/Sped_ParakeetRomanian_110M_TDT-CTC,SpeD-ParakeetRo_110M_TDT-CTC.nemo,d62c5744bd9b2a405bd44d0b35fc38fc040a7ce1,hf_unscanned
Soul-AILab/SoulX-Singer-Preprocess,parakeet-tdt-0.6b-v2/parakeet-tdt-0.6b-v2.nemo,83dc50289d22a81b1e9998f5b9e111aef7c1fdcd,hf_unscanned
openbmb/BitCPM-CANN-8B-unquantized,pytorch_model.bin,781355882d41f1634a9c22eda4042d52bbf40153,hf_unscanned
ecmwf/aifs-ens-2.0,aifs-ens-crps-2.0.ckpt,29a1f8c4ab76cd0e5b64cfd415f4ff9e08edf7cf,hf_unsafe
facebook/lagernvs_general_512,model.pt,ec09a48c5bbd63ba2262784bd07044f97b1a5ba8,hf_unscanned
Malgesw/ppo-Huggy,Huggy/Huggy-1599365.pt,686a2afdcd3cd590a02de4c432f09e36e6178de7,hf_unscanned
yuriyvnv/parakeet-tdt-0.6b-EN-Medical,parakeet-tdt-cv17_multimed_en-seed42.nemo,3d19bbf0eed105cfad19704e86c3bec2eefb53a8,hf_unscanned
yuriyvnv/parakeet-tdt-0.6b-EN-Medical,parakeet-tdt-multimed_en-seed42.nemo,3d19bbf0eed105cfad19704e86c3bec2eefb53a8,hf_unscanned
shaikhsalman/ZabaanAI-Urdu-3B,last-checkpoint/optimizer.pt,9cb68b8720b787e92166111f5fd2120ed2fbd005,hf_unscanned
fpadovani/rus-cyrl-100mb-100mb_seed3407,checkpoint-105000/rng_state.pth,10758b4873012443df2e96bf405a3be6b460d664,hf_unscanned
fpadovani/rus-cyrl-100mb-100mb_seed3407,checkpoint-39000/rng_state.pth,10758b4873012443df2e96bf405a3be6b460d664,hf_unscanned
fpadovani/rus-cyrl-100mb-100mb_seed3407,checkpoint-42000/rng_state.pth,10758b4873012443df2e96bf405a3be6b460d664,hf_unscanned
nvidia/magpie_tts_multilingual_357m,magpie_tts_multilingual_357m.nemo,452ef560f972c38d5fc16476259aac9456453547,hf_unscanned
asdasdasd1234567890/asd,ultralytics/segm/CockAndBallYolo8x.pt,2043eef5190a2ea3e2dc9a20d8115a9455b973a1,hf_unsafe
asdasdasd1234567890/asd,ultralytics/segm/PitEyeDetailer-v2-seg.pt,2043eef5190a2ea3e2dc9a20d8115a9455b973a1,hf_unsafe
asdasdasd1234567890/asd,ultralytics/segm/face_yolov8m-seg_60.pt,2043eef5190a2ea3e2dc9a20d8115a9455b973a1,hf_unsafe
asdasdasd1234567890/asd,ultralytics/segm/person_yolov8m-seg.pt,2043eef5190a2ea3e2dc9a20d8115a9455b973a1,hf_unsafe
asdasdasd1234567890/asd,ultralytics/segm/person_yolov8n-seg.pt,2043eef5190a2ea3e2dc9a20d8115a9455b973a1,hf_unsafe
asdasdasd1234567890/asd,ultralytics/segm/person_yolov8s-seg.pt,2043eef5190a2ea3e2dc9a20d8115a9455b973a1,hf_unsafe
asdasdasd1234567890/asd,ultralytics/segm/skin_yolov8m-seg_400.pt,2043eef5190a2ea3e2dc9a20d8115a9455b973a1,hf_unsafe
asdasdasd1234567890/asd,ultralytics/segm/yolo-human-parse-epoch-125.pt,2043eef5190a2ea3e2dc9a20d8115a9455b973a1,hf_unscanned
asdasdasd1234567890/asd,ultralytics/segm/yolo11n-seg.pt,2043eef5190a2ea3e2dc9a20d8115a9455b973a1,hf_unsafe
attack-vector/SecureModernBERT-NER,checkpoint-10605/optimizer.pt,fdcad4ca765a9ee422fb173b9579d5aec96abebe,hf_unscanned
timm/vit_small_plus_patch16_dinov3_qkvb.lvd1689m,pytorch_model.bin,6a1d01a97c0f83cd2d644d5d875a0d3758b9ffb3,hf_unscanned
vivekvar/helmet-v5,yolo11l-pose.pt,4ea2eb67301722073555448b477178330e40f7d1,hf_unsafe
binant/wendyrv,model.pth,d8ed98d3b82a11ac448aede49fe769ea50dd8382,hf_unscanned
jwest33/qwen3-vl-8b-instruct-null-space-abliterated,null_space_projectors.pt,3823da42fc3496b51f42fc1c1937f5d7b8c896b1,hf_unscanned
jwest33/qwen3-vl-8b-instruct-null-space-abliterated,refusal_directions.pt,3823da42fc3496b51f42fc1c1937f5d7b8c896b1,hf_unscanned
inference-optimization/Laguna-XS.2-speculator.dflash-Qwen235B-500k-ckpt5,scheduler_state_dict.pt,a3e4e0c7c440c863fcb95d55c5acf233f91a9097,hf_unscanned
smegmarip/ComfyUI,segm/person_yolov8s-seg.pt,2044e3d38f65604c273ccb59f6fab47d0cf1d6c1,hf_unsafe
smegmarip/ComfyUI,ultralytics/segm/AnzhcHead-seg.pt,2044e3d38f65604c273ccb59f6fab47d0cf1d6c1,hf_unsafe
smegmarip/ComfyUI,ultralytics/segm/person_yolov8m-seg.pt,2044e3d38f65604c273ccb59f6fab47d0cf1d6c1,hf_unsafe
fpadovani/swa-latn-100mb-after-ppt-shuff-dyck-100mb-ckpt500_seed3407,checkpoint-164000/rng_state.pth,950229c853d97a07c9eb58898ea01380e6f73bc7,hf_unscanned
fpadovani/swa-latn-100mb-after-ppt-shuff-dyck-100mb-ckpt500_seed3407,checkpoint-212000/rng_state.pth,950229c853d97a07c9eb58898ea01380e6f73bc7,hf_unscanned
fpadovani/swa-latn-100mb-after-ppt-shuff-dyck-100mb-ckpt500_seed3407,checkpoint-220000/rng_state.pth,950229c853d97a07c9eb58898ea01380e6f73bc7,hf_unscanned
fpadovani/swa-latn-100mb-after-ppt-shuff-dyck-100mb-ckpt500_seed3407,checkpoint-224000/rng_state.pth,950229c853d97a07c9eb58898ea01380e6f73bc7,hf_unscanned
fpadovani/swa-latn-100mb-after-ppt-shuff-dyck-100mb-ckpt500_seed3407,checkpoint-232000/rng_state.pth,950229c853d97a07c9eb58898ea01380e6f73bc7,hf_unscanned
fpadovani/swa-latn-100mb-after-ppt-shuff-dyck-100mb-ckpt500_seed3407,checkpoint-272000/rng_state.pth,950229c853d97a07c9eb58898ea01380e6f73bc7,hf_unscanned
fpadovani/swa-latn-100mb-after-ppt-shuff-dyck-100mb-ckpt500_seed3407,checkpoint-280000/rng_state.pth,950229c853d97a07c9eb58898ea01380e6f73bc7,hf_unscanned
fpadovani/swa-latn-100mb-after-ppt-shuff-dyck-100mb-ckpt500_seed3407,checkpoint-40000/rng_state.pth,950229c853d97a07c9eb58898ea01380e6f73bc7,hf_unscanned
fpadovani/swa-latn-100mb-after-ppt-shuff-dyck-100mb-ckpt500_seed3407,checkpoint-44000/rng_state.pth,950229c853d97a07c9eb58898ea01380e6f73bc7,hf_unscanned
fpadovani/swa-latn-100mb-after-ppt-shuff-dyck-100mb-ckpt500_seed3407,checkpoint-80000/rng_state.pth,950229c853d97a07c9eb58898ea01380e6f73bc7,hf_unscanned
fpadovani/ind-latn-100mb-after-ppt-Dp-100mb-ckpt500_seed3407,checkpoint-102000/training_args.bin,c4e3089d50facc761a80ba645e2db6341c7574f5,hf_unscanned
fpadovani/ind-latn-100mb-after-ppt-Dp-100mb-ckpt500_seed3407,checkpoint-105000/training_args.bin,c4e3089d50facc761a80ba645e2db6341c7574f5,hf_unscanned
fpadovani/ind-latn-100mb-after-ppt-Dp-100mb-ckpt500_seed3407,checkpoint-108000/training_args.bin,c4e3089d50facc761a80ba645e2db6341c7574f5,hf_unscanned
fpadovani/ind-latn-100mb-after-ppt-Dp-100mb-ckpt500_seed3407,checkpoint-111000/training_args.bin,c4e3089d50facc761a80ba645e2db6341c7574f5,hf_unscanned
fpadovani/ind-latn-100mb-after-ppt-Dp-100mb-ckpt500_seed3407,checkpoint-114000/training_args.bin,c4e3089d50facc761a80ba645e2db6341c7574f5,hf_unscanned
fpadovani/ind-latn-100mb-after-ppt-Dp-100mb-ckpt500_seed3407,checkpoint-117000/training_args.bin,c4e3089d50facc761a80ba645e2db6341c7574f5,hf_unscanned
fpadovani/ind-latn-100mb-after-ppt-Dp-100mb-ckpt500_seed3407,checkpoint-12000/training_args.bin,c4e3089d50facc761a80ba645e2db6341c7574f5,hf_unscanned
fpadovani/ind-latn-100mb-after-ppt-Dp-100mb-ckpt500_seed3407,checkpoint-120000/training_args.bin,c4e3089d50facc761a80ba645e2db6341c7574f5,hf_unscanned
fpadovani/ind-latn-100mb-after-ppt-Dp-100mb-ckpt500_seed3407,checkpoint-123000/training_args.bin,c4e3089d50facc761a80ba645e2db6341c7574f5,hf_unscanned
fpadovani/ind-latn-100mb-after-ppt-Dp-100mb-ckpt500_seed3407,checkpoint-126000/training_args.bin,c4e3089d50facc761a80ba645e2db6341c7574f5,hf_unscanned
fpadovani/ind-latn-100mb-after-ppt-Dp-100mb-ckpt500_seed3407,checkpoint-128520/rng_state.pth,c4e3089d50facc761a80ba645e2db6341c7574f5,hf_unscanned
fpadovani/ind-latn-100mb-after-ppt-Dp-100mb-ckpt500_seed3407,checkpoint-128520/training_args.bin,c4e3089d50facc761a80ba645e2db6341c7574f5,hf_unscanned
fpadovani/ind-latn-100mb-after-ppt-Dp-100mb-ckpt500_seed3407,checkpoint-15000/training_args.bin,c4e3089d50facc761a80ba645e2db6341c7574f5,hf_unscanned
fpadovani/ind-latn-100mb-after-ppt-Dp-100mb-ckpt500_seed3407,checkpoint-18000/training_args.bin,c4e3089d50facc761a80ba645e2db6341c7574f5,hf_unscanned
fpadovani/ind-latn-100mb-after-ppt-Dp-100mb-ckpt500_seed3407,checkpoint-21000/rng_state.pth,c4e3089d50facc761a80ba645e2db6341c7574f5,hf_unscanned
fpadovani/ind-latn-100mb-after-ppt-Dp-100mb-ckpt500_seed3407,checkpoint-21000/training_args.bin,c4e3089d50facc761a80ba645e2db6341c7574f5,hf_unscanned
fpadovani/ind-latn-100mb-after-ppt-Dp-100mb-ckpt500_seed3407,checkpoint-24000/training_args.bin,c4e3089d50facc761a80ba645e2db6341c7574f5,hf_unscanned
fpadovani/ind-latn-100mb-after-ppt-Dp-100mb-ckpt500_seed3407,checkpoint-27000/training_args.bin,c4e3089d50facc761a80ba645e2db6341c7574f5,hf_unscanned
fpadovani/ind-latn-100mb-after-ppt-Dp-100mb-ckpt500_seed3407,checkpoint-3000/training_args.bin,c4e3089d50facc761a80ba645e2db6341c7574f5,hf_unscanned
fpadovani/ind-latn-100mb-after-ppt-Dp-100mb-ckpt500_seed3407,checkpoint-30000/training_args.bin,c4e3089d50facc761a80ba645e2db6341c7574f5,hf_unscanned
fpadovani/ind-latn-100mb-after-ppt-Dp-100mb-ckpt500_seed3407,checkpoint-33000/training_args.bin,c4e3089d50facc761a80ba645e2db6341c7574f5,hf_unscanned
fpadovani/ind-latn-100mb-after-ppt-Dp-100mb-ckpt500_seed3407,checkpoint-36000/rng_state.pth,c4e3089d50facc761a80ba645e2db6341c7574f5,hf_unscanned
fpadovani/ind-latn-100mb-after-ppt-Dp-100mb-ckpt500_seed3407,checkpoint-36000/training_args.bin,c4e3089d50facc761a80ba645e2db6341c7574f5,hf_unscanned
fpadovani/ind-latn-100mb-after-ppt-Dp-100mb-ckpt500_seed3407,checkpoint-39000/training_args.bin,c4e3089d50facc761a80ba645e2db6341c7574f5,hf_unscanned
fpadovani/ind-latn-100mb-after-ppt-Dp-100mb-ckpt500_seed3407,checkpoint-42000/training_args.bin,c4e3089d50facc761a80ba645e2db6341c7574f5,hf_unscanned
fpadovani/ind-latn-100mb-after-ppt-Dp-100mb-ckpt500_seed3407,checkpoint-45000/training_args.bin,c4e3089d50facc761a80ba645e2db6341c7574f5,hf_unscanned
fpadovani/ind-latn-100mb-after-ppt-Dp-100mb-ckpt500_seed3407,checkpoint-48000/training_args.bin,c4e3089d50facc761a80ba645e2db6341c7574f5,hf_unscanned
fpadovani/ind-latn-100mb-after-ppt-Dp-100mb-ckpt500_seed3407,checkpoint-51000/training_args.bin,c4e3089d50facc761a80ba645e2db6341c7574f5,hf_unscanned
fpadovani/ind-latn-100mb-after-ppt-Dp-100mb-ckpt500_seed3407,checkpoint-54000/training_args.bin,c4e3089d50facc761a80ba645e2db6341c7574f5,hf_unscanned
fpadovani/ind-latn-100mb-after-ppt-Dp-100mb-ckpt500_seed3407,checkpoint-57000/training_args.bin,c4e3089d50facc761a80ba645e2db6341c7574f5,hf_unscanned
fpadovani/ind-latn-100mb-after-ppt-Dp-100mb-ckpt500_seed3407,checkpoint-6000/training_args.bin,c4e3089d50facc761a80ba645e2db6341c7574f5,hf_unscanned
fpadovani/ind-latn-100mb-after-ppt-Dp-100mb-ckpt500_seed3407,checkpoint-60000/training_args.bin,c4e3089d50facc761a80ba645e2db6341c7574f5,hf_unscanned
fpadovani/ind-latn-100mb-after-ppt-Dp-100mb-ckpt500_seed3407,checkpoint-63000/training_args.bin,c4e3089d50facc761a80ba645e2db6341c7574f5,hf_unscanned
fpadovani/ind-latn-100mb-after-ppt-Dp-100mb-ckpt500_seed3407,checkpoint-66000/training_args.bin,c4e3089d50facc761a80ba645e2db6341c7574f5,hf_unscanned
fpadovani/ind-latn-100mb-after-ppt-Dp-100mb-ckpt500_seed3407,checkpoint-69000/rng_state.pth,c4e3089d50facc761a80ba645e2db6341c7574f5,hf_unscanned
fpadovani/ind-latn-100mb-after-ppt-Dp-100mb-ckpt500_seed3407,checkpoint-69000/training_args.bin,c4e3089d50facc761a80ba645e2db6341c7574f5,hf_unscanned
fpadovani/ind-latn-100mb-after-ppt-Dp-100mb-ckpt500_seed3407,checkpoint-72000/training_args.bin,c4e3089d50facc761a80ba645e2db6341c7574f5,hf_unscanned
fpadovani/ind-latn-100mb-after-ppt-Dp-100mb-ckpt500_seed3407,checkpoint-75000/training_args.bin,c4e3089d50facc761a80ba645e2db6341c7574f5,hf_unscanned
fpadovani/ind-latn-100mb-after-ppt-Dp-100mb-ckpt500_seed3407,checkpoint-78000/training_args.bin,c4e3089d50facc761a80ba645e2db6341c7574f5,hf_unscanned
fpadovani/ind-latn-100mb-after-ppt-Dp-100mb-ckpt500_seed3407,checkpoint-81000/rng_state.pth,c4e3089d50facc761a80ba645e2db6341c7574f5,hf_unscanned
fpadovani/ind-latn-100mb-after-ppt-Dp-100mb-ckpt500_seed3407,checkpoint-81000/training_args.bin,c4e3089d50facc761a80ba645e2db6341c7574f5,hf_unscanned
fpadovani/ind-latn-100mb-after-ppt-Dp-100mb-ckpt500_seed3407,checkpoint-84000/training_args.bin,c4e3089d50facc761a80ba645e2db6341c7574f5,hf_unscanned
fpadovani/ind-latn-100mb-after-ppt-Dp-100mb-ckpt500_seed3407,checkpoint-87000/training_args.bin,c4e3089d50facc761a80ba645e2db6341c7574f5,hf_unscanned
fpadovani/ind-latn-100mb-after-ppt-Dp-100mb-ckpt500_seed3407,checkpoint-9000/training_args.bin,c4e3089d50facc761a80ba645e2db6341c7574f5,hf_unscanned
fpadovani/ind-latn-100mb-after-ppt-Dp-100mb-ckpt500_seed3407,checkpoint-90000/rng_state.pth,c4e3089d50facc761a80ba645e2db6341c7574f5,hf_unscanned
fpadovani/ind-latn-100mb-after-ppt-Dp-100mb-ckpt500_seed3407,checkpoint-90000/training_args.bin,c4e3089d50facc761a80ba645e2db6341c7574f5,hf_unscanned
fpadovani/ind-latn-100mb-after-ppt-Dp-100mb-ckpt500_seed3407,checkpoint-93000/training_args.bin,c4e3089d50facc761a80ba645e2db6341c7574f5,hf_unscanned
fpadovani/ind-latn-100mb-after-ppt-Dp-100mb-ckpt500_seed3407,checkpoint-96000/training_args.bin,c4e3089d50facc761a80ba645e2db6341c7574f5,hf_unscanned
fpadovani/ind-latn-100mb-after-ppt-Dp-100mb-ckpt500_seed3407,checkpoint-99000/training_args.bin,c4e3089d50facc761a80ba645e2db6341c7574f5,hf_unscanned
fpadovani/ind-latn-100mb-after-ppt-Dp-100mb-ckpt500_seed3407,training_args.bin,c4e3089d50facc761a80ba645e2db6341c7574f5,hf_unscanned
nvidia/nemo-nano-codec-22khz-0.6kbps-12.5fps,nemo-nano-codec-22khz-0.6kbps-12.5fps.nemo,5c8e22ed763c14d81337fbe6ca74062f3d10f7e5,hf_unscanned
fpadovani/swe-latn-10mb-after-ppt-Dp-100mb-ckpt500_seed3407,checkpoint-9000/rng_state.pth,72dd7c925dd7590fa575816f8255c31382b5e417,hf_unscanned
omi-health/omi-med-stt-v1,omimedstt-v1.nemo,dc854cd350873636bf38bdf94b226f5ad7eaa2bd,hf_unscanned
fpadovani/swa-latn-100mb-after-ppt-Dp-100mb-ckpt500_seed3407,checkpoint-164000/rng_state.pth,25860d3dd233daf7ce061b3d10ddcfde593161ed,hf_unscanned
fpadovani/swa-latn-100mb-after-ppt-Dp-100mb-ckpt500_seed3407,checkpoint-212000/rng_state.pth,25860d3dd233daf7ce061b3d10ddcfde593161ed,hf_unscanned
fpadovani/swa-latn-100mb-after-ppt-Dp-100mb-ckpt500_seed3407,checkpoint-220000/rng_state.pth,25860d3dd233daf7ce061b3d10ddcfde593161ed,hf_unscanned
fpadovani/swa-latn-100mb-after-ppt-Dp-100mb-ckpt500_seed3407,checkpoint-224000/rng_state.pth,25860d3dd233daf7ce061b3d10ddcfde593161ed,hf_unscanned
fpadovani/swa-latn-100mb-after-ppt-Dp-100mb-ckpt500_seed3407,checkpoint-232000/rng_state.pth,25860d3dd233daf7ce061b3d10ddcfde593161ed,hf_unscanned
fpadovani/swa-latn-100mb-after-ppt-Dp-100mb-ckpt500_seed3407,checkpoint-272000/rng_state.pth,25860d3dd233daf7ce061b3d10ddcfde593161ed,hf_unscanned
fpadovani/swa-latn-100mb-after-ppt-Dp-100mb-ckpt500_seed3407,checkpoint-280000/rng_state.pth,25860d3dd233daf7ce061b3d10ddcfde593161ed,hf_unscanned
fpadovani/swa-latn-100mb-after-ppt-Dp-100mb-ckpt500_seed3407,checkpoint-40000/rng_state.pth,25860d3dd233daf7ce061b3d10ddcfde593161ed,hf_unscanned
fpadovani/swa-latn-100mb-after-ppt-Dp-100mb-ckpt500_seed3407,checkpoint-44000/rng_state.pth,25860d3dd233daf7ce061b3d10ddcfde593161ed,hf_unscanned
fpadovani/swa-latn-100mb-after-ppt-Dp-100mb-ckpt500_seed3407,checkpoint-80000/rng_state.pth,25860d3dd233daf7ce061b3d10ddcfde593161ed,hf_unscanned
nvidia/GR00T-N1.7-SimplerEnv-Bridge,global_step32000/mp_rank_00_model_states.pt,940134b3c2948ccfdf8e7393f2d2ca869dc42833,hf_unscanned
fpadovani/tur-latn-100mb-100mb_seed10,checkpoint-24000/rng_state.pth,285b0373e40ae6b34b81064e0e6adf01fb29158e,hf_unscanned
fpadovani/tur-latn-100mb-100mb_seed10,checkpoint-75000/rng_state.pth,285b0373e40ae6b34b81064e0e6adf01fb29158e,hf_unscanned
ecmwf/aifs-single-1.1,aifs-single-mse-1.1.ckpt,049b9ab1ccac3382b6332870ae550fd20a432faf,hf_unsafe
nvidia/fourcastnet3,training_checkpoints/best_ckpt_mp0.tar,df5d8d005f2334c16502581abf0a510c634c295a,hf_unscanned
nvidia/parakeet-unified-en-0.6b,parakeet-unified-en-0.6b.nemo,fe53cd885760c96b6a5f51a0bfd362cb4584a98b,hf_unscanned
fpadovani/hin-deva-100mb-after-ppt-Dp-100mb-ckpt500_seed3407,checkpoint-3000/rng_state.pth,0cadeb0a7680bfefcc574b2f4671189600cab8fa,hf_unscanned
fpadovani/hin-deva-100mb-after-ppt-Dp-100mb-ckpt500_seed3407,checkpoint-69000/rng_state.pth,0cadeb0a7680bfefcc574b2f4671189600cab8fa,hf_unscanned
fpadovani/hin-deva-100mb-after-ppt-Dp-100mb-ckpt500_seed3407,checkpoint-87000/rng_state.pth,0cadeb0a7680bfefcc574b2f4671189600cab8fa,hf_unscanned
fpadovani/swe-latn-10mb-100mb_seed3407,checkpoint-9000/rng_state.pth,de1f0e5bd0b056d346b91a53985eff832aa27cb2,hf_unscanned
fpadovani/hin-deva-10mb-after-ppt-Dp-100mb-ckpt500_seed3407,checkpoint-104090/rng_state.pth,1b889bb68779ad623e646f9a8fe3705c8f35e543,hf_unscanned
fpadovani/hin-deva-10mb-after-ppt-Dp-100mb-ckpt500_seed3407,checkpoint-15000/rng_state.pth,1b889bb68779ad623e646f9a8fe3705c8f35e543,hf_unscanned
fpadovani/hin-deva-10mb-after-ppt-Dp-100mb-ckpt500_seed3407,checkpoint-54000/rng_state.pth,1b889bb68779ad623e646f9a8fe3705c8f35e543,hf_unscanned
fpadovani/hin-deva-10mb-after-ppt-Dp-100mb-ckpt500_seed3407,checkpoint-6000/rng_state.pth,1b889bb68779ad623e646f9a8fe3705c8f35e543,hf_unscanned
fpadovani/swe-latn-100mb-100mb_seed3407,checkpoint-57000/rng_state.pth,ad31f24901324ef8f3eedebb598e6b57ceba25f1,hf_unscanned
fpadovani/swe-latn-100mb-100mb_seed3407,checkpoint-66000/rng_state.pth,ad31f24901324ef8f3eedebb598e6b57ceba25f1,hf_unscanned
fpadovani/swe-latn-100mb-100mb_seed3407,checkpoint-75000/rng_state.pth,ad31f24901324ef8f3eedebb598e6b57ceba25f1,hf_unscanned
fpadovani/swe-latn-100mb-100mb_seed3407,checkpoint-90000/rng_state.pth,ad31f24901324ef8f3eedebb598e6b57ceba25f1,hf_unscanned
fpadovani/ind-latn-10mb-after-ppt-Dp-100mb-ckpt500_seed3407,checkpoint-114000/rng_state.pth,4914a3c6d41aadb4beb3e75474ab6c32b364c857,hf_unscanned
fpadovani/ind-latn-10mb-after-ppt-Dp-100mb-ckpt500_seed3407,checkpoint-21000/rng_state.pth,4914a3c6d41aadb4beb3e75474ab6c32b364c857,hf_unscanned
fpadovani/ind-latn-10mb-after-ppt-Dp-100mb-ckpt500_seed3407,checkpoint-27000/rng_state.pth,4914a3c6d41aadb4beb3e75474ab6c32b364c857,hf_unscanned
fpadovani/ind-latn-10mb-after-ppt-Dp-100mb-ckpt500_seed3407,checkpoint-6000/rng_state.pth,4914a3c6d41aadb4beb3e75474ab6c32b364c857,hf_unscanned
